temp,dwpt,rhum,prcp,snow,wdir,wspd,wpgt,pres,tsun,coco,ingested_at
2.0,-0.9,81.0,0.0,0.0,226.0,22.2,40.8,1018.9,0.0,4.0,2025-12-13 09:38:49.740769+00:00
2.3,-1.0,79.0,0.0,0.0,222.0,22.2,40.8,1018.3,0.0,4.0,2025-12-13 09:38:49.740769+00:00
2.7,-0.7,78.0,0.0,0.0,219.0,22.2,42.6,1017.7,0.0,4.0,2025-12-13 09:38:49.740769+00:00
3.2,-0.4,77.0,0.0,0.0,219.0,24.1,44.5,1017.0,0.0,4.0,2025-12-13 09:38:49.740769+00:00
3.5,-0.3,76.0,0.0,0.0,221.0,24.1,44.5,1016.3,0.0,4.0,2025-12-13 09:38:49.740769+00:00
3.8,-0.2,75.0,0.0,0.0,219.0,24.1,44.5,1015.5,0.0,4.0,2025-12-13 09:38:49.740769+00:00
4.0,-0.0,75.0,0.0,0.0,220.0,24.1,46.3,1014.7,0.0,4.0,2025-12-13 09:38:49.740769+00:00
4.3,0.1,74.0,0.0,0.0,224.0,25.9,46.3,1014.2,0.0,4.0,2025-12-13 09:38:49.740769+00:00
4.6,0.6,75.0,0.0,0.0,224.0,25.9,48.2,1013.7,0.0,4.0,2025-12-13 09:38:49.740769+00:00
5.1,0.7,73.0,0.0,0.0,224.0,27.8,50.0,1013.2,0.0,4.0,2025-12-13 09:38:49.740769+00:00
5.5,0.9,72.0,0.0,0.0,225.0,27.8,51.8,1012.4,2.0,4.0,2025-12-13 09:38:49.740769+00:00
6.0,0.7,69.0,0.0,0.0,227.0,27.8,51.8,1011.6,3.0,4.0,2025-12-13 09:38:49.740769+00:00
6.7,0.8,66.0,0.0,0.0,227.0,29.6,55.5,1010.7,4.0,4.0,2025-12-13 09:38:49.740769+00:00
6.8,0.7,65.0,0.0,0.0,228.0,27.8,53.7,1009.5,6.0,4.0,2025-12-13 09:38:49.740769+00:00
6.8,0.5,64.0,0.0,0.0,228.0,27.8,53.7,1008.4,5.0,4.0,2025-12-13 09:38:49.740769+00:00
6.7,0.6,65.0,0.0,0.0,228.0,27.8,53.7,1007.4,2.0,4.0,2025-12-13 09:38:49.740769+00:00
7.1,0.3,62.0,0.0,0.0,224.0,29.6,55.5,1007.1,0.0,4.0,2025-12-13 09:38:49.740769+00:00
7.1,0.3,62.0,0.0,0.0,228.0,29.6,55.5,1006.4,0.0,4.0,2025-12-13 09:38:49.740769+00:00
7.0,0.2,62.0,0.0,0.0,228.0,29.6,55.5,1005.6,0.0,4.0,2025-12-13 09:38:49.740769+00:00
6.8,0.3,63.0,0.0,0.0,229.0,29.6,57.4,1005.1,0.0,4.0,2025-12-13 09:38:49.740769+00:00
6.8,0.0,62.0,0.0,0.0,228.0,29.6,57.4,1004.6,0.0,7.0,2025-12-13 09:38:49.740769+00:00
6.9,0.3,63.0,0.0,0.0,230.0,29.6,57.4,1004.3,0.0,7.0,2025-12-13 09:38:49.740769+00:00
7.2,0.2,61.0,0.0,0.0,231.0,27.8,61.1,1003.8,0.0,7.0,2025-12-13 09:38:49.740769+00:00
7.0,0.7,64.0,0.0,0.0,234.0,27.8,59.3,1003.4,0.0,7.0,2025-12-13 09:38:49.740769+00:00
6.9,1.0,66.0,0.0,0.0,238.0,27.8,57.4,1003.4,0.0,7.0,2025-12-13 09:38:49.740769+00:00
6.6,1.7,71.0,0.0,0.0,242.0,25.9,53.7,1003.2,0.0,7.0,2025-12-13 09:38:49.740769+00:00
6.4,2.1,74.0,0.1,0.0,247.0,25.9,51.8,1003.4,0.0,7.0,2025-12-13 09:38:49.740769+00:00
6.1,2.4,77.0,0.6,0.0,253.0,24.1,50.0,1003.5,0.0,7.0,2025-12-13 09:38:49.740769+00:00
5.9,2.4,78.0,0.0,0.0,259.0,24.1,48.2,1004.0,0.0,7.0,2025-12-13 09:38:49.740769+00:00
5.7,2.2,78.0,0.0,0.0,268.0,25.9,50.0,1004.6,0.0,7.0,2025-12-13 09:38:49.740769+00:00
5.4,1.7,77.0,0.1,0.0,274.0,22.2,48.2,1005.2,0.0,7.0,2025-12-13 09:38:49.740769+00:00
4.9,1.4,78.0,0.1,0.0,276.0,22.2,46.3,1006.0,0.0,7.0,2025-12-13 09:38:49.740769+00:00
4.5,1.0,78.0,0.0,0.0,277.0,20.4,44.5,1007.1,2.0,4.0,2025-12-13 09:38:49.740769+00:00
4.2,0.5,77.0,0.0,0.0,281.0,20.4,42.6,1008.0,7.0,3.0,2025-12-13 09:38:49.740769+00:00
4.1,0.4,77.0,0.0,0.0,284.0,18.5,38.9,1008.7,9.0,4.0,2025-12-13 09:38:49.740769+00:00
4.4,0.2,74.0,0.0,0.0,284.0,18.5,38.9,1008.7,12.0,3.0,2025-12-13 09:38:49.740769+00:00
4.7,-0.1,71.0,0.0,0.0,286.0,18.5,38.9,1008.6,13.0,3.0,2025-12-13 09:38:49.740769+00:00
4.7,-0.5,69.0,0.0,0.0,285.0,16.7,38.9,1008.5,16.0,3.0,2025-12-13 09:38:49.740769+00:00
4.2,-0.6,71.0,0.0,0.0,280.0,16.7,35.2,1008.6,14.0,2.0,2025-12-13 09:38:49.740769+00:00
3.6,-0.6,74.0,0.0,0.0,278.0,14.8,31.5,1008.9,10.0,2.0,2025-12-13 09:38:49.740769+00:00
3.4,-0.2,77.0,0.0,0.0,276.0,14.8,29.6,1009.1,0.0,2.0,2025-12-13 09:38:49.740769+00:00
3.0,-0.1,80.0,0.0,0.0,272.0,14.8,29.6,1009.3,0.0,2.0,2025-12-13 09:38:49.740769+00:00
2.8,0.0,82.0,0.0,0.0,270.0,14.8,29.6,1009.6,0.0,2.0,2025-12-13 09:38:49.740769+00:00
2.6,0.0,83.0,0.0,0.0,269.0,14.8,29.6,1009.8,0.0,2.0,2025-12-13 09:38:49.740769+00:00
2.3,0.2,86.0,0.1,0.0,267.0,16.7,31.5,1010.0,0.0,2.0,2025-12-13 09:38:49.740769+00:00
2.2,0.1,86.0,0.0,0.0,266.0,16.7,31.5,1010.3,0.0,2.0,2025-12-13 09:38:49.740769+00:00
2.6,-0.2,82.0,0.0,0.0,268.0,16.7,31.5,1010.4,0.0,4.0,2025-12-13 09:38:49.740769+00:00
2.5,-0.3,82.0,0.0,0.0,268.0,16.7,31.5,1010.7,0.0,4.0,2025-12-13 09:38:49.740769+00:00
2.2,-0.2,84.0,0.0,0.0,269.0,16.7,33.3,1011.0,0.0,7.0,2025-12-13 09:38:49.740769+00:00
2.2,-0.2,84.0,0.0,0.0,269.0,16.7,33.3,1011.0,0.0,7.0,2025-12-13 09:38:49.740769+00:00
2.2,-0.2,84.0,0.0,0.0,270.0,16.7,33.3,1011.0,0.0,7.0,2025-12-13 09:38:49.740769+00:00
2.0,-0.3,85.0,0.0,0.0,269.0,16.7,33.3,1011.1,0.0,12.0,2025-12-13 09:38:49.740769+00:00
1.9,-0.2,86.0,0.0,0.0,269.0,16.7,35.2,1010.9,0.0,12.0,2025-12-13 09:38:49.740769+00:00
1.9,-0.4,85.0,0.0,0.0,267.0,18.5,35.2,1010.6,0.0,14.0,2025-12-13 09:38:49.740769+00:00
1.9,-0.5,84.0,0.0,0.0,263.0,18.5,38.9,1010.3,0.0,14.0,2025-12-13 09:38:49.740769+00:00
2.0,-0.6,83.0,0.0,0.0,263.0,20.4,40.8,1010.2,0.0,14.0,2025-12-13 09:38:49.740769+00:00
2.0,-0.9,81.0,0.0,0.0,262.0,22.2,44.5,1010.2,1.0,14.0,2025-12-13 09:38:49.740769+00:00
2.0,-1.1,80.0,0.0,0.0,259.0,24.1,46.3,1010.1,4.0,14.0,2025-12-13 09:38:49.740769+00:00
2.4,-0.9,79.0,0.0,0.0,262.0,22.2,48.2,1009.8,2.0,14.0,2025-12-13 09:38:49.740769+00:00
2.7,-1.1,76.0,0.0,0.0,262.0,25.9,51.8,1009.2,0.0,12.0,2025-12-13 09:38:49.740769+00:00
2.5,-1.3,76.0,0.0,0.0,260.0,25.9,53.7,1008.4,0.0,14.0,2025-12-13 09:38:49.740769+00:00
2.3,-1.3,77.0,0.0,0.0,263.0,25.9,55.5,1008.2,0.0,14.0,2025-12-13 09:38:49.740769+00:00
1.9,-1.4,79.0,0.2,0.0,270.0,25.9,55.5,1008.4,0.0,14.0,2025-12-13 09:38:49.740769+00:00
1.5,-1.6,80.0,0.1,0.0,276.0,25.9,53.7,1008.8,0.0,14.0,2025-12-13 09:38:49.740769+00:00
1.4,-1.3,82.0,0.1,0.0,280.0,24.1,51.8,1008.8,0.0,14.0,2025-12-13 09:38:49.740769+00:00
1.0,-1.7,82.0,0.0,0.0,283.0,24.1,50.0,1009.8,0.0,14.0,2025-12-13 09:38:49.740769+00:00
0.4,-2.5,81.0,0.0,0.0,285.0,24.1,48.2,1011.0,0.0,14.0,2025-12-13 09:38:49.740769+00:00
0.0,-2.9,81.0,0.0,0.0,285.0,22.2,46.3,1011.9,0.0,14.0,2025-12-13 09:38:49.740769+00:00
-0.3,-3.2,81.0,0.0,0.0,282.0,22.2,44.5,1012.7,0.0,2.0,2025-12-13 09:38:49.740769+00:00
-0.4,-3.4,80.0,0.0,0.0,278.0,22.2,42.6,1013.4,0.0,2.0,2025-12-13 09:38:49.740769+00:00
-0.7,-3.4,82.0,0.0,0.0,278.0,22.2,42.6,1014.1,0.0,2.0,2025-12-13 09:38:49.740769+00:00
-0.5,-3.4,81.0,0.0,0.0,279.0,22.2,40.8,1014.8,0.0,2.0,2025-12-13 09:38:49.740769+00:00
-0.5,-3.5,80.0,0.0,0.0,282.0,22.2,42.6,1015.2,0.0,2.0,2025-12-13 09:38:49.740769+00:00
-0.5,-2.9,84.0,0.0,0.0,282.0,20.4,40.8,1015.8,0.0,2.0,2025-12-13 09:38:49.740769+00:00
-0.6,-3.0,84.0,0.0,0.0,283.0,20.4,38.9,1016.3,0.0,2.0,2025-12-13 09:38:49.740769+00:00
-0.8,-2.5,88.0,0.0,0.0,283.0,18.5,35.2,1016.8,0.0,2.0,2025-12-13 09:38:49.740769+00:00
-0.9,-3.3,84.0,0.0,0.0,284.0,16.7,33.3,1017.4,0.0,2.0,2025-12-13 09:38:49.740769+00:00
-1.0,-3.2,85.0,0.0,0.0,279.0,14.8,31.5,1018.2,0.0,2.0,2025-12-13 09:38:49.740769+00:00
-1.2,-3.2,86.0,0.0,0.0,277.0,13.0,27.8,1018.7,0.0,2.0,2025-12-13 09:38:49.740769+00:00
-1.2,-2.9,88.0,0.0,0.0,268.0,13.0,25.9,1019.0,0.0,2.0,2025-12-13 09:38:49.740769+00:00
-1.2,-2.8,89.0,0.0,0.0,260.0,13.0,24.1,1019.2,8.0,2.0,2025-12-13 09:38:49.740769+00:00
-0.9,-2.5,89.0,0.0,0.0,252.0,13.0,24.1,1019.3,14.0,2.0,2025-12-13 09:38:49.740769+00:00
-0.6,-1.7,92.0,0.0,0.0,251.0,11.1,22.2,1019.7,12.0,4.0,2025-12-13 09:38:49.740769+00:00
0.1,-1.3,90.0,0.0,0.0,243.0,11.1,24.1,1019.4,11.0,3.0,2025-12-13 09:38:49.740769+00:00
0.3,-1.5,88.0,0.0,0.0,237.0,13.0,25.9,1018.8,6.0,3.0,2025-12-13 09:38:49.740769+00:00
0.5,-1.4,87.0,0.0,0.0,229.0,13.0,25.9,1018.3,4.0,4.0,2025-12-13 09:38:49.740769+00:00
0.5,-1.6,86.0,0.0,0.0,222.0,13.0,25.9,1018.0,4.0,4.0,2025-12-13 09:38:49.740769+00:00
0.4,-1.7,86.0,0.0,0.0,217.0,13.0,25.9,1017.7,3.0,4.0,2025-12-13 09:38:49.740769+00:00
0.1,-1.6,88.0,0.0,0.0,208.0,13.0,22.2,1017.5,1.0,4.0,2025-12-13 09:38:49.740769+00:00
0.1,-1.6,88.0,0.0,0.0,212.0,13.0,24.1,1017.1,0.0,3.0,2025-12-13 09:38:49.740769+00:00
0.1,-1.6,88.0,0.0,0.0,213.0,13.0,24.1,1016.9,0.0,3.0,2025-12-13 09:38:49.740769+00:00
0.0,-1.7,88.0,0.0,0.0,214.0,13.0,22.2,1016.5,0.0,3.0,2025-12-13 09:38:49.740769+00:00
-0.2,-1.8,89.0,0.0,0.0,214.0,13.0,24.1,1016.1,0.0,3.0,2025-12-13 09:38:49.740769+00:00
-0.3,-1.9,89.0,0.0,0.0,212.0,11.1,22.2,1015.8,0.0,3.0,2025-12-13 09:38:49.740769+00:00
-0.2,-2.1,87.0,0.0,0.0,210.0,11.1,22.2,1015.3,0.0,4.0,2025-12-13 09:38:49.740769+00:00
-0.4,-2.1,88.0,0.0,0.0,210.0,11.1,20.4,1014.9,0.0,3.0,2025-12-13 09:38:49.740769+00:00
-0.5,-2.2,88.0,0.0,0.0,210.0,11.1,18.5,1014.5,0.0,3.0,2025-12-13 09:38:49.740769+00:00
-0.8,-2.2,90.0,0.0,0.0,204.0,11.1,18.5,1014.0,0.0,3.0,2025-12-13 09:38:49.740769+00:00
-1.2,-2.2,93.0,0.0,0.0,197.0,9.3,18.5,1013.6,0.0,3.0,2025-12-13 09:38:49.740769+00:00
-1.3,-2.3,93.0,0.0,0.0,187.0,9.3,16.7,1012.9,0.0,3.0,2025-12-13 09:38:49.740769+00:00
-1.4,-2.7,91.0,0.0,0.0,175.0,11.1,18.5,1012.4,0.0,3.0,2025-12-13 09:38:49.740769+00:00
-1.5,-2.9,90.0,0.0,0.0,170.0,11.1,18.5,1011.7,0.0,3.0,2025-12-13 09:38:49.740769+00:00
-1.6,-3.0,90.0,0.0,0.0,157.0,11.1,18.5,1011.2,0.0,4.0,2025-12-13 09:38:49.740769+00:00
-1.6,-3.2,89.0,0.0,0.0,152.0,11.1,20.4,1010.5,0.0,4.0,2025-12-13 09:38:49.740769+00:00
-1.4,-3.1,88.0,0.0,0.0,146.0,13.0,22.2,1009.9,0.0,4.0,2025-12-13 09:38:49.740769+00:00
-1.3,-3.0,88.0,0.0,0.0,142.0,13.0,24.1,1009.1,2.0,4.0,2025-12-13 09:38:49.740769+00:00
-0.5,-3.0,83.0,0.0,0.0,138.0,14.8,25.9,1008.1,0.0,4.0,2025-12-13 09:38:49.740769+00:00
-0.2,-3.1,81.0,0.0,0.0,139.0,14.8,27.8,1006.8,0.0,4.0,2025-12-13 09:38:49.740769+00:00
0.1,-2.9,80.0,0.0,0.0,135.0,16.7,29.6,1005.4,0.0,4.0,2025-12-13 09:38:49.740769+00:00
0.0,-2.5,83.0,0.0,0.0,132.0,18.5,31.5,1003.9,1.0,14.0,2025-12-13 09:38:49.740769+00:00
-0.3,-2.5,85.0,0.0,0.0,126.0,20.4,33.3,1002.7,0.0,14.0,2025-12-13 09:38:49.740769+00:00
-0.4,-2.5,86.0,0.0,0.0,126.0,20.4,35.2,1001.5,0.0,14.0,2025-12-13 09:38:49.740769+00:00
-0.1,-1.5,90.0,0.1,0.0,126.0,20.4,35.2,1000.5,0.0,14.0,2025-12-13 09:38:49.740769+00:00
-0.3,-1.4,92.0,0.8,1.0,128.0,20.4,35.2,999.3,0.0,15.0,2025-12-13 09:38:49.740769+00:00
-0.6,-0.9,98.0,1.1,1.0,129.0,20.4,37.0,998.4,0.0,15.0,2025-12-13 09:38:49.740769+00:00
-0.8,-0.8,100.0,1.2,1.0,130.0,18.5,35.2,997.1,0.0,15.0,2025-12-13 09:38:49.740769+00:00
-0.3,-0.3,100.0,1.0,0.0,134.0,18.5,35.2,996.2,0.0,13.0,2025-12-13 09:38:49.740769+00:00
0.2,0.2,100.0,1.0,0.0,140.0,16.7,31.5,995.1,0.0,13.0,2025-12-13 09:38:49.740769+00:00
0.9,0.9,100.0,0.3,0.0,148.0,16.7,33.3,994.0,0.0,13.0,2025-12-13 09:38:49.740769+00:00
1.7,1.7,100.0,0.1,0.0,149.0,14.8,29.6,993.5,0.0,8.0,2025-12-13 09:38:49.740769+00:00
2.4,2.4,100.0,1.3,0.0,164.0,14.8,27.8,993.0,0.0,8.0,2025-12-13 09:38:49.740769+00:00
2.9,2.9,100.0,2.1,0.0,173.0,14.8,29.6,992.8,0.0,8.0,2025-12-13 09:38:49.740769+00:00
3.4,3.4,100.0,0.6,0.0,186.0,16.7,29.6,992.5,0.0,8.0,2025-12-13 09:38:49.740769+00:00
4.0,4.0,100.0,0.0,0.0,194.0,16.7,31.5,992.3,0.0,7.0,2025-12-13 09:38:49.740769+00:00
5.1,5.1,100.0,0.4,0.0,201.0,16.7,31.5,992.0,0.0,7.0,2025-12-13 09:38:49.740769+00:00
5.6,5.6,100.0,0.8,0.0,204.0,18.5,31.5,991.8,0.0,7.0,2025-12-13 09:38:49.740769+00:00
6.3,5.9,97.0,0.1,0.0,203.0,20.4,35.2,991.5,0.0,7.0,2025-12-13 09:38:49.740769+00:00
7.0,5.8,92.0,0.1,0.0,207.0,20.4,35.2,991.7,0.0,7.0,2025-12-13 09:38:49.740769+00:00
7.4,5.9,90.0,0.1,0.0,206.0,20.4,37.0,991.8,0.0,7.0,2025-12-13 09:38:49.740769+00:00
7.6,5.7,88.0,0.6,0.0,206.0,22.2,38.9,991.9,0.0,7.0,2025-12-13 09:38:49.740769+00:00
7.9,5.5,85.0,0.0,0.0,206.0,22.2,40.8,991.8,0.0,7.0,2025-12-13 09:38:49.740769+00:00
8.4,5.5,82.0,0.0,0.0,206.0,22.2,42.6,991.7,0.0,7.0,2025-12-13 09:38:49.740769+00:00
8.9,5.5,79.0,0.2,0.0,206.0,22.2,42.6,991.2,0.0,7.0,2025-12-13 09:38:49.740769+00:00
9.3,5.5,77.0,0.1,0.0,204.0,22.2,42.6,990.9,2.0,7.0,2025-12-13 09:38:49.740769+00:00
9.6,5.0,73.0,0.2,0.0,201.0,22.2,42.6,990.5,3.0,7.0,2025-12-13 09:38:49.740769+00:00
9.6,4.8,72.0,0.0,0.0,195.0,22.2,40.8,990.2,5.0,4.0,2025-12-13 09:38:49.740769+00:00
9.4,4.6,72.0,0.0,0.0,191.0,22.2,40.8,990.0,0.0,3.0,2025-12-13 09:38:49.740769+00:00
9.1,3.9,70.0,0.0,0.0,192.0,24.1,42.6,989.8,0.0,3.0,2025-12-13 09:38:49.740769+00:00
9.1,3.7,69.0,0.0,0.0,196.0,24.1,40.8,989.4,0.0,3.0,2025-12-13 09:38:49.740769+00:00
9.0,3.4,68.0,0.0,0.0,202.0,22.2,40.8,990.5,0.0,3.0,2025-12-13 09:38:49.740769+00:00
9.0,3.0,66.0,0.0,0.0,212.0,22.2,38.9,991.5,0.0,3.0,2025-12-13 09:38:49.740769+00:00
8.7,2.9,67.0,0.0,0.0,221.0,20.4,38.9,992.9,0.0,3.0,2025-12-13 09:38:49.740769+00:00
8.6,2.2,64.0,0.0,0.0,229.0,20.4,40.8,993.3,0.0,3.0,2025-12-13 09:38:49.740769+00:00
7.7,1.8,66.0,0.0,0.0,228.0,20.4,38.9,994.5,0.0,3.0,2025-12-13 09:38:49.740769+00:00
6.9,1.2,67.0,0.0,0.0,224.0,20.4,38.9,995.8,0.0,3.0,2025-12-13 09:38:49.740769+00:00
6.7,1.0,67.0,0.0,0.0,222.0,20.4,37.0,996.4,0.0,3.0,2025-12-13 09:38:49.740769+00:00
6.5,0.8,67.0,0.0,0.0,218.0,20.4,37.0,996.8,0.0,3.0,2025-12-13 09:38:49.740769+00:00
6.4,0.5,66.0,0.0,0.0,215.0,20.4,37.0,997.1,0.0,3.0,2025-12-13 09:38:49.740769+00:00
6.0,0.3,67.0,0.0,0.0,210.0,20.4,37.0,997.8,0.0,3.0,2025-12-13 09:38:49.740769+00:00
5.9,0.2,67.0,0.0,0.0,209.0,20.4,37.0,997.6,0.0,3.0,2025-12-13 09:38:49.740769+00:00
5.7,0.3,68.0,0.0,0.0,209.0,20.4,38.9,997.4,0.0,3.0,2025-12-13 09:38:49.740769+00:00
6.0,0.3,67.0,0.0,0.0,210.0,22.2,40.8,997.5,0.0,3.0,2025-12-13 09:38:49.740769+00:00
6.1,0.2,66.0,0.0,0.0,213.0,22.2,42.6,997.8,4.0,3.0,2025-12-13 09:38:49.740769+00:00
6.1,0.2,66.0,0.0,0.0,218.0,22.2,42.6,998.1,10.0,3.0,2025-12-13 09:38:49.740769+00:00
6.6,0.3,64.0,0.0,0.0,223.0,22.2,44.5,998.6,16.0,3.0,2025-12-13 09:38:49.740769+00:00
7.0,-0.0,61.0,0.0,0.0,227.0,22.2,44.5,998.6,15.0,3.0,2025-12-13 09:38:49.740769+00:00
7.1,0.1,61.0,0.0,0.0,229.0,22.2,44.5,998.4,12.0,7.0,2025-12-13 09:38:49.740769+00:00
6.9,-0.3,60.0,0.0,0.0,229.0,20.4,44.5,998.5,12.0,7.0,2025-12-13 09:38:49.740769+00:00
6.2,-0.5,62.0,0.0,0.0,227.0,20.4,42.6,998.8,9.0,7.0,2025-12-13 09:38:49.740769+00:00
5.5,-0.6,65.0,0.0,0.0,227.0,20.4,40.8,999.1,4.0,7.0,2025-12-13 09:38:49.740769+00:00
4.7,0.5,74.0,0.0,0.0,228.0,18.5,38.9,999.2,3.0,7.0,2025-12-13 09:38:49.740769+00:00
4.4,0.5,76.0,0.1,0.0,235.0,18.5,38.9,999.6,0.0,7.0,2025-12-13 09:38:49.740769+00:00
3.8,0.8,81.0,1.3,0.0,235.0,18.5,37.0,999.9,0.0,7.0,2025-12-13 09:38:49.740769+00:00
3.6,0.5,80.0,0.0,0.0,233.0,18.5,35.2,999.9,0.0,7.0,2025-12-13 09:38:49.740769+00:00
3.3,0.2,80.0,0.0,0.0,228.0,16.7,33.3,999.9,0.0,2.0,2025-12-13 09:38:49.740769+00:00
3.0,-0.1,80.0,0.1,0.0,225.0,16.7,33.3,999.8,0.0,3.0,2025-12-13 09:38:49.740769+00:00
3.1,-0.0,80.0,0.0,0.0,221.0,16.7,31.5,1000.2,0.0,7.0,2025-12-13 09:38:49.740769+00:00
2.8,-0.3,80.0,0.0,0.0,223.0,16.7,31.5,1000.2,0.0,7.0,2025-12-13 09:38:49.740769+00:00
2.6,-0.7,79.0,0.0,0.0,226.0,16.7,31.5,1000.3,0.0,3.0,2025-12-13 09:38:49.740769+00:00
2.6,-0.5,80.0,0.0,0.0,226.0,16.7,31.5,1000.1,0.0,3.0,2025-12-13 09:38:49.740769+00:00
2.5,-0.4,81.0,0.0,0.0,226.0,16.7,31.5,1000.1,0.0,3.0,2025-12-13 09:38:49.740769+00:00
2.6,-0.5,80.0,0.0,0.0,226.0,16.7,31.5,1000.0,0.0,3.0,2025-12-13 09:38:49.740769+00:00
2.5,-0.8,79.0,0.0,0.0,223.0,16.7,31.5,999.7,0.0,4.0,2025-12-13 09:38:49.740769+00:00
2.4,-0.7,80.0,0.0,0.0,226.0,16.7,31.5,999.8,0.0,4.0,2025-12-13 09:38:49.740769+00:00
2.4,-0.9,79.0,0.0,0.0,226.0,16.7,31.5,1000.0,0.0,4.0,2025-12-13 09:38:49.740769+00:00
2.4,-0.7,80.0,0.0,0.0,229.0,16.7,33.3,1000.6,0.0,4.0,2025-12-13 09:38:49.740769+00:00
2.6,-0.7,79.0,0.0,0.0,232.0,18.5,33.3,1001.1,3.0,4.0,2025-12-13 09:38:49.740769+00:00
2.8,-0.8,77.0,0.0,0.0,235.0,18.5,35.2,1001.6,6.0,4.0,2025-12-13 09:38:49.740769+00:00
3.7,-0.9,72.0,0.0,0.0,241.0,16.7,35.2,1001.7,7.0,4.0,2025-12-13 09:38:49.740769+00:00
4.3,-1.1,68.0,0.0,0.0,244.0,18.5,37.0,1002.0,8.0,3.0,2025-12-13 09:38:49.740769+00:00
4.6,-1.2,66.0,0.0,0.0,245.0,20.4,42.6,1002.3,10.0,3.0,2025-12-13 09:38:49.740769+00:00
4.8,-1.6,63.0,0.0,0.0,242.0,20.4,42.6,1002.8,13.0,3.0,2025-12-13 09:38:49.740769+00:00
4.3,-1.9,64.0,0.0,0.0,238.0,20.4,40.8,1003.3,15.0,3.0,2025-12-13 09:38:49.740769+00:00
4.0,-2.0,65.0,0.0,0.0,231.0,18.5,38.9,1003.6,13.0,2.0,2025-12-13 09:38:49.740769+00:00
3.6,-1.6,69.0,0.0,0.0,221.0,16.7,31.5,1003.9,5.0,2.0,2025-12-13 09:38:49.740769+00:00
2.9,-1.8,71.0,0.0,0.0,219.0,16.7,29.6,1004.2,0.0,2.0,2025-12-13 09:38:49.740769+00:00
2.6,-2.1,71.0,0.0,0.0,211.0,14.8,25.9,1004.2,0.0,2.0,2025-12-13 09:38:49.740769+00:00
2.0,-2.1,74.0,0.0,0.0,208.0,14.8,24.1,1004.3,0.0,2.0,2025-12-13 09:38:49.740769+00:00
1.7,-2.1,76.0,0.0,0.0,204.0,14.8,24.1,1004.3,0.0,2.0,2025-12-13 09:38:49.740769+00:00
1.6,-2.2,76.0,0.0,0.0,193.0,13.0,22.2,1004.0,0.0,2.0,2025-12-13 09:38:49.740769+00:00
1.2,-1.9,80.0,0.0,0.0,186.0,13.0,20.4,1003.4,0.0,3.0,2025-12-13 09:38:49.740769+00:00
1.2,-1.5,82.0,0.0,0.0,183.0,11.1,20.4,1003.0,0.0,3.0,2025-12-13 09:38:49.740769+00:00
1.0,-1.2,85.0,0.0,0.0,174.0,11.1,18.5,1002.4,0.0,4.0,2025-12-13 09:38:49.740769+00:00
0.7,-0.9,89.0,0.0,0.0,161.0,9.3,18.5,1001.7,0.0,4.0,2025-12-13 09:38:49.740769+00:00
0.5,-0.6,92.0,0.2,0.0,144.0,9.3,16.7,1000.9,0.0,4.0,2025-12-13 09:38:49.740769+00:00
0.6,-0.5,92.0,0.4,0.0,127.0,7.4,16.7,1000.3,0.0,12.0,2025-12-13 09:38:49.740769+00:00
1.2,-0.4,89.0,0.5,0.0,79.0,7.4,14.8,999.1,0.0,12.0,2025-12-13 09:38:49.740769+00:00
1.2,-0.3,90.0,0.0,0.0,84.0,7.4,16.7,998.8,0.0,12.0,2025-12-13 09:38:49.740769+00:00
1.3,-0.3,89.0,0.0,0.0,74.0,7.4,16.7,998.8,0.0,7.0,2025-12-13 09:38:49.740769+00:00
1.3,-0.2,90.0,0.0,0.0,75.0,7.4,16.7,998.6,0.0,7.0,2025-12-13 09:38:49.740769+00:00
1.5,0.0,90.0,0.1,0.0,73.0,9.3,16.7,998.5,0.0,7.0,2025-12-13 09:38:49.740769+00:00
1.5,0.5,93.0,0.2,0.0,68.0,9.3,16.7,998.4,0.0,7.0,2025-12-13 09:38:49.740769+00:00
1.5,0.3,92.0,0.4,0.0,46.0,7.4,14.8,998.5,0.0,7.0,2025-12-13 09:38:49.740769+00:00
1.5,0.5,93.0,0.6,0.0,50.0,9.3,16.7,997.8,0.0,7.0,2025-12-13 09:38:49.740769+00:00
1.5,0.6,94.0,0.4,0.0,54.0,9.3,18.5,997.2,0.0,7.0,2025-12-13 09:38:49.740769+00:00
1.3,1.0,98.0,0.3,0.0,47.0,11.1,20.4,996.4,0.0,8.0,2025-12-13 09:38:49.740769+00:00
1.4,1.0,97.0,1.4,0.0,33.0,13.0,22.2,995.7,0.0,8.0,2025-12-13 09:38:49.740769+00:00
1.6,0.7,94.0,1.8,0.0,13.0,13.0,24.1,995.6,0.0,8.0,2025-12-13 09:38:49.740769+00:00
1.8,1.2,96.0,2.0,0.0,7.0,14.8,27.8,995.4,0.0,8.0,2025-12-13 09:38:49.740769+00:00
1.1,1.0,99.0,2.5,1.0,344.0,20.4,37.0,995.6,0.0,8.0,2025-12-13 09:38:49.740769+00:00
0.4,0.4,100.0,2.1,1.0,337.0,22.2,40.8,996.0,0.0,15.0,2025-12-13 09:38:49.740769+00:00
0.3,0.3,100.0,1.1,2.0,328.0,20.4,42.6,997.8,0.0,15.0,2025-12-13 09:38:49.740769+00:00
0.4,0.4,100.0,0.4,3.0,317.0,18.5,40.8,999.6,0.0,14.0,2025-12-13 09:38:49.740769+00:00
0.5,0.5,100.0,0.3,3.0,303.0,20.4,40.8,1001.4,0.0,14.0,2025-12-13 09:38:49.740769+00:00
0.0,-0.4,97.0,0.3,2.0,300.0,20.4,40.8,1002.3,0.0,14.0,2025-12-13 09:38:49.740769+00:00
0.3,0.0,98.0,0.5,3.0,291.0,20.4,40.8,1003.7,0.0,14.0,2025-12-13 09:38:49.740769+00:00
0.5,0.1,97.0,0.1,2.0,285.0,22.2,42.6,1005.0,0.0,14.0,2025-12-13 09:38:49.740769+00:00
0.4,0.1,98.0,0.1,2.0,284.0,22.2,42.6,1005.8,0.0,14.0,2025-12-13 09:38:49.740769+00:00
0.5,0.2,98.0,0.2,2.0,282.0,22.2,42.6,1006.8,0.0,14.0,2025-12-13 09:38:49.740769+00:00
0.8,0.1,95.0,0.0,2.0,282.0,22.2,42.6,1007.4,0.0,14.0,2025-12-13 09:38:49.740769+00:00
0.7,-0.3,93.0,0.0,1.0,279.0,20.4,40.8,1008.1,0.0,14.0,2025-12-13 09:38:49.740769+00:00
0.8,-0.2,93.0,0.0,1.0,276.0,20.4,40.8,1008.5,0.0,14.0,2025-12-13 09:38:49.740769+00:00
0.8,-0.3,92.0,0.0,1.0,272.0,18.5,38.9,1009.0,0.0,14.0,2025-12-13 09:38:49.740769+00:00
1.0,-0.2,92.0,0.0,1.0,267.0,18.5,38.9,1009.5,0.0,14.0,2025-12-13 09:38:49.740769+00:00
1.1,-0.2,91.0,0.0,1.0,263.0,18.5,37.0,1010.1,0.0,14.0,2025-12-13 09:38:49.740769+00:00
1.2,-0.1,91.0,0.0,1.0,259.0,18.5,35.2,1010.6,0.0,14.0,2025-12-13 09:38:49.740769+00:00
1.4,-0.1,90.0,0.5,1.0,259.0,16.7,35.2,1010.7,0.0,14.0,2025-12-13 09:38:49.740769+00:00
1.4,0.1,91.0,0.3,1.0,260.0,16.7,35.2,1010.7,0.0,14.0,2025-12-13 09:38:49.740769+00:00
1.4,0.2,92.0,0.3,1.0,262.0,16.7,35.2,1010.3,0.0,14.0,2025-12-13 09:38:49.740769+00:00
1.3,0.4,94.0,0.6,0.0,266.0,16.7,35.2,1010.4,0.0,14.0,2025-12-13 09:38:49.740769+00:00
1.4,0.7,95.0,0.2,0.0,269.0,18.5,37.0,1010.9,0.0,14.0,2025-12-13 09:38:49.740769+00:00
1.3,0.9,97.0,0.6,0.0,276.0,16.7,35.2,1011.5,0.0,14.0,2025-12-13 09:38:49.740769+00:00
1.3,0.7,96.0,0.2,0.0,278.0,18.5,35.2,1011.6,0.0,12.0,2025-12-13 09:38:49.740769+00:00
1.3,0.7,96.0,0.0,0.0,283.0,18.5,33.3,1012.1,0.0,14.0,2025-12-13 09:38:49.740769+00:00
1.3,0.4,94.0,0.0,0.0,287.0,18.5,33.3,1012.7,0.0,14.0,2025-12-13 09:38:49.740769+00:00
1.1,0.4,95.0,0.0,0.0,292.0,18.5,33.3,1013.1,0.0,14.0,2025-12-13 09:38:49.740769+00:00
0.9,0.2,95.0,0.0,0.0,293.0,18.5,35.2,1013.4,0.0,14.0,2025-12-13 09:38:49.740769+00:00
1.0,-0.2,92.0,0.0,0.0,294.0,18.5,35.2,1013.7,0.0,14.0,2025-12-13 09:38:49.740769+00:00
1.3,-0.5,88.0,0.0,0.0,296.0,18.5,37.0,1013.9,0.0,14.0,2025-12-13 09:38:49.740769+00:00
1.2,-0.6,88.0,0.0,0.0,294.0,18.5,37.0,1014.1,0.0,14.0,2025-12-13 09:38:49.740769+00:00
1.1,-0.7,88.0,0.0,0.0,294.0,20.4,38.9,1014.2,0.0,14.0,2025-12-13 09:38:49.740769+00:00
0.9,-0.6,90.0,0.0,0.0,294.0,20.4,38.9,1014.3,0.0,14.0,2025-12-13 09:38:49.740769+00:00
0.9,-0.7,89.0,0.0,0.0,296.0,22.2,42.6,1014.6,0.0,14.0,2025-12-13 09:38:49.740769+00:00
1.0,-0.9,87.0,0.0,0.0,297.0,22.2,42.6,1014.9,0.0,14.0,2025-12-13 09:38:49.740769+00:00
0.6,-1.2,88.0,0.0,0.0,298.0,22.2,44.5,1014.9,0.0,14.0,2025-12-13 09:38:49.740769+00:00
0.6,-1.2,88.0,0.2,1.0,294.0,24.1,44.5,1015.0,0.0,14.0,2025-12-13 09:38:49.740769+00:00
0.5,-1.6,86.0,0.1,0.0,290.0,24.1,46.3,1015.3,0.0,14.0,2025-12-13 09:38:49.740769+00:00
0.5,-1.6,86.0,0.0,0.0,289.0,24.1,48.2,1015.4,0.0,14.0,2025-12-13 09:38:49.740769+00:00
0.4,-1.8,85.0,0.0,0.0,291.0,25.9,50.0,1015.6,0.0,14.0,2025-12-13 09:38:49.740769+00:00
0.4,-1.8,85.0,0.0,0.0,289.0,27.8,51.8,1016.0,1.0,14.0,2025-12-13 09:38:49.740769+00:00
0.6,-1.9,83.0,0.0,0.0,291.0,27.8,53.7,1016.1,3.0,14.0,2025-12-13 09:38:49.740769+00:00
0.6,-2.3,81.0,0.0,0.0,293.0,29.6,55.5,1016.1,3.0,14.0,2025-12-13 09:38:49.740769+00:00
0.6,-2.6,79.0,0.0,0.0,297.0,29.6,57.4,1016.4,3.0,14.0,2025-12-13 09:38:49.740769+00:00
0.5,-2.4,81.0,0.0,0.0,300.0,29.6,55.5,1016.7,2.0,14.0,2025-12-13 09:38:49.740769+00:00
0.4,-2.6,80.0,0.0,0.0,300.0,27.8,57.4,1017.0,0.0,14.0,2025-12-13 09:38:49.740769+00:00
1.0,-2.4,78.0,0.0,0.0,301.0,27.8,55.5,1017.5,1.0,14.0,2025-12-13 09:38:49.740769+00:00
0.9,-2.2,80.0,0.0,0.0,301.0,25.9,53.7,1018.2,1.0,14.0,2025-12-13 09:38:49.740769+00:00
0.9,-2.2,80.0,0.3,0.0,305.0,25.9,50.0,1019.0,0.0,14.0,2025-12-13 09:38:49.740769+00:00
1.0,-2.2,79.0,0.3,0.0,304.0,24.1,48.2,1019.9,0.0,14.0,2025-12-13 09:38:49.740769+00:00
1.0,-1.9,81.0,0.2,0.0,306.0,24.1,46.3,1020.6,0.0,14.0,2025-12-13 09:38:49.740769+00:00
1.0,-1.9,81.0,0.0,0.0,309.0,22.2,44.5,1021.6,0.0,14.0,2025-12-13 09:38:49.740769+00:00
0.8,-1.8,83.0,0.0,0.0,310.0,22.2,42.6,1022.4,0.0,14.0,2025-12-13 09:38:49.740769+00:00
0.8,-1.3,86.0,0.0,0.0,311.0,20.4,38.9,1021.8,0.0,14.0,2025-12-13 09:38:49.740769+00:00
0.7,-1.4,86.0,0.0,0.0,313.0,20.4,38.9,1022.6,0.0,14.0,2025-12-13 09:38:49.740769+00:00
0.7,-1.5,85.0,0.0,0.0,313.0,20.4,38.9,1023.4,0.0,14.0,2025-12-13 09:38:49.740769+00:00
0.8,-1.6,84.0,0.0,0.0,313.0,20.4,38.9,1024.3,0.0,14.0,2025-12-13 09:38:49.740769+00:00
0.6,-1.6,85.0,0.0,0.0,314.0,20.4,38.9,1025.2,0.0,14.0,2025-12-13 09:38:49.740769+00:00
0.6,-1.9,83.0,0.0,0.0,316.0,20.4,38.9,1026.1,0.0,14.0,2025-12-13 09:38:49.740769+00:00
0.0,-2.1,86.0,0.0,0.0,318.0,18.5,35.2,1026.9,0.0,14.0,2025-12-13 09:38:49.740769+00:00
0.0,-2.1,86.0,0.0,0.0,318.0,18.5,35.2,1027.8,0.0,14.0,2025-12-13 09:38:49.740769+00:00
-0.2,-2.1,87.0,0.0,0.0,315.0,16.7,33.3,1028.8,0.0,4.0,2025-12-13 09:38:49.740769+00:00
-0.4,-2.3,87.0,0.0,0.0,315.0,18.5,33.3,1029.8,0.0,3.0,2025-12-13 09:38:49.740769+00:00
-0.4,-2.5,86.0,0.0,0.0,313.0,16.7,33.3,1030.7,7.0,3.0,2025-12-13 09:38:49.740769+00:00
-0.3,-2.2,87.0,0.0,0.0,315.0,16.7,31.5,1031.6,13.0,3.0,2025-12-13 09:38:49.740769+00:00
0.1,-2.0,86.0,0.0,0.0,318.0,14.8,29.6,1031.9,17.0,14.0,2025-12-13 09:38:49.740769+00:00
0.4,-2.1,83.0,0.0,0.0,319.0,14.8,29.6,1032.4,17.0,3.0,2025-12-13 09:38:49.740769+00:00
0.5,-2.2,82.0,0.0,0.0,319.0,14.8,29.6,1032.9,13.0,3.0,2025-12-13 09:38:49.740769+00:00
0.4,-2.6,80.0,0.0,0.0,319.0,14.8,27.8,1033.7,12.0,3.0,2025-12-13 09:38:49.740769+00:00
0.4,-2.8,79.0,0.0,0.0,318.0,14.8,27.8,1034.5,11.0,3.0,2025-12-13 09:38:49.740769+00:00
0.1,-2.9,80.0,0.0,0.0,320.0,13.0,25.9,1035.2,9.0,3.0,2025-12-13 09:38:49.740769+00:00
-0.1,-3.5,78.0,0.0,0.0,327.0,13.0,24.1,1035.8,5.0,3.0,2025-12-13 09:38:49.740769+00:00
-0.2,-3.6,78.0,0.0,0.0,331.0,11.1,22.2,1036.4,0.0,3.0,2025-12-13 09:38:49.740769+00:00
-0.2,-3.2,80.0,0.0,0.0,333.0,11.1,22.2,1037.2,0.0,3.0,2025-12-13 09:38:49.740769+00:00
-0.3,-3.2,81.0,0.0,0.0,331.0,11.1,20.4,1038.1,0.0,3.0,2025-12-13 09:38:49.740769+00:00
-0.4,-3.3,81.0,0.0,0.0,331.0,11.1,20.4,1038.9,0.0,3.0,2025-12-13 09:38:49.740769+00:00
-0.6,-3.1,83.0,0.0,0.0,329.0,9.3,20.4,1039.6,0.0,3.0,2025-12-13 09:38:49.740769+00:00
-0.7,-3.4,82.0,0.0,0.0,326.0,9.3,18.5,1040.0,0.0,4.0,2025-12-13 09:38:49.740769+00:00
-1.0,-3.5,83.0,0.0,0.0,322.0,9.3,18.5,1040.2,0.0,4.0,2025-12-13 09:38:49.740769+00:00
-1.6,-3.5,87.0,0.0,0.0,312.0,9.3,16.7,1040.8,0.0,3.0,2025-12-13 09:38:49.740769+00:00
-2.3,-3.9,89.0,0.0,0.0,304.0,7.4,14.8,1041.0,0.0,2.0,2025-12-13 09:38:49.740769+00:00
-2.8,-4.1,91.0,0.0,0.0,298.0,7.4,14.8,1041.1,0.0,2.0,2025-12-13 09:38:49.740769+00:00
-3.1,-4.2,92.0,0.0,0.0,300.0,7.4,13.0,1041.1,0.0,1.0,2025-12-13 09:38:49.740769+00:00
-4.1,-5.3,91.0,0.0,0.0,290.0,5.5,11.1,1041.7,0.0,1.0,2025-12-13 09:38:49.740769+00:00
-4.2,-5.3,92.0,0.0,0.0,278.0,7.4,13.0,1042.2,0.0,1.0,2025-12-13 09:38:49.740769+00:00
-4.4,-5.1,95.0,0.0,0.0,276.0,5.5,13.0,1042.7,0.0,1.0,2025-12-13 09:38:49.740769+00:00
-4.5,-5.0,96.0,0.0,0.0,261.0,7.4,13.0,1043.1,0.0,1.0,2025-12-13 09:38:49.740769+00:00
-4.2,-4.7,96.0,0.0,0.0,249.0,7.4,14.8,1043.5,15.0,2.0,2025-12-13 09:38:49.740769+00:00
-3.5,-4.3,94.0,0.0,0.0,237.0,7.4,14.8,1043.7,24.0,2.0,2025-12-13 09:38:49.740769+00:00
-1.8,-4.1,84.0,0.0,0.0,233.0,5.5,13.0,1043.8,27.0,4.0,2025-12-13 09:38:49.740769+00:00
-0.9,-4.2,78.0,0.0,0.0,227.0,9.3,16.7,1043.1,27.0,2.0,2025-12-13 09:38:49.740769+00:00
-0.5,-4.4,75.0,0.0,0.0,225.0,11.1,20.4,1042.3,28.0,2.0,2025-12-13 09:38:49.740769+00:00
-0.2,-4.4,73.0,0.0,0.0,224.0,9.3,22.2,1042.0,28.0,2.0,2025-12-13 09:38:49.740769+00:00
-0.5,-4.6,74.0,0.0,0.0,224.0,11.1,22.2,1041.8,26.0,2.0,2025-12-13 09:38:49.740769+00:00
-1.1,-4.4,78.0,0.0,0.0,225.0,11.1,20.4,1041.6,19.0,2.0,2025-12-13 09:38:49.740769+00:00
-1.2,-5.2,74.0,0.0,0.0,217.0,11.1,18.5,1041.1,10.0,3.0,2025-12-13 09:38:49.740769+00:00
-1.7,-5.0,78.0,0.0,0.0,215.0,11.1,18.5,1040.9,0.0,3.0,2025-12-13 09:38:49.740769+00:00
-2.0,-5.1,79.0,0.0,0.0,214.0,11.1,18.5,1040.7,0.0,3.0,2025-12-13 09:38:49.740769+00:00
-2.5,-4.8,84.0,0.0,0.0,216.0,11.1,20.4,1040.4,0.0,3.0,2025-12-13 09:38:49.740769+00:00
-2.8,-4.8,86.0,0.0,0.0,214.0,13.0,20.4,1040.0,0.0,3.0,2025-12-13 09:38:49.740769+00:00
-3.0,-4.9,87.0,0.0,0.0,216.0,13.0,20.4,1039.4,0.0,3.0,2025-12-13 09:38:49.740769+00:00
-2.3,-5.1,81.0,0.0,0.0,215.0,13.0,20.4,1039.0,0.0,4.0,2025-12-13 09:38:49.740769+00:00
-2.6,-5.1,83.0,0.0,0.0,215.0,13.0,20.4,1038.2,0.0,3.0,2025-12-13 09:38:49.740769+00:00
-2.9,-5.1,85.0,0.0,0.0,220.0,13.0,20.4,1037.7,0.0,3.0,2025-12-13 09:38:49.740769+00:00
-3.4,-5.2,87.0,0.0,0.0,225.0,13.0,22.2,1037.0,0.0,3.0,2025-12-13 09:38:49.740769+00:00
-3.5,-5.3,87.0,0.0,0.0,226.0,13.0,22.2,1036.5,0.0,3.0,2025-12-13 09:38:49.740769+00:00
-3.4,-5.7,84.0,0.0,0.0,230.0,13.0,22.2,1036.1,0.0,3.0,2025-12-13 09:38:49.740769+00:00
-3.4,-5.9,83.0,0.0,0.0,229.0,14.8,22.2,1035.4,0.0,3.0,2025-12-13 09:38:49.740769+00:00
-3.2,-5.8,82.0,0.0,0.0,234.0,13.0,22.2,1034.8,0.0,3.0,2025-12-13 09:38:49.740769+00:00
-3.1,-6.1,80.0,0.0,0.0,234.0,13.0,24.1,1034.3,0.0,3.0,2025-12-13 09:38:49.740769+00:00
-2.9,-5.9,80.0,0.0,0.0,236.0,13.0,24.1,1034.0,0.0,3.0,2025-12-13 09:38:49.740769+00:00
-2.2,-6.2,74.0,0.0,0.0,239.0,13.0,24.1,1033.5,3.0,4.0,2025-12-13 09:38:49.740769+00:00
-1.2,-6.0,70.0,0.0,0.0,240.0,13.0,25.9,1032.9,4.0,4.0,2025-12-13 09:38:49.740769+00:00
-0.5,-5.3,70.0,0.0,0.0,241.0,13.0,25.9,1032.3,0.0,4.0,2025-12-13 09:38:49.740769+00:00
0.3,-5.1,67.0,0.0,0.0,245.0,14.8,27.8,1031.5,0.0,4.0,2025-12-13 09:38:49.740769+00:00
1.0,-5.2,63.0,0.0,0.0,245.0,16.7,31.5,1030.8,0.0,4.0,2025-12-13 09:38:49.740769+00:00
1.6,-5.1,61.0,0.0,0.0,245.0,16.7,33.3,1029.6,0.0,12.0,2025-12-13 09:38:49.740769+00:00
2.1,-4.8,60.0,0.0,0.0,248.0,16.7,33.3,1028.9,0.0,14.0,2025-12-13 09:38:49.740769+00:00
2.2,-3.9,64.0,0.0,0.0,252.0,18.5,35.2,1028.3,0.0,12.0,2025-12-13 09:38:49.740769+00:00
2.4,-2.7,69.0,0.0,0.0,254.0,18.5,33.3,1027.8,0.0,12.0,2025-12-13 09:38:49.740769+00:00
2.3,-1.9,74.0,0.0,0.0,259.0,18.5,33.3,1027.4,0.0,7.0,2025-12-13 09:38:49.740769+00:00
2.2,-1.4,77.0,0.5,0.0,261.0,16.7,33.3,1027.1,0.0,7.0,2025-12-13 09:38:49.740769+00:00
2.2,-0.6,82.0,0.1,0.0,268.0,16.7,33.3,1026.6,0.0,7.0,2025-12-13 09:38:49.740769+00:00
2.5,0.1,84.0,0.0,0.0,268.0,18.5,35.2,1026.3,0.0,7.0,2025-12-13 09:38:49.740769+00:00
2.6,0.5,86.0,0.0,0.0,272.0,16.7,33.3,1026.3,0.0,7.0,2025-12-13 09:38:49.740769+00:00
2.4,0.8,89.0,0.0,0.0,275.0,16.7,33.3,1026.1,0.0,7.0,2025-12-13 09:38:49.740769+00:00
2.7,1.1,89.0,0.0,0.0,275.0,16.7,31.5,1025.9,0.0,7.0,2025-12-13 09:38:49.740769+00:00
2.9,1.4,90.0,0.0,0.0,277.0,16.7,31.5,1025.8,0.0,7.0,2025-12-13 09:38:49.740769+00:00
3.0,1.7,91.0,0.0,0.0,280.0,16.7,31.5,1025.8,0.0,7.0,2025-12-13 09:38:49.740769+00:00
3.2,2.2,93.0,0.0,0.0,286.0,16.7,31.5,1025.8,0.0,7.0,2025-12-13 09:38:49.740769+00:00
3.2,2.5,95.0,0.0,0.0,288.0,14.8,29.6,1025.8,0.0,7.0,2025-12-13 09:38:49.740769+00:00
3.2,2.6,96.0,0.0,0.0,289.0,14.8,27.8,1026.1,0.0,7.0,2025-12-13 09:38:49.740769+00:00
3.3,2.9,97.0,0.0,0.0,290.0,14.8,27.8,1026.6,0.0,7.0,2025-12-13 09:38:49.740769+00:00
3.3,2.6,95.0,0.0,0.0,296.0,13.0,25.9,1027.3,0.0,7.0,2025-12-13 09:38:49.740769+00:00
3.4,3.0,97.0,0.0,,295.0,13.0,24.1,1027.8,0.0,7.0,2025-12-13 09:38:49.740769+00:00
3.4,3.0,97.0,0.0,0.0,297.0,13.0,24.1,1028.3,0.0,7.0,2025-12-13 09:38:49.740769+00:00
3.7,3.6,99.0,0.0,0.0,302.0,13.0,24.1,1028.8,0.0,4.0,2025-12-13 09:38:49.740769+00:00
3.8,3.8,100.0,0.0,0.0,296.0,11.1,20.4,1029.3,0.0,7.0,2025-12-13 09:38:49.740769+00:00
4.0,4.0,100.0,0.0,0.0,301.0,9.3,20.4,1029.5,0.0,4.0,2025-12-13 09:38:49.740769+00:00
4.3,4.3,100.0,0.0,0.0,301.0,11.1,20.4,1029.7,0.0,4.0,2025-12-13 09:38:49.740769+00:00
4.4,4.3,99.0,0.0,0.0,302.0,9.3,18.5,1030.2,0.0,4.0,2025-12-13 09:38:49.740769+00:00
4.3,4.3,100.0,0.0,0.0,304.0,11.1,20.4,1030.6,0.0,4.0,2025-12-13 09:38:49.740769+00:00
4.0,4.0,100.0,0.0,0.0,307.0,9.3,20.4,1031.0,1.0,4.0,2025-12-13 09:38:49.740769+00:00
4.1,3.8,98.0,0.0,0.0,320.0,9.3,20.4,1031.4,2.0,4.0,2025-12-13 09:38:49.740769+00:00
3.9,3.6,98.0,0.0,0.0,320.0,9.3,18.5,1032.1,0.0,4.0,2025-12-13 09:38:49.740769+00:00
4.0,3.6,97.0,0.0,0.0,319.0,9.3,16.7,1032.7,0.0,4.0,2025-12-13 09:38:49.740769+00:00
3.9,3.6,98.0,0.0,0.0,315.0,7.4,14.8,1033.2,0.0,4.0,2025-12-13 09:38:49.740769+00:00
3.8,3.4,97.0,0.0,0.0,312.0,7.4,14.8,1033.7,0.0,4.0,2025-12-13 09:38:49.740769+00:00
3.7,3.6,99.0,0.0,0.0,307.0,7.4,14.8,1034.1,0.0,4.0,2025-12-13 09:38:49.740769+00:00
3.8,3.8,100.0,0.0,0.0,309.0,5.5,13.0,1034.3,0.0,4.0,2025-12-13 09:38:49.740769+00:00
3.7,3.7,100.0,0.0,0.0,298.0,7.4,13.0,1034.5,0.0,4.0,2025-12-13 09:38:49.740769+00:00
3.5,3.5,100.0,0.0,0.0,276.0,7.4,11.1,1034.6,0.0,4.0,2025-12-13 09:38:49.740769+00:00
3.3,3.3,100.0,0.0,0.0,258.0,7.4,11.1,1035.0,0.0,4.0,2025-12-13 09:38:49.740769+00:00
3.2,3.2,100.0,0.0,0.0,245.0,7.4,13.0,1035.2,0.0,4.0,2025-12-13 09:38:49.740769+00:00
3.1,3.1,100.0,0.0,0.0,238.0,7.4,13.0,1035.5,0.0,4.0,2025-12-13 09:38:49.740769+00:00
2.7,2.7,100.0,0.0,0.0,242.0,7.4,14.8,1035.6,0.0,4.0,2025-12-13 09:38:49.740769+00:00
2.6,2.6,100.0,0.0,0.0,241.0,9.3,16.7,1036.0,0.0,4.0,2025-12-13 09:38:49.740769+00:00
2.5,2.5,100.0,0.0,0.0,246.0,9.3,16.7,1036.5,0.0,4.0,2025-12-13 09:38:49.740769+00:00
2.5,2.4,99.0,0.0,0.0,245.0,9.3,18.5,1036.8,0.0,4.0,2025-12-13 09:38:49.740769+00:00
2.6,2.3,98.0,0.0,0.0,244.0,11.1,20.4,1037.2,1.0,4.0,2025-12-13 09:38:49.740769+00:00
2.6,2.3,98.0,0.0,0.0,249.0,11.1,22.2,1037.5,2.0,4.0,2025-12-13 09:38:49.740769+00:00
3.0,3.0,100.0,0.0,0.0,252.0,11.1,22.2,1037.7,2.0,4.0,2025-12-13 09:38:49.740769+00:00
3.0,2.9,99.0,0.0,,254.0,13.0,24.1,1037.8,2.0,4.0,2025-12-13 09:38:49.740769+00:00
3.2,2.8,97.0,0.0,,250.0,13.0,24.1,1037.6,5.0,4.0,2025-12-13 09:38:49.740769+00:00
3.6,2.6,93.0,0.0,,246.0,13.0,24.1,1037.5,6.0,4.0,2025-12-13 09:38:49.740769+00:00
3.6,2.6,93.0,0.0,,247.0,13.0,24.1,1037.4,8.0,4.0,2025-12-13 09:38:49.740769+00:00
3.6,2.6,93.0,0.0,0.0,243.0,11.1,22.2,1037.3,6.0,4.0,2025-12-13 09:38:49.740769+00:00
3.4,2.7,95.0,0.0,0.0,240.0,11.1,20.4,1037.6,4.0,4.0,2025-12-13 09:38:49.740769+00:00
3.0,2.3,95.0,0.0,0.0,240.0,11.1,18.5,1037.9,0.0,4.0,2025-12-13 09:38:49.740769+00:00
2.7,2.4,98.0,0.0,0.0,239.0,9.3,18.5,1038.2,0.0,4.0,2025-12-13 09:38:49.740769+00:00
2.7,2.1,96.0,0.0,0.0,239.0,9.3,16.7,1038.2,0.0,4.0,2025-12-13 09:38:49.740769+00:00
2.5,2.1,97.0,0.0,0.0,237.0,9.3,16.7,1038.4,0.0,4.0,2025-12-13 09:38:49.740769+00:00
2.1,1.8,98.0,0.0,0.0,237.0,9.3,16.7,1038.4,0.0,4.0,2025-12-13 09:38:49.740769+00:00
2.4,2.3,99.0,0.0,0.0,243.0,9.3,16.7,1038.3,0.0,4.0,2025-12-13 09:38:49.740769+00:00
2.0,2.0,100.0,0.0,0.0,239.0,9.3,16.7,1038.1,0.0,4.0,2025-12-13 09:38:49.740769+00:00
1.7,1.7,100.0,0.0,0.0,236.0,9.3,16.7,1038.0,0.0,4.0,2025-12-13 09:38:49.740769+00:00
1.4,1.4,100.0,0.0,0.0,236.0,9.3,16.7,1038.0,0.0,3.0,2025-12-13 09:38:49.740769+00:00
1.1,1.1,100.0,0.0,0.0,233.0,9.3,16.7,1037.9,0.0,2.0,2025-12-13 09:38:49.740769+00:00
0.9,0.9,100.0,0.0,0.0,232.0,9.3,14.8,1037.9,0.0,2.0,2025-12-13 09:38:49.740769+00:00
0.5,0.5,100.0,0.0,0.0,225.0,9.3,14.8,1037.8,0.0,2.0,2025-12-13 09:38:49.740769+00:00
0.5,0.5,100.0,0.0,0.0,226.0,9.3,16.7,1037.9,0.0,2.0,2025-12-13 09:38:49.740769+00:00
0.4,0.4,100.0,0.0,0.0,233.0,9.3,14.8,1038.1,0.0,2.0,2025-12-13 09:38:49.740769+00:00
0.4,0.4,100.0,0.0,0.0,234.0,9.3,16.7,1038.1,1.0,2.0,2025-12-13 09:38:49.740769+00:00
0.5,0.5,100.0,0.0,0.0,234.0,9.3,16.7,1038.3,5.0,2.0,2025-12-13 09:38:49.740769+00:00
0.9,0.5,97.0,0.0,0.0,239.0,7.4,14.8,1038.4,8.0,2.0,2025-12-13 09:38:49.740769+00:00
1.4,1.4,100.0,0.0,0.0,242.0,7.4,14.8,1038.6,12.0,4.0,2025-12-13 09:38:49.740769+00:00
1.7,1.6,99.0,0.0,0.0,243.0,7.4,14.8,1038.4,14.0,3.0,2025-12-13 09:38:49.740769+00:00
2.4,1.2,92.0,0.0,0.0,238.0,7.4,14.8,1038.2,19.0,4.0,2025-12-13 09:38:49.740769+00:00
2.9,1.3,89.0,0.0,0.0,233.0,7.4,16.7,1037.7,22.0,4.0,2025-12-13 09:38:49.740769+00:00
3.4,0.8,83.0,0.0,0.0,231.0,9.3,16.7,1037.4,24.0,4.0,2025-12-13 09:38:49.740769+00:00
3.2,0.3,81.0,0.0,0.0,227.0,9.3,16.7,1037.1,19.0,4.0,2025-12-13 09:38:49.740769+00:00
2.5,-0.3,82.0,0.0,0.0,220.0,7.4,14.8,1037.5,12.0,2.0,2025-12-13 09:38:49.740769+00:00
1.6,-0.3,87.0,0.0,0.0,236.0,9.3,14.8,1037.3,0.0,1.0,2025-12-13 09:38:49.740769+00:00
1.0,-0.6,89.0,0.0,0.0,240.0,9.3,13.0,1037.2,0.0,1.0,2025-12-13 09:38:49.740769+00:00
0.1,-0.7,94.0,0.0,0.0,247.0,9.3,13.0,1037.1,0.0,1.0,2025-12-13 09:38:49.740769+00:00
-0.1,-0.9,94.0,0.0,0.0,245.0,9.3,14.8,1037.1,0.0,1.0,2025-12-13 09:38:49.740769+00:00
-0.5,-1.2,95.0,0.0,0.0,249.0,9.3,14.8,1037.0,0.0,1.0,2025-12-13 09:38:49.740769+00:00
-0.2,-2.3,86.0,0.0,0.0,245.0,9.3,14.8,1036.8,0.0,3.0,2025-12-13 09:38:49.740769+00:00
-0.7,-2.4,88.0,0.0,0.0,242.0,9.3,14.8,1036.4,0.0,2.0,2025-12-13 09:38:49.740769+00:00
-1.2,-2.3,92.0,0.0,0.0,242.0,9.3,13.0,1036.3,0.0,2.0,2025-12-13 09:38:49.740769+00:00
-1.6,-2.2,96.0,0.0,0.0,241.0,9.3,13.0,1036.0,0.0,2.0,2025-12-13 09:38:49.740769+00:00
-1.8,-2.1,98.0,0.0,0.0,239.0,9.3,13.0,1035.8,0.0,2.0,2025-12-13 09:38:49.740769+00:00
-1.9,-2.0,99.0,0.0,0.0,239.0,7.4,13.0,1035.6,0.0,2.0,2025-12-13 09:38:49.740769+00:00
-2.0,-2.4,97.0,0.0,0.0,249.0,5.5,11.1,1035.5,0.0,2.0,2025-12-13 09:38:49.740769+00:00
-1.9,-2.3,97.0,0.0,0.0,242.0,7.4,11.1,1035.4,0.0,4.0,2025-12-13 09:38:49.740769+00:00
-2.1,-2.2,99.0,0.0,0.0,246.0,5.5,11.1,1035.4,0.0,3.0,2025-12-13 09:38:49.740769+00:00
-2.0,-2.3,98.0,0.0,0.0,244.0,7.4,13.0,1035.3,3.0,3.0,2025-12-13 09:38:49.740769+00:00
-1.7,-2.3,96.0,0.0,0.0,246.0,7.4,13.0,1035.3,7.0,4.0,2025-12-13 09:38:49.740769+00:00
-0.9,-2.0,92.0,0.0,0.0,252.0,5.5,11.1,1035.2,9.0,4.0,2025-12-13 09:38:49.740769+00:00
-0.2,-1.0,94.0,0.0,0.0,239.0,3.7,9.3,1035.3,11.0,4.0,2025-12-13 09:38:49.740769+00:00
0.1,-1.0,92.0,0.0,0.0,275.0,3.7,9.3,1034.9,11.0,4.0,2025-12-13 09:38:49.740769+00:00
0.9,-1.0,87.0,0.0,0.0,118.0,3.7,9.3,1034.7,16.0,4.0,2025-12-13 09:38:49.740769+00:00
1.3,-1.1,84.0,0.0,0.0,55.0,3.7,11.1,1034.2,15.0,4.0,2025-12-13 09:38:49.740769+00:00
1.7,-1.7,78.0,0.0,0.0,87.0,5.5,11.1,1033.7,17.0,4.0,2025-12-13 09:38:49.740769+00:00
1.4,-1.8,79.0,0.0,0.0,85.0,5.5,11.1,1033.5,13.0,4.0,2025-12-13 09:38:49.740769+00:00
1.0,-1.9,81.0,0.0,0.0,94.0,5.5,9.3,1033.5,9.0,4.0,2025-12-13 09:38:49.740769+00:00
-0.1,-2.0,87.0,0.0,0.0,124.0,5.5,9.3,1033.1,0.0,3.0,2025-12-13 09:38:49.740769+00:00
-0.6,-2.0,90.0,0.0,0.0,124.0,5.5,9.3,1032.7,0.0,2.0,2025-12-13 09:38:49.740769+00:00
-1.3,-2.1,94.0,0.0,0.0,134.0,7.4,9.3,1032.5,0.0,1.0,2025-12-13 09:38:49.740769+00:00
-1.6,-2.3,95.0,0.0,0.0,127.0,7.4,11.1,1032.3,0.0,1.0,2025-12-13 09:38:49.740769+00:00
-1.8,-2.4,96.0,0.0,0.0,117.0,7.4,14.8,1031.9,0.0,1.0,2025-12-13 09:38:49.740769+00:00
-1.4,-2.8,90.0,0.0,0.0,115.0,9.3,13.0,1031.6,0.0,3.0,2025-12-13 09:38:49.740769+00:00
-1.7,-3.1,90.0,0.0,0.0,114.0,9.3,14.8,1031.2,0.0,1.0,2025-12-13 09:38:49.740769+00:00
-2.1,-3.1,93.0,0.0,0.0,114.0,9.3,14.8,1030.9,0.0,1.0,2025-12-13 09:38:49.740769+00:00
-2.4,-2.5,99.0,0.0,0.0,110.0,9.3,16.7,1030.3,0.0,1.0,2025-12-13 09:38:49.740769+00:00
-2.5,-2.6,99.0,0.0,0.0,110.0,9.3,18.5,1029.8,0.0,1.0,2025-12-13 09:38:49.740769+00:00
-2.6,-2.6,100.0,0.0,0.0,111.0,11.1,18.5,1029.2,0.0,1.0,2025-12-13 09:38:49.740769+00:00
-2.6,-2.6,100.0,0.0,0.0,114.0,11.1,20.4,1028.6,0.0,1.0,2025-12-13 09:38:49.740769+00:00
-2.4,-2.4,100.0,0.0,0.0,107.0,11.1,20.4,1028.1,0.0,1.0,2025-12-13 09:38:49.740769+00:00
-2.2,-2.2,100.0,0.0,0.0,111.0,11.1,18.5,1027.7,0.0,1.0,2025-12-13 09:38:49.740769+00:00
-2.0,-2.0,100.0,0.0,0.0,108.0,11.1,20.4,1027.6,5.0,1.0,2025-12-13 09:38:49.740769+00:00
-1.3,-2.0,95.0,0.0,0.0,109.0,11.1,20.4,1027.6,16.0,1.0,2025-12-13 09:38:49.740769+00:00
0.1,-1.3,90.0,0.0,0.0,109.0,11.1,20.4,1027.5,27.0,1.0,2025-12-13 09:38:49.740769+00:00
1.3,-0.3,89.0,0.0,0.0,109.0,9.3,18.5,1027.2,31.0,2.0,2025-12-13 09:38:49.740769+00:00
3.0,-0.1,80.0,0.0,0.0,112.0,9.3,18.5,1026.5,31.0,1.0,2025-12-13 09:38:49.740769+00:00
4.5,-0.1,72.0,0.0,0.0,116.0,11.1,20.4,1025.9,36.0,1.0,2025-12-13 09:38:49.740769+00:00
5.2,0.2,70.0,0.0,0.0,114.0,11.1,20.4,1025.2,38.0,1.0,2025-12-13 09:38:49.740769+00:00
5.8,-0.5,64.0,0.0,0.0,111.0,11.1,22.2,1024.6,37.0,1.0,2025-12-13 09:38:49.740769+00:00
5.2,-0.8,65.0,0.0,0.0,111.0,13.0,22.2,1024.2,30.0,1.0,2025-12-13 09:38:49.740769+00:00
3.9,-1.1,70.0,0.0,0.0,108.0,13.0,22.2,1024.0,17.0,1.0,2025-12-13 09:38:49.740769+00:00
3.0,-1.2,74.0,0.0,0.0,113.0,13.0,22.2,1023.8,0.0,1.0,2025-12-13 09:38:49.740769+00:00
2.2,-1.1,79.0,0.0,0.0,114.0,13.0,22.2,1023.5,0.0,1.0,2025-12-13 09:38:49.740769+00:00
1.6,-1.0,83.0,0.0,0.0,119.0,13.0,22.2,1023.2,0.0,1.0,2025-12-13 09:38:49.740769+00:00
1.4,-1.2,83.0,0.0,0.0,120.0,13.0,24.1,1022.9,0.0,1.0,2025-12-13 09:38:49.740769+00:00
1.1,-1.1,85.0,0.0,0.0,121.0,13.0,22.2,1022.7,0.0,1.0,2025-12-13 09:38:49.740769+00:00
1.3,-0.9,85.0,0.0,0.0,122.0,13.0,22.2,1022.3,0.0,1.0,2025-12-13 09:38:49.740769+00:00
1.0,-1.1,86.0,0.0,0.0,118.0,13.0,22.2,1022.0,0.0,1.0,2025-12-13 09:38:49.740769+00:00
0.7,-1.2,87.0,0.0,0.0,118.0,13.0,22.2,1022.0,0.0,1.0,2025-12-13 09:38:49.740769+00:00
0.6,-1.2,88.0,0.0,0.0,117.0,13.0,22.2,1021.6,0.0,1.0,2025-12-13 09:38:49.740769+00:00
0.3,-1.1,90.0,0.0,0.0,122.0,13.0,24.1,1021.2,0.0,1.0,2025-12-13 09:38:49.740769+00:00
0.1,-1.0,92.0,0.0,0.0,125.0,14.8,24.1,1020.9,0.0,1.0,2025-12-13 09:38:49.740769+00:00
-0.1,-1.2,92.0,0.0,0.0,128.0,14.8,24.1,1020.9,0.0,1.0,2025-12-13 09:38:49.740769+00:00
0.0,-1.4,90.0,0.0,0.0,134.0,14.8,24.1,1020.5,0.0,1.0,2025-12-13 09:38:49.740769+00:00
-0.1,-1.8,88.0,0.0,0.0,139.0,13.0,22.2,1020.4,0.0,1.0,2025-12-13 09:38:49.740769+00:00
-0.2,-1.8,89.0,0.0,0.0,142.0,13.0,22.2,1020.2,7.0,1.0,2025-12-13 09:38:49.740769+00:00
0.1,-1.6,88.0,0.0,0.0,147.0,11.1,22.2,1020.2,17.0,1.0,2025-12-13 09:38:49.740769+00:00
0.7,-1.5,85.0,0.0,0.0,151.0,11.1,22.2,1020.2,28.0,1.0,2025-12-13 09:38:49.740769+00:00
2.3,-0.3,83.0,0.0,0.0,156.0,9.3,18.5,1020.0,31.0,2.0,2025-12-13 09:38:49.740769+00:00
3.3,-0.3,77.0,0.0,0.0,167.0,9.3,18.5,1019.6,32.0,2.0,2025-12-13 09:38:49.740769+00:00
4.0,-0.2,74.0,0.0,0.0,175.0,11.1,20.4,1019.5,33.0,2.0,2025-12-13 09:38:49.740769+00:00
4.2,-0.2,73.0,0.0,0.0,182.0,9.3,20.4,1019.1,33.0,2.0,2025-12-13 09:38:49.740769+00:00
4.1,-0.3,73.0,0.0,0.0,185.0,11.1,20.4,1018.7,30.0,2.0,2025-12-13 09:38:49.740769+00:00
3.4,-0.6,75.0,0.0,0.0,191.0,9.3,18.5,1018.7,23.0,2.0,2025-12-13 09:38:49.740769+00:00
2.8,-0.8,77.0,0.0,0.0,201.0,9.3,16.7,1018.8,12.0,2.0,2025-12-13 09:38:49.740769+00:00
2.0,-0.7,82.0,0.0,0.0,214.0,9.3,16.7,1018.9,0.0,2.0,2025-12-13 09:38:49.740769+00:00
1.5,-0.7,85.0,0.0,0.0,220.0,9.3,16.7,1018.9,0.0,2.0,2025-12-13 09:38:49.740769+00:00
0.9,-1.0,87.0,0.0,0.0,231.0,9.3,16.7,1018.9,0.0,2.0,2025-12-13 09:38:49.740769+00:00
0.5,-1.3,88.0,0.0,0.0,234.0,9.3,16.7,1018.9,0.0,2.0,2025-12-13 09:38:49.740769+00:00
0.1,-1.3,90.0,0.0,0.0,246.0,9.3,16.7,1019.0,0.0,2.0,2025-12-13 09:38:49.740769+00:00
0.2,-1.2,90.0,0.0,0.0,250.0,9.3,16.7,1019.2,0.0,2.0,2025-12-13 09:38:49.740769+00:00
-0.2,-1.6,90.0,0.0,0.0,254.0,9.3,16.7,1019.2,0.0,2.0,2025-12-13 09:38:49.740769+00:00
-0.6,-1.7,92.0,0.0,0.0,256.0,11.1,18.5,1019.4,0.0,2.0,2025-12-13 09:38:49.740769+00:00
-1.1,-2.1,93.0,0.0,0.0,257.0,11.1,18.5,1019.5,0.0,2.0,2025-12-13 09:38:49.740769+00:00
-1.4,-2.1,95.0,0.0,0.0,254.0,9.3,18.5,1019.5,0.0,3.0,2025-12-13 09:38:49.740769+00:00
-1.5,-2.3,94.0,0.0,0.0,250.0,9.3,18.5,1019.6,0.0,3.0,2025-12-13 09:38:49.740769+00:00
-1.8,-2.6,94.0,0.0,0.0,255.0,7.4,16.7,1019.6,0.0,3.0,2025-12-13 09:38:49.740769+00:00
-1.8,-2.6,94.0,0.0,0.0,261.0,9.3,18.5,1019.5,0.0,4.0,2025-12-13 09:38:49.740769+00:00
-1.8,-2.6,94.0,0.0,0.0,261.0,9.3,16.7,1019.4,0.0,4.0,2025-12-13 09:38:49.740769+00:00
-1.7,-2.7,93.0,0.0,0.0,250.0,9.3,16.7,1019.4,0.0,4.0,2025-12-13 09:38:49.740769+00:00
-1.5,-2.5,93.0,0.0,0.0,237.0,9.3,16.7,1019.5,1.0,4.0,2025-12-13 09:38:49.740769+00:00
-1.0,-2.1,92.0,0.0,0.0,229.0,7.4,16.7,1019.6,6.0,4.0,2025-12-13 09:38:49.740769+00:00
-0.6,-1.3,95.0,0.0,0.0,220.0,5.5,13.0,1019.3,11.0,4.0,2025-12-13 09:38:49.740769+00:00
-0.1,-1.4,91.0,0.0,0.0,220.0,5.5,13.0,1019.0,14.0,4.0,2025-12-13 09:38:49.740769+00:00
0.3,-1.5,88.0,0.0,0.0,215.0,7.4,13.0,1018.8,21.0,3.0,2025-12-13 09:38:49.740769+00:00
0.7,-1.4,86.0,0.0,0.0,204.0,7.4,14.8,1018.4,26.0,3.0,2025-12-13 09:38:49.740769+00:00
0.8,-1.4,85.0,0.0,0.0,189.0,7.4,14.8,1018.2,29.0,2.0,2025-12-13 09:38:49.740769+00:00
0.6,-1.6,85.0,0.0,0.0,182.0,7.4,14.8,1018.1,24.0,2.0,2025-12-13 09:38:49.740769+00:00
0.2,-1.7,87.0,0.0,0.0,176.0,7.4,14.8,1018.0,14.0,2.0,2025-12-13 09:38:49.740769+00:00
-0.5,-1.8,91.0,0.0,0.0,176.0,7.4,13.0,1017.9,0.0,2.0,2025-12-13 09:38:49.740769+00:00
-0.8,-1.8,93.0,0.0,0.0,180.0,9.3,13.0,1017.8,0.0,2.0,2025-12-13 09:38:49.740769+00:00
-1.0,-1.8,94.0,0.0,0.0,183.0,9.3,13.0,1017.4,0.0,2.0,2025-12-13 09:38:49.740769+00:00
-1.3,-1.9,96.0,0.0,0.0,179.0,7.4,13.0,1017.3,0.0,1.0,2025-12-13 09:38:49.740769+00:00
-1.5,-1.8,98.0,0.0,0.0,179.0,7.4,13.0,1017.1,0.0,1.0,2025-12-13 09:38:49.740769+00:00
-1.0,-1.1,99.0,0.0,0.0,164.0,7.4,11.1,1016.9,0.0,3.0,2025-12-13 09:38:49.740769+00:00
-1.4,-1.5,99.0,0.0,0.0,164.0,7.4,13.0,1016.5,0.0,1.0,2025-12-13 09:38:49.740769+00:00
-1.7,-1.8,99.0,0.0,0.0,163.0,7.4,13.0,1016.4,0.0,1.0,2025-12-13 09:38:49.740769+00:00
-2.0,-2.0,100.0,0.0,0.0,160.0,9.3,13.0,1016.1,0.0,1.0,2025-12-13 09:38:49.740769+00:00
-2.3,-2.3,100.0,0.0,0.0,154.0,9.3,14.8,1015.8,0.0,2.0,2025-12-13 09:38:49.740769+00:00
-2.5,-2.5,100.0,0.0,0.0,149.0,9.3,14.8,1015.5,0.0,2.0,2025-12-13 09:38:49.740769+00:00
-2.7,-2.7,100.0,0.0,0.0,144.0,9.3,16.7,1015.3,0.0,2.0,2025-12-13 09:38:49.740769+00:00
-2.7,-2.7,100.0,0.0,0.0,145.0,11.1,16.7,1015.0,0.0,2.0,2025-12-13 09:38:49.740769+00:00
-2.6,-2.6,100.0,0.0,0.0,138.0,9.3,16.7,1014.9,0.0,2.0,2025-12-13 09:38:49.740769+00:00
-2.6,-2.6,100.0,0.0,0.0,139.0,11.1,18.5,1014.6,4.0,2.0,2025-12-13 09:38:49.740769+00:00
-2.1,-2.1,100.0,0.0,0.0,138.0,11.1,20.4,1014.2,10.0,2.0,2025-12-13 09:38:49.740769+00:00
-1.3,-2.0,95.0,0.0,0.0,139.0,11.1,20.4,1013.9,16.0,2.0,2025-12-13 09:38:49.740769+00:00
0.2,-0.4,96.0,0.0,0.0,134.0,9.3,18.5,1013.8,24.0,4.0,2025-12-13 09:38:49.740769+00:00
1.6,-0.3,87.0,0.0,0.0,137.0,11.1,18.5,1012.8,26.0,3.0,2025-12-13 09:38:49.740769+00:00
2.6,-0.5,80.0,0.0,0.0,140.0,11.1,20.4,1012.0,27.0,3.0,2025-12-13 09:38:49.740769+00:00
3.1,-0.4,78.0,0.0,0.0,142.0,11.1,20.4,1011.1,28.0,3.0,2025-12-13 09:38:49.740769+00:00
3.3,-0.5,76.0,0.0,0.0,143.0,13.0,22.2,1010.6,27.0,3.0,2025-12-13 09:38:49.740769+00:00
2.9,-0.9,76.0,0.0,0.0,141.0,13.0,24.1,1010.1,20.0,3.0,2025-12-13 09:38:49.740769+00:00
2.8,-1.0,76.0,0.0,0.0,138.0,13.0,24.1,1009.5,11.0,3.0,2025-12-13 09:38:49.740769+00:00
2.2,-0.9,80.0,0.0,0.0,143.0,14.8,25.9,1009.1,0.0,3.0,2025-12-13 09:38:49.740769+00:00
2.0,-1.3,79.0,0.0,0.0,143.0,16.7,25.9,1008.6,0.0,3.0,2025-12-13 09:38:49.740769+00:00
1.5,-1.2,82.0,0.0,0.0,146.0,16.7,27.8,1008.1,0.0,3.0,2025-12-13 09:38:49.740769+00:00
1.4,-1.3,82.0,0.0,0.0,147.0,16.7,29.6,1007.5,0.0,3.0,2025-12-13 09:38:49.740769+00:00
1.2,-1.5,82.0,0.0,0.0,149.0,16.7,29.6,1007.0,0.0,3.0,2025-12-13 09:38:49.740769+00:00
1.3,-0.9,85.0,0.0,0.0,149.0,16.7,29.6,1006.4,0.0,3.0,2025-12-13 09:38:49.740769+00:00
1.1,-1.1,85.0,0.0,0.0,149.0,16.7,29.6,1005.7,0.0,3.0,2025-12-13 09:38:49.740769+00:00
1.0,-1.4,84.0,0.0,0.0,150.0,16.7,29.6,1005.4,0.0,3.0,2025-12-13 09:38:49.740769+00:00
0.9,-1.3,85.0,0.0,0.0,151.0,18.5,29.6,1004.5,0.0,3.0,2025-12-13 09:38:49.740769+00:00
0.9,-1.3,85.0,0.0,0.0,151.0,18.5,31.5,1003.5,0.0,3.0,2025-12-13 09:38:49.740769+00:00
1.0,-1.4,84.0,0.0,0.0,152.0,18.5,33.3,1002.6,0.0,3.0,2025-12-13 09:38:49.740769+00:00
1.3,-1.4,82.0,0.0,0.0,148.0,20.4,35.2,1001.7,0.0,4.0,2025-12-13 09:38:49.740769+00:00
1.4,-1.2,83.0,0.0,0.0,151.0,20.4,35.2,1000.9,0.0,4.0,2025-12-13 09:38:49.740769+00:00
1.5,-1.1,83.0,0.0,0.0,158.0,18.5,35.2,1000.3,0.0,7.0,2025-12-13 09:38:49.740769+00:00
1.7,-0.7,84.0,0.0,0.0,165.0,18.5,33.3,1000.0,0.0,7.0,2025-12-13 09:38:49.740769+00:00
2.0,-0.3,85.0,0.9,0.0,175.0,18.5,33.3,999.8,0.0,7.0,2025-12-13 09:38:49.740769+00:00
1.9,0.6,91.0,1.5,0.0,189.0,18.5,33.3,1000.0,0.0,7.0,2025-12-13 09:38:49.740769+00:00
1.9,1.3,96.0,0.0,0.0,203.0,14.8,29.6,999.7,0.0,7.0,2025-12-13 09:38:49.740769+00:00
2.3,1.9,97.0,0.6,0.0,225.0,14.8,29.6,1000.8,0.0,7.0,2025-12-13 09:38:49.740769+00:00
2.5,2.5,100.0,0.9,0.0,245.0,16.7,35.2,1002.1,0.0,7.0,2025-12-13 09:38:49.740769+00:00
2.8,2.7,99.0,0.2,0.0,249.0,16.7,37.0,1003.2,0.0,7.0,2025-12-13 09:38:49.740769+00:00
3.3,2.7,96.0,0.1,0.0,250.0,18.5,38.9,1004.4,0.0,7.0,2025-12-13 09:38:49.740769+00:00
3.7,2.8,94.0,0.0,0.0,251.0,18.5,38.9,1005.5,0.0,7.0,2025-12-13 09:38:49.740769+00:00
3.3,2.9,97.0,0.0,0.0,249.0,16.7,31.5,1006.6,1.0,7.0,2025-12-13 09:38:49.740769+00:00
3.2,2.8,97.0,0.0,0.0,244.0,16.7,33.3,1007.5,0.0,7.0,2025-12-13 09:38:49.740769+00:00
3.1,2.4,95.0,0.0,0.0,236.0,16.7,29.6,1007.9,0.0,7.0,2025-12-13 09:38:49.740769+00:00
3.1,2.1,93.0,0.0,0.0,229.0,14.8,27.8,1008.4,0.0,4.0,2025-12-13 09:38:49.740769+00:00
2.8,1.6,92.0,0.0,0.0,222.0,14.8,27.8,1008.9,0.0,4.0,2025-12-13 09:38:49.740769+00:00
2.5,1.2,91.0,0.0,0.0,214.0,13.0,25.9,1009.1,0.0,4.0,2025-12-13 09:38:49.740769+00:00
2.7,1.1,89.0,0.0,0.0,210.0,13.0,24.1,1009.6,0.0,4.0,2025-12-13 09:38:49.740769+00:00
2.5,0.9,89.0,0.0,0.0,204.0,14.8,25.9,1009.5,0.0,3.0,2025-12-13 09:38:49.740769+00:00
2.2,0.6,89.0,0.0,0.0,201.0,14.8,25.9,1009.5,0.0,3.0,2025-12-13 09:38:49.740769+00:00
2.0,0.5,90.0,0.0,0.0,199.0,14.8,25.9,1009.7,0.0,3.0,2025-12-13 09:38:49.740769+00:00
1.8,0.2,89.0,0.0,0.0,196.0,14.8,25.9,1009.6,0.0,3.0,2025-12-13 09:38:49.740769+00:00
1.7,0.1,89.0,0.0,0.0,194.0,14.8,25.9,1009.6,0.0,4.0,2025-12-13 09:38:49.740769+00:00
1.6,0.1,90.0,0.0,0.0,192.0,14.8,25.9,1009.6,0.0,4.0,2025-12-13 09:38:49.740769+00:00
1.7,0.2,90.0,0.0,0.0,195.0,14.8,25.9,1009.6,0.0,4.0,2025-12-13 09:38:49.740769+00:00
1.8,0.6,92.0,0.0,0.0,196.0,14.8,25.9,1009.8,0.0,4.0,2025-12-13 09:38:49.740769+00:00
1.9,0.9,93.0,0.0,0.0,199.0,14.8,25.9,1009.9,2.0,4.0,2025-12-13 09:38:49.740769+00:00
2.4,1.2,92.0,0.0,0.0,199.0,14.8,27.8,1009.9,5.0,4.0,2025-12-13 09:38:49.740769+00:00
3.1,1.5,89.0,0.0,0.0,200.0,16.7,29.6,1009.9,10.0,3.0,2025-12-13 09:38:49.740769+00:00
4.2,1.7,84.0,0.0,0.0,200.0,16.7,31.5,1009.8,12.0,3.0,2025-12-13 09:38:49.740769+00:00
5.2,1.9,79.0,0.0,0.0,199.0,18.5,33.3,1009.4,14.0,3.0,2025-12-13 09:38:49.740769+00:00
6.2,2.1,75.0,0.0,0.0,197.0,18.5,35.2,1008.9,12.0,3.0,2025-12-13 09:38:49.740769+00:00
6.6,2.3,74.0,0.0,0.0,191.0,18.5,35.2,1008.2,11.0,3.0,2025-12-13 09:38:49.740769+00:00
6.6,2.1,73.0,0.0,0.0,188.0,18.5,35.2,1007.5,9.0,3.0,2025-12-13 09:38:49.740769+00:00
6.6,2.5,75.0,0.0,0.0,185.0,20.4,35.2,1006.9,6.0,4.0,2025-12-13 09:38:49.740769+00:00
7.1,3.3,77.0,0.0,0.0,183.0,20.4,35.2,1006.2,2.0,4.0,2025-12-13 09:38:49.740769+00:00
7.1,3.5,78.0,0.1,0.0,186.0,20.4,35.2,1005.9,0.0,4.0,2025-12-13 09:38:49.740769+00:00
7.3,3.9,79.0,0.5,0.0,190.0,18.5,35.2,1005.7,0.0,7.0,2025-12-13 09:38:49.740769+00:00
7.1,4.1,81.0,0.3,0.0,194.0,18.5,35.2,1006.0,0.0,7.0,2025-12-13 09:38:49.740769+00:00
7.1,4.1,81.0,0.4,0.0,198.0,18.5,33.3,1006.2,0.0,7.0,2025-12-13 09:38:49.740769+00:00
7.0,4.3,83.0,0.3,0.0,199.0,16.7,31.5,1006.5,0.0,7.0,2025-12-13 09:38:49.740769+00:00
7.4,5.0,85.0,0.2,0.0,203.0,16.7,31.5,1006.0,0.0,7.0,2025-12-13 09:38:49.740769+00:00
7.2,5.2,87.0,0.0,0.0,204.0,14.8,29.6,1006.3,0.0,7.0,2025-12-13 09:38:49.740769+00:00
7.0,5.1,88.0,0.1,0.0,199.0,16.7,29.6,1006.8,0.0,7.0,2025-12-13 09:38:49.740769+00:00
7.0,5.0,87.0,0.0,0.0,199.0,14.8,27.8,1007.1,0.0,7.0,2025-12-13 09:38:49.740769+00:00
6.9,5.1,88.0,0.0,0.0,196.0,14.8,25.9,1007.0,0.0,7.0,2025-12-13 09:38:49.740769+00:00
6.8,5.0,88.0,0.0,0.0,192.0,14.8,25.9,1006.8,0.0,4.0,2025-12-13 09:38:49.740769+00:00
6.9,5.1,88.0,0.0,0.0,185.0,14.8,25.9,1006.9,0.0,7.0,2025-12-13 09:38:49.740769+00:00
7.1,5.1,87.0,0.0,0.0,184.0,14.8,25.9,1006.3,0.0,7.0,2025-12-13 09:38:49.740769+00:00
7.3,4.9,85.0,0.0,0.0,182.0,16.7,29.6,1005.8,0.0,7.0,2025-12-13 09:38:49.740769+00:00
7.7,5.0,83.0,0.4,0.0,186.0,18.5,31.5,1005.5,0.0,7.0,2025-12-13 09:38:49.740769+00:00
8.1,4.9,80.0,0.0,0.0,189.0,20.4,35.2,1005.2,0.0,7.0,2025-12-13 09:38:49.740769+00:00
8.6,4.8,77.0,0.2,0.0,196.0,20.4,38.9,1005.1,1.0,7.0,2025-12-13 09:38:49.740769+00:00
9.3,5.3,76.0,0.1,0.0,203.0,20.4,38.9,1004.7,0.0,7.0,2025-12-13 09:38:49.740769+00:00
10.6,4.5,66.0,0.0,0.0,208.0,20.4,40.8,1004.6,1.0,7.0,2025-12-13 09:38:49.740769+00:00
11.3,4.3,62.0,0.0,0.0,212.0,22.2,40.8,1004.7,1.0,7.0,2025-12-13 09:38:49.740769+00:00
11.8,3.8,58.0,0.0,0.0,217.0,20.4,40.8,1004.9,3.0,4.0,2025-12-13 09:38:49.740769+00:00
12.2,3.9,57.0,0.0,0.0,219.0,18.5,38.9,1005.1,4.0,4.0,2025-12-13 09:38:49.740769+00:00
12.1,4.1,58.0,0.0,0.0,221.0,18.5,35.2,1005.6,7.0,4.0,2025-12-13 09:38:49.740769+00:00
12.0,4.2,59.0,0.0,0.0,217.0,14.8,31.5,1005.9,4.0,4.0,2025-12-13 09:38:49.740769+00:00
11.3,4.3,62.0,0.0,0.0,219.0,14.8,27.8,1006.5,0.0,3.0,2025-12-13 09:38:49.740769+00:00
10.3,4.4,67.0,0.0,0.0,222.0,13.0,24.1,1007.0,0.0,3.0,2025-12-13 09:38:49.740769+00:00
9.5,4.5,71.0,0.0,0.0,230.0,11.1,20.4,1007.5,0.0,3.0,2025-12-13 09:38:49.740769+00:00
9.0,5.0,76.0,0.0,0.0,240.0,9.3,16.7,1007.9,0.0,3.0,2025-12-13 09:38:49.740769+00:00
8.3,4.9,79.0,0.0,0.0,235.0,7.4,14.8,1008.4,0.0,4.0,2025-12-13 09:38:49.740769+00:00
8.8,5.2,78.0,0.0,0.0,272.0,3.7,13.0,1008.8,0.0,7.0,2025-12-13 09:38:49.740769+00:00
8.1,5.0,81.0,0.0,0.0,310.0,3.7,13.0,1008.6,0.0,7.0,2025-12-13 09:38:49.740769+00:00
7.3,4.9,85.0,0.5,0.0,83.0,5.5,14.8,1008.1,0.0,7.0,2025-12-13 09:38:49.740769+00:00
7.0,5.1,88.0,0.0,0.0,83.0,7.4,16.7,1007.7,0.0,7.0,2025-12-13 09:38:49.740769+00:00
6.4,4.9,90.0,0.0,0.0,92.0,7.4,18.5,1007.2,0.0,7.0,2025-12-13 09:38:49.740769+00:00
6.0,4.6,91.0,0.0,0.0,103.0,11.1,22.2,1006.8,0.0,7.0,2025-12-13 09:38:49.740769+00:00
5.9,4.5,91.0,0.0,0.0,98.0,11.1,22.2,1006.4,0.0,7.0,2025-12-13 09:38:49.740769+00:00
5.8,4.4,91.0,0.0,0.0,112.0,11.1,22.2,1005.9,0.0,7.0,2025-12-13 09:38:49.740769+00:00
5.7,4.3,91.0,0.2,0.0,131.0,11.1,20.4,1005.7,0.0,7.0,2025-12-13 09:38:49.740769+00:00
5.9,4.4,90.0,0.0,0.0,148.0,11.1,22.2,1005.3,0.0,7.0,2025-12-13 09:38:49.740769+00:00
6.2,4.7,90.0,0.0,0.0,168.0,13.0,24.1,1005.1,0.0,7.0,2025-12-13 09:38:49.740769+00:00
6.6,4.8,88.0,0.0,0.0,183.0,14.8,27.8,1005.0,0.0,7.0,2025-12-13 09:38:49.740769+00:00
7.3,5.8,90.0,0.0,0.0,207.0,13.0,24.1,1005.1,1.0,7.0,2025-12-13 09:38:49.740769+00:00
8.3,5.9,85.0,0.0,0.0,221.0,14.8,29.6,1004.9,3.0,7.0,2025-12-13 09:38:49.740769+00:00
8.6,5.9,83.0,0.0,0.0,231.0,14.8,31.5,1004.6,5.0,7.0,2025-12-13 09:38:49.740769+00:00
8.7,5.4,80.0,0.0,0.0,237.0,16.7,33.3,1004.7,5.0,7.0,2025-12-13 09:38:49.740769+00:00
8.3,5.1,80.0,0.0,0.0,239.0,16.7,35.2,1005.3,5.0,7.0,2025-12-13 09:38:49.740769+00:00
7.8,4.7,81.0,2.5,0.0,243.0,18.5,37.0,1006.0,3.0,7.0,2025-12-13 09:38:49.740769+00:00
7.5,5.1,85.0,0.0,0.0,246.0,16.7,35.2,1006.1,2.0,7.0,2025-12-13 09:38:49.740769+00:00
7.0,5.0,87.0,0.4,0.0,251.0,16.7,35.2,1006.8,0.0,7.0,2025-12-13 09:38:49.740769+00:00
6.4,4.2,86.0,0.5,0.0,253.0,14.8,29.6,1007.3,0.0,7.0,2025-12-13 09:38:49.740769+00:00
6.1,3.9,86.0,0.2,0.0,253.0,11.1,25.9,1007.2,0.0,7.0,2025-12-13 09:38:49.740769+00:00
5.5,3.5,87.0,0.0,0.0,237.0,11.1,20.4,1007.2,0.0,4.0,2025-12-13 09:38:49.740769+00:00
5.0,3.2,88.0,0.0,0.0,214.0,11.1,20.4,1006.8,0.0,4.0,2025-12-13 09:38:49.740769+00:00
4.5,2.7,88.0,0.0,0.0,199.0,13.0,22.2,1006.4,0.0,4.0,2025-12-13 09:38:49.740769+00:00
4.2,2.2,87.0,0.0,0.0,187.0,13.0,22.2,1006.0,0.0,4.0,2025-12-13 09:38:49.740769+00:00
3.9,1.8,86.0,0.0,0.0,176.0,14.8,24.1,1005.3,0.0,4.0,2025-12-13 09:38:49.740769+00:00
3.6,1.8,88.0,0.0,0.0,167.0,14.8,25.9,1004.4,0.0,4.0,2025-12-13 09:38:49.740769+00:00
3.5,1.5,87.0,0.0,0.0,162.0,14.8,27.8,1003.5,0.0,4.0,2025-12-13 09:38:49.740769+00:00
3.5,1.1,84.0,0.0,0.0,156.0,16.7,29.6,1002.4,0.0,4.0,2025-12-13 09:38:49.740769+00:00
4.0,1.0,81.0,0.0,0.0,154.0,16.7,29.6,1001.1,0.0,4.0,2025-12-13 09:38:49.740769+00:00
4.2,1.1,80.0,0.0,0.0,156.0,16.7,29.6,999.9,0.0,4.0,2025-12-13 09:38:49.740769+00:00
4.5,1.4,80.0,0.0,0.0,160.0,18.5,33.3,998.9,0.0,7.0,2025-12-13 09:38:49.740769+00:00
5.0,1.8,80.0,0.2,0.0,161.0,20.4,35.2,998.2,0.0,7.0,2025-12-13 09:38:49.740769+00:00
5.5,2.3,80.0,1.0,0.0,166.0,22.2,38.9,997.8,0.0,7.0,2025-12-13 09:38:49.740769+00:00
6.3,3.3,81.0,0.4,0.0,170.0,22.2,40.8,997.3,0.0,7.0,2025-12-13 09:38:49.740769+00:00
7.5,4.1,79.0,0.1,0.0,179.0,22.2,40.8,996.4,0.0,7.0,2025-12-13 09:38:49.740769+00:00
8.8,4.2,73.0,0.0,0.0,188.0,22.2,40.8,996.4,1.0,7.0,2025-12-13 09:38:49.740769+00:00
9.5,4.3,70.0,0.0,0.0,194.0,20.4,42.6,996.7,2.0,7.0,2025-12-13 09:38:49.740769+00:00
9.9,4.5,69.0,0.0,0.0,197.0,20.4,40.8,996.7,3.0,4.0,2025-12-13 09:38:49.740769+00:00
9.9,4.5,69.0,0.2,0.0,193.0,20.4,38.9,996.6,4.0,4.0,2025-12-13 09:38:49.740769+00:00
9.6,4.8,72.0,0.0,0.0,190.0,20.4,37.0,996.6,6.0,7.0,2025-12-13 09:38:49.740769+00:00
9.7,5.7,76.0,0.0,0.0,182.0,18.5,35.2,997.1,4.0,7.0,2025-12-13 09:38:49.740769+00:00
9.7,5.9,77.0,0.0,0.0,185.0,18.5,33.3,997.1,0.0,4.0,2025-12-13 09:38:49.740769+00:00
9.5,5.9,78.0,0.0,0.0,185.0,18.5,31.5,997.2,0.0,3.0,2025-12-13 09:38:49.740769+00:00
9.3,5.7,78.0,0.6,0.0,185.0,18.5,31.5,997.5,0.0,3.0,2025-12-13 09:38:49.740769+00:00
9.1,5.7,79.0,0.0,0.0,184.0,16.7,31.5,998.0,0.0,3.0,2025-12-13 09:38:49.740769+00:00
8.7,5.4,80.0,0.3,0.0,184.0,16.7,29.6,998.5,0.0,3.0,2025-12-13 09:38:49.740769+00:00
8.5,5.8,83.0,0.0,0.0,184.0,16.7,29.6,997.7,0.0,3.0,2025-12-13 09:38:49.740769+00:00
8.2,5.5,83.0,0.1,0.0,186.0,16.7,29.6,998.0,0.0,3.0,2025-12-13 09:38:49.740769+00:00
7.8,5.3,84.0,0.0,0.0,188.0,16.7,29.6,998.3,0.0,3.0,2025-12-13 09:38:49.740769+00:00
7.6,5.1,84.0,0.0,0.0,190.0,16.7,29.6,998.3,0.0,3.0,2025-12-13 09:38:49.740769+00:00
7.0,4.8,86.0,0.0,0.0,191.0,14.8,27.8,998.2,0.0,3.0,2025-12-13 09:38:49.740769+00:00
6.6,4.8,88.0,0.0,0.0,191.0,14.8,25.9,998.1,0.0,3.0,2025-12-13 09:38:49.740769+00:00
6.4,4.2,86.0,0.0,0.0,190.0,14.8,25.9,998.3,0.0,3.0,2025-12-13 09:38:49.740769+00:00
6.1,3.9,86.0,0.0,0.0,189.0,14.8,25.9,998.1,0.0,3.0,2025-12-13 09:38:49.740769+00:00
5.8,3.6,86.0,0.0,0.0,184.0,13.0,24.1,998.0,0.0,3.0,2025-12-13 09:38:49.740769+00:00
5.8,3.8,87.0,0.0,0.0,181.0,13.0,22.2,998.2,1.0,3.0,2025-12-13 09:38:49.740769+00:00
6.0,4.2,88.0,0.0,0.0,179.0,11.1,22.2,998.5,3.0,3.0,2025-12-13 09:38:49.740769+00:00
6.4,4.6,88.0,0.0,0.0,181.0,9.3,20.4,998.7,8.0,3.0,2025-12-13 09:38:49.740769+00:00
7.3,4.8,84.0,0.0,0.0,178.0,9.3,18.5,998.4,7.0,4.0,2025-12-13 09:38:49.740769+00:00
7.7,5.0,83.0,0.0,0.0,172.0,9.3,18.5,998.0,7.0,4.0,2025-12-13 09:38:49.740769+00:00
8.2,5.5,83.0,0.0,0.0,165.0,7.4,16.7,997.6,4.0,4.0,2025-12-13 09:38:49.740769+00:00
8.2,5.7,84.0,0.0,0.0,161.0,7.4,14.8,997.4,4.0,4.0,2025-12-13 09:38:49.740769+00:00
7.9,5.5,85.0,1.3,0.0,166.0,7.4,14.8,997.2,3.0,4.0,2025-12-13 09:38:49.740769+00:00
7.5,5.6,88.0,0.8,0.0,171.0,7.4,14.8,997.1,2.0,7.0,2025-12-13 09:38:49.740769+00:00
6.9,5.7,92.0,0.6,0.0,174.0,5.5,13.0,997.0,2.0,7.0,2025-12-13 09:38:49.740769+00:00
6.4,6.0,97.0,0.7,0.0,211.0,7.4,14.8,997.4,0.0,7.0,2025-12-13 09:38:49.740769+00:00
6.2,6.2,100.0,0.2,0.0,214.0,9.3,16.7,997.9,0.0,7.0,2025-12-13 09:38:49.740769+00:00
6.2,6.2,100.0,0.1,0.0,213.0,9.3,18.5,998.3,0.0,7.0,2025-12-13 09:38:49.740769+00:00
5.8,5.8,100.0,0.0,0.0,201.0,9.3,18.5,998.3,0.0,7.0,2025-12-13 09:38:49.740769+00:00
5.5,5.5,100.0,0.0,0.0,195.0,9.3,20.4,998.2,0.0,7.0,2025-12-13 09:38:49.740769+00:00
5.5,5.4,99.0,0.0,0.0,200.0,11.1,20.4,998.7,0.0,4.0,2025-12-13 09:38:49.740769+00:00
5.0,4.9,99.0,0.0,0.0,198.0,11.1,20.4,998.8,0.0,3.0,2025-12-13 09:38:49.740769+00:00
4.6,4.5,99.0,0.0,0.0,196.0,13.0,22.2,998.8,0.0,3.0,2025-12-13 09:38:49.740769+00:00
4.4,4.0,97.0,0.0,0.0,194.0,13.0,24.1,998.9,0.0,3.0,2025-12-13 09:38:49.740769+00:00
4.2,3.8,97.0,0.0,0.0,191.0,14.8,24.1,998.9,0.0,3.0,2025-12-13 09:38:49.740769+00:00
4.1,3.4,95.0,0.0,0.0,189.0,14.8,25.9,998.9,0.0,3.0,2025-12-13 09:38:49.740769+00:00
4.1,3.7,97.0,0.0,0.0,190.0,14.8,25.9,998.8,0.0,3.0,2025-12-13 09:38:49.740769+00:00
4.1,3.5,96.0,0.0,0.0,191.0,16.7,27.8,999.0,0.0,4.0,2025-12-13 09:38:49.740769+00:00
4.3,3.3,93.0,0.0,0.0,189.0,16.7,27.8,999.2,0.0,4.0,2025-12-13 09:38:49.740769+00:00
4.7,3.5,92.0,0.0,0.0,191.0,16.7,29.6,999.5,1.0,4.0,2025-12-13 09:38:49.740769+00:00
5.3,3.6,89.0,0.1,0.0,194.0,16.7,33.3,999.7,1.0,7.0,2025-12-13 09:38:49.740769+00:00
5.9,4.1,88.0,0.0,0.0,197.0,18.5,35.2,1000.1,2.0,7.0,2025-12-13 09:38:49.740769+00:00
6.6,4.1,84.0,0.0,0.0,206.0,18.5,37.0,1000.6,5.0,7.0,2025-12-13 09:38:49.740769+00:00
7.2,4.2,81.0,0.8,0.0,215.0,20.4,37.0,1001.2,3.0,7.0,2025-12-13 09:38:49.740769+00:00
7.8,4.4,79.0,0.2,0.0,220.0,20.4,38.9,1001.5,3.0,7.0,2025-12-13 09:38:49.740769+00:00
8.2,4.4,77.0,0.0,0.0,228.0,20.4,38.9,1002.3,3.0,7.0,2025-12-13 09:38:49.740769+00:00
8.2,4.0,75.0,0.0,0.0,235.0,20.4,40.8,1003.1,3.0,7.0,2025-12-13 09:38:49.740769+00:00
8.1,3.7,74.0,0.0,0.0,237.0,20.4,38.9,1004.1,3.0,7.0,2025-12-13 09:38:49.740769+00:00
7.9,4.1,77.0,0.0,0.0,236.0,18.5,35.2,1004.9,3.0,7.0,2025-12-13 09:38:49.740769+00:00
7.5,3.9,78.0,0.0,0.0,235.0,18.5,33.3,1006.0,0.0,7.0,2025-12-13 09:38:49.740769+00:00
7.1,3.7,79.0,0.0,0.0,230.0,16.7,31.5,1006.8,0.0,7.0,2025-12-13 09:38:49.740769+00:00
6.9,3.1,77.0,0.0,0.0,226.0,16.7,29.6,1008.0,0.0,3.0,2025-12-13 09:38:49.740769+00:00
6.4,3.0,79.0,0.0,0.0,224.0,16.7,29.6,1008.9,0.0,3.0,2025-12-13 09:38:49.740769+00:00
6.1,3.1,81.0,0.0,0.0,221.0,14.8,27.8,1009.6,0.0,3.0,2025-12-13 09:38:49.740769+00:00
6.1,3.1,81.0,0.0,0.0,219.0,14.8,27.8,1009.9,0.0,3.0,2025-12-13 09:38:49.740769+00:00
5.7,3.0,83.0,0.0,0.0,217.0,14.8,25.9,1010.5,0.0,3.0,2025-12-13 09:38:49.740769+00:00
5.3,3.0,85.0,0.0,0.0,216.0,14.8,24.1,1011.0,0.0,3.0,2025-12-13 09:38:49.740769+00:00
4.9,2.8,86.0,0.0,0.0,212.0,14.8,24.1,1011.8,0.0,3.0,2025-12-13 09:38:49.740769+00:00
4.3,2.6,89.0,0.0,0.0,209.0,14.8,24.1,1012.2,0.0,3.0,2025-12-13 09:38:49.740769+00:00
3.9,2.4,90.0,0.0,0.0,206.0,13.0,24.1,1012.6,0.0,3.0,2025-12-13 09:38:49.740769+00:00
3.4,2.4,93.0,0.0,0.0,200.0,14.8,24.1,1012.7,0.0,2.0,2025-12-13 09:38:49.740769+00:00
3.1,2.1,93.0,0.0,0.0,201.0,13.0,24.1,1013.1,0.0,2.0,2025-12-13 09:38:49.740769+00:00
2.9,1.9,93.0,0.0,0.0,197.0,13.0,22.2,1013.4,0.0,3.0,2025-12-13 09:38:49.740769+00:00
3.1,1.8,91.0,0.0,0.0,196.0,13.0,22.2,1014.1,2.0,3.0,2025-12-13 09:38:49.740769+00:00
3.6,2.0,89.0,0.0,0.0,194.0,13.0,22.2,1014.6,5.0,3.0,2025-12-13 09:38:49.740769+00:00
4.2,2.4,88.0,0.0,0.0,197.0,11.1,22.2,1015.0,10.0,3.0,2025-12-13 09:38:49.740769+00:00
5.5,2.7,82.0,0.0,0.0,198.0,9.3,20.4,1014.9,8.0,4.0,2025-12-13 09:38:49.740769+00:00
6.5,2.8,77.0,0.0,0.0,200.0,11.1,20.4,1014.9,9.0,4.0,2025-12-13 09:38:49.740769+00:00
7.1,3.0,75.0,0.0,0.0,197.0,11.1,22.2,1014.8,10.0,4.0,2025-12-13 09:38:49.740769+00:00
7.6,3.1,73.0,0.0,0.0,196.0,11.1,22.2,1014.7,9.0,4.0,2025-12-13 09:38:49.740769+00:00
7.7,3.0,72.0,0.0,0.0,193.0,11.1,22.2,1014.7,8.0,4.0,2025-12-13 09:38:49.740769+00:00
7.5,3.0,73.0,0.0,0.0,195.0,11.1,22.2,1014.8,7.0,4.0,2025-12-13 09:38:49.740769+00:00
7.3,3.2,75.0,0.0,0.0,193.0,9.3,16.7,1015.0,4.0,7.0,2025-12-13 09:38:49.740769+00:00
6.8,3.8,81.0,0.0,0.0,201.0,9.3,16.7,1015.1,0.0,7.0,2025-12-13 09:38:49.740769+00:00
6.5,4.0,84.0,0.0,0.0,214.0,9.3,18.5,1015.4,0.0,7.0,2025-12-13 09:38:49.740769+00:00
6.2,4.2,87.0,0.0,0.0,231.0,9.3,18.5,1015.6,0.0,7.0,2025-12-13 09:38:49.740769+00:00
6.1,4.4,89.0,0.0,0.0,248.0,9.3,20.4,1015.7,0.0,7.0,2025-12-13 09:38:49.740769+00:00
5.7,4.5,92.0,0.1,0.0,274.0,11.1,22.2,1016.3,0.0,7.0,2025-12-13 09:38:49.740769+00:00
5.9,4.5,91.0,0.0,0.0,289.0,11.1,22.2,1016.2,0.0,7.0,2025-12-13 09:38:49.740769+00:00
5.5,4.5,93.0,0.0,0.0,303.0,14.8,25.9,1016.8,0.0,7.0,2025-12-13 09:38:49.740769+00:00
5.2,4.5,95.0,0.0,0.0,313.0,14.8,29.6,1017.2,0.0,7.0,2025-12-13 09:38:49.740769+00:00
4.9,4.2,95.0,0.7,0.0,310.0,14.8,31.5,1017.9,0.0,7.0,2025-12-13 09:38:49.740769+00:00
4.4,3.7,95.0,0.8,0.0,305.0,14.8,33.3,1018.6,0.0,7.0,2025-12-13 09:38:49.740769+00:00
4.0,3.4,96.0,0.0,0.0,298.0,16.7,33.3,1019.3,0.0,7.0,2025-12-13 09:38:49.740769+00:00
3.8,3.1,95.0,0.6,0.0,297.0,14.8,31.5,1019.9,0.0,7.0,2025-12-13 09:38:49.740769+00:00
3.5,2.8,95.0,0.0,0.0,291.0,16.7,31.5,1020.8,0.0,7.0,2025-12-13 09:38:49.740769+00:00
3.4,2.5,94.0,0.0,0.0,284.0,16.7,31.5,1021.7,0.0,7.0,2025-12-13 09:38:49.740769+00:00
3.5,2.2,91.0,0.0,0.0,280.0,16.7,33.3,1022.5,1.0,7.0,2025-12-13 09:38:49.740769+00:00
3.5,2.0,90.0,0.0,0.0,274.0,16.7,33.3,1023.3,3.0,4.0,2025-12-13 09:38:49.740769+00:00
3.5,1.9,89.0,0.0,0.0,269.0,18.5,35.2,1024.0,6.0,4.0,2025-12-13 09:38:49.740769+00:00
3.9,1.6,85.0,0.0,0.0,274.0,16.7,35.2,1024.7,7.0,7.0,2025-12-13 09:38:49.740769+00:00
4.4,1.3,80.0,0.0,0.0,273.0,18.5,37.0,1025.0,5.0,4.0,2025-12-13 09:38:49.740769+00:00
4.6,1.1,78.0,0.0,0.0,270.0,20.4,38.9,1025.0,3.0,4.0,2025-12-13 09:38:49.740769+00:00
4.8,0.9,76.0,0.0,0.0,270.0,18.5,40.8,1025.3,3.0,4.0,2025-12-13 09:38:49.740769+00:00
4.8,0.7,75.0,0.0,0.0,271.0,20.4,40.8,1025.8,4.0,4.0,2025-12-13 09:38:49.740769+00:00
4.9,0.7,74.0,0.0,0.0,271.0,18.5,38.9,1026.2,3.0,7.0,2025-12-13 09:38:49.740769+00:00
4.8,0.6,74.0,0.0,0.0,268.0,16.7,35.2,1026.5,3.0,7.0,2025-12-13 09:38:49.740769+00:00
4.6,0.7,76.0,0.0,0.0,268.0,16.7,31.5,1027.2,0.0,7.0,2025-12-13 09:38:49.740769+00:00
4.4,0.9,78.0,0.0,0.0,268.0,14.8,31.5,1028.0,0.0,7.0,2025-12-13 09:38:49.740769+00:00
4.2,0.9,79.0,0.0,0.0,272.0,14.8,29.6,1028.8,0.0,7.0,2025-12-13 09:38:49.740769+00:00
3.9,0.8,80.0,0.0,0.0,274.0,14.8,29.6,1029.5,0.0,7.0,2025-12-13 09:38:49.740769+00:00
3.7,0.7,81.0,0.0,0.0,277.0,14.8,27.8,1030.0,0.0,7.0,2025-12-13 09:38:49.740769+00:00
3.5,0.9,83.0,0.0,0.0,278.0,14.8,27.8,1030.5,0.0,7.0,2025-12-13 09:38:49.740769+00:00
3.1,1.0,86.0,0.0,0.0,278.0,13.0,25.9,1030.9,0.0,7.0,2025-12-13 09:38:49.740769+00:00
2.6,1.0,89.0,0.0,0.0,279.0,13.0,24.1,1031.3,0.0,7.0,2025-12-13 09:38:49.740769+00:00
2.4,0.9,90.0,0.0,0.0,276.0,13.0,24.1,1031.6,0.0,7.0,2025-12-13 09:38:49.740769+00:00
1.9,0.7,92.0,0.0,0.0,276.0,11.1,22.2,1031.8,0.0,4.0,2025-12-13 09:38:49.740769+00:00
1.7,0.7,93.0,0.0,0.0,275.0,11.1,22.2,1032.0,0.0,4.0,2025-12-13 09:38:49.740769+00:00
1.2,-0.1,91.0,0.0,0.0,282.0,11.1,20.4,1032.0,0.0,3.0,2025-12-13 09:38:49.740769+00:00
1.0,-0.2,92.0,0.0,0.0,278.0,11.1,20.4,1032.2,0.0,4.0,2025-12-13 09:38:49.740769+00:00
0.8,-0.1,94.0,0.0,0.0,277.0,9.3,18.5,1032.4,0.0,4.0,2025-12-13 09:38:49.740769+00:00
1.2,0.0,92.0,0.0,0.0,274.0,9.3,18.5,1032.7,1.0,4.0,2025-12-13 09:38:49.740769+00:00
1.5,0.0,90.0,0.0,0.0,274.0,9.3,18.5,1033.0,3.0,4.0,2025-12-13 09:38:49.740769+00:00
1.9,0.4,90.0,0.0,0.0,277.0,9.3,18.5,1033.4,5.0,4.0,2025-12-13 09:38:49.740769+00:00
2.7,0.9,88.0,0.0,0.0,267.0,7.4,16.7,1033.4,6.0,4.0,2025-12-13 09:38:49.740769+00:00
3.3,1.0,85.0,0.0,0.0,272.0,7.4,16.7,1033.2,6.0,4.0,2025-12-13 09:38:49.740769+00:00
3.6,1.2,84.0,0.0,0.0,274.0,9.3,18.5,1032.9,5.0,4.0,2025-12-13 09:38:49.740769+00:00
4.0,1.2,82.0,0.0,0.0,277.0,7.4,16.7,1032.4,5.0,4.0,2025-12-13 09:38:49.740769+00:00
4.3,1.2,80.0,0.0,0.0,279.0,9.3,16.7,1032.0,6.0,4.0,2025-12-13 09:38:49.740769+00:00
4.2,1.2,81.0,0.0,0.0,278.0,9.3,18.5,1031.7,5.0,4.0,2025-12-13 09:38:49.740769+00:00
4.2,0.9,79.0,0.0,0.0,288.0,7.4,14.8,1031.6,5.0,3.0,2025-12-13 09:38:49.740769+00:00
3.5,0.9,83.0,0.0,0.0,288.0,7.4,14.8,1031.4,0.0,4.0,2025-12-13 09:38:49.740769+00:00
3.0,0.7,85.0,0.0,0.0,290.0,7.4,14.8,1031.2,0.0,4.0,2025-12-13 09:38:49.740769+00:00
2.7,0.6,86.0,0.0,0.0,290.0,7.4,13.0,1031.0,0.0,4.0,2025-12-13 09:38:49.740769+00:00
2.3,0.5,88.0,0.0,0.0,292.0,7.4,14.8,1030.8,0.0,4.0,2025-12-13 09:38:49.740769+00:00
2.0,0.4,89.0,0.0,0.0,297.0,7.4,13.0,1030.7,0.0,3.0,2025-12-13 09:38:49.740769+00:00
1.9,-0.4,85.0,0.0,0.0,292.0,7.4,13.0,1030.3,0.0,4.0,2025-12-13 09:38:49.740769+00:00
1.2,-0.6,88.0,0.0,0.0,297.0,7.4,13.0,1030.0,0.0,3.0,2025-12-13 09:38:49.740769+00:00
0.8,-0.8,89.0,0.0,0.0,296.0,7.4,13.0,1030.0,0.0,3.0,2025-12-13 09:38:49.740769+00:00
0.4,-0.9,91.0,0.0,0.0,294.0,7.4,13.0,1029.5,0.0,3.0,2025-12-13 09:38:49.740769+00:00
0.3,-0.8,92.0,0.0,0.0,299.0,7.4,13.0,1028.9,0.0,3.0,2025-12-13 09:38:49.740769+00:00
0.4,-0.7,92.0,0.0,0.0,306.0,7.4,13.0,1028.5,0.0,4.0,2025-12-13 09:38:49.740769+00:00
0.2,-1.2,90.0,0.0,0.0,307.0,5.5,13.0,1028.4,0.0,4.0,2025-12-13 09:38:49.740769+00:00
0.1,-1.0,92.0,0.0,0.0,299.0,7.4,13.0,1028.1,0.0,4.0,2025-12-13 09:38:49.740769+00:00
-0.1,-0.8,95.0,0.0,0.0,296.0,5.5,13.0,1028.0,0.0,4.0,2025-12-13 09:38:49.740769+00:00
0.2,-0.5,95.0,0.1,0.0,291.0,5.5,13.0,1027.8,1.0,4.0,2025-12-13 09:38:49.740769+00:00
0.5,-0.2,95.0,0.0,0.0,286.0,5.5,13.0,1027.7,3.0,4.0,2025-12-13 09:38:49.740769+00:00
0.9,0.2,95.0,0.0,0.0,287.0,5.5,13.0,1027.7,3.0,4.0,2025-12-13 09:38:49.740769+00:00
1.5,0.0,90.0,0.0,0.0,293.0,3.7,11.1,1027.4,1.0,4.0,2025-12-13 09:38:49.740769+00:00
2.0,0.1,87.0,0.0,0.0,289.0,5.5,13.0,1027.2,1.0,4.0,2025-12-13 09:38:49.740769+00:00
2.4,0.1,85.0,0.0,0.0,282.0,5.5,13.0,1026.9,2.0,4.0,2025-12-13 09:38:49.740769+00:00
2.8,0.0,82.0,0.0,0.0,286.0,5.5,13.0,1026.8,3.0,4.0,2025-12-13 09:38:49.740769+00:00
2.9,-0.0,81.0,0.0,0.0,296.0,5.5,13.0,1026.7,3.0,4.0,2025-12-13 09:38:49.740769+00:00
2.8,-0.1,81.0,0.0,0.0,300.0,5.5,13.0,1026.6,2.0,4.0,2025-12-13 09:38:49.740769+00:00
3.0,-0.8,76.0,0.0,0.0,314.0,5.5,13.0,1026.7,3.0,4.0,2025-12-13 09:38:49.740769+00:00
2.4,-0.9,79.0,0.0,0.0,303.0,7.4,13.0,1027.0,0.0,4.0,2025-12-13 09:38:49.740769+00:00
1.9,-0.8,82.0,0.0,0.0,298.0,5.5,13.0,1027.1,0.0,4.0,2025-12-13 09:38:49.740769+00:00
1.7,-0.7,84.0,0.0,0.0,295.0,5.5,11.1,1027.1,0.0,4.0,2025-12-13 09:38:49.740769+00:00
1.3,-0.9,85.0,0.0,0.0,294.0,5.5,11.1,1027.2,0.0,4.0,2025-12-13 09:38:49.740769+00:00
1.0,-0.9,87.0,0.0,0.0,301.0,5.5,11.1,1027.3,0.0,4.0,2025-12-13 09:38:49.740769+00:00
0.7,-1.1,88.0,0.0,0.0,295.0,3.7,9.3,1027.3,0.0,4.0,2025-12-13 09:38:49.740769+00:00
0.5,-1.3,88.0,0.0,0.0,305.0,3.7,9.3,1027.5,0.0,4.0,2025-12-13 09:38:49.740769+00:00
0.1,-1.3,90.0,0.0,0.0,297.0,3.7,7.4,1027.7,0.0,4.0,2025-12-13 09:38:49.740769+00:00
-0.2,-1.3,92.0,0.0,0.0,279.0,3.7,9.3,1027.9,0.0,4.0,2025-12-13 09:38:49.740769+00:00
-0.7,-1.5,94.0,0.0,0.0,267.0,3.7,9.3,1028.0,0.0,4.0,2025-12-13 09:38:49.740769+00:00
-1.0,-1.8,94.0,0.0,0.0,199.0,3.7,7.4,1027.9,0.0,4.0,2025-12-13 09:38:49.740769+00:00
-1.0,-2.0,93.0,0.0,0.0,266.0,1.8,5.5,1028.2,0.0,4.0,2025-12-13 09:38:49.740769+00:00
-1.1,-2.1,93.0,0.0,0.0,223.0,3.7,7.4,1028.3,0.0,4.0,2025-12-13 09:38:49.740769+00:00
-1.2,-2.0,94.0,0.0,0.0,196.0,3.7,9.3,1028.5,0.0,4.0,2025-12-13 09:38:49.740769+00:00
-1.1,-1.8,95.0,0.0,0.0,190.0,5.5,9.3,1028.9,4.0,4.0,2025-12-13 09:38:49.740769+00:00
-0.7,-1.5,94.0,0.0,0.0,193.0,5.5,11.1,1029.3,8.0,4.0,2025-12-13 09:38:49.740769+00:00
0.1,-1.0,92.0,0.0,0.0,183.0,5.5,13.0,1029.5,13.0,4.0,2025-12-13 09:38:49.740769+00:00
1.2,-0.9,86.0,0.0,0.0,183.0,7.4,13.0,1029.5,17.0,4.0,2025-12-13 09:38:49.740769+00:00
2.1,-1.0,80.0,0.0,0.0,174.0,7.4,14.8,1029.4,19.0,4.0,2025-12-13 09:38:49.740769+00:00
3.0,-0.8,76.0,0.0,0.0,169.0,7.4,16.7,1029.0,21.0,3.0,2025-12-13 09:38:49.740769+00:00
3.5,-1.1,72.0,0.0,0.0,170.0,7.4,16.7,1028.8,24.0,3.0,2025-12-13 09:38:49.740769+00:00
3.5,-1.3,71.0,0.0,0.0,169.0,9.3,18.5,1028.7,25.0,3.0,2025-12-13 09:38:49.740769+00:00
3.3,-1.6,70.0,0.0,0.0,165.0,9.3,18.5,1028.7,24.0,2.0,2025-12-13 09:38:49.740769+00:00
2.8,-1.6,73.0,0.0,0.0,164.0,9.3,16.7,1028.6,16.0,2.0,2025-12-13 09:38:49.740769+00:00
1.6,-2.0,77.0,0.0,0.0,163.0,9.3,14.8,1028.7,0.0,2.0,2025-12-13 09:38:49.740769+00:00
0.8,-2.3,80.0,0.0,0.0,165.0,9.3,14.8,1028.8,0.0,2.0,2025-12-13 09:38:49.740769+00:00
0.2,-2.3,83.0,0.0,0.0,165.0,9.3,14.8,1028.8,0.0,1.0,2025-12-13 09:38:49.740769+00:00
-0.6,-2.5,87.0,0.0,0.0,167.0,9.3,14.8,1028.9,0.0,1.0,2025-12-13 09:38:49.740769+00:00
-0.9,-2.5,89.0,0.0,0.0,168.0,9.3,14.8,1028.8,0.0,1.0,2025-12-13 09:38:49.740769+00:00
-0.4,-3.4,80.0,0.0,0.0,182.0,9.3,13.0,1028.4,0.0,1.0,2025-12-13 09:38:49.740769+00:00
-0.9,-3.4,83.0,0.0,0.0,181.0,9.3,13.0,1028.2,0.0,1.0,2025-12-13 09:38:49.740769+00:00
-1.5,-3.5,86.0,0.0,0.0,183.0,9.3,13.0,1028.3,0.0,1.0,2025-12-13 09:38:49.740769+00:00
-1.9,-3.2,91.0,0.0,0.0,186.0,9.3,14.8,1028.5,0.0,1.0,2025-12-13 09:38:49.740769+00:00
-2.4,-3.2,94.0,0.0,0.0,187.0,9.3,13.0,1028.6,0.0,1.0,2025-12-13 09:38:49.740769+00:00
-2.6,-3.1,96.0,0.0,0.0,187.0,9.3,14.8,1028.7,0.0,2.0,2025-12-13 09:38:49.740769+00:00
-3.0,-3.8,94.0,0.0,0.0,185.0,7.4,13.0,1028.6,0.0,2.0,2025-12-13 09:38:49.740769+00:00
-3.0,-3.8,94.0,0.0,0.0,190.0,9.3,14.8,1028.7,0.0,2.0,2025-12-13 09:38:49.740769+00:00
-3.0,-3.8,94.0,0.0,0.0,195.0,9.3,14.8,1028.9,0.0,2.0,2025-12-13 09:38:49.740769+00:00
-2.7,-3.5,94.0,0.0,0.0,201.0,9.3,14.8,1029.1,7.0,2.0,2025-12-13 09:38:49.740769+00:00
-2.1,-3.5,90.0,0.0,0.0,205.0,9.3,16.7,1029.2,16.0,2.0,2025-12-13 09:38:49.740769+00:00
-1.0,-3.0,86.0,0.0,0.0,209.0,9.3,16.7,1029.3,24.0,2.0,2025-12-13 09:38:49.740769+00:00
0.7,-2.9,77.0,0.0,0.0,208.0,5.5,14.8,1029.5,23.0,3.0,2025-12-13 09:38:49.740769+00:00
2.1,-2.6,71.0,0.0,0.0,210.0,7.4,14.8,1029.3,26.0,3.0,2025-12-13 09:38:49.740769+00:00
3.3,-2.4,66.0,0.0,0.0,208.0,9.3,16.7,1028.8,33.0,2.0,2025-12-13 09:38:49.740769+00:00
4.0,-2.2,64.0,0.0,0.0,204.0,7.4,16.7,1028.7,38.0,2.0,2025-12-13 09:38:49.740769+00:00
4.1,-2.3,63.0,0.0,0.0,194.0,9.3,16.7,1028.5,41.0,2.0,2025-12-13 09:38:49.740769+00:00
3.6,-2.8,63.0,0.0,0.0,190.0,9.3,16.7,1028.6,38.0,2.0,2025-12-13 09:38:49.740769+00:00
3.6,-3.0,62.0,0.0,0.0,189.0,7.4,14.8,1028.5,26.0,2.0,2025-12-13 09:38:49.740769+00:00
1.9,-3.0,70.0,0.0,0.0,194.0,9.3,14.8,1028.8,0.0,1.0,2025-12-13 09:38:49.740769+00:00
0.9,-3.2,74.0,0.0,0.0,198.0,9.3,14.8,1028.9,0.0,1.0,2025-12-13 09:38:49.740769+00:00
-0.2,-3.2,80.0,0.0,0.0,201.0,9.3,14.8,1029.3,0.0,1.0,2025-12-13 09:38:49.740769+00:00
-0.7,-3.2,83.0,0.0,0.0,202.0,9.3,14.8,1029.6,0.0,1.0,2025-12-13 09:38:49.740769+00:00
-1.3,-3.5,85.0,0.0,0.0,205.0,9.3,14.8,1029.8,0.0,1.0,2025-12-13 09:38:49.740769+00:00
-0.7,-3.5,81.0,0.0,0.0,210.0,9.3,14.8,1029.8,0.0,1.0,2025-12-13 09:38:49.740769+00:00
-1.3,-3.5,85.0,0.0,0.0,212.0,9.3,14.8,1030.0,0.0,1.0,2025-12-13 09:38:49.740769+00:00
-1.8,-3.5,88.0,0.0,0.0,217.0,9.3,14.8,1030.3,0.0,1.0,2025-12-13 09:38:49.740769+00:00
-2.3,-3.4,92.0,0.0,0.0,221.0,11.1,16.7,1030.6,0.0,1.0,2025-12-13 09:38:49.740769+00:00
-2.6,-3.4,94.0,0.0,0.0,222.0,11.1,16.7,1030.7,0.0,1.0,2025-12-13 09:38:49.740769+00:00
-2.8,-3.3,96.0,0.0,0.0,223.0,11.1,18.5,1030.9,0.0,1.0,2025-12-13 09:38:49.740769+00:00
-3.1,-3.9,94.0,0.0,0.0,220.0,11.1,16.7,1031.2,0.0,1.0,2025-12-13 09:38:49.740769+00:00
-3.1,-3.8,95.0,0.0,0.0,223.0,11.1,18.5,1031.6,0.0,1.0,2025-12-13 09:38:49.740769+00:00
-2.9,-3.6,95.0,0.0,0.0,225.0,11.1,18.5,1032.1,0.0,1.0,2025-12-13 09:38:49.740769+00:00
-2.3,-3.3,93.0,0.0,0.0,230.0,11.1,20.4,1032.7,3.0,4.0,2025-12-13 09:38:49.740769+00:00
-1.4,-2.8,90.0,0.0,0.0,232.0,11.1,20.4,1033.2,8.0,4.0,2025-12-13 09:38:49.740769+00:00
-0.3,-2.0,88.0,0.0,0.0,242.0,11.1,20.4,1033.7,11.0,4.0,2025-12-13 09:38:49.740769+00:00
0.4,-0.7,92.0,0.0,0.0,249.0,9.3,18.5,1034.2,7.0,12.0,2025-12-13 09:38:49.740769+00:00
1.5,0.2,91.0,0.0,0.0,260.0,11.1,20.4,1034.6,7.0,7.0,2025-12-13 09:38:49.740769+00:00
2.5,0.9,89.0,0.0,0.0,265.0,11.1,22.2,1034.8,6.0,4.0,2025-12-13 09:38:49.740769+00:00
3.2,1.4,88.0,0.0,0.0,270.0,11.1,22.2,1035.3,6.0,4.0,2025-12-13 09:38:49.740769+00:00
3.7,1.7,87.0,0.0,0.0,270.0,13.0,24.1,1035.7,8.0,4.0,2025-12-13 09:38:49.740769+00:00
3.8,1.8,87.0,0.0,0.0,274.0,13.0,24.1,1036.3,9.0,4.0,2025-12-13 09:38:49.740769+00:00
3.9,1.9,87.0,0.0,0.0,274.0,11.1,22.2,1036.9,5.0,4.0,2025-12-13 09:38:49.740769+00:00
3.4,1.9,90.0,0.0,0.0,272.0,11.1,22.2,1037.9,0.0,4.0,2025-12-13 09:38:49.740769+00:00
3.2,1.9,91.0,0.0,0.0,272.0,11.1,22.2,1038.6,0.0,4.0,2025-12-13 09:38:49.740769+00:00
3.0,1.8,92.0,0.0,0.0,273.0,11.1,20.4,1039.2,0.0,4.0,2025-12-13 09:38:49.740769+00:00
2.8,1.8,93.0,0.0,0.0,274.0,11.1,22.2,1039.6,0.0,4.0,2025-12-13 09:38:49.740769+00:00
2.6,1.6,93.0,0.0,0.0,277.0,11.1,20.4,1039.7,0.0,4.0,2025-12-13 09:38:49.740769+00:00
2.3,1.0,91.0,0.0,0.0,279.0,11.1,22.2,1040.6,0.0,4.0,2025-12-13 09:38:49.740769+00:00
2.2,1.0,92.0,0.0,0.0,279.0,11.1,20.4,1040.7,0.0,4.0,2025-12-13 09:38:49.740769+00:00
2.0,1.0,93.0,0.0,0.0,282.0,11.1,20.4,1040.6,0.0,4.0,2025-12-13 09:38:49.740769+00:00
1.8,1.1,95.0,0.0,0.0,279.0,9.3,18.5,1040.7,0.0,4.0,2025-12-13 09:38:49.740769+00:00
1.7,1.1,96.0,0.0,0.0,283.0,9.3,18.5,1040.7,0.0,4.0,2025-12-13 09:38:49.740769+00:00
1.6,1.2,97.0,0.0,0.0,287.0,9.3,16.7,1040.7,0.0,4.0,2025-12-13 09:38:49.740769+00:00
1.4,1.1,98.0,0.0,0.0,291.0,9.3,16.7,1040.9,0.0,4.0,2025-12-13 09:38:49.740769+00:00
1.4,1.1,98.0,0.0,0.0,291.0,7.4,14.8,1041.0,0.0,4.0,2025-12-13 09:38:49.740769+00:00
1.4,1.0,97.0,0.0,0.0,290.0,7.4,13.0,1041.2,0.0,4.0,2025-12-13 09:38:49.740769+00:00
1.6,1.0,96.0,0.0,0.0,295.0,7.4,13.0,1041.3,0.0,4.0,2025-12-13 09:38:49.740769+00:00
1.8,1.5,98.0,0.0,0.0,303.0,7.4,13.0,1041.4,0.0,4.0,2025-12-13 09:38:49.740769+00:00
2.2,1.9,98.0,0.0,0.0,315.0,5.5,13.0,1041.5,0.0,4.0,2025-12-13 09:38:49.740769+00:00
3.2,2.5,95.0,0.0,0.0,336.0,5.5,13.0,1041.6,0.0,4.0,2025-12-13 09:38:49.740769+00:00
3.6,2.3,91.0,0.0,0.0,358.0,7.4,14.8,1041.6,0.0,4.0,2025-12-13 09:38:49.740769+00:00
4.0,2.4,89.0,0.0,0.0,9.0,7.4,16.7,1041.6,0.0,4.0,2025-12-13 09:38:49.740769+00:00
4.4,2.3,86.0,0.0,0.0,18.0,7.4,16.7,1041.4,0.0,4.0,2025-12-13 09:38:49.740769+00:00
4.6,2.0,83.0,0.0,0.0,28.0,9.3,18.5,1041.1,0.0,4.0,2025-12-13 09:38:49.740769+00:00
4.5,2.0,84.0,0.0,0.0,39.0,9.3,20.4,1041.1,0.0,4.0,2025-12-13 09:38:49.740769+00:00
4.4,2.3,86.0,0.0,0.0,42.0,11.1,18.5,1041.3,0.0,4.0,2025-12-13 09:38:49.740769+00:00
4.0,2.4,89.0,0.0,0.0,52.0,11.1,20.4,1041.4,0.0,4.0,2025-12-13 09:38:49.740769+00:00
3.8,2.2,89.0,0.0,0.0,57.0,11.1,22.2,1041.4,0.0,4.0,2025-12-13 09:38:49.740769+00:00
3.8,2.0,88.0,0.0,0.0,60.0,11.1,24.1,1041.3,0.0,4.0,2025-12-13 09:38:49.740769+00:00
3.5,2.2,91.0,0.0,0.0,62.0,11.1,24.1,1041.1,0.0,4.0,2025-12-13 09:38:49.740769+00:00
3.4,1.8,89.0,0.0,0.0,66.0,13.0,25.9,1041.0,0.0,4.0,2025-12-13 09:38:49.740769+00:00
3.4,1.4,87.0,0.0,0.0,68.0,13.0,25.9,1041.2,0.0,4.0,2025-12-13 09:38:49.740769+00:00
3.1,1.3,88.0,0.0,0.0,70.0,13.0,25.9,1041.1,0.0,4.0,2025-12-13 09:38:49.740769+00:00
2.7,1.2,90.0,0.0,0.0,71.0,13.0,25.9,1041.1,0.0,4.0,2025-12-13 09:38:49.740769+00:00
2.5,0.9,89.0,0.0,0.0,71.0,13.0,25.9,1040.9,0.0,4.0,2025-12-13 09:38:49.740769+00:00
2.1,0.6,90.0,0.0,0.0,71.0,14.8,27.8,1040.7,0.0,4.0,2025-12-13 09:38:49.740769+00:00
1.7,0.4,91.0,0.0,0.0,72.0,14.8,27.8,1040.4,0.0,4.0,2025-12-13 09:38:49.740769+00:00
1.8,0.3,90.0,0.0,0.0,74.0,13.0,25.9,1040.5,0.0,4.0,2025-12-13 09:38:49.740769+00:00
1.7,0.1,89.0,0.0,0.0,78.0,14.8,27.8,1040.2,0.0,4.0,2025-12-13 09:38:49.740769+00:00
1.6,-0.0,89.0,0.0,0.0,76.0,14.8,27.8,1039.9,0.0,4.0,2025-12-13 09:38:49.740769+00:00
1.6,-0.2,88.0,0.0,0.0,77.0,14.8,27.8,1039.4,0.0,4.0,2025-12-13 09:38:49.740769+00:00
1.6,-0.0,89.0,0.0,0.0,78.0,14.8,27.8,1039.1,2.0,4.0,2025-12-13 09:38:49.740769+00:00
1.6,0.1,90.0,0.0,0.0,78.0,14.8,27.8,1038.7,3.0,4.0,2025-12-13 09:38:49.740769+00:00
1.9,-0.0,87.0,0.0,0.0,83.0,14.8,27.8,1038.4,0.0,14.0,2025-12-13 09:38:49.740769+00:00
2.2,-0.2,84.0,0.0,0.0,87.0,16.7,29.6,1037.4,0.0,4.0,2025-12-13 09:38:49.740769+00:00
2.3,-0.1,84.0,0.0,0.0,92.0,16.7,31.5,1036.5,0.0,4.0,2025-12-13 09:38:49.740769+00:00
2.6,-0.7,79.0,0.0,0.0,95.0,16.7,33.3,1035.5,0.0,4.0,2025-12-13 09:38:49.740769+00:00
2.9,-0.9,76.0,0.0,0.0,96.0,16.7,33.3,1034.7,2.0,4.0,2025-12-13 09:38:49.740769+00:00
2.9,-0.9,76.0,0.0,0.0,97.0,18.5,35.2,1034.1,2.0,4.0,2025-12-13 09:38:49.740769+00:00
2.4,-1.0,78.0,0.0,0.0,95.0,18.5,33.3,1033.6,1.0,4.0,2025-12-13 09:38:49.740769+00:00
2.2,-0.7,81.0,0.0,0.0,99.0,18.5,33.3,1033.4,0.0,4.0,2025-12-13 09:38:49.740769+00:00
1.9,-0.7,83.0,0.0,0.0,101.0,18.5,33.3,1033.0,0.0,4.0,2025-12-13 09:38:49.740769+00:00
1.8,-0.9,82.0,0.0,0.0,103.0,18.5,33.3,1032.6,0.0,4.0,2025-12-13 09:38:49.740769+00:00
1.4,-1.3,82.0,0.0,0.0,103.0,18.5,35.2,1032.4,0.0,4.0,2025-12-13 09:38:49.740769+00:00
1.2,-2.0,79.0,0.0,0.0,101.0,18.5,35.2,1032.2,0.0,4.0,2025-12-13 09:38:49.740769+00:00
1.8,-2.2,75.0,0.0,0.0,103.0,18.5,37.0,1031.5,0.0,4.0,2025-12-13 09:38:49.740769+00:00
1.3,-2.6,75.0,0.0,0.0,99.0,18.5,37.0,1031.4,0.0,4.0,2025-12-13 09:38:49.740769+00:00
1.0,-2.7,76.0,0.0,0.0,96.0,18.5,37.0,1031.3,0.0,4.0,2025-12-13 09:38:49.740769+00:00
0.7,-3.0,76.0,0.0,0.0,94.0,18.5,35.2,1030.9,0.0,4.0,2025-12-13 09:38:49.740769+00:00
0.5,-3.1,77.0,0.0,0.0,93.0,18.5,35.2,1030.6,0.0,4.0,2025-12-13 09:38:49.740769+00:00
0.4,-3.0,78.0,0.0,0.0,95.0,18.5,35.2,1030.3,0.0,4.0,2025-12-13 09:38:49.740769+00:00
0.5,-3.1,77.0,0.0,0.0,97.0,16.7,33.3,1030.3,0.0,4.0,2025-12-13 09:38:49.740769+00:00
0.5,-2.9,78.0,0.0,0.0,101.0,16.7,31.5,1030.0,0.0,4.0,2025-12-13 09:38:49.740769+00:00
0.5,-2.7,79.0,0.0,0.0,100.0,16.7,31.5,1029.9,0.0,4.0,2025-12-13 09:38:49.740769+00:00
0.5,-2.5,80.0,0.0,0.0,104.0,16.7,31.5,1029.9,3.0,4.0,2025-12-13 09:38:49.740769+00:00
0.8,-2.3,80.0,0.0,0.0,106.0,16.7,29.6,1030.0,8.0,3.0,2025-12-13 09:38:49.740769+00:00
1.1,-2.3,78.0,0.0,0.0,105.0,16.7,29.6,1030.1,13.0,3.0,2025-12-13 09:38:49.740769+00:00
2.5,-1.8,73.0,0.0,0.0,111.0,14.8,27.8,1029.6,15.0,4.0,2025-12-13 09:38:49.740769+00:00
3.4,-1.9,68.0,0.0,0.0,113.0,14.8,27.8,1029.3,18.0,3.0,2025-12-13 09:38:49.740769+00:00
4.1,-1.9,65.0,0.0,0.0,114.0,14.8,29.6,1028.9,21.0,3.0,2025-12-13 09:38:49.740769+00:00
4.5,-1.9,63.0,0.0,0.0,114.0,14.8,27.8,1028.7,23.0,2.0,2025-12-13 09:38:49.740769+00:00
4.5,-2.1,62.0,0.0,0.0,112.0,14.8,27.8,1028.7,22.0,3.0,2025-12-13 09:38:49.740769+00:00
4.1,-2.1,64.0,0.0,0.0,109.0,14.8,27.8,1028.8,16.0,3.0,2025-12-13 09:38:49.740769+00:00
3.6,-1.9,67.0,0.0,0.0,108.0,13.0,25.9,1029.0,10.0,3.0,2025-12-13 09:38:49.740769+00:00
2.7,-2.0,71.0,0.0,0.0,106.0,13.0,25.9,1029.2,0.0,2.0,2025-12-13 09:38:49.740769+00:00
1.9,-2.2,74.0,0.0,0.0,104.0,14.8,25.9,1029.4,0.0,2.0,2025-12-13 09:38:49.740769+00:00
1.4,-2.0,78.0,0.0,0.0,102.0,14.8,25.9,1029.5,0.0,2.0,2025-12-13 09:38:49.740769+00:00
1.1,-2.1,79.0,0.0,0.0,103.0,14.8,25.9,1029.5,0.0,2.0,2025-12-13 09:38:49.740769+00:00
0.7,-2.2,81.0,0.0,0.0,101.0,14.8,25.9,1029.6,0.0,2.0,2025-12-13 09:38:49.740769+00:00
1.2,-2.0,79.0,0.0,0.0,102.0,13.0,22.2,1029.9,0.0,4.0,2025-12-13 09:38:49.740769+00:00
0.6,-2.1,82.0,0.0,0.0,97.0,13.0,22.2,1029.8,0.0,3.0,2025-12-13 09:38:49.740769+00:00
0.0,-2.4,84.0,0.0,0.0,94.0,13.0,22.2,1029.7,0.0,2.0,2025-12-13 09:38:49.740769+00:00
-0.4,-2.5,86.0,0.0,0.0,90.0,13.0,24.1,1029.8,0.0,2.0,2025-12-13 09:38:49.740769+00:00
-0.6,-2.6,86.0,0.0,0.0,88.0,13.0,24.1,1029.8,0.0,2.0,2025-12-13 09:38:49.740769+00:00
-0.9,-2.6,88.0,0.0,0.0,87.0,13.0,24.1,1029.9,0.0,2.0,2025-12-13 09:38:49.740769+00:00
-1.4,-2.8,90.0,0.0,0.0,88.0,13.0,22.2,1030.0,0.0,2.0,2025-12-13 09:38:49.740769+00:00
-1.6,-3.0,90.0,0.0,0.0,90.0,13.0,22.2,1030.4,0.0,2.0,2025-12-13 09:38:49.740769+00:00
-1.7,-3.0,91.0,0.0,0.0,86.0,11.1,22.2,1030.8,0.0,2.0,2025-12-13 09:38:49.740769+00:00
-1.5,-2.9,90.0,0.0,0.0,87.0,11.1,22.2,1031.1,9.0,2.0,2025-12-13 09:38:49.740769+00:00
-0.9,-2.6,88.0,0.0,0.0,83.0,13.0,22.2,1031.2,19.0,2.0,2025-12-13 09:38:49.740769+00:00
-0.3,-2.5,85.0,0.0,0.0,79.0,13.0,22.2,1031.5,29.0,2.0,2025-12-13 09:38:49.740769+00:00
0.9,-1.8,82.0,0.0,0.0,79.0,11.1,20.4,1031.9,33.0,2.0,2025-12-13 09:38:49.740769+00:00
1.9,-2.1,75.0,0.0,0.0,71.0,11.1,22.2,1031.6,34.0,2.0,2025-12-13 09:38:49.740769+00:00
2.8,-2.1,70.0,0.0,0.0,65.0,11.1,24.1,1031.2,35.0,2.0,2025-12-13 09:38:49.740769+00:00
3.3,-2.2,67.0,0.0,0.0,60.0,11.1,24.1,1031.0,38.0,2.0,2025-12-13 09:38:49.740769+00:00
3.5,-2.5,65.0,0.0,0.0,61.0,13.0,24.1,1031.0,38.0,2.0,2025-12-13 09:38:49.740769+00:00
3.2,-2.5,66.0,0.0,0.0,58.0,13.0,25.9,1031.1,33.0,2.0,2025-12-13 09:38:49.740769+00:00
3.4,-2.3,66.0,0.0,0.0,60.0,11.1,22.2,1031.1,20.0,2.0,2025-12-13 09:38:49.740769+00:00
2.5,-2.0,72.0,0.0,0.0,62.0,13.0,24.1,1031.4,0.0,2.0,2025-12-13 09:38:49.740769+00:00
2.1,-1.9,75.0,0.0,0.0,63.0,13.0,24.1,1031.8,0.0,2.0,2025-12-13 09:38:49.740769+00:00
1.6,-2.0,77.0,0.0,0.0,66.0,13.0,24.1,1031.9,0.0,3.0,2025-12-13 09:38:49.740769+00:00
1.4,-1.8,79.0,0.0,0.0,67.0,13.0,24.1,1031.9,0.0,3.0,2025-12-13 09:38:49.740769+00:00
1.1,-1.8,81.0,0.0,0.0,70.0,13.0,22.2,1031.8,0.0,3.0,2025-12-13 09:38:49.740769+00:00
0.8,-1.9,82.0,0.0,0.0,67.0,11.1,20.4,1032.1,0.0,4.0,2025-12-13 09:38:49.740769+00:00
0.5,-2.0,83.0,0.0,0.0,67.0,11.1,20.4,1032.0,0.0,4.0,2025-12-13 09:38:49.740769+00:00
0.3,-2.1,84.0,0.0,0.0,65.0,11.1,22.2,1031.8,0.0,4.0,2025-12-13 09:38:49.740769+00:00
0.0,-2.2,85.0,0.0,0.0,64.0,13.0,24.1,1031.6,0.0,4.0,2025-12-13 09:38:49.740769+00:00
0.1,-2.4,83.0,0.0,0.0,67.0,13.0,24.1,1031.4,0.0,4.0,2025-12-13 09:38:49.740769+00:00
-0.1,-2.5,84.0,0.0,0.0,69.0,13.0,25.9,1031.4,0.0,4.0,2025-12-13 09:38:49.740769+00:00
-0.4,-3.1,82.0,0.0,0.0,73.0,13.0,24.1,1031.5,0.0,4.0,2025-12-13 09:38:49.740769+00:00
-0.4,-2.9,83.0,0.0,0.0,76.0,13.0,24.1,1031.5,0.0,4.0,2025-12-13 09:38:49.740769+00:00
-0.5,-3.0,83.0,0.0,0.0,79.0,13.0,25.9,1031.6,0.0,4.0,2025-12-13 09:38:49.740769+00:00
-0.3,-3.2,81.0,0.0,0.0,81.0,13.0,25.9,1031.6,0.0,4.0,2025-12-13 09:38:49.740769+00:00
0.0,-2.9,81.0,0.0,0.0,81.0,14.8,27.8,1031.7,1.0,4.0,2025-12-13 09:38:49.740769+00:00
0.3,-2.7,80.0,0.0,0.0,81.0,14.8,27.8,1031.8,3.0,4.0,2025-12-13 09:38:49.740769+00:00
0.7,-1.7,84.0,0.0,0.0,80.0,13.0,25.9,1032.0,2.0,4.0,2025-12-13 09:38:49.740769+00:00
1.6,-1.8,78.0,0.0,0.0,82.0,14.8,25.9,1031.8,4.0,4.0,2025-12-13 09:38:49.740769+00:00
2.0,-2.0,75.0,0.0,0.0,80.0,14.8,27.8,1031.5,7.0,4.0,2025-12-13 09:38:49.740769+00:00
2.4,-1.9,73.0,0.0,0.0,76.0,16.7,29.6,1031.2,9.0,4.0,2025-12-13 09:38:49.740769+00:00
2.7,-2.2,70.0,0.0,0.0,77.0,16.7,31.5,1031.1,10.0,4.0,2025-12-13 09:38:49.740769+00:00
2.7,-2.6,68.0,0.0,0.0,78.0,18.5,33.3,1031.0,13.0,3.0,2025-12-13 09:38:49.740769+00:00
2.5,-2.6,69.0,0.0,0.0,81.0,18.5,35.2,1031.0,11.0,3.0,2025-12-13 09:38:49.740769+00:00
1.8,-2.5,73.0,0.0,0.0,86.0,18.5,35.2,1031.4,0.0,3.0,2025-12-13 09:38:49.740769+00:00
1.2,-3.3,72.0,0.0,0.0,91.0,18.5,33.3,1031.5,0.0,2.0,2025-12-13 09:38:49.740769+00:00
0.5,-3.6,74.0,0.0,0.0,96.0,18.5,35.2,1031.7,0.0,2.0,2025-12-13 09:38:49.740769+00:00
0.1,-4.3,72.0,0.0,0.0,95.0,18.5,35.2,1031.7,0.0,2.0,2025-12-13 09:38:49.740769+00:00
-0.4,-4.8,72.0,0.0,0.0,96.0,18.5,35.2,1031.7,0.0,1.0,2025-12-13 09:38:49.740769+00:00
-0.1,-4.5,72.0,0.0,0.0,97.0,18.5,33.3,1031.8,0.0,1.0,2025-12-13 09:38:49.740769+00:00
-0.8,-5.2,72.0,0.0,0.0,94.0,18.5,35.2,1031.8,0.0,1.0,2025-12-13 09:38:49.740769+00:00
-1.3,-5.7,72.0,0.0,0.0,93.0,18.5,35.2,1031.7,0.0,1.0,2025-12-13 09:38:49.740769+00:00
-1.7,-5.7,74.0,0.0,0.0,92.0,20.4,37.0,1031.5,0.0,1.0,2025-12-13 09:38:49.740769+00:00
-2.4,-6.0,76.0,0.0,0.0,92.0,20.4,37.0,1031.2,0.0,1.0,2025-12-13 09:38:49.740769+00:00
-2.8,-6.3,77.0,0.0,0.0,95.0,20.4,37.0,1031.1,0.0,1.0,2025-12-13 09:38:49.740769+00:00
-2.9,-6.4,77.0,0.0,0.0,97.0,20.4,37.0,1031.0,0.0,1.0,2025-12-13 09:38:49.740769+00:00
-3.2,-6.3,79.0,0.0,0.0,99.0,20.4,37.0,1030.9,0.0,1.0,2025-12-13 09:38:49.740769+00:00
-3.5,-6.3,81.0,0.0,0.0,101.0,20.4,37.0,1031.0,0.0,1.0,2025-12-13 09:38:49.740769+00:00
-3.3,-6.4,79.0,0.0,0.0,100.0,20.4,37.0,1030.9,12.0,1.0,2025-12-13 09:38:49.740769+00:00
-2.7,-6.3,76.0,0.0,0.0,101.0,20.4,37.0,1030.7,25.0,1.0,2025-12-13 09:38:49.740769+00:00
-1.8,-6.2,72.0,0.0,0.0,101.0,20.4,37.0,1030.7,38.0,1.0,2025-12-13 09:38:49.740769+00:00
-0.3,-5.5,68.0,0.0,0.0,105.0,18.5,35.2,1030.2,41.0,2.0,2025-12-13 09:38:49.740769+00:00
0.6,-5.6,63.0,0.0,0.0,108.0,18.5,35.2,1029.8,42.0,2.0,2025-12-13 09:38:49.740769+00:00
1.3,-5.4,61.0,0.0,0.0,106.0,18.5,37.0,1029.3,39.0,2.0,2025-12-13 09:38:49.740769+00:00
1.7,-5.7,58.0,0.0,0.0,102.0,18.5,37.0,1028.6,37.0,2.0,2025-12-13 09:38:49.740769+00:00
1.9,-6.2,55.0,0.0,0.0,99.0,20.4,37.0,1027.9,34.0,2.0,2025-12-13 09:38:49.740769+00:00
1.5,-6.3,56.0,0.0,0.0,98.0,20.4,37.0,1027.6,31.0,2.0,2025-12-13 09:38:49.740769+00:00
1.8,-6.0,56.0,0.0,0.0,99.0,20.4,38.9,1027.4,19.0,2.0,2025-12-13 09:38:49.740769+00:00
1.0,-5.9,60.0,0.0,0.0,102.0,20.4,37.0,1027.6,0.0,2.0,2025-12-13 09:38:49.740769+00:00
0.3,-6.1,62.0,0.0,0.0,104.0,20.4,38.9,1027.4,0.0,2.0,2025-12-13 09:38:49.740769+00:00
-0.1,-5.9,65.0,0.0,0.0,106.0,20.4,37.0,1027.3,0.0,2.0,2025-12-13 09:38:49.740769+00:00
-0.5,-6.3,65.0,0.0,0.0,106.0,20.4,37.0,1027.1,0.0,2.0,2025-12-13 09:38:49.740769+00:00
-1.0,-6.0,69.0,0.0,0.0,105.0,18.5,37.0,1026.9,0.0,2.0,2025-12-13 09:38:49.740769+00:00
-0.5,-5.9,67.0,0.0,0.0,107.0,18.5,35.2,1026.7,0.0,4.0,2025-12-13 09:38:49.740769+00:00
-1.2,-6.1,69.0,0.0,0.0,102.0,18.5,35.2,1026.5,0.0,3.0,2025-12-13 09:38:49.740769+00:00
-1.8,-6.2,72.0,0.0,0.0,99.0,18.5,35.2,1026.4,0.0,2.0,2025-12-13 09:38:49.740769+00:00
-2.2,-6.4,73.0,0.0,0.0,96.0,18.5,35.2,1025.9,0.0,2.0,2025-12-13 09:38:49.740769+00:00
-2.7,-6.5,75.0,0.0,0.0,94.0,18.5,35.2,1025.4,0.0,2.0,2025-12-13 09:38:49.740769+00:00
-3.2,-6.6,77.0,0.0,0.0,95.0,18.5,35.2,1025.0,0.0,2.0,2025-12-13 09:38:49.740769+00:00
-3.3,-6.6,78.0,0.0,0.0,93.0,18.5,33.3,1025.0,0.0,2.0,2025-12-13 09:38:49.740769+00:00
-3.5,-6.6,79.0,0.0,0.0,95.0,18.5,33.3,1024.6,0.0,2.0,2025-12-13 09:38:49.740769+00:00
-3.6,-6.5,80.0,0.0,0.0,94.0,16.7,31.5,1024.4,0.0,2.0,2025-12-13 09:38:49.740769+00:00
-3.5,-6.8,78.0,0.0,0.0,97.0,16.7,33.3,1024.0,9.0,2.0,2025-12-13 09:38:49.740769+00:00
-3.0,-6.5,77.0,0.0,0.0,99.0,16.7,31.5,1023.6,20.0,2.0,2025-12-13 09:38:49.740769+00:00
-2.5,-6.5,74.0,0.0,0.0,97.0,16.7,31.5,1023.2,28.0,2.0,2025-12-13 09:38:49.740769+00:00
-1.5,-5.0,77.0,0.0,0.0,97.0,14.8,29.6,1023.3,36.0,2.0,2025-12-13 09:38:49.740769+00:00
-0.3,-5.3,69.0,0.0,0.0,95.0,14.8,29.6,1022.6,39.0,2.0,2025-12-13 09:38:49.740769+00:00
0.5,-5.3,65.0,0.0,0.0,94.0,14.8,29.6,1021.9,37.0,2.0,2025-12-13 09:38:49.740769+00:00
1.1,-5.4,62.0,0.0,0.0,92.0,14.8,29.6,1021.0,36.0,2.0,2025-12-13 09:38:49.740769+00:00
1.2,-5.5,61.0,0.0,0.0,88.0,16.7,29.6,1020.6,34.0,2.0,2025-12-13 09:38:49.740769+00:00
0.9,-5.6,62.0,0.0,0.0,87.0,16.7,29.6,1020.3,31.0,2.0,2025-12-13 09:38:49.740769+00:00
1.1,-5.6,61.0,0.0,0.0,87.0,14.8,27.8,1020.1,19.0,2.0,2025-12-13 09:38:49.740769+00:00
0.4,-5.2,66.0,0.0,0.0,86.0,14.8,27.8,1020.0,0.0,2.0,2025-12-13 09:38:49.740769+00:00
0.0,-5.2,68.0,0.0,0.0,86.0,14.8,27.8,1019.9,0.0,3.0,2025-12-13 09:38:49.740769+00:00
-0.7,-5.1,72.0,0.0,0.0,82.0,13.0,25.9,1019.6,0.0,3.0,2025-12-13 09:38:49.740769+00:00
-0.7,-4.7,74.0,0.0,0.0,80.0,13.0,24.1,1019.3,0.0,4.0,2025-12-13 09:38:49.740769+00:00
-0.9,-4.4,77.0,0.0,0.0,76.0,13.0,24.1,1019.1,0.0,4.0,2025-12-13 09:38:49.740769+00:00
-0.9,-3.9,80.0,0.1,0.0,70.0,11.1,20.4,1019.1,0.0,14.0,2025-12-13 09:38:49.740769+00:00
-1.0,-3.8,81.0,0.0,0.0,63.0,11.1,20.4,1018.7,0.0,14.0,2025-12-13 09:38:49.740769+00:00
-1.2,-3.2,86.0,0.2,1.0,59.0,11.1,20.4,1018.6,0.0,14.0,2025-12-13 09:38:49.740769+00:00
-1.3,-2.9,89.0,0.0,1.0,52.0,11.1,22.2,1018.0,0.0,14.0,2025-12-13 09:38:49.740769+00:00
-1.1,-2.7,89.0,0.0,1.0,47.0,11.1,20.4,1017.5,0.0,14.0,2025-12-13 09:38:49.740769+00:00
-1.1,-2.4,91.0,0.1,1.0,41.0,11.1,20.4,1017.3,0.0,14.0,2025-12-13 09:38:49.740769+00:00
-1.6,-2.6,93.0,0.0,1.0,28.0,9.3,18.5,1017.3,0.0,14.0,2025-12-13 09:38:49.740769+00:00
-1.6,-2.4,94.0,0.1,1.0,21.0,9.3,18.5,1017.1,0.0,14.0,2025-12-13 09:38:49.740769+00:00
-1.5,-2.3,94.0,0.0,1.0,22.0,9.3,18.5,1017.1,0.0,14.0,2025-12-13 09:38:49.740769+00:00
-1.1,-2.1,93.0,0.1,1.0,19.0,9.3,18.5,1017.1,0.0,14.0,2025-12-13 09:38:49.740769+00:00
-0.9,-1.9,93.0,0.0,1.0,14.0,9.3,20.4,1017.2,0.0,14.0,2025-12-13 09:38:49.740769+00:00
-0.8,-1.9,92.0,0.0,1.0,12.0,9.3,20.4,1017.4,0.0,14.0,2025-12-13 09:38:49.740769+00:00
-1.1,-1.9,94.0,0.0,1.0,10.0,9.3,18.5,1017.6,0.0,14.0,2025-12-13 09:38:49.740769+00:00
-1.0,-2.0,93.0,0.0,1.0,1.0,9.3,18.5,1017.3,0.0,14.0,2025-12-13 09:38:49.740769+00:00
-0.8,-1.8,93.0,0.0,1.0,355.0,9.3,18.5,1017.2,0.0,14.0,2025-12-13 09:38:49.740769+00:00
-0.7,-1.8,92.0,0.0,1.0,351.0,9.3,18.5,1017.0,0.0,14.0,2025-12-13 09:38:49.740769+00:00
-0.8,-1.6,94.0,0.1,1.0,346.0,9.3,18.5,1017.1,0.0,14.0,2025-12-13 09:38:49.740769+00:00
-0.8,-1.5,95.0,0.1,1.0,343.0,9.3,18.5,1017.4,0.0,14.0,2025-12-13 09:38:49.740769+00:00
-0.8,-1.4,96.0,0.0,1.0,333.0,9.3,18.5,1017.4,0.0,14.0,2025-12-13 09:38:49.740769+00:00
-0.8,-0.9,99.0,0.7,2.0,337.0,9.3,18.5,1017.8,0.0,14.0,2025-12-13 09:38:49.740769+00:00
-0.8,-0.8,100.0,0.5,3.0,335.0,9.3,18.5,1018.1,0.0,14.0,2025-12-13 09:38:49.740769+00:00
-0.8,-0.8,100.0,0.6,4.0,335.0,9.3,18.5,1018.4,0.0,14.0,2025-12-13 09:38:49.740769+00:00
-0.8,-0.8,100.0,0.9,5.0,341.0,9.3,18.5,1018.7,0.0,14.0,2025-12-13 09:38:49.740769+00:00
-0.7,-0.8,99.0,0.7,6.0,343.0,9.3,18.5,1018.9,0.0,14.0,2025-12-13 09:38:49.740769+00:00
-0.8,-0.8,100.0,0.8,8.0,346.0,9.3,18.5,1019.2,0.0,14.0,2025-12-13 09:38:49.740769+00:00
-0.8,-0.8,100.0,1.1,9.0,352.0,11.1,20.4,1019.4,0.0,14.0,2025-12-13 09:38:49.740769+00:00
-0.7,-0.8,99.0,0.7,11.0,357.0,11.1,22.2,1019.5,0.0,14.0,2025-12-13 09:38:49.740769+00:00
-0.4,-1.0,96.0,0.1,12.0,2.0,11.1,22.2,1019.8,0.0,14.0,2025-12-13 09:38:49.740769+00:00
-0.5,-1.1,96.0,0.1,12.0,5.0,11.1,22.2,1020.3,0.0,14.0,2025-12-13 09:38:49.740769+00:00
-0.5,-1.1,96.0,0.0,12.0,3.0,13.0,22.2,1020.6,0.0,14.0,2025-12-13 09:38:49.740769+00:00
-0.5,-1.3,94.0,0.0,12.0,9.0,13.0,24.1,1020.8,0.0,14.0,2025-12-13 09:38:49.740769+00:00
-0.7,-1.5,94.0,0.0,12.0,8.0,13.0,24.1,1021.5,0.0,14.0,2025-12-13 09:38:49.740769+00:00
-0.7,-1.5,94.0,0.0,12.0,4.0,11.1,24.1,1022.3,0.0,14.0,2025-12-13 09:38:49.740769+00:00
-0.5,-1.5,93.0,0.0,12.0,2.0,11.1,22.2,1023.0,2.0,14.0,2025-12-13 09:38:49.740769+00:00
-0.2,-1.3,92.0,0.0,12.0,3.0,11.1,22.2,1023.8,5.0,14.0,2025-12-13 09:38:49.740769+00:00
0.1,-1.2,91.0,0.0,11.0,5.0,11.1,24.1,1024.5,8.0,14.0,2025-12-13 09:38:49.740769+00:00
0.7,-1.5,85.0,0.0,10.0,4.0,9.3,20.4,1025.0,4.0,14.0,2025-12-13 09:38:49.740769+00:00
1.0,-1.6,83.0,0.0,8.0,9.0,11.1,22.2,1025.4,4.0,14.0,2025-12-13 09:38:49.740769+00:00
1.2,-2.0,79.0,0.0,7.0,8.0,11.1,22.2,1025.6,3.0,14.0,2025-12-13 09:38:49.740769+00:00
1.4,-2.4,76.0,0.0,6.0,3.0,11.1,24.1,1025.8,4.0,14.0,2025-12-13 09:38:49.740769+00:00
1.4,-2.9,73.0,0.0,6.0,359.0,11.1,24.1,1026.1,5.0,14.0,2025-12-13 09:38:49.740769+00:00
1.2,-3.5,71.0,0.0,5.0,357.0,11.1,24.1,1026.5,5.0,14.0,2025-12-13 09:38:49.740769+00:00
0.8,-3.3,74.0,0.0,5.0,351.0,11.1,20.4,1026.9,3.0,14.0,2025-12-13 09:38:49.740769+00:00
0.1,-3.6,76.0,0.0,7.0,349.0,11.1,20.4,1027.3,2.0,14.0,2025-12-13 09:38:49.740769+00:00
-0.2,-3.6,78.0,0.0,8.0,348.0,9.3,18.5,1027.7,0.0,14.0,2025-12-13 09:38:49.740769+00:00
-0.5,-3.9,78.0,0.0,8.0,343.0,9.3,16.7,1027.9,0.0,4.0,2025-12-13 09:38:49.740769+00:00
-0.6,-3.6,80.0,0.0,8.0,335.0,7.4,16.7,1028.1,0.0,4.0,2025-12-13 09:38:49.740769+00:00
-1.2,-3.6,84.0,0.0,8.0,333.0,7.4,14.8,1028.2,0.0,4.0,2025-12-13 09:38:49.740769+00:00
-1.8,-3.8,86.0,0.0,8.0,328.0,5.5,13.0,1028.3,0.0,14.0,2025-12-13 09:38:49.740769+00:00
-2.0,-3.7,88.0,0.0,8.0,317.0,5.5,13.0,1028.2,0.0,14.0,2025-12-13 09:38:49.740769+00:00
-2.2,-3.8,89.0,0.0,8.0,296.0,5.5,13.0,1028.2,0.0,14.0,2025-12-13 09:38:49.740769+00:00
-2.4,-3.5,92.0,0.0,8.0,285.0,5.5,11.1,1027.7,0.0,14.0,2025-12-13 09:38:49.740769+00:00
-2.5,-3.5,93.0,0.0,8.0,281.0,5.5,13.0,1027.5,0.0,14.0,2025-12-13 09:38:49.740769+00:00
-2.5,-3.6,92.0,0.0,8.0,282.0,7.4,13.0,1027.1,0.0,14.0,2025-12-13 09:38:49.740769+00:00
-2.4,-3.4,93.0,0.0,8.0,274.0,5.5,11.1,1027.1,0.0,14.0,2025-12-13 09:38:49.740769+00:00
-2.4,-3.2,94.0,0.0,8.0,273.0,7.4,13.0,1026.7,0.0,14.0,2025-12-13 09:38:49.740769+00:00
-2.2,-3.0,94.0,0.0,8.0,275.0,5.5,13.0,1026.4,0.0,14.0,2025-12-13 09:38:49.740769+00:00
-1.8,-2.8,93.0,0.0,8.0,267.0,5.5,13.0,1026.2,1.0,14.0,2025-12-13 09:38:49.740769+00:00
-1.4,-2.5,92.0,0.3,8.0,265.0,7.4,13.0,1026.1,3.0,14.0,2025-12-13 09:38:49.740769+00:00
-0.9,-2.6,88.0,0.0,9.0,269.0,7.4,14.8,1026.0,4.0,14.0,2025-12-13 09:38:49.740769+00:00
-0.2,-2.7,83.0,0.0,9.0,268.0,5.5,11.1,1025.7,2.0,14.0,2025-12-13 09:38:49.740769+00:00
-0.1,-2.6,83.0,0.0,9.0,276.0,5.5,14.8,1025.4,2.0,14.0,2025-12-13 09:38:49.740769+00:00
0.1,-2.9,80.0,0.0,8.0,281.0,7.4,14.8,1024.8,2.0,14.0,2025-12-13 09:38:49.740769+00:00
0.2,-3.3,77.0,0.0,8.0,288.0,5.5,14.8,1024.4,3.0,14.0,2025-12-13 09:38:49.740769+00:00
0.3,-3.6,75.0,0.0,8.0,293.0,5.5,14.8,1024.1,6.0,14.0,2025-12-13 09:38:49.740769+00:00
0.2,-4.2,72.0,0.0,8.0,302.0,7.4,14.8,1023.8,6.0,14.0,2025-12-13 09:38:49.740769+00:00
0.0,-4.3,73.0,0.0,8.0,306.0,5.5,13.0,1023.7,5.0,14.0,2025-12-13 09:38:49.740769+00:00
-0.6,-4.7,74.0,0.0,8.0,289.0,7.4,13.0,1023.7,3.0,3.0,2025-12-13 09:38:49.740769+00:00
-1.3,-5.0,76.0,0.0,8.0,282.0,7.4,13.0,1023.6,0.0,3.0,2025-12-13 09:38:49.740769+00:00
-1.7,-5.2,77.0,0.0,8.0,280.0,5.5,11.1,1023.5,0.0,3.0,2025-12-13 09:38:49.740769+00:00
-2.3,-5.4,79.0,0.0,8.0,278.0,7.4,11.1,1023.5,0.0,3.0,2025-12-13 09:38:49.740769+00:00
-2.6,-5.4,81.0,0.0,8.0,284.0,5.5,11.1,1023.6,0.0,3.0,2025-12-13 09:38:49.740769+00:00
-2.9,-5.2,84.0,0.0,8.0,280.0,5.5,11.1,1023.5,0.0,4.0,2025-12-13 09:38:49.740769+00:00
-2.5,-5.0,83.0,0.0,8.0,282.0,5.5,11.1,1023.4,0.0,4.0,2025-12-13 09:38:49.740769+00:00
-2.3,-4.9,82.0,0.0,8.0,283.0,5.5,11.1,1023.5,0.0,14.0,2025-12-13 09:38:49.740769+00:00
-2.2,-4.5,84.0,0.0,8.0,277.0,5.5,11.1,1023.0,0.0,14.0,2025-12-13 09:38:49.740769+00:00
-2.1,-4.4,84.0,0.0,8.0,281.0,7.4,13.0,1022.9,0.0,14.0,2025-12-13 09:38:49.740769+00:00
-2.0,-4.2,85.0,0.0,8.0,288.0,7.4,13.0,1022.6,0.0,4.0,2025-12-13 09:38:49.740769+00:00
-1.9,-3.6,88.0,0.0,8.0,294.0,7.4,14.8,1023.0,0.0,14.0,2025-12-13 09:38:49.740769+00:00
-1.7,-3.4,88.0,0.0,8.0,305.0,7.4,16.7,1023.2,0.0,4.0,2025-12-13 09:38:49.740769+00:00
-1.5,-3.4,87.0,0.0,8.0,347.0,7.4,14.8,1023.5,0.0,4.0,2025-12-13 09:38:49.740769+00:00
-1.0,-3.2,85.0,0.0,8.0,13.0,7.4,16.7,1023.8,2.0,4.0,2025-12-13 09:38:49.740769+00:00
-0.9,-3.3,84.0,0.0,8.0,38.0,9.3,18.5,1024.1,5.0,4.0,2025-12-13 09:38:49.740769+00:00
-0.6,-3.3,82.0,0.0,8.0,48.0,9.3,22.2,1024.4,9.0,4.0,2025-12-13 09:38:49.740769+00:00
-0.6,-3.5,81.0,0.0,8.0,59.0,11.1,24.1,1024.7,10.0,4.0,2025-12-13 09:38:49.740769+00:00
-0.4,-3.8,78.0,0.0,8.0,62.0,13.0,24.1,1024.8,12.0,4.0,2025-12-13 09:38:49.740769+00:00
-0.3,-4.0,76.0,0.0,7.0,63.0,13.0,25.9,1024.9,14.0,3.0,2025-12-13 09:38:49.740769+00:00
-0.1,-4.5,72.0,0.0,7.0,63.0,13.0,25.9,1024.8,17.0,3.0,2025-12-13 09:38:49.740769+00:00
-0.3,-5.1,70.0,0.0,7.0,64.0,13.0,25.9,1025.0,22.0,2.0,2025-12-13 09:38:49.740769+00:00
-0.6,-6.0,67.0,0.0,7.0,60.0,13.0,24.1,1025.1,24.0,2.0,2025-12-13 09:38:49.740769+00:00
-1.2,-6.9,65.0,0.0,7.0,73.0,11.1,20.4,1025.5,20.0,2.0,2025-12-13 09:38:49.740769+00:00
-2.2,-7.3,68.0,0.0,7.0,64.0,9.3,18.5,1025.9,7.0,2.0,2025-12-13 09:38:49.740769+00:00
-3.2,-7.7,71.0,0.0,7.0,62.0,9.3,16.7,1026.3,0.0,2.0,2025-12-13 09:38:49.740769+00:00
-3.9,-8.0,73.0,0.0,7.0,68.0,7.4,14.8,1026.6,0.0,1.0,2025-12-13 09:38:49.740769+00:00
-4.7,-8.1,77.0,0.0,7.0,70.0,9.3,14.8,1026.8,0.0,1.0,2025-12-13 09:38:49.740769+00:00
-5.4,-8.5,79.0,0.0,7.0,69.0,7.4,13.0,1027.0,0.0,1.0,2025-12-13 09:38:49.740769+00:00
-5.3,-8.5,78.0,0.0,7.0,63.0,7.4,13.0,1027.4,0.0,1.0,2025-12-13 09:38:49.740769+00:00
-6.0,-8.7,81.0,0.0,7.0,63.0,7.4,13.0,1027.5,0.0,1.0,2025-12-13 09:38:49.740769+00:00
-6.4,-8.7,84.0,0.0,7.0,59.0,5.5,11.1,1027.6,0.0,1.0,2025-12-13 09:38:49.740769+00:00
-7.2,-8.8,88.0,0.0,7.0,58.0,5.5,11.1,1027.5,0.0,1.0,2025-12-13 09:38:49.740769+00:00
-7.4,-8.9,89.0,0.0,7.0,46.0,5.5,11.1,1027.6,0.0,1.0,2025-12-13 09:38:49.740769+00:00
-7.7,-8.8,92.0,0.0,7.0,35.0,5.5,11.1,1027.6,0.0,1.0,2025-12-13 09:38:49.740769+00:00
-8.3,-9.6,90.0,0.0,7.0,47.0,3.7,9.3,1027.7,0.0,1.0,2025-12-13 09:38:49.740769+00:00
-8.7,-9.8,92.0,0.0,7.0,33.0,3.7,9.3,1027.8,0.0,1.0,2025-12-13 09:38:49.740769+00:00
-8.5,-9.8,90.0,0.0,7.0,20.0,3.7,9.3,1027.8,0.0,2.0,2025-12-13 09:38:49.740769+00:00
-7.9,-9.2,90.0,0.0,7.0,179.0,5.5,9.3,1027.9,11.0,2.0,2025-12-13 09:38:49.740769+00:00
-6.7,-8.8,85.0,0.0,8.0,220.0,3.7,9.3,1028.0,23.0,2.0,2025-12-13 09:38:49.740769+00:00
-5.4,-8.1,81.0,0.0,7.0,228.0,3.7,9.3,1028.1,32.0,2.0,2025-12-13 09:38:49.740769+00:00
-3.6,-7.9,72.0,0.0,7.0,233.0,3.7,7.4,1028.0,30.0,2.0,2025-12-13 09:38:49.740769+00:00
-2.4,-7.7,67.0,0.0,7.0,349.0,3.7,7.4,1027.9,32.0,2.0,2025-12-13 09:38:49.740769+00:00
-1.6,-7.7,63.0,0.0,7.0,314.0,3.7,11.1,1027.5,29.0,2.0,2025-12-13 09:38:49.740769+00:00
-1.1,-7.9,60.0,0.0,7.0,330.0,3.7,11.1,1027.4,32.0,2.0,2025-12-13 09:38:49.740769+00:00
-0.8,-8.0,58.0,0.0,7.0,325.0,5.5,11.1,1027.2,34.0,2.0,2025-12-13 09:38:49.740769+00:00
-1.1,-8.3,58.0,0.0,7.0,331.0,5.5,11.1,1027.1,31.0,2.0,2025-12-13 09:38:49.740769+00:00
-1.5,-9.1,56.0,0.0,7.0,339.0,5.5,11.1,1027.2,28.0,2.0,2025-12-13 09:38:49.740769+00:00
-2.9,-9.4,61.0,0.0,7.0,309.0,5.5,11.1,1027.2,9.0,2.0,2025-12-13 09:38:49.740769+00:00
-4.2,-9.6,66.0,0.0,7.0,310.0,5.5,11.1,1027.2,0.0,1.0,2025-12-13 09:38:49.740769+00:00
-5.1,-9.7,70.0,0.0,7.0,294.0,5.5,11.1,1027.5,0.0,1.0,2025-12-13 09:38:49.740769+00:00
-6.1,-9.8,75.0,0.0,7.0,287.0,5.5,9.3,1027.8,0.0,1.0,2025-12-13 09:38:49.740769+00:00
-6.8,-10.1,77.0,0.0,7.0,295.0,5.5,9.3,1028.1,0.0,1.0,2025-12-13 09:38:49.740769+00:00
-6.8,-10.1,77.0,0.0,7.0,300.0,5.5,9.3,1028.1,0.0,4.0,2025-12-13 09:38:49.740769+00:00
-7.3,-10.3,79.0,0.0,7.0,296.0,5.5,9.3,1028.4,0.0,1.0,2025-12-13 09:38:49.740769+00:00
-7.6,-10.4,80.0,0.0,7.0,290.0,5.5,11.1,1028.7,0.0,1.0,2025-12-13 09:38:49.740769+00:00
-8.1,-10.5,83.0,0.0,7.0,283.0,7.4,11.1,1028.7,0.0,1.0,2025-12-13 09:38:49.740769+00:00
-8.4,-10.6,84.0,0.0,7.0,283.0,7.4,11.1,1028.9,0.0,1.0,2025-12-13 09:38:49.740769+00:00
-8.6,-10.5,86.0,0.0,7.0,283.0,7.4,13.0,1029.0,0.0,1.0,2025-12-13 09:38:49.740769+00:00
-8.6,-11.1,82.0,0.0,7.0,284.0,7.4,13.0,1029.3,0.0,1.0,2025-12-13 09:38:49.740769+00:00
-9.0,-11.3,83.0,0.0,7.0,279.0,7.4,14.8,1029.6,0.0,1.0,2025-12-13 09:38:49.740769+00:00
-8.8,-11.5,81.0,0.0,7.0,277.0,7.4,13.0,1030.0,0.0,1.0,2025-12-13 09:38:49.740769+00:00
-7.9,-10.9,79.0,0.0,7.0,270.0,7.4,14.8,1030.3,15.0,1.0,2025-12-13 09:38:49.740769+00:00
-6.3,-10.3,73.0,0.0,7.0,270.0,7.4,14.8,1030.5,30.0,1.0,2025-12-13 09:38:49.740769+00:00
-4.6,-9.4,69.0,0.0,7.0,277.0,7.4,16.7,1030.7,39.0,1.0,2025-12-13 09:38:49.740769+00:00
-2.8,-9.9,58.0,0.0,7.0,269.0,7.4,14.8,1031.0,39.0,2.0,2025-12-13 09:38:49.740769+00:00
-1.5,-9.4,55.0,0.0,7.0,275.0,7.4,16.7,1031.2,41.0,2.0,2025-12-13 09:38:49.740769+00:00
-0.5,-9.1,52.0,0.0,7.0,269.0,7.4,16.7,1031.0,41.0,1.0,2025-12-13 09:38:49.740769+00:00
0.0,-8.9,51.0,0.0,7.0,271.0,7.4,18.5,1031.1,45.0,1.0,2025-12-13 09:38:49.740769+00:00
0.4,-9.1,49.0,0.0,7.0,267.0,7.4,18.5,1031.1,48.0,1.0,2025-12-13 09:38:49.740769+00:00
0.1,-9.3,49.0,0.0,7.0,266.0,7.4,16.7,1031.2,46.0,1.0,2025-12-13 09:38:49.740769+00:00
-0.4,-10.1,48.0,0.0,7.0,269.0,7.4,16.7,1031.2,37.0,1.0,2025-12-13 09:38:49.740769+00:00
-2.2,-10.2,54.0,0.0,7.0,267.0,7.4,14.8,1031.3,11.0,1.0,2025-12-13 09:38:49.740769+00:00
-3.7,-9.9,62.0,0.0,7.0,266.0,7.4,13.0,1031.4,0.0,1.0,2025-12-13 09:38:49.740769+00:00
-4.8,-9.8,68.0,0.0,7.0,259.0,7.4,13.0,1031.8,0.0,1.0,2025-12-13 09:38:49.740769+00:00
-5.7,-9.8,73.0,0.0,7.0,257.0,7.4,11.1,1032.1,0.0,1.0,2025-12-13 09:38:49.740769+00:00
-6.5,-9.9,77.0,0.0,7.0,254.0,5.5,11.1,1032.3,0.0,1.0,2025-12-13 09:38:49.740769+00:00
-7.1,-9.6,82.0,0.0,7.0,250.0,5.5,11.1,1032.4,0.0,1.0,2025-12-13 09:38:49.740769+00:00
-7.9,-9.8,86.0,0.0,7.0,236.0,5.5,9.3,1032.6,0.0,1.0,2025-12-13 09:38:49.740769+00:00
-8.5,-9.8,90.0,0.0,7.0,215.0,5.5,9.3,1032.5,0.0,1.0,2025-12-13 09:38:49.740769+00:00
-8.8,-9.5,95.0,0.0,7.0,201.0,5.5,9.3,1032.6,0.0,1.0,2025-12-13 09:38:49.740769+00:00
-9.4,-9.7,98.0,0.0,7.0,175.0,5.5,9.3,1032.5,0.0,1.0,2025-12-13 09:38:49.740769+00:00
-9.8,-9.8,100.0,0.0,7.0,165.0,5.5,9.3,1032.5,0.0,1.0,2025-12-13 09:38:49.740769+00:00
-9.0,-10.5,89.0,0.0,7.0,167.0,5.5,7.4,1032.7,0.0,1.0,2025-12-13 09:38:49.740769+00:00
-9.4,-10.5,92.0,0.0,7.0,172.0,5.5,9.3,1032.8,0.0,1.0,2025-12-13 09:38:49.740769+00:00
-9.0,-10.6,88.0,0.0,7.0,163.0,5.5,9.3,1032.8,0.0,1.0,2025-12-13 09:38:49.740769+00:00
-8.0,-9.9,86.0,0.0,7.0,154.0,7.4,11.1,1032.9,15.0,1.0,2025-12-13 09:38:49.740769+00:00
-5.9,-9.4,76.0,0.0,7.0,147.0,7.4,13.0,1033.0,30.0,1.0,2025-12-13 09:38:49.740769+00:00
-3.7,-8.2,71.0,0.0,7.0,141.0,7.4,14.8,1032.9,40.0,1.0,2025-12-13 09:38:49.740769+00:00
-1.3,-8.3,59.0,0.0,7.0,137.0,5.5,13.0,1032.9,41.0,1.0,2025-12-13 09:38:49.740769+00:00
0.3,-7.7,55.0,0.0,7.0,131.0,7.4,14.8,1032.7,43.0,1.0,2025-12-13 09:38:49.740769+00:00
1.5,-7.3,52.0,0.0,7.0,137.0,9.3,16.7,1032.3,43.0,1.0,2025-12-13 09:38:49.740769+00:00
2.1,-7.2,50.0,0.0,7.0,134.0,9.3,18.5,1032.0,47.0,1.0,2025-12-13 09:38:49.740769+00:00
2.2,-7.1,50.0,0.0,7.0,126.0,11.1,20.4,1031.8,51.0,1.0,2025-12-13 09:38:49.740769+00:00
1.8,-7.5,50.0,0.0,7.0,118.0,11.1,22.2,1031.4,49.0,1.0,2025-12-13 09:38:49.740769+00:00
1.3,-8.0,50.0,0.0,7.0,117.0,11.1,22.2,1031.3,39.0,1.0,2025-12-13 09:38:49.740769+00:00
-0.3,-8.2,55.0,0.0,7.0,119.0,13.0,22.2,1031.3,13.0,1.0,2025-12-13 09:38:49.740769+00:00
-1.5,-8.0,61.0,0.0,7.0,117.0,13.0,22.2,1031.2,0.0,1.0,2025-12-13 09:38:49.740769+00:00
-2.5,-8.2,65.0,0.0,7.0,122.0,13.0,24.1,1031.3,0.0,1.0,2025-12-13 09:38:49.740769+00:00
-3.2,-8.3,68.0,0.0,7.0,122.0,13.0,24.1,1031.3,0.0,1.0,2025-12-13 09:38:49.740769+00:00
-3.8,-8.5,70.0,0.0,7.0,122.0,13.0,24.1,1031.1,0.0,1.0,2025-12-13 09:38:49.740769+00:00
-3.5,-8.7,67.0,0.0,7.0,123.0,13.0,24.1,1031.0,0.0,1.0,2025-12-13 09:38:49.740769+00:00
-3.9,-8.6,70.0,0.0,7.0,123.0,14.8,25.9,1031.0,0.0,1.0,2025-12-13 09:38:49.740769+00:00
-4.4,-8.5,73.0,0.0,7.0,123.0,14.8,25.9,1031.2,0.0,1.0,2025-12-13 09:38:49.740769+00:00
-4.9,-8.5,76.0,0.0,7.0,123.0,14.8,27.8,1030.9,0.0,1.0,2025-12-13 09:38:49.740769+00:00
-5.4,-8.6,78.0,0.0,7.0,126.0,14.8,25.9,1030.5,0.0,1.0,2025-12-13 09:38:49.740769+00:00
-5.7,-8.8,79.0,0.0,7.0,127.0,14.8,27.8,1030.2,0.0,1.0,2025-12-13 09:38:49.740769+00:00
-5.8,-8.8,79.0,0.0,7.0,127.0,14.8,27.8,1030.0,0.0,1.0,2025-12-13 09:38:49.740769+00:00
-6.0,-9.0,79.0,0.0,7.0,130.0,14.8,25.9,1029.7,0.0,1.0,2025-12-13 09:38:49.740769+00:00
-5.9,-9.1,78.0,0.0,7.0,131.0,14.8,25.9,1029.5,0.0,1.0,2025-12-13 09:38:49.740769+00:00
-5.4,-9.0,76.0,0.0,7.0,134.0,14.8,25.9,1029.4,17.0,1.0,2025-12-13 09:38:49.740769+00:00
-4.3,-8.4,73.0,0.0,7.0,137.0,14.8,25.9,1029.4,33.0,1.0,2025-12-13 09:38:49.740769+00:00
-2.9,-8.4,66.0,0.0,7.0,136.0,14.8,27.8,1029.2,43.0,1.0,2025-12-13 09:38:49.740769+00:00
-0.4,-7.6,58.0,0.0,7.0,140.0,13.0,25.9,1028.8,44.0,1.0,2025-12-13 09:38:49.740769+00:00
0.7,-7.5,54.0,0.0,7.0,141.0,14.8,25.9,1028.4,44.0,1.0,2025-12-13 09:38:49.740769+00:00
1.6,-7.4,51.0,0.0,6.0,143.0,14.8,27.8,1027.8,44.0,1.0,2025-12-13 09:38:49.740769+00:00
2.3,-7.6,48.0,0.0,6.0,142.0,14.8,27.8,1027.5,45.0,1.0,2025-12-13 09:38:49.740769+00:00
2.7,-7.5,47.0,0.0,6.0,141.0,14.8,27.8,1027.2,47.0,1.0,2025-12-13 09:38:49.740769+00:00
2.6,-7.6,47.0,0.0,6.0,137.0,14.8,27.8,1027.0,44.0,1.0,2025-12-13 09:38:49.740769+00:00
2.6,-7.3,48.0,0.0,6.0,137.0,14.8,27.8,1026.7,33.0,2.0,2025-12-13 09:38:49.740769+00:00
1.6,-7.2,52.0,0.0,6.0,141.0,14.8,25.9,1026.7,15.0,2.0,2025-12-13 09:38:49.740769+00:00
1.0,-6.3,58.0,0.0,6.0,141.0,14.8,24.1,1026.8,0.0,2.0,2025-12-13 09:38:49.740769+00:00
0.3,-5.7,64.0,0.0,6.0,144.0,14.8,25.9,1026.6,0.0,2.0,2025-12-13 09:38:49.740769+00:00
0.1,-5.7,65.0,0.0,6.0,144.0,14.8,25.9,1026.5,0.0,3.0,2025-12-13 09:38:49.740769+00:00
0.0,-4.8,70.0,0.0,6.0,147.0,14.8,24.1,1026.3,0.0,3.0,2025-12-13 09:38:49.740769+00:00
0.3,-3.8,74.0,0.0,6.0,151.0,13.0,22.2,1026.2,0.0,4.0,2025-12-13 09:38:49.740769+00:00
0.4,-3.5,75.0,0.0,6.0,150.0,13.0,22.2,1025.9,0.0,4.0,2025-12-13 09:38:49.740769+00:00
0.6,-3.1,76.0,0.0,6.0,150.0,13.0,22.2,1025.8,0.0,4.0,2025-12-13 09:38:49.740769+00:00
0.9,-2.5,78.0,0.0,6.0,150.0,13.0,24.1,1025.5,0.0,4.0,2025-12-13 09:38:49.740769+00:00
1.1,-2.0,80.0,0.0,6.0,150.0,13.0,22.2,1025.5,0.0,4.0,2025-12-13 09:38:49.740769+00:00
1.5,-1.4,81.0,0.0,6.0,154.0,13.0,24.1,1025.4,0.0,4.0,2025-12-13 09:38:49.740769+00:00
1.4,-0.7,86.0,0.0,6.0,153.0,13.0,24.1,1025.0,0.0,4.0,2025-12-13 09:38:49.740769+00:00
1.5,-0.3,88.0,0.0,6.0,159.0,13.0,22.2,1025.0,0.0,4.0,2025-12-13 09:38:49.740769+00:00
1.8,0.0,88.0,0.0,6.0,165.0,13.0,22.2,1025.0,0.0,4.0,2025-12-13 09:38:49.740769+00:00
2.1,0.6,90.0,0.0,6.0,171.0,11.1,22.2,1025.2,0.0,4.0,2025-12-13 09:38:49.740769+00:00
2.8,1.2,89.0,0.0,6.0,173.0,11.1,22.2,1025.3,1.0,4.0,2025-12-13 09:38:49.740769+00:00
4.0,1.9,86.0,0.0,6.0,172.0,11.1,20.4,1025.4,3.0,4.0,2025-12-13 09:38:49.740769+00:00
5.2,2.4,82.0,0.0,6.0,173.0,11.1,20.4,1025.4,4.0,4.0,2025-12-13 09:38:49.740769+00:00
6.2,3.4,82.0,0.0,5.0,169.0,9.3,18.5,1025.2,5.0,4.0,2025-12-13 09:38:49.740769+00:00
7.4,3.4,76.0,0.0,5.0,165.0,11.1,18.5,1024.9,6.0,4.0,2025-12-13 09:38:49.740769+00:00
8.2,4.0,75.0,0.0,4.0,159.0,11.1,18.5,1024.6,9.0,4.0,2025-12-13 09:38:49.740769+00:00
8.7,4.1,73.0,0.0,0.0,155.0,11.1,20.4,1024.4,11.0,4.0,2025-12-13 09:38:49.740769+00:00
8.4,3.8,73.0,0.0,0.0,148.0,11.1,20.4,1024.2,12.0,4.0,2025-12-13 09:38:49.740769+00:00
8.1,3.7,74.0,0.0,0.0,141.0,11.1,22.2,1024.0,7.0,4.0,2025-12-13 09:38:49.740769+00:00
7.0,3.4,78.0,0.0,0.0,144.0,13.0,20.4,1024.0,3.0,4.0,2025-12-13 09:38:49.740769+00:00
6.0,3.0,81.0,0.0,0.0,146.0,13.0,22.2,1024.0,0.0,3.0,2025-12-13 09:38:49.740769+00:00
5.2,2.9,85.0,0.0,0.0,150.0,14.8,22.2,1023.8,0.0,3.0,2025-12-13 09:38:49.740769+00:00
4.6,2.1,84.0,0.0,0.0,153.0,14.8,24.1,1023.5,0.0,3.0,2025-12-13 09:38:49.740769+00:00
4.0,1.9,86.0,0.0,0.0,154.0,14.8,24.1,1023.3,0.0,3.0,2025-12-13 09:38:49.740769+00:00
3.4,3.0,97.0,0.0,0.0,156.0,14.8,24.1,1023.1,0.0,4.0,2025-12-13 09:38:49.740769+00:00
3.0,2.4,96.0,0.0,0.0,155.0,14.8,24.1,1022.8,0.0,3.0,2025-12-13 09:38:49.740769+00:00
2.7,2.0,95.0,0.0,0.0,153.0,14.8,25.9,1022.5,0.0,3.0,2025-12-13 09:38:49.740769+00:00
2.2,1.3,94.0,0.0,0.0,151.0,14.8,25.9,1022.3,0.0,3.0,2025-12-13 09:38:49.740769+00:00
1.9,0.7,92.0,0.0,0.0,151.0,14.8,25.9,1022.1,0.0,2.0,2025-12-13 09:38:49.740769+00:00
1.6,0.4,92.0,0.0,0.0,152.0,16.7,27.8,1021.8,0.0,2.0,2025-12-13 09:38:49.740769+00:00
1.4,0.4,93.0,0.0,0.0,153.0,16.7,27.8,1021.4,0.0,2.0,2025-12-13 09:38:49.740769+00:00
1.3,-0.0,91.0,0.0,0.0,155.0,16.7,27.8,1021.3,0.0,1.0,2025-12-13 09:38:49.740769+00:00
1.5,-0.4,87.0,0.0,0.0,156.0,14.8,25.9,1021.2,4.0,1.0,2025-12-13 09:38:49.740769+00:00
1.8,-0.6,84.0,0.0,0.0,158.0,14.8,25.9,1021.1,13.0,1.0,2025-12-13 09:38:49.740769+00:00
2.8,-0.3,80.0,0.0,0.0,160.0,14.8,25.9,1021.1,26.0,1.0,2025-12-13 09:38:49.740769+00:00
4.0,-0.2,74.0,0.0,0.0,161.0,14.8,27.8,1020.9,33.0,1.0,2025-12-13 09:38:49.740769+00:00
6.8,1.5,69.0,0.0,0.0,160.0,13.0,25.9,1020.7,33.0,2.0,2025-12-13 09:38:49.740769+00:00
8.1,1.5,63.0,0.0,0.0,164.0,14.8,25.9,1020.6,33.0,2.0,2025-12-13 09:38:49.740769+00:00
9.1,1.5,59.0,0.0,0.0,167.0,14.8,25.9,1020.4,27.0,2.0,2025-12-13 09:38:49.740769+00:00
9.8,1.4,56.0,0.0,0.0,166.0,14.8,27.8,1020.2,28.0,2.0,2025-12-13 09:38:49.740769+00:00
10.2,1.3,54.0,0.0,0.0,165.0,16.7,29.6,1020.0,26.0,3.0,2025-12-13 09:38:49.740769+00:00
10.0,1.4,55.0,0.0,0.0,163.0,14.8,27.8,1019.8,24.0,3.0,2025-12-13 09:38:49.740769+00:00
9.8,1.4,56.0,0.0,0.0,157.0,14.8,27.8,1019.7,16.0,3.0,2025-12-13 09:38:49.740769+00:00
8.4,1.1,60.0,0.0,0.0,159.0,14.8,25.9,1020.0,8.0,3.0,2025-12-13 09:38:49.740769+00:00
7.3,0.9,64.0,0.0,0.0,163.0,14.8,25.9,1020.4,0.0,3.0,2025-12-13 09:38:49.740769+00:00
6.5,1.0,68.0,0.0,0.0,167.0,14.8,24.1,1020.5,0.0,3.0,2025-12-13 09:38:49.740769+00:00
5.7,0.9,71.0,0.0,0.0,171.0,14.8,24.1,1020.7,0.0,3.0,2025-12-13 09:38:49.740769+00:00
5.2,1.1,75.0,0.0,0.0,179.0,13.0,22.2,1021.0,0.0,3.0,2025-12-13 09:38:49.740769+00:00
5.6,2.6,81.0,0.0,0.0,186.0,13.0,20.4,1021.1,0.0,4.0,2025-12-13 09:38:49.740769+00:00
5.5,2.7,82.0,0.0,0.0,190.0,13.0,20.4,1021.5,0.0,4.0,2025-12-13 09:38:49.740769+00:00
5.4,2.7,83.0,0.0,0.0,198.0,13.0,20.4,1022.1,0.0,4.0,2025-12-13 09:38:49.740769+00:00
5.1,3.0,86.0,0.0,0.0,205.0,11.1,18.5,1022.5,0.0,4.0,2025-12-13 09:38:49.740769+00:00
5.1,3.1,87.0,0.0,0.0,209.0,11.1,18.5,1022.8,0.0,4.0,2025-12-13 09:38:49.740769+00:00
5.2,3.5,89.0,0.0,0.0,217.0,11.1,20.4,1023.2,0.0,4.0,2025-12-13 09:38:49.740769+00:00
5.0,3.8,92.0,0.0,0.0,221.0,11.1,18.5,1023.6,0.0,4.0,2025-12-13 09:38:49.740769+00:00
5.2,4.0,92.0,0.0,0.0,230.0,11.1,18.5,1024.0,0.0,4.0,2025-12-13 09:38:49.740769+00:00
5.5,4.3,92.0,0.0,0.0,241.0,11.1,20.4,1024.3,0.0,4.0,2025-12-13 09:38:49.740769+00:00
6.1,4.9,92.0,0.0,0.0,255.0,11.1,22.2,1024.9,0.0,4.0,2025-12-13 09:38:49.740769+00:00
6.8,5.4,91.0,0.0,0.0,266.0,11.1,22.2,1025.7,0.0,7.0,2025-12-13 09:38:49.740769+00:00
7.5,6.3,92.0,0.0,0.0,277.0,13.0,25.9,1026.4,0.0,7.0,2025-12-13 09:38:49.740769+00:00
8.3,6.4,88.0,0.0,0.0,281.0,14.8,25.9,1026.5,0.0,7.0,2025-12-13 09:38:49.740769+00:00
8.8,6.8,87.0,0.0,0.0,286.0,14.8,27.8,1027.1,0.0,7.0,2025-12-13 09:38:49.740769+00:00
9.3,6.7,84.0,0.0,0.0,289.0,14.8,27.8,1027.5,0.0,7.0,2025-12-13 09:38:49.740769+00:00
9.7,6.6,81.0,0.0,0.0,289.0,13.0,27.8,1027.8,3.0,4.0,2025-12-13 09:38:49.740769+00:00
10.0,6.3,78.0,0.0,0.0,289.0,13.0,25.9,1027.8,6.0,4.0,2025-12-13 09:38:49.740769+00:00
9.9,5.9,76.0,0.0,0.0,288.0,11.1,24.1,1028.0,8.0,4.0,2025-12-13 09:38:49.740769+00:00
9.8,5.4,74.0,0.0,0.0,280.0,9.3,20.4,1028.2,8.0,4.0,2025-12-13 09:38:49.740769+00:00
8.4,5.2,80.0,0.0,0.0,270.0,9.3,18.5,1028.4,5.0,4.0,2025-12-13 09:38:49.740769+00:00
7.0,5.0,87.0,0.0,0.0,253.0,9.3,14.8,1028.4,0.0,3.0,2025-12-13 09:38:49.740769+00:00
5.9,4.5,91.0,0.0,0.0,239.0,7.4,13.0,1028.4,0.0,2.0,2025-12-13 09:38:49.740769+00:00
4.7,4.1,96.0,0.0,0.0,227.0,9.3,14.8,1028.3,0.0,2.0,2025-12-13 09:38:49.740769+00:00
3.8,3.8,100.0,0.0,0.0,216.0,9.3,14.8,1028.3,0.0,2.0,2025-12-13 09:38:49.740769+00:00
3.3,3.3,100.0,0.0,0.0,201.0,9.3,14.8,1028.2,0.0,2.0,2025-12-13 09:38:49.740769+00:00
3.0,3.0,100.0,0.0,0.0,194.0,9.3,14.8,1028.1,0.0,2.0,2025-12-13 09:38:49.740769+00:00
2.6,2.6,100.0,0.0,0.0,186.0,11.1,16.7,1027.9,0.0,1.0,2025-12-13 09:38:49.740769+00:00
2.3,2.3,100.0,0.0,0.0,183.0,11.1,16.7,1027.6,0.0,1.0,2025-12-13 09:38:49.740769+00:00
2.0,2.0,100.0,0.0,0.0,183.0,11.1,18.5,1027.2,0.0,2.0,2025-12-13 09:38:49.740769+00:00
1.8,1.8,100.0,0.0,0.0,181.0,13.0,18.5,1026.8,0.0,2.0,2025-12-13 09:38:49.740769+00:00
1.4,1.4,100.0,0.0,0.0,182.0,13.0,20.4,1026.3,0.0,2.0,2025-12-13 09:38:49.740769+00:00
1.4,1.4,100.0,0.0,0.0,181.0,13.0,20.4,1026.0,0.0,2.0,2025-12-13 09:38:49.740769+00:00
1.8,1.8,100.0,0.0,0.0,180.0,13.0,20.4,1025.6,6.0,2.0,2025-12-13 09:38:49.740769+00:00
2.6,2.3,98.0,0.0,0.0,180.0,13.0,20.4,1025.3,13.0,2.0,2025-12-13 09:38:49.740769+00:00
3.9,2.9,93.0,0.0,0.0,179.0,13.0,24.1,1025.1,22.0,2.0,2025-12-13 09:38:49.740769+00:00
5.8,3.3,84.0,0.0,0.0,181.0,14.8,24.1,1024.7,26.0,2.0,2025-12-13 09:38:49.740769+00:00
8.2,3.5,72.0,0.0,0.0,181.0,13.0,22.2,1023.9,24.0,3.0,2025-12-13 09:38:49.740769+00:00
10.0,3.7,65.0,0.0,0.0,184.0,13.0,25.9,1023.2,25.0,3.0,2025-12-13 09:38:49.740769+00:00
11.2,4.0,61.0,0.0,0.0,186.0,14.8,27.8,1022.4,22.0,3.0,2025-12-13 09:38:49.740769+00:00
12.0,4.2,59.0,0.0,0.0,185.0,16.7,29.6,1021.6,24.0,3.0,2025-12-13 09:38:49.740769+00:00
12.4,4.1,57.0,0.0,0.0,183.0,16.7,31.5,1020.7,24.0,3.0,2025-12-13 09:38:49.740769+00:00
12.1,3.8,57.0,0.0,0.0,182.0,16.7,31.5,1020.0,20.0,3.0,2025-12-13 09:38:49.740769+00:00
12.0,3.7,57.0,0.0,0.0,182.0,16.7,29.6,1019.2,14.0,3.0,2025-12-13 09:38:49.740769+00:00
11.0,3.5,60.0,0.0,0.0,179.0,16.7,29.6,1018.9,6.0,3.0,2025-12-13 09:38:49.740769+00:00
10.2,3.7,64.0,0.0,0.0,177.0,16.7,27.8,1018.3,0.0,3.0,2025-12-13 09:38:49.740769+00:00
9.8,3.8,66.0,0.0,0.0,178.0,16.7,29.6,1017.9,0.0,3.0,2025-12-13 09:38:49.740769+00:00
9.3,4.3,71.0,0.0,0.0,181.0,16.7,29.6,1017.6,0.0,3.0,2025-12-13 09:38:49.740769+00:00
9.0,4.4,73.0,0.0,0.0,185.0,16.7,27.8,1017.3,0.0,4.0,2025-12-13 09:38:49.740769+00:00
9.7,4.5,70.0,0.0,0.0,189.0,14.8,27.8,1016.8,0.0,4.0,2025-12-13 09:38:49.740769+00:00
9.2,4.4,72.0,0.0,0.0,188.0,14.8,25.9,1016.5,0.0,4.0,2025-12-13 09:38:49.740769+00:00
8.8,4.6,75.0,0.0,0.0,190.0,14.8,24.1,1016.3,0.0,7.0,2025-12-13 09:38:49.740769+00:00
8.4,5.0,79.0,0.0,0.0,192.0,13.0,24.1,1016.0,0.0,7.0,2025-12-13 09:38:49.740769+00:00
8.0,5.1,82.0,0.1,0.0,195.0,13.0,22.2,1015.8,0.0,7.0,2025-12-13 09:38:49.740769+00:00
7.7,5.3,85.0,0.1,0.0,198.0,13.0,22.2,1015.5,0.0,7.0,2025-12-13 09:38:49.740769+00:00
7.7,5.7,87.0,0.6,0.0,202.0,13.0,24.1,1015.3,0.0,7.0,2025-12-13 09:38:49.740769+00:00
7.6,6.4,92.0,0.9,0.0,211.0,13.0,22.2,1015.3,0.0,7.0,2025-12-13 09:38:49.740769+00:00
7.6,6.5,93.0,1.0,0.0,219.0,11.1,22.2,1015.4,0.0,7.0,2025-12-13 09:38:49.740769+00:00
7.6,7.0,96.0,0.1,0.0,229.0,11.1,22.2,1015.4,0.0,7.0,2025-12-13 09:38:49.740769+00:00
7.8,7.2,96.0,0.1,0.0,241.0,11.1,20.4,1015.6,0.0,7.0,2025-12-13 09:38:49.740769+00:00
8.2,7.4,95.0,0.0,0.0,251.0,9.3,20.4,1015.6,4.0,7.0,2025-12-13 09:38:49.740769+00:00
9.3,7.9,91.0,0.4,0.0,252.0,9.3,18.5,1015.5,2.0,7.0,2025-12-13 09:38:49.740769+00:00
10.0,7.9,87.0,0.0,0.0,254.0,7.4,18.5,1015.3,3.0,7.0,2025-12-13 09:38:49.740769+00:00
10.5,7.7,83.0,0.0,0.0,249.0,7.4,18.5,1015.0,3.0,7.0,2025-12-13 09:38:49.740769+00:00
11.0,7.5,79.0,0.0,0.0,240.0,7.4,18.5,1014.6,7.0,7.0,2025-12-13 09:38:49.740769+00:00
11.2,6.9,75.0,0.0,0.0,233.0,7.4,16.7,1014.2,10.0,4.0,2025-12-13 09:38:49.740769+00:00
11.2,6.3,72.0,0.0,0.0,219.0,7.4,16.7,1013.8,10.0,7.0,2025-12-13 09:38:49.740769+00:00
11.2,6.3,72.0,0.0,0.0,198.0,5.5,14.8,1013.9,9.0,7.0,2025-12-13 09:38:49.740769+00:00
9.6,6.0,78.0,0.0,0.0,179.0,7.4,14.8,1014.0,5.0,3.0,2025-12-13 09:38:49.740769+00:00
8.5,6.0,84.0,0.0,0.0,162.0,7.4,13.0,1014.0,0.0,4.0,2025-12-13 09:38:49.740769+00:00
7.7,5.8,88.0,0.0,0.0,148.0,7.4,13.0,1013.9,0.0,4.0,2025-12-13 09:38:49.740769+00:00
6.8,5.9,94.0,0.0,0.0,137.0,7.4,13.0,1013.8,0.0,4.0,2025-12-13 09:38:49.740769+00:00
6.2,5.8,97.0,0.0,0.0,127.0,7.4,14.8,1013.7,0.0,4.0,2025-12-13 09:38:49.740769+00:00
6.2,5.6,96.0,0.0,0.0,126.0,7.4,14.8,1013.5,0.0,4.0,2025-12-13 09:38:49.740769+00:00
5.7,5.3,97.0,0.0,0.0,121.0,9.3,14.8,1013.4,0.0,4.0,2025-12-13 09:38:49.740769+00:00
5.4,4.8,96.0,0.0,0.0,114.0,9.3,16.7,1013.2,0.0,4.0,2025-12-13 09:38:49.740769+00:00
5.0,4.6,97.0,0.0,0.0,111.0,9.3,18.5,1013.2,0.0,4.0,2025-12-13 09:38:49.740769+00:00
4.8,4.4,97.0,0.0,0.0,111.0,11.1,18.5,1013.0,0.0,4.0,2025-12-13 09:38:49.740769+00:00
4.7,4.4,98.0,0.0,0.0,111.0,11.1,20.4,1012.9,0.0,4.0,2025-12-13 09:38:49.740769+00:00
4.4,4.1,98.0,0.0,0.0,118.0,11.1,20.4,1012.7,0.0,4.0,2025-12-13 09:38:49.740769+00:00
4.4,4.4,100.0,0.0,0.0,120.0,11.1,20.4,1012.6,0.0,7.0,2025-12-13 09:38:49.740769+00:00
4.6,4.6,100.0,0.0,0.0,124.0,9.3,20.4,1012.5,0.0,7.0,2025-12-13 09:38:49.740769+00:00
4.8,4.8,100.0,0.1,0.0,127.0,9.3,18.5,1012.7,0.0,7.0,2025-12-13 09:38:49.740769+00:00
5.1,5.1,100.0,0.4,0.0,130.0,9.3,18.5,1013.0,0.0,7.0,2025-12-13 09:38:49.740769+00:00
5.5,5.5,100.0,0.0,0.0,134.0,9.3,18.5,1013.2,0.0,7.0,2025-12-13 09:38:49.740769+00:00
6.2,5.8,97.0,0.1,0.0,150.0,7.4,16.7,1013.1,0.0,7.0,2025-12-13 09:38:49.740769+00:00
6.9,6.0,94.0,0.0,0.0,171.0,7.4,16.7,1013.0,0.0,7.0,2025-12-13 09:38:49.740769+00:00
7.5,6.3,92.0,0.0,0.0,182.0,7.4,16.7,1012.9,0.0,7.0,2025-12-13 09:38:49.740769+00:00
7.6,6.4,92.0,0.0,0.0,205.0,7.4,16.7,1012.9,0.0,7.0,2025-12-13 09:38:49.740769+00:00
7.5,6.4,93.0,0.0,0.0,255.0,7.4,18.5,1013.1,0.0,7.0,2025-12-13 09:38:49.740769+00:00
7.1,6.4,95.0,0.0,0.0,277.0,7.4,18.5,1013.4,0.0,7.0,2025-12-13 09:38:49.740769+00:00
6.7,6.3,97.0,0.0,0.0,284.0,9.3,18.5,1013.6,0.0,7.0,2025-12-13 09:38:49.740769+00:00
6.3,6.3,100.0,0.0,0.0,288.0,9.3,20.4,1014.0,0.0,7.0,2025-12-13 09:38:49.740769+00:00
6.1,6.1,100.0,0.4,0.0,287.0,9.3,20.4,1014.4,0.0,7.0,2025-12-13 09:38:49.740769+00:00
5.9,5.9,100.0,0.0,0.0,285.0,11.1,20.4,1014.9,0.0,7.0,2025-12-13 09:38:49.740769+00:00
5.8,5.8,100.0,0.0,0.0,285.0,11.1,22.2,1015.4,0.0,7.0,2025-12-13 09:38:49.740769+00:00
5.7,5.7,100.0,0.0,0.0,285.0,11.1,22.2,1015.9,0.0,7.0,2025-12-13 09:38:49.740769+00:00
5.8,5.8,100.0,0.0,0.0,281.0,11.1,22.2,1016.5,0.0,7.0,2025-12-13 09:38:49.740769+00:00
5.7,5.7,100.0,0.0,0.0,277.0,11.1,20.4,1016.6,0.0,7.0,2025-12-13 09:38:49.740769+00:00
5.6,5.5,99.0,0.0,0.0,270.0,9.3,20.4,1016.5,0.0,4.0,2025-12-13 09:38:49.740769+00:00
5.4,5.3,99.0,0.0,0.0,261.0,9.3,18.5,1016.5,0.0,4.0,2025-12-13 09:38:49.740769+00:00
5.3,5.2,99.0,0.0,0.0,256.0,9.3,16.7,1016.5,0.0,4.0,2025-12-13 09:38:49.740769+00:00
5.0,5.0,100.0,0.0,0.0,236.0,9.3,16.7,1016.5,0.0,4.0,2025-12-13 09:38:49.740769+00:00
4.8,4.7,99.0,0.0,0.0,222.0,7.4,14.8,1016.5,0.0,4.0,2025-12-13 09:38:49.740769+00:00
4.5,4.5,100.0,0.0,0.0,215.0,7.4,14.8,1016.5,0.0,4.0,2025-12-13 09:38:49.740769+00:00
4.2,4.2,100.0,0.0,0.0,203.0,7.4,14.8,1016.6,0.0,4.0,2025-12-13 09:38:49.740769+00:00
4.4,4.3,99.0,0.0,0.0,196.0,9.3,16.7,1016.6,5.0,3.0,2025-12-13 09:38:49.740769+00:00
4.9,4.2,95.0,0.0,0.0,192.0,9.3,18.5,1016.7,10.0,3.0,2025-12-13 09:38:49.740769+00:00
5.8,4.0,88.0,0.0,0.0,196.0,11.1,22.2,1016.7,17.0,3.0,2025-12-13 09:38:49.740769+00:00
7.6,4.0,78.0,0.0,0.0,201.0,11.1,20.4,1016.6,16.0,4.0,2025-12-13 09:38:49.740769+00:00
8.6,3.4,70.0,0.0,0.0,205.0,11.1,22.2,1016.4,16.0,3.0,2025-12-13 09:38:49.740769+00:00
8.7,2.9,67.0,0.0,0.0,211.0,11.1,24.1,1016.0,11.0,3.0,2025-12-13 09:38:49.740769+00:00
8.6,2.6,66.0,0.0,0.0,216.0,11.1,25.9,1016.0,10.0,3.0,2025-12-13 09:38:49.740769+00:00
8.2,2.2,66.0,0.0,0.0,220.0,11.1,24.1,1016.1,8.0,4.0,2025-12-13 09:38:49.740769+00:00
7.3,2.4,71.0,0.0,0.0,227.0,11.1,24.1,1016.3,3.0,7.0,2025-12-13 09:38:49.740769+00:00
7.4,2.3,70.0,0.0,0.0,232.0,11.1,22.2,1016.1,0.0,7.0,2025-12-13 09:38:49.740769+00:00
6.2,2.7,78.0,0.0,0.0,238.0,9.3,20.4,1016.6,0.0,7.0,2025-12-13 09:38:49.740769+00:00
5.3,3.0,85.0,0.0,0.0,242.0,7.4,16.7,1017.1,0.0,7.0,2025-12-13 09:38:49.740769+00:00
4.7,3.4,91.0,0.0,0.0,245.0,7.4,16.7,1017.5,0.0,7.0,2025-12-13 09:38:49.740769+00:00
4.2,3.5,95.0,0.0,0.0,247.0,7.4,14.8,1018.0,0.0,7.0,2025-12-13 09:38:49.740769+00:00
3.8,3.7,99.0,0.0,0.0,245.0,7.4,14.8,1018.4,0.0,7.0,2025-12-13 09:38:49.740769+00:00
3.6,3.3,98.0,0.2,0.0,244.0,7.4,14.8,1018.6,0.0,7.0,2025-12-13 09:38:49.740769+00:00
3.1,3.1,100.0,0.1,0.0,251.0,7.4,14.8,1018.6,0.0,7.0,2025-12-13 09:38:49.740769+00:00
2.8,2.8,100.0,0.0,0.0,253.0,7.4,14.8,1018.7,0.0,7.0,2025-12-13 09:38:49.740769+00:00
2.6,2.6,100.0,0.0,0.0,261.0,7.4,14.8,1018.7,0.0,4.0,2025-12-13 09:38:49.740769+00:00
2.4,2.4,100.0,0.0,0.0,267.0,9.3,14.8,1018.8,0.0,4.0,2025-12-13 09:38:49.740769+00:00
2.1,2.1,100.0,0.0,0.0,269.0,9.3,14.8,1019.0,0.0,4.0,2025-12-13 09:38:49.740769+00:00
1.8,1.8,100.0,0.0,0.0,279.0,7.4,14.8,1018.9,0.0,4.0,2025-12-13 09:38:49.740769+00:00
1.6,1.6,100.0,0.0,0.0,275.0,7.4,14.8,1019.1,0.0,4.0,2025-12-13 09:38:49.740769+00:00
1.7,1.7,100.0,0.0,0.0,277.0,9.3,14.8,1019.5,0.0,4.0,2025-12-13 09:38:49.740769+00:00
1.9,1.9,100.0,0.0,0.0,280.0,9.3,16.7,1019.8,3.0,4.0,2025-12-13 09:38:49.740769+00:00
2.4,2.4,100.0,0.0,0.0,284.0,11.1,18.5,1020.4,4.0,4.0,2025-12-13 09:38:49.740769+00:00
2.9,2.8,99.0,0.0,0.0,289.0,11.1,20.4,1020.8,4.0,4.0,2025-12-13 09:38:49.740769+00:00
4.0,2.7,91.0,0.0,0.0,288.0,11.1,22.2,1021.0,0.0,7.0,2025-12-13 09:38:49.740769+00:00
4.5,2.8,89.0,0.0,0.0,293.0,11.1,24.1,1021.3,0.0,7.0,2025-12-13 09:38:49.740769+00:00
4.7,2.9,88.0,0.0,0.0,295.0,13.0,25.9,1021.5,0.0,7.0,2025-12-13 09:38:49.740769+00:00
4.7,2.9,88.0,0.0,0.0,299.0,11.1,25.9,1021.6,0.0,7.0,2025-12-13 09:38:49.740769+00:00
4.8,3.0,88.0,0.0,0.0,304.0,13.0,25.9,1021.8,0.0,7.0,2025-12-13 09:38:49.740769+00:00
4.6,2.9,89.0,0.4,0.0,309.0,11.1,25.9,1022.0,0.0,7.0,2025-12-13 09:38:49.740769+00:00
4.4,3.1,91.0,1.2,0.0,312.0,11.1,24.1,1022.4,0.0,7.0,2025-12-13 09:38:49.740769+00:00
4.1,3.4,95.0,0.7,0.0,315.0,11.1,24.1,1022.9,0.0,7.0,2025-12-13 09:38:49.740769+00:00
3.9,3.5,97.0,0.9,0.0,318.0,11.1,22.2,1023.5,0.0,7.0,2025-12-13 09:38:49.740769+00:00
3.9,3.6,98.0,0.6,0.0,322.0,11.1,22.2,1024.0,0.0,7.0,2025-12-13 09:38:49.740769+00:00
4.0,3.6,97.0,0.0,0.0,326.0,11.1,24.1,1024.4,0.0,7.0,2025-12-13 09:38:49.740769+00:00
3.7,3.6,99.0,0.1,0.0,331.0,13.0,24.1,1024.8,0.0,7.0,2025-12-13 09:38:49.740769+00:00
4.0,2.8,92.0,0.1,0.0,345.0,14.8,29.6,1024.7,0.0,7.0,2025-12-13 09:38:49.740769+00:00
3.8,2.8,93.0,0.0,0.0,349.0,13.0,27.8,1025.2,0.0,7.0,2025-12-13 09:38:49.740769+00:00
3.9,2.7,92.0,0.0,0.0,351.0,13.0,25.9,1025.5,0.0,7.0,2025-12-13 09:38:49.740769+00:00
3.9,2.6,91.0,0.0,0.0,354.0,13.0,25.9,1026.0,0.0,7.0,2025-12-13 09:38:49.740769+00:00
3.7,2.4,91.0,0.0,0.0,353.0,11.1,24.1,1026.5,0.0,7.0,2025-12-13 09:38:49.740769+00:00
3.5,2.5,93.0,0.0,0.0,349.0,11.1,22.2,1027.0,0.0,7.0,2025-12-13 09:38:49.740769+00:00
3.3,2.4,94.0,0.0,0.0,351.0,11.1,22.2,1027.4,0.0,7.0,2025-12-13 09:38:49.740769+00:00
3.1,2.4,95.0,0.0,0.0,339.0,11.1,20.4,1028.0,0.0,7.0,2025-12-13 09:38:49.740769+00:00
3.0,2.4,96.0,0.0,0.0,329.0,9.3,18.5,1028.4,0.0,7.0,2025-12-13 09:38:49.740769+00:00
3.0,2.4,96.0,0.0,0.0,322.0,11.1,20.4,1029.1,0.0,4.0,2025-12-13 09:38:49.740769+00:00
3.2,2.3,94.0,0.0,0.0,319.0,11.1,22.2,1029.8,0.0,4.0,2025-12-13 09:38:49.740769+00:00
3.6,2.3,91.0,0.0,0.0,318.0,13.0,24.1,1030.3,2.0,4.0,2025-12-13 09:38:49.740769+00:00
4.1,1.8,85.0,0.0,0.0,314.0,11.1,24.1,1030.5,1.0,7.0,2025-12-13 09:38:49.740769+00:00
4.5,1.5,81.0,0.0,0.0,312.0,13.0,24.1,1030.7,1.0,4.0,2025-12-13 09:38:49.740769+00:00
4.8,1.1,77.0,0.0,0.0,309.0,13.0,25.9,1030.7,2.0,4.0,2025-12-13 09:38:49.740769+00:00
5.0,0.8,74.0,0.0,0.0,309.0,13.0,27.8,1030.8,6.0,4.0,2025-12-13 09:38:49.740769+00:00
5.3,0.3,70.0,0.0,0.0,312.0,14.8,27.8,1030.9,12.0,3.0,2025-12-13 09:38:49.740769+00:00
5.3,0.1,69.0,0.0,0.0,314.0,13.0,27.8,1031.0,16.0,3.0,2025-12-13 09:38:49.740769+00:00
5.5,-0.6,65.0,0.0,0.0,315.0,13.0,25.9,1031.1,18.0,2.0,2025-12-13 09:38:49.740769+00:00
4.4,-0.8,69.0,0.0,0.0,312.0,11.1,24.1,1031.5,13.0,2.0,2025-12-13 09:38:49.740769+00:00
3.8,-0.8,72.0,0.0,0.0,311.0,11.1,22.2,1031.9,0.0,2.0,2025-12-13 09:38:49.740769+00:00
3.2,-0.6,76.0,0.0,0.0,308.0,11.1,20.4,1032.4,0.0,2.0,2025-12-13 09:38:49.740769+00:00
2.5,-0.4,81.0,0.0,0.0,306.0,11.1,20.4,1032.6,0.0,1.0,2025-12-13 09:38:49.740769+00:00
2.1,-0.3,84.0,0.0,0.0,304.0,11.1,20.4,1032.8,0.0,1.0,2025-12-13 09:38:49.740769+00:00
2.1,-0.2,85.0,0.0,0.0,310.0,11.1,20.4,1033.0,0.0,4.0,2025-12-13 09:38:49.740769+00:00
2.0,0.1,87.0,0.0,0.0,309.0,11.1,20.4,1033.1,0.0,4.0,2025-12-13 09:38:49.740769+00:00
1.9,0.1,88.0,0.0,0.0,305.0,11.1,20.4,1033.1,0.0,4.0,2025-12-13 09:38:49.740769+00:00
1.5,0.3,92.0,0.0,0.0,299.0,11.1,20.4,1033.2,0.0,4.0,2025-12-13 09:38:49.740769+00:00
1.4,0.4,93.0,0.0,0.0,293.0,11.1,20.4,1033.2,0.0,4.0,2025-12-13 09:38:49.740769+00:00
1.3,0.4,94.0,0.0,0.0,291.0,11.1,22.2,1033.2,0.0,4.0,2025-12-13 09:38:49.740769+00:00
1.4,0.7,95.0,0.0,0.0,288.0,11.1,22.2,1033.2,0.0,4.0,2025-12-13 09:38:49.740769+00:00
1.4,0.8,96.0,0.0,0.0,282.0,13.0,24.1,1033.3,0.0,4.0,2025-12-13 09:38:49.740769+00:00
1.4,1.0,97.0,0.0,0.0,282.0,13.0,24.1,1033.5,2.0,4.0,2025-12-13 09:38:49.740769+00:00
1.4,1.0,97.0,0.0,0.0,281.0,13.0,25.9,1033.7,6.0,4.0,2025-12-13 09:38:49.740769+00:00
1.6,1.2,97.0,0.0,0.0,279.0,14.8,27.8,1034.0,10.0,4.0,2025-12-13 09:38:49.740769+00:00
2.1,1.1,93.0,0.0,0.0,279.0,14.8,27.8,1034.1,13.0,4.0,2025-12-13 09:38:49.740769+00:00
3.1,1.3,88.0,0.0,0.0,280.0,13.0,25.9,1033.8,10.0,4.0,2025-12-13 09:38:49.740769+00:00
4.6,1.3,79.0,0.0,0.0,279.0,13.0,25.9,1033.3,10.0,4.0,2025-12-13 09:38:49.740769+00:00
5.3,1.2,75.0,0.0,0.0,278.0,14.8,27.8,1032.8,8.0,4.0,2025-12-13 09:38:49.740769+00:00
5.8,1.1,72.0,0.0,0.0,279.0,14.8,27.8,1032.3,9.0,4.0,2025-12-13 09:38:49.740769+00:00
6.2,1.3,71.0,0.0,0.0,281.0,14.8,29.6,1031.8,10.0,4.0,2025-12-13 09:38:49.740769+00:00
6.3,1.4,71.0,0.0,0.0,282.0,14.8,27.8,1031.5,9.0,4.0,2025-12-13 09:38:49.740769+00:00
7.1,1.4,67.0,0.0,0.0,283.0,14.8,27.8,1030.9,6.0,4.0,2025-12-13 09:38:49.740769+00:00
6.6,1.3,69.0,0.0,0.0,278.0,13.0,25.9,1030.9,3.0,4.0,2025-12-13 09:38:49.740769+00:00
6.1,1.6,73.0,0.0,0.0,273.0,13.0,24.1,1030.9,0.0,4.0,2025-12-13 09:38:49.740769+00:00
5.6,1.9,77.0,0.0,0.0,271.0,13.0,22.2,1031.1,0.0,4.0,2025-12-13 09:38:49.740769+00:00
5.1,1.9,80.0,0.0,0.0,267.0,13.0,22.2,1031.0,0.0,4.0,2025-12-13 09:38:49.740769+00:00
4.8,2.0,82.0,0.0,0.0,267.0,13.0,24.1,1031.0,0.0,4.0,2025-12-13 09:38:49.740769+00:00
4.4,1.8,83.0,0.0,0.0,265.0,13.0,24.1,1030.6,0.0,4.0,2025-12-13 09:38:49.740769+00:00
4.2,1.7,84.0,0.0,0.0,266.0,13.0,24.1,1030.3,0.0,4.0,2025-12-13 09:38:49.740769+00:00
4.0,1.5,84.0,0.0,0.0,265.0,13.0,24.1,1029.9,0.0,4.0,2025-12-13 09:38:49.740769+00:00
3.6,1.5,86.0,0.0,0.0,264.0,13.0,24.1,1029.7,0.0,3.0,2025-12-13 09:38:49.740769+00:00
3.1,1.3,88.0,0.0,0.0,263.0,13.0,24.1,1029.5,0.0,3.0,2025-12-13 09:38:49.740769+00:00
2.7,1.2,90.0,0.0,0.0,263.0,13.0,22.2,1029.4,0.0,2.0,2025-12-13 09:38:49.740769+00:00
2.2,0.9,91.0,0.0,0.0,262.0,13.0,22.2,1029.2,0.0,2.0,2025-12-13 09:38:49.740769+00:00
2.0,0.7,91.0,0.0,0.0,259.0,13.0,24.1,1029.1,0.0,2.0,2025-12-13 09:38:49.740769+00:00
1.9,0.4,90.0,0.0,0.0,258.0,13.0,22.2,1029.0,6.0,2.0,2025-12-13 09:38:49.740769+00:00
2.6,0.7,87.0,0.0,0.0,258.0,13.0,24.1,1029.3,15.0,2.0,2025-12-13 09:38:49.740769+00:00
3.6,0.6,81.0,0.0,0.0,260.0,13.0,24.1,1029.5,26.0,2.0,2025-12-13 09:38:49.740769+00:00
5.3,0.5,71.0,0.0,0.0,263.0,13.0,25.9,1029.6,36.0,2.0,2025-12-13 09:38:49.740769+00:00
6.4,0.3,65.0,0.0,0.0,265.0,14.8,27.8,1029.5,39.0,2.0,2025-12-13 09:38:49.740769+00:00
7.5,-0.2,58.0,0.0,0.0,268.0,14.8,29.6,1029.2,42.0,1.0,2025-12-13 09:38:49.740769+00:00
8.4,-0.4,54.0,0.0,0.0,269.0,16.7,31.5,1028.6,40.0,1.0,2025-12-13 09:38:49.740769+00:00
9.0,-0.9,50.0,0.0,0.0,269.0,16.7,31.5,1028.2,45.0,1.0,2025-12-13 09:38:49.740769+00:00
9.1,-1.0,49.0,0.0,0.0,268.0,16.7,33.3,1027.7,46.0,1.0,2025-12-13 09:38:49.740769+00:00
9.2,-1.2,48.0,0.0,0.0,267.0,14.8,31.5,1027.4,45.0,1.0,2025-12-13 09:38:49.740769+00:00
9.7,-2.9,41.0,0.0,0.0,268.0,14.8,29.6,1027.0,43.0,1.0,2025-12-13 09:38:49.740769+00:00
7.9,-2.7,47.0,0.0,0.0,265.0,13.0,27.8,1027.0,27.0,1.0,2025-12-13 09:38:49.740769+00:00
6.4,-2.5,53.0,0.0,0.0,261.0,13.0,24.1,1027.2,0.0,2.0,2025-12-13 09:38:49.740769+00:00
5.3,-2.3,58.0,0.0,0.0,260.0,13.0,22.2,1027.5,0.0,2.0,2025-12-13 09:38:49.740769+00:00
4.3,-2.1,63.0,0.0,0.0,259.0,13.0,22.2,1027.7,0.0,2.0,2025-12-13 09:38:49.740769+00:00
3.5,-1.8,68.0,0.0,0.0,262.0,13.0,20.4,1027.9,0.0,2.0,2025-12-13 09:38:49.740769+00:00
3.3,-1.6,70.0,0.0,0.0,261.0,13.0,20.4,1027.6,0.0,1.0,2025-12-13 09:38:49.740769+00:00
2.7,-1.5,74.0,0.0,0.0,259.0,13.0,20.4,1027.4,0.0,1.0,2025-12-13 09:38:49.740769+00:00
2.2,-1.4,77.0,0.0,0.0,256.0,11.1,20.4,1027.1,0.0,2.0,2025-12-13 09:38:49.740769+00:00
1.7,-1.5,79.0,0.0,0.0,257.0,11.1,18.5,1026.9,0.0,2.0,2025-12-13 09:38:49.740769+00:00
1.2,-1.7,81.0,0.0,0.0,258.0,11.1,18.5,1026.8,0.0,2.0,2025-12-13 09:38:49.740769+00:00
0.9,-1.7,83.0,0.0,0.0,256.0,11.1,18.5,1026.6,0.0,2.0,2025-12-13 09:38:49.740769+00:00
1.1,-1.6,82.0,0.0,0.0,257.0,11.1,20.4,1026.4,0.0,2.0,2025-12-13 09:38:49.740769+00:00
0.9,-1.8,82.0,0.0,0.0,250.0,13.0,20.4,1026.4,0.0,2.0,2025-12-13 09:38:49.740769+00:00
1.1,-2.0,80.0,0.0,0.0,248.0,11.1,20.4,1026.4,9.0,2.0,2025-12-13 09:38:49.740769+00:00
2.1,-1.7,76.0,0.0,0.0,246.0,11.1,20.4,1026.6,20.0,2.0,2025-12-13 09:38:49.740769+00:00
3.7,-1.7,68.0,0.0,0.0,246.0,11.1,22.2,1026.7,33.0,2.0,2025-12-13 09:38:49.740769+00:00
5.5,-1.6,60.0,0.0,0.0,253.0,13.0,22.2,1026.7,40.0,2.0,2025-12-13 09:38:49.740769+00:00
7.3,-2.2,51.0,0.0,0.0,262.0,11.1,24.1,1026.3,41.0,2.0,2025-12-13 09:38:49.740769+00:00
8.7,-2.6,45.0,0.0,0.0,263.0,13.0,25.9,1026.1,41.0,2.0,2025-12-13 09:38:49.740769+00:00
9.8,-2.8,41.0,0.0,0.0,263.0,13.0,27.8,1025.7,42.0,1.0,2025-12-13 09:38:49.740769+00:00
10.7,-3.0,38.0,0.0,0.0,259.0,13.0,27.8,1025.3,46.0,1.0,2025-12-13 09:38:49.740769+00:00
11.2,-3.3,36.0,0.0,0.0,257.0,14.8,29.6,1025.0,49.0,1.0,2025-12-13 09:38:49.740769+00:00
11.1,-3.4,36.0,0.0,0.0,255.0,14.8,29.6,1024.7,50.0,1.0,2025-12-13 09:38:49.740769+00:00
11.6,-3.3,35.0,0.0,0.0,252.0,13.0,29.6,1024.5,48.0,1.0,2025-12-13 09:38:49.740769+00:00
9.6,-3.3,40.0,0.0,0.0,249.0,13.0,27.8,1024.5,31.0,1.0,2025-12-13 09:38:49.740769+00:00
7.8,-3.1,46.0,0.0,0.0,246.0,13.0,24.1,1024.5,0.0,1.0,2025-12-13 09:38:49.740769+00:00
6.5,-2.6,52.0,0.0,0.0,244.0,13.0,22.2,1024.6,0.0,1.0,2025-12-13 09:38:49.740769+00:00
5.2,-2.9,56.0,0.0,0.0,245.0,13.0,22.2,1024.7,0.0,1.0,2025-12-13 09:38:49.740769+00:00
4.1,-2.7,61.0,0.0,0.0,252.0,13.0,20.4,1024.6,0.0,1.0,2025-12-13 09:38:49.740769+00:00
3.8,-3.0,61.0,0.0,0.0,250.0,13.0,20.4,1024.6,0.0,1.0,2025-12-13 09:38:49.740769+00:00
3.1,-3.0,64.0,0.0,0.0,250.0,13.0,20.4,1024.8,0.0,1.0,2025-12-13 09:38:49.740769+00:00
2.5,-3.0,67.0,0.0,0.0,250.0,13.0,20.4,1024.8,0.0,1.0,2025-12-13 09:38:49.740769+00:00
2.0,-2.7,71.0,0.0,0.0,248.0,13.0,20.4,1024.7,0.0,1.0,2025-12-13 09:38:49.740769+00:00
1.5,-2.6,74.0,0.0,0.0,242.0,13.0,20.4,1024.4,0.0,1.0,2025-12-13 09:38:49.740769+00:00
1.2,-2.6,76.0,0.0,0.0,238.0,13.0,22.2,1024.0,0.0,1.0,2025-12-13 09:38:49.740769+00:00
1.1,-2.8,75.0,0.0,0.0,232.0,13.0,22.2,1023.8,0.0,1.0,2025-12-13 09:38:49.740769+00:00
1.0,-2.9,75.0,0.0,0.0,233.0,13.0,22.2,1023.7,0.0,1.0,2025-12-13 09:38:49.740769+00:00
1.4,-2.7,74.0,0.0,0.0,233.0,13.0,22.2,1023.7,11.0,1.0,2025-12-13 09:38:49.740769+00:00
2.9,-2.4,68.0,0.0,0.0,232.0,13.0,22.2,1023.8,25.0,1.0,2025-12-13 09:38:49.740769+00:00
5.2,-2.4,58.0,0.0,0.0,233.0,13.0,24.1,1024.1,38.0,1.0,2025-12-13 09:38:49.740769+00:00
7.8,-2.8,47.0,0.0,0.0,238.0,14.8,25.9,1024.1,43.0,2.0,2025-12-13 09:38:49.740769+00:00
10.1,-3.2,39.0,0.0,0.0,246.0,13.0,27.8,1023.5,42.0,1.0,2025-12-13 09:38:49.740769+00:00
12.2,-3.6,33.0,0.0,0.0,244.0,14.8,29.6,1023.3,42.0,1.0,2025-12-13 09:38:49.740769+00:00
13.6,-3.7,30.0,0.0,0.0,242.0,14.8,31.5,1022.9,45.0,1.0,2025-12-13 09:38:49.740769+00:00
14.6,-3.7,28.0,0.0,0.0,240.0,14.8,33.3,1022.8,47.0,1.0,2025-12-13 09:38:49.740769+00:00
15.3,-4.1,26.0,0.0,0.0,239.0,16.7,33.3,1022.8,50.0,1.0,2025-12-13 09:38:49.740769+00:00
15.2,-4.2,26.0,0.0,0.0,238.0,16.7,33.3,1022.8,52.0,1.0,2025-12-13 09:38:49.740769+00:00
15.4,-4.5,25.0,0.0,0.0,235.0,14.8,31.5,1022.5,50.0,1.0,2025-12-13 09:38:49.740769+00:00
13.0,-4.2,30.0,0.0,0.0,236.0,14.8,29.6,1022.6,33.0,1.0,2025-12-13 09:38:49.740769+00:00
10.6,-4.2,35.0,0.0,0.0,233.0,13.0,24.1,1022.6,0.0,1.0,2025-12-13 09:38:49.740769+00:00
9.0,-3.9,40.0,0.0,0.0,229.0,13.0,22.2,1022.8,0.0,1.0,2025-12-13 09:38:49.740769+00:00
7.3,-3.3,47.0,0.0,0.0,229.0,13.0,22.2,1022.9,0.0,1.0,2025-12-13 09:38:49.740769+00:00
6.0,-2.9,53.0,0.0,0.0,225.0,13.0,20.4,1022.9,0.0,1.0,2025-12-13 09:38:49.740769+00:00
5.1,-2.2,59.0,0.0,0.0,220.0,13.0,20.4,1023.0,0.0,1.0,2025-12-13 09:38:49.740769+00:00
3.9,-1.9,66.0,0.0,0.0,215.0,13.0,20.4,1022.9,0.0,1.0,2025-12-13 09:38:49.740769+00:00
3.3,-1.8,69.0,0.0,0.0,208.0,13.0,20.4,1022.8,0.0,1.0,2025-12-13 09:38:49.740769+00:00
2.3,-1.7,75.0,0.0,0.0,203.0,13.0,18.5,1022.5,0.0,1.0,2025-12-13 09:38:49.740769+00:00
1.6,-1.8,78.0,0.0,0.0,200.0,13.0,18.5,1022.1,0.0,1.0,2025-12-13 09:38:49.740769+00:00
1.2,-1.7,81.0,0.0,0.0,201.0,13.0,18.5,1021.8,0.0,1.0,2025-12-13 09:38:49.740769+00:00
1.8,-2.9,71.0,0.0,0.0,201.0,11.1,18.5,1021.8,0.0,1.0,2025-12-13 09:38:49.740769+00:00
1.5,-2.8,73.0,0.0,0.0,203.0,11.1,18.5,1021.6,0.0,1.0,2025-12-13 09:38:49.740769+00:00
2.0,-2.3,73.0,0.0,0.0,207.0,11.1,18.5,1021.6,11.0,1.0,2025-12-13 09:38:49.740769+00:00
3.6,-1.7,68.0,0.0,0.0,210.0,11.1,18.5,1021.4,24.0,1.0,2025-12-13 09:38:49.740769+00:00
6.0,-1.2,60.0,0.0,0.0,216.0,9.3,18.5,1021.4,38.0,1.0,2025-12-13 09:38:49.740769+00:00
8.6,-1.0,51.0,0.0,0.0,223.0,9.3,18.5,1021.3,46.0,1.0,2025-12-13 09:38:49.740769+00:00
11.2,-0.9,43.0,0.0,0.0,229.0,9.3,20.4,1020.8,42.0,1.0,2025-12-13 09:38:49.740769+00:00
13.1,-0.5,39.0,0.0,0.0,225.0,9.3,20.4,1020.5,41.0,1.0,2025-12-13 09:38:49.740769+00:00
14.3,-0.6,36.0,0.0,0.0,226.0,9.3,22.2,1020.1,42.0,1.0,2025-12-13 09:38:49.740769+00:00
15.2,-0.6,34.0,0.0,0.0,226.0,11.1,22.2,1019.9,45.0,1.0,2025-12-13 09:38:49.740769+00:00
15.8,-1.3,31.0,0.0,0.0,227.0,11.1,24.1,1019.7,48.0,1.0,2025-12-13 09:38:49.740769+00:00
15.4,-1.2,32.0,0.0,0.0,230.0,11.1,24.1,1019.5,47.0,1.0,2025-12-13 09:38:49.740769+00:00
15.7,-1.4,31.0,0.0,0.0,223.0,11.1,25.9,1019.1,46.0,1.0,2025-12-13 09:38:49.740769+00:00
12.9,-1.1,38.0,0.0,0.0,225.0,11.1,22.2,1019.2,30.0,1.0,2025-12-13 09:38:49.740769+00:00
10.5,-0.6,46.0,0.0,0.0,220.0,11.1,20.4,1019.4,0.0,1.0,2025-12-13 09:38:49.740769+00:00
9.0,-0.3,52.0,0.0,0.0,216.0,11.1,18.5,1019.6,0.0,1.0,2025-12-13 09:38:49.740769+00:00
7.6,-0.1,58.0,0.0,0.0,215.0,13.0,20.4,1019.9,0.0,1.0,2025-12-13 09:38:49.740769+00:00
6.4,0.3,65.0,0.0,0.0,212.0,11.1,18.5,1020.2,0.0,1.0,2025-12-13 09:38:49.740769+00:00
5.8,0.4,68.0,0.0,0.0,211.0,11.1,18.5,1019.8,0.0,1.0,2025-12-13 09:38:49.740769+00:00
5.0,0.4,72.0,0.0,0.0,209.0,11.1,18.5,1020.0,0.0,1.0,2025-12-13 09:38:49.740769+00:00
4.3,0.3,75.0,0.0,0.0,206.0,11.1,16.7,1020.1,0.0,1.0,2025-12-13 09:38:49.740769+00:00
3.3,0.4,81.0,0.0,0.0,205.0,11.1,14.8,1020.3,0.0,1.0,2025-12-13 09:38:49.740769+00:00
2.5,0.1,84.0,0.0,0.0,203.0,11.1,14.8,1020.4,0.0,1.0,2025-12-13 09:38:49.740769+00:00
1.8,0.0,88.0,0.0,0.0,202.0,11.1,16.7,1020.4,0.0,1.0,2025-12-13 09:38:49.740769+00:00
2.4,-0.4,82.0,0.0,0.0,194.0,9.3,16.7,1020.4,0.0,1.0,2025-12-13 09:38:49.740769+00:00
2.1,-0.6,82.0,0.0,0.0,195.0,9.3,14.8,1020.5,0.0,1.0,2025-12-13 09:38:49.740769+00:00
2.4,-0.2,83.0,0.0,0.0,194.0,9.3,14.8,1020.6,9.0,1.0,2025-12-13 09:38:49.740769+00:00
4.4,0.5,76.0,0.0,0.0,192.0,7.4,14.8,1020.8,20.0,2.0,2025-12-13 09:38:49.740769+00:00
7.1,1.0,65.0,0.0,0.0,192.0,7.4,14.8,1020.9,30.0,2.0,2025-12-13 09:38:49.740769+00:00
10.1,1.5,55.0,0.0,0.0,191.0,7.4,14.8,1020.9,33.0,2.0,2025-12-13 09:38:49.740769+00:00
12.5,1.2,46.0,0.0,0.0,192.0,7.4,16.7,1020.6,30.0,2.0,2025-12-13 09:38:49.740769+00:00
14.5,1.1,40.0,0.0,0.0,186.0,7.4,16.7,1020.4,29.0,2.0,2025-12-13 09:38:49.740769+00:00
15.8,1.5,38.0,0.0,0.0,183.0,7.4,18.5,1020.0,33.0,2.0,2025-12-13 09:38:49.740769+00:00
16.7,1.2,35.0,0.0,0.0,182.0,7.4,18.5,1019.6,34.0,2.0,2025-12-13 09:38:49.740769+00:00
17.3,0.9,33.0,0.0,0.0,181.0,7.4,18.5,1019.1,39.0,1.0,2025-12-13 09:38:49.740769+00:00
17.0,0.6,33.0,0.0,0.0,172.0,7.4,18.5,1018.7,41.0,1.0,2025-12-13 09:38:49.740769+00:00
17.3,0.4,32.0,0.0,0.0,159.0,7.4,18.5,1018.5,42.0,1.0,2025-12-13 09:38:49.740769+00:00
14.0,0.3,39.0,0.0,0.0,154.0,7.4,16.7,1018.6,28.0,1.0,2025-12-13 09:38:49.740769+00:00
11.0,0.1,47.0,0.0,0.0,146.0,7.4,14.8,1018.7,0.0,1.0,2025-12-13 09:38:49.740769+00:00
9.1,0.0,53.0,0.0,0.0,138.0,9.3,14.8,1018.8,0.0,1.0,2025-12-13 09:38:49.740769+00:00
7.1,-0.6,58.0,0.0,0.0,129.0,9.3,14.8,1018.9,0.0,1.0,2025-12-13 09:38:49.740769+00:00
5.6,-0.5,65.0,0.0,0.0,115.0,9.3,14.8,1019.1,0.0,1.0,2025-12-13 09:38:49.740769+00:00
5.0,0.4,72.0,0.0,0.0,114.0,9.3,13.0,1018.9,0.0,1.0,2025-12-13 09:38:49.740769+00:00
4.1,0.1,75.0,0.0,0.0,116.0,9.3,14.8,1018.9,0.0,1.0,2025-12-13 09:38:49.740769+00:00
3.6,-0.1,77.0,0.0,0.0,115.0,9.3,14.8,1018.8,0.0,1.0,2025-12-13 09:38:49.740769+00:00
2.9,-0.2,80.0,0.0,0.0,113.0,9.3,14.8,1018.8,0.0,1.0,2025-12-13 09:38:49.740769+00:00
2.2,-0.4,83.0,0.0,0.0,101.0,9.3,14.8,1018.6,0.0,1.0,2025-12-13 09:38:49.740769+00:00
1.6,-0.5,86.0,0.0,0.0,100.0,9.3,14.8,1018.5,0.0,1.0,2025-12-13 09:38:49.740769+00:00
1.8,-0.8,83.0,0.0,0.0,95.0,9.3,14.8,1018.4,0.0,1.0,2025-12-13 09:38:49.740769+00:00
1.4,-1.2,83.0,0.0,0.0,96.0,9.3,14.8,1018.5,0.0,1.0,2025-12-13 09:38:49.740769+00:00
1.9,-0.8,82.0,0.0,0.0,95.0,9.3,16.7,1018.7,13.0,1.0,2025-12-13 09:38:49.740769+00:00
4.4,-0.2,72.0,0.0,0.0,101.0,7.4,16.7,1018.8,26.0,1.0,2025-12-13 09:38:49.740769+00:00
7.6,0.3,60.0,0.0,0.0,100.0,9.3,16.7,1018.8,39.0,1.0,2025-12-13 09:38:49.740769+00:00
10.7,1.2,52.0,0.0,0.0,98.0,9.3,18.5,1018.6,46.0,1.0,2025-12-13 09:38:49.740769+00:00
12.7,1.4,46.0,0.0,0.0,95.0,9.3,20.4,1018.3,45.0,1.0,2025-12-13 09:38:49.740769+00:00
14.0,1.3,42.0,0.0,0.0,89.0,11.1,24.1,1017.8,42.0,1.0,2025-12-13 09:38:49.740769+00:00
15.3,1.8,40.0,0.0,0.0,89.0,11.1,24.1,1017.0,40.0,1.0,2025-12-13 09:38:49.740769+00:00
16.2,1.9,38.0,0.0,0.0,84.0,11.1,25.9,1016.3,41.0,1.0,2025-12-13 09:38:49.740769+00:00
16.6,1.1,35.0,0.0,0.0,80.0,13.0,25.9,1015.8,44.0,1.0,2025-12-13 09:38:49.740769+00:00
16.1,1.0,36.0,0.0,0.0,78.0,13.0,27.8,1015.4,45.0,1.0,2025-12-13 09:38:49.740769+00:00
16.1,0.2,34.0,0.0,0.0,77.0,14.8,29.6,1014.8,45.0,1.0,2025-12-13 09:38:49.740769+00:00
13.3,-0.0,40.0,0.0,0.0,78.0,14.8,27.8,1014.8,30.0,1.0,2025-12-13 09:38:49.740769+00:00
11.2,0.0,46.0,0.0,0.0,75.0,14.8,25.9,1014.8,0.0,1.0,2025-12-13 09:38:49.740769+00:00
10.1,-0.1,49.0,0.0,0.0,76.0,14.8,25.9,1014.7,0.0,1.0,2025-12-13 09:38:49.740769+00:00
9.0,-0.3,52.0,0.0,0.0,75.0,14.8,27.8,1014.4,0.0,1.0,2025-12-13 09:38:49.740769+00:00
8.1,0.1,57.0,0.0,0.0,74.0,14.8,25.9,1014.4,0.0,1.0,2025-12-13 09:38:49.740769+00:00
7.5,1.1,64.0,0.0,0.0,76.0,13.0,22.2,1013.7,0.0,1.0,2025-12-13 09:38:49.740769+00:00
6.6,1.1,68.0,0.0,0.0,76.0,13.0,22.2,1013.4,0.0,1.0,2025-12-13 09:38:49.740769+00:00
5.8,1.1,72.0,0.0,0.0,76.0,11.1,20.4,1013.1,0.0,1.0,2025-12-13 09:38:49.740769+00:00
5.0,1.3,77.0,0.0,0.0,78.0,11.1,20.4,1012.5,0.0,1.0,2025-12-13 09:38:49.740769+00:00
4.4,1.1,79.0,0.0,0.0,72.0,11.1,20.4,1012.0,0.0,1.0,2025-12-13 09:38:49.740769+00:00
3.6,1.2,84.0,0.0,0.0,74.0,11.1,18.5,1011.4,0.0,1.0,2025-12-13 09:38:49.740769+00:00
3.8,1.2,83.0,0.0,0.0,68.0,9.3,18.5,1011.2,0.0,1.0,2025-12-13 09:38:49.740769+00:00
3.1,1.1,87.0,0.0,0.0,69.0,9.3,16.7,1010.7,0.0,1.0,2025-12-13 09:38:49.740769+00:00
3.1,1.1,87.0,0.0,0.0,71.0,9.3,16.7,1010.6,11.0,1.0,2025-12-13 09:38:49.740769+00:00
4.7,1.7,81.0,0.0,0.0,83.0,9.3,16.7,1010.1,23.0,1.0,2025-12-13 09:38:49.740769+00:00
6.8,2.3,73.0,0.0,0.0,87.0,9.3,16.7,1009.9,33.0,1.0,2025-12-13 09:38:49.740769+00:00
9.3,2.4,62.0,0.0,0.0,92.0,9.3,16.7,1009.5,39.0,1.0,2025-12-13 09:38:49.740769+00:00
11.5,3.0,56.0,0.0,0.0,86.0,7.4,14.8,1009.0,37.0,1.0,2025-12-13 09:38:49.740769+00:00
12.8,2.9,51.0,0.0,0.0,89.0,7.4,16.7,1008.2,36.0,1.0,2025-12-13 09:38:49.740769+00:00
13.9,3.1,48.0,0.0,0.0,96.0,7.4,14.8,1007.3,39.0,1.0,2025-12-13 09:38:49.740769+00:00
14.8,3.0,45.0,0.0,0.0,97.0,7.4,16.7,1006.4,40.0,1.0,2025-12-13 09:38:49.740769+00:00
15.4,2.5,42.0,0.0,0.0,100.0,7.4,16.7,1005.7,41.0,1.0,2025-12-13 09:38:49.740769+00:00
15.0,2.5,43.0,0.0,0.0,103.0,7.4,16.7,1005.2,42.0,1.0,2025-12-13 09:38:49.740769+00:00
15.1,2.3,42.0,0.0,0.0,111.0,7.4,16.7,1004.6,42.0,1.0,2025-12-13 09:38:49.740769+00:00
12.4,2.5,51.0,0.0,0.0,105.0,7.4,14.8,1004.6,28.0,1.0,2025-12-13 09:38:49.740769+00:00
10.2,2.3,58.0,0.0,0.0,77.0,7.4,11.1,1004.5,0.0,1.0,2025-12-13 09:38:49.740769+00:00
8.6,2.4,65.0,0.0,0.0,66.0,7.4,13.0,1004.1,0.0,1.0,2025-12-13 09:38:49.740769+00:00
7.0,1.9,70.0,0.0,0.0,38.0,7.4,13.0,1003.7,0.0,1.0,2025-12-13 09:38:49.740769+00:00
5.8,2.1,77.0,0.0,0.0,21.0,7.4,13.0,1003.5,0.0,1.0,2025-12-13 09:38:49.740769+00:00
4.4,3.4,93.0,0.0,0.0,18.0,5.5,9.3,1003.1,0.0,1.0,2025-12-13 09:38:49.740769+00:00
3.7,3.0,95.0,0.0,0.0,11.0,7.4,9.3,1002.8,0.0,1.0,2025-12-13 09:38:49.740769+00:00
3.2,2.5,95.0,0.0,0.0,347.0,5.5,9.3,1002.5,0.0,1.0,2025-12-13 09:38:49.740769+00:00
2.5,2.2,98.0,0.0,0.0,333.0,7.4,9.3,1002.0,0.0,1.0,2025-12-13 09:38:49.740769+00:00
2.0,1.7,98.0,0.0,0.0,333.0,7.4,11.1,1001.7,0.0,1.0,2025-12-13 09:38:49.740769+00:00
1.4,1.4,100.0,0.0,0.0,314.0,7.4,11.1,1001.4,0.0,1.0,2025-12-13 09:38:49.740769+00:00
1.8,1.4,97.0,0.0,0.0,320.0,5.5,11.1,1001.3,0.0,1.0,2025-12-13 09:38:49.740769+00:00
1.5,1.4,99.0,0.0,0.0,302.0,7.4,13.0,1001.2,0.0,1.0,2025-12-13 09:38:49.740769+00:00
1.6,1.5,99.0,0.0,0.0,299.0,7.4,13.0,1001.3,10.0,1.0,2025-12-13 09:38:49.740769+00:00
3.3,2.3,93.0,0.0,0.0,292.0,7.4,13.0,1001.0,22.0,1.0,2025-12-13 09:38:49.740769+00:00
5.3,3.1,86.0,0.0,0.0,288.0,7.4,13.0,1000.8,30.0,1.0,2025-12-13 09:38:49.740769+00:00
7.8,3.6,75.0,0.0,0.0,288.0,7.4,14.8,1000.7,37.0,1.0,2025-12-13 09:38:49.740769+00:00
9.4,3.8,68.0,0.0,0.0,285.0,7.4,14.8,1000.9,35.0,1.0,2025-12-13 09:38:49.740769+00:00
11.1,3.9,61.0,0.0,0.0,287.0,9.3,16.7,1000.6,35.0,1.0,2025-12-13 09:38:49.740769+00:00
12.6,3.8,55.0,0.0,0.0,286.0,9.3,18.5,1000.3,35.0,1.0,2025-12-13 09:38:49.740769+00:00
13.6,3.4,50.0,0.0,0.0,291.0,9.3,20.4,999.7,37.0,1.0,2025-12-13 09:38:49.740769+00:00
14.0,2.6,46.0,0.0,0.0,296.0,11.1,22.2,999.5,39.0,1.0,2025-12-13 09:38:49.740769+00:00
13.7,2.3,46.0,0.0,0.0,298.0,11.1,22.2,999.1,42.0,1.0,2025-12-13 09:38:49.740769+00:00
14.1,2.0,44.0,0.0,0.0,303.0,11.1,24.1,998.9,43.0,1.0,2025-12-13 09:38:49.740769+00:00
11.1,1.9,53.0,0.0,0.0,302.0,11.1,22.2,999.4,28.0,1.0,2025-12-13 09:38:49.740769+00:00
9.0,2.1,62.0,0.0,0.0,303.0,11.1,18.5,999.7,0.0,1.0,2025-12-13 09:38:49.740769+00:00
7.8,2.5,69.0,0.0,0.0,308.0,11.1,18.5,1000.1,0.0,1.0,2025-12-13 09:38:49.740769+00:00
6.5,2.4,75.0,0.0,0.0,309.0,13.0,20.4,1000.3,0.0,1.0,2025-12-13 09:38:49.740769+00:00
5.7,2.3,79.0,0.0,0.0,318.0,13.0,22.2,1000.6,0.0,1.0,2025-12-13 09:38:49.740769+00:00
4.8,3.0,88.0,0.0,0.0,317.0,13.0,22.2,1000.9,0.0,1.0,2025-12-13 09:38:49.740769+00:00
4.2,2.6,89.0,0.0,0.0,321.0,13.0,22.2,1001.0,0.0,1.0,2025-12-13 09:38:49.740769+00:00
3.6,2.3,91.0,0.0,0.0,317.0,11.1,20.4,1001.0,0.0,1.0,2025-12-13 09:38:49.740769+00:00
2.9,2.2,95.0,0.0,0.0,306.0,11.1,18.5,1001.2,0.0,1.0,2025-12-13 09:38:49.740769+00:00
2.5,1.6,94.0,0.0,0.0,299.0,11.1,18.5,1001.4,0.0,1.0,2025-12-13 09:38:49.740769+00:00
2.1,1.7,97.0,0.0,0.0,296.0,9.3,16.7,1001.5,0.0,2.0,2025-12-13 09:38:49.740769+00:00
1.5,1.4,99.0,0.0,0.0,290.0,7.4,14.8,1001.4,0.0,2.0,2025-12-13 09:38:49.740769+00:00
1.5,1.5,100.0,0.0,0.0,286.0,7.4,13.0,1001.5,0.0,2.0,2025-12-13 09:38:49.740769+00:00
1.5,1.5,100.0,0.0,0.0,283.0,7.4,11.1,1001.7,3.0,3.0,2025-12-13 09:38:49.740769+00:00
1.9,1.9,100.0,0.0,0.0,274.0,5.5,11.1,1001.8,7.0,3.0,2025-12-13 09:38:49.740769+00:00
2.6,2.6,100.0,0.0,0.0,263.0,5.5,11.1,1001.9,10.0,3.0,2025-12-13 09:38:49.740769+00:00
3.3,2.9,97.0,0.0,0.0,252.0,5.5,13.0,1001.9,16.0,4.0,2025-12-13 09:38:49.740769+00:00
4.6,3.6,93.0,0.0,0.0,250.0,5.5,11.1,1001.5,16.0,4.0,2025-12-13 09:38:49.740769+00:00
6.5,4.0,84.0,0.0,0.0,246.0,7.4,14.8,1001.2,17.0,3.0,2025-12-13 09:38:49.740769+00:00
8.0,4.0,76.0,0.0,0.0,239.0,7.4,16.7,1000.8,18.0,3.0,2025-12-13 09:38:49.740769+00:00
9.0,3.8,70.0,0.0,0.0,240.0,7.4,16.7,1000.2,18.0,3.0,2025-12-13 09:38:49.740769+00:00
9.8,3.5,65.0,0.0,0.0,251.0,7.4,16.7,999.7,22.0,3.0,2025-12-13 09:38:49.740769+00:00
10.0,3.3,63.0,0.0,0.0,251.0,7.4,16.7,999.3,21.0,3.0,2025-12-13 09:38:49.740769+00:00
10.2,3.0,61.0,0.0,0.0,271.0,5.5,16.7,999.1,20.0,3.0,2025-12-13 09:38:49.740769+00:00
8.4,2.6,67.0,0.0,0.0,273.0,7.4,14.8,999.5,10.0,3.0,2025-12-13 09:38:49.740769+00:00
6.9,3.1,77.0,0.0,0.0,295.0,7.4,14.8,999.9,0.0,3.0,2025-12-13 09:38:49.740769+00:00
5.7,3.2,84.0,0.0,0.0,275.0,9.3,14.8,1000.1,0.0,3.0,2025-12-13 09:38:49.740769+00:00
4.8,3.0,88.0,0.0,0.0,264.0,9.3,14.8,1000.1,0.0,3.0,2025-12-13 09:38:49.740769+00:00
4.0,3.3,95.0,0.0,0.0,279.0,7.4,14.8,1000.1,0.0,3.0,2025-12-13 09:38:49.740769+00:00
3.3,3.3,100.0,0.0,0.0,84.0,3.7,9.3,1000.2,0.0,4.0,2025-12-13 09:38:49.740769+00:00
3.3,3.3,100.0,0.0,0.0,309.0,5.5,9.3,1000.1,0.0,4.0,2025-12-13 09:38:49.740769+00:00
3.6,3.6,100.0,0.0,0.0,286.0,5.5,11.1,999.7,0.0,4.0,2025-12-13 09:38:49.740769+00:00
3.6,3.6,100.0,0.0,0.0,284.0,7.4,11.1,999.5,0.0,4.0,2025-12-13 09:38:49.740769+00:00
3.8,3.5,98.0,0.0,0.0,292.0,7.4,14.8,999.5,0.0,7.0,2025-12-13 09:38:49.740769+00:00
3.7,3.7,100.0,0.0,0.0,285.0,7.4,14.8,999.4,0.0,7.0,2025-12-13 09:38:49.740769+00:00
3.8,3.8,100.0,0.0,0.0,264.0,7.4,14.8,999.4,0.0,7.0,2025-12-13 09:38:49.740769+00:00
3.8,3.8,100.0,0.0,0.0,271.0,7.4,14.8,999.6,0.0,7.0,2025-12-13 09:38:49.740769+00:00
4.0,3.7,98.0,0.0,0.0,272.0,7.4,14.8,999.9,0.0,7.0,2025-12-13 09:38:49.740769+00:00
4.4,3.7,95.0,0.0,,276.0,7.4,14.8,1000.0,0.0,7.0,2025-12-13 09:38:49.740769+00:00
5.0,3.3,89.0,0.0,,281.0,7.4,16.7,999.9,0.0,7.0,2025-12-13 09:38:49.740769+00:00
5.5,3.3,86.0,0.0,,285.0,7.4,16.7,999.8,3.0,4.0,2025-12-13 09:38:49.740769+00:00
6.1,3.1,81.0,0.0,,288.0,7.4,18.5,999.9,2.0,4.0,2025-12-13 09:38:49.740769+00:00
6.3,2.9,79.0,0.0,,287.0,9.3,18.5,1000.0,1.0,4.0,2025-12-13 09:38:49.740769+00:00
6.4,2.8,78.0,0.0,,286.0,9.3,20.4,999.8,2.0,4.0,2025-12-13 09:38:49.740769+00:00
6.5,2.8,77.0,0.0,,288.0,7.4,18.5,999.7,2.0,4.0,2025-12-13 09:38:49.740769+00:00
6.6,2.7,76.0,0.0,,294.0,9.3,18.5,999.6,3.0,4.0,2025-12-13 09:38:49.740769+00:00
6.4,2.7,77.0,0.0,,301.0,7.4,18.5,999.3,3.0,4.0,2025-12-13 09:38:49.740769+00:00
6.3,2.2,75.0,0.0,,304.0,7.4,18.5,999.4,1.0,4.0,2025-12-13 09:38:49.740769+00:00
5.7,2.2,78.0,0.0,,308.0,7.4,16.7,999.4,0.0,4.0,2025-12-13 09:38:49.740769+00:00
4.9,1.9,81.0,0.0,,316.0,7.4,14.8,999.7,0.0,4.0,2025-12-13 09:38:49.740769+00:00
4.6,1.8,82.0,0.0,,315.0,9.3,16.7,999.7,0.0,4.0,2025-12-13 09:38:49.740769+00:00
4.2,1.9,85.0,0.0,,325.0,9.3,16.7,999.6,0.0,7.0,2025-12-13 09:38:49.740769+00:00
3.9,1.8,86.0,0.1,,334.0,9.3,16.7,999.5,0.0,7.0,2025-12-13 09:38:49.740769+00:00
3.6,1.6,87.0,0.0,,342.0,9.3,14.8,999.4,0.0,7.0,2025-12-13 09:38:49.740769+00:00
3.6,1.5,86.0,0.0,,354.0,7.4,14.8,999.3,0.0,7.0,2025-12-13 09:38:49.740769+00:00
3.3,1.7,89.0,0.0,,348.0,7.4,14.8,999.3,0.0,7.0,2025-12-13 09:38:49.740769+00:00
2.9,1.6,91.0,0.0,,347.0,7.4,14.8,998.7,0.0,7.0,2025-12-13 09:38:49.740769+00:00
2.4,1.2,92.0,0.0,,350.0,7.4,14.8,998.4,0.0,4.0,2025-12-13 09:38:49.740769+00:00
2.1,1.2,94.0,0.0,,349.0,7.4,14.8,998.0,0.0,4.0,2025-12-13 09:38:49.740769+00:00
1.9,0.7,92.0,0.0,,347.0,7.4,16.7,997.9,0.0,4.0,2025-12-13 09:38:49.740769+00:00
1.6,0.7,94.0,0.0,,349.0,9.3,14.8,997.8,0.0,4.0,2025-12-13 09:38:49.740769+00:00
1.3,0.6,95.0,0.0,,348.0,9.3,16.7,997.7,0.0,4.0,2025-12-13 09:38:49.740769+00:00
1.9,0.7,92.0,0.0,,350.0,9.3,16.7,997.8,1.0,4.0,2025-12-13 09:38:49.740769+00:00
2.8,0.9,87.0,0.0,,353.0,9.3,18.5,997.9,1.0,4.0,2025-12-13 09:38:49.740769+00:00
3.7,1.1,83.0,0.0,,353.0,9.3,18.5,997.5,2.0,4.0,2025-12-13 09:38:49.740769+00:00
4.5,0.6,76.0,0.0,,351.0,11.1,20.4,997.5,4.0,4.0,2025-12-13 09:38:49.740769+00:00
5.3,0.5,71.0,0.0,,348.0,11.1,22.2,997.3,4.0,4.0,2025-12-13 09:38:49.740769+00:00
6.0,0.3,67.0,0.0,,344.0,11.1,22.2,997.1,1.0,4.0,2025-12-13 09:38:49.740769+00:00
6.7,0.2,63.0,0.0,,340.0,11.1,24.1,997.1,3.0,4.0,2025-12-13 09:38:49.740769+00:00
6.8,0.3,63.0,0.0,,337.0,11.1,24.1,997.3,4.0,4.0,2025-12-13 09:38:49.740769+00:00
6.8,0.0,62.0,0.0,,338.0,11.1,25.9,997.5,3.0,4.0,2025-12-13 09:38:49.740769+00:00
6.5,-0.3,62.0,0.0,,337.0,11.1,24.1,997.8,3.0,4.0,2025-12-13 09:38:49.740769+00:00
5.5,-0.6,65.0,0.0,,337.0,11.1,22.2,998.6,2.0,3.0,2025-12-13 09:38:49.740769+00:00
4.6,-0.0,72.0,0.0,,326.0,9.3,20.4,999.1,0.0,4.0,2025-12-13 09:38:49.740769+00:00
4.2,0.2,75.0,0.0,,321.0,9.3,18.5,1000.0,0.0,4.0,2025-12-13 09:38:49.740769+00:00
3.6,0.1,78.0,0.0,,325.0,9.3,16.7,1000.8,0.0,4.0,2025-12-13 09:38:49.740769+00:00
3.1,0.7,84.0,0.0,,327.0,9.3,16.7,1001.5,0.0,4.0,2025-12-13 09:38:49.740769+00:00
2.6,0.3,85.0,0.0,,325.0,9.3,14.8,1001.8,0.0,4.0,2025-12-13 09:38:49.740769+00:00
2.4,0.5,87.0,0.0,,305.0,7.4,14.8,1002.5,0.0,4.0,2025-12-13 09:38:49.740769+00:00
2.2,0.6,89.0,0.0,,265.0,7.4,14.8,1002.7,0.0,4.0,2025-12-13 09:38:49.740769+00:00
1.9,0.4,90.0,0.0,,238.0,7.4,14.8,1003.1,0.0,4.0,2025-12-13 09:38:49.740769+00:00
1.6,0.4,92.0,0.0,,235.0,7.4,13.0,1003.4,0.0,4.0,2025-12-13 09:38:49.740769+00:00
1.6,0.7,94.0,0.0,,179.0,7.4,13.0,1003.7,0.0,4.0,2025-12-13 09:38:49.740769+00:00
1.2,0.8,97.0,0.0,,194.0,7.4,14.8,1004.1,0.0,4.0,2025-12-13 09:38:49.740769+00:00
1.1,0.7,97.0,0.0,,163.0,5.5,13.0,1004.7,0.0,4.0,2025-12-13 09:38:49.740769+00:00
1.2,0.6,96.0,0.0,,153.0,5.5,13.0,1005.2,1.0,7.0,2025-12-13 09:38:49.740769+00:00
2.2,0.9,91.0,0.0,,139.0,5.5,13.0,1006.0,6.0,7.0,2025-12-13 09:38:49.740769+00:00
3.5,0.9,83.0,0.0,,141.0,5.5,11.1,1006.5,9.0,7.0,2025-12-13 09:38:49.740769+00:00
4.6,0.9,77.0,0.0,,156.0,5.5,13.0,1007.0,11.0,7.0,2025-12-13 09:38:49.740769+00:00
5.2,0.6,72.0,0.0,,49.0,5.5,13.0,1007.5,12.0,7.0,2025-12-13 09:38:49.740769+00:00
6.1,0.4,67.0,0.0,,74.0,5.5,14.8,1008.0,12.0,4.0,2025-12-13 09:38:49.740769+00:00
6.6,0.3,64.0,0.0,,57.0,5.5,14.8,1008.5,11.0,4.0,2025-12-13 09:38:49.740769+00:00
6.9,-0.1,61.0,0.0,,32.0,7.4,16.7,1008.8,9.0,4.0,2025-12-13 09:38:49.740769+00:00
7.3,-0.2,59.0,0.0,,47.0,7.4,16.7,1008.9,11.0,4.0,2025-12-13 09:38:49.740769+00:00
7.2,-0.5,58.0,0.0,,42.0,7.4,18.5,1009.6,11.0,3.0,2025-12-13 09:38:49.740769+00:00
6.7,-0.3,61.0,0.0,,46.0,7.4,18.5,1010.1,12.0,3.0,2025-12-13 09:38:49.740769+00:00
6.1,-0.4,63.0,0.0,,45.0,9.3,18.5,1010.6,7.0,3.0,2025-12-13 09:38:49.740769+00:00
4.9,-0.3,69.0,0.0,,45.0,11.1,22.2,1011.5,0.0,3.0,2025-12-13 09:38:49.740769+00:00
4.4,-0.4,71.0,0.0,,45.0,11.1,22.2,1012.2,0.0,3.0,2025-12-13 09:38:49.740769+00:00
3.7,-0.3,75.0,0.0,,49.0,11.1,24.1,1013.0,0.0,2.0,2025-12-13 09:38:49.740769+00:00
3.2,-0.3,78.0,0.0,,51.0,13.0,24.1,1013.8,0.0,2.0,2025-12-13 09:38:49.740769+00:00
3.2,0.1,80.0,0.0,,51.0,13.0,24.1,1014.1,0.0,2.0,2025-12-13 09:38:49.740769+00:00
2.9,-0.0,81.0,0.0,,52.0,11.1,22.2,1014.8,0.0,2.0,2025-12-13 09:38:49.740769+00:00
2.3,-0.3,83.0,0.0,,51.0,13.0,22.2,1015.2,0.0,2.0,2025-12-13 09:38:49.740769+00:00
1.9,-0.5,84.0,0.0,,52.0,13.0,22.2,1015.7,0.0,2.0,2025-12-13 09:38:49.740769+00:00
1.5,-0.7,85.0,0.0,,55.0,13.0,22.2,1016.4,0.0,2.0,2025-12-13 09:38:49.740769+00:00
1.3,-0.8,86.0,0.0,,55.0,13.0,22.2,1016.7,0.0,2.0,2025-12-13 09:38:49.740769+00:00
0.8,-1.1,87.0,0.0,,53.0,13.0,24.1,1017.4,0.0,2.0,2025-12-13 09:38:49.740769+00:00
0.6,-1.2,88.0,0.0,,56.0,13.0,22.2,1017.9,0.0,2.0,2025-12-13 09:38:49.740769+00:00
0.6,-1.2,88.0,0.0,,58.0,11.1,22.2,1018.9,8.0,2.0,2025-12-13 09:38:49.740769+00:00
1.6,-1.0,83.0,0.0,,65.0,11.1,22.2,1019.8,19.0,2.0,2025-12-13 09:38:49.740769+00:00
3.2,-0.8,75.0,0.2,,67.0,13.0,24.1,1019.9,27.0,2.0,2025-12-13 09:38:49.740769+00:00
4.6,-1.0,67.0,0.3,,71.0,13.0,24.1,1020.3,32.0,2.0,2025-12-13 09:38:49.740769+00:00
6.2,-1.2,59.0,0.0,,74.0,13.0,25.9,1020.5,32.0,2.0,2025-12-13 09:38:49.740769+00:00
7.2,-1.5,54.0,0.0,,75.0,14.8,27.8,1020.7,27.0,2.0,2025-12-13 09:38:49.740769+00:00
8.0,-1.8,50.0,0.0,,75.0,14.8,29.6,1020.7,27.0,2.0,2025-12-13 09:38:49.740769+00:00
8.6,-2.1,47.0,0.0,,73.0,14.8,29.6,1020.6,26.0,2.0,2025-12-13 09:38:49.740769+00:00
7.9,-1.9,50.0,0.0,,70.0,14.8,29.6,1020.7,25.0,2.0,2025-12-13 09:38:49.740769+00:00
8.0,-2.1,49.0,0.0,,66.0,14.8,29.6,1020.5,29.0,2.0,2025-12-13 09:38:49.740769+00:00
7.5,-2.2,50.0,0.0,,68.0,14.8,29.6,1020.5,28.0,2.0,2025-12-13 09:38:49.740769+00:00
6.5,-2.6,52.0,0.0,,71.0,14.8,27.8,1020.7,19.0,2.0,2025-12-13 09:38:49.740769+00:00
5.4,-3.2,54.0,0.0,,65.0,14.8,27.8,1021.1,0.0,2.0,2025-12-13 09:38:49.740769+00:00
4.9,-3.4,55.0,0.0,,68.0,13.0,25.9,1021.5,0.0,2.0,2025-12-13 09:38:49.740769+00:00
3.8,-3.5,59.0,0.0,,67.0,13.0,24.1,1021.7,0.0,1.0,2025-12-13 09:38:49.740769+00:00
2.9,-3.9,61.0,0.0,,65.0,13.0,24.1,1021.8,0.0,1.0,2025-12-13 09:38:49.740769+00:00
2.2,-4.1,63.0,0.0,,68.0,13.0,20.4,1021.5,0.0,1.0,2025-12-13 09:38:49.740769+00:00
1.6,-4.3,65.0,0.0,,68.0,11.1,20.4,1021.5,0.0,1.0,2025-12-13 09:38:49.740769+00:00
0.8,-4.4,68.0,0.0,,62.0,11.1,22.2,1021.4,0.0,1.0,2025-12-13 09:38:49.740769+00:00
0.4,-4.4,70.0,0.0,,60.0,11.1,20.4,1021.4,0.0,1.0,2025-12-13 09:38:49.740769+00:00
-0.3,-4.5,73.0,0.0,,56.0,11.1,18.5,1021.4,0.0,1.0,2025-12-13 09:38:49.740769+00:00
-0.9,-4.8,75.0,0.0,,51.0,11.1,18.5,1021.5,0.0,1.0,2025-12-13 09:38:49.740769+00:00
-1.2,-4.7,77.0,0.0,,47.0,11.1,18.5,1021.3,0.0,1.0,2025-12-13 09:38:49.740769+00:00
-1.2,-4.7,77.0,0.0,,41.0,9.3,18.5,1021.4,0.0,1.0,2025-12-13 09:38:49.740769+00:00
-0.5,-4.4,75.0,0.0,,43.0,9.3,16.7,1021.6,14.0,1.0,2025-12-13 09:38:49.740769+00:00
0.6,-4.0,71.0,0.0,,43.0,9.3,16.7,1021.8,29.0,1.0,2025-12-13 09:38:49.740769+00:00
2.5,-3.8,63.0,0.0,,46.0,7.4,16.7,1021.7,39.0,1.0,2025-12-13 09:38:49.740769+00:00
4.3,-3.7,56.0,0.0,,39.0,9.3,18.5,1021.4,47.0,1.0,2025-12-13 09:38:49.740769+00:00
5.6,-3.7,51.0,0.0,,34.0,7.4,18.5,1021.5,48.0,1.0,2025-12-13 09:38:49.740769+00:00
6.6,-3.9,47.0,0.0,,40.0,9.3,18.5,1021.1,47.0,1.0,2025-12-13 09:38:49.740769+00:00
7.7,-4.1,43.0,0.0,,30.0,9.3,22.2,1020.9,46.0,1.0,2025-12-13 09:38:49.740769+00:00
8.1,-4.0,42.0,0.0,,32.0,9.3,22.2,1020.6,46.0,2.0,2025-12-13 09:38:49.740769+00:00
8.3,-4.2,41.0,0.0,,21.0,9.3,22.2,1020.4,46.0,2.0,2025-12-13 09:38:49.740769+00:00
8.4,-4.1,41.0,0.0,,7.0,9.3,22.2,1019.7,46.0,2.0,2025-12-13 09:38:49.740769+00:00
8.0,-4.1,42.0,0.0,,9.0,9.3,20.4,1020.3,41.0,2.0,2025-12-13 09:38:49.740769+00:00
7.1,-4.0,45.0,0.0,,5.0,9.3,20.4,1020.4,28.0,2.0,2025-12-13 09:38:49.740769+00:00
5.9,-4.3,48.0,0.0,,360.0,9.3,18.5,1020.9,0.0,1.0,2025-12-13 09:38:49.740769+00:00
5.0,-4.0,52.0,0.0,,1.0,9.3,16.7,1021.4,0.0,1.0,2025-12-13 09:38:49.740769+00:00
4.0,-3.5,58.0,0.0,,356.0,9.3,16.7,1021.6,0.0,1.0,2025-12-13 09:38:49.740769+00:00
3.6,-3.2,61.0,0.0,,350.0,11.1,18.5,1022.3,0.0,1.0,2025-12-13 09:38:49.740769+00:00
3.1,-3.0,64.0,0.0,,341.0,11.1,18.5,1022.7,0.0,1.0,2025-12-13 09:38:49.740769+00:00
2.4,-2.7,69.0,0.0,,348.0,11.1,18.5,1022.9,0.0,1.0,2025-12-13 09:38:49.740769+00:00
2.1,-2.4,72.0,0.2,,343.0,11.1,20.4,1023.2,0.0,1.0,2025-12-13 09:38:49.740769+00:00
1.7,-2.3,75.0,0.0,,336.0,11.1,18.5,1023.6,0.0,1.0,2025-12-13 09:38:49.740769+00:00
1.3,-2.1,78.0,0.0,,350.0,11.1,18.5,1023.9,0.0,1.0,2025-12-13 09:38:49.740769+00:00
1.2,-2.0,79.0,0.0,,24.0,11.1,20.4,1024.6,0.0,2.0,2025-12-13 09:38:49.740769+00:00
1.1,-2.0,80.0,0.0,,34.0,11.1,20.4,1025.4,0.0,2.0,2025-12-13 09:38:49.740769+00:00
0.9,-1.7,83.0,0.0,,30.0,11.1,22.2,1025.9,0.0,2.0,2025-12-13 09:38:49.740769+00:00
1.1,-1.5,83.0,0.0,,54.0,11.1,22.2,1025.7,11.0,2.0,2025-12-13 09:38:49.740769+00:00
1.7,-1.2,81.0,0.0,,57.0,13.0,22.2,1027.1,23.0,2.0,2025-12-13 09:38:49.740769+00:00
2.6,-0.8,78.0,0.0,,51.0,11.1,24.1,1027.4,30.0,2.0,2025-12-13 09:38:49.740769+00:00
4.5,-1.3,66.0,0.0,,52.0,13.0,25.9,1027.1,35.0,2.0,2025-12-13 09:38:49.740769+00:00
5.7,-1.5,60.0,0.0,,42.0,13.0,25.9,1026.6,35.0,2.0,2025-12-13 09:38:49.740769+00:00
6.3,-2.1,55.0,0.0,,53.0,13.0,27.8,1027.3,34.0,2.0,2025-12-13 09:38:49.740769+00:00
6.6,-2.6,52.0,0.0,,47.0,13.0,31.5,1027.2,33.0,2.0,2025-12-13 09:38:49.740769+00:00
7.1,-2.9,49.0,0.0,,54.0,13.0,31.5,1027.5,33.0,2.0,2025-12-13 09:38:49.740769+00:00
7.2,-3.4,47.0,0.0,,52.0,13.0,31.5,1027.7,35.0,2.0,2025-12-13 09:38:49.740769+00:00
6.0,-3.6,50.0,0.0,,47.0,13.0,31.5,1028.0,35.0,2.0,2025-12-13 09:38:49.740769+00:00
5.6,-4.0,50.0,0.0,,50.0,13.0,29.6,1028.2,33.0,2.0,2025-12-13 09:38:49.740769+00:00
4.8,-4.5,51.0,0.0,,54.0,13.0,27.8,1028.6,23.0,2.0,2025-12-13 09:38:49.740769+00:00
3.8,-4.6,54.0,0.0,,59.0,13.0,29.6,1029.1,6.0,2.0,2025-12-13 09:38:49.740769+00:00
3.4,-4.5,56.0,0.0,,55.0,13.0,27.8,1029.4,0.0,2.0,2025-12-13 09:38:49.740769+00:00
2.9,-3.9,61.0,0.0,,53.0,14.8,27.8,1029.7,0.0,2.0,2025-12-13 09:38:49.740769+00:00
2.2,-4.3,62.0,0.0,,48.0,14.8,25.9,1030.0,0.0,1.0,2025-12-13 09:38:49.740769+00:00
1.6,-4.5,64.0,0.0,,47.0,14.8,27.8,1030.2,0.0,1.0,2025-12-13 09:38:49.740769+00:00
1.0,-4.2,68.0,0.0,,60.0,14.8,25.9,1030.5,0.0,1.0,2025-12-13 09:38:49.740769+00:00
0.5,-4.3,70.0,0.0,,60.0,13.0,25.9,1030.6,0.0,1.0,2025-12-13 09:38:49.740769+00:00
0.0,-4.3,73.0,0.0,,63.0,13.0,24.1,1030.7,0.0,1.0,2025-12-13 09:38:49.740769+00:00
-0.4,-4.3,75.0,0.0,,66.0,13.0,22.2,1030.7,0.0,1.0,2025-12-13 09:38:49.740769+00:00
-1.1,-4.3,79.0,0.0,,61.0,13.0,22.2,1031.0,0.0,1.0,2025-12-13 09:38:49.740769+00:00
-1.4,-4.2,81.0,0.0,,62.0,13.0,22.2,1031.0,0.0,1.0,2025-12-13 09:38:49.740769+00:00
-1.5,-4.0,83.0,0.0,,61.0,13.0,24.1,1031.2,0.0,1.0,2025-12-13 09:38:49.740769+00:00
-0.9,-3.4,83.0,0.0,,73.0,13.0,22.2,1031.3,16.0,1.0,2025-12-13 09:38:49.740769+00:00
0.3,-3.1,78.0,0.0,,76.0,13.0,24.1,1031.8,30.0,1.0,2025-12-13 09:38:49.740769+00:00
2.2,-2.7,70.0,0.0,,74.0,11.1,24.1,1032.0,40.0,2.0,2025-12-13 09:38:49.740769+00:00
4.2,-2.4,62.0,0.0,,75.0,11.1,24.1,1032.0,44.0,2.0,2025-12-13 09:38:49.740769+00:00
5.7,-2.6,55.0,0.0,,80.0,13.0,25.9,1032.2,43.0,2.0,2025-12-13 09:38:49.740769+00:00
6.9,-2.8,50.0,0.0,,85.0,13.0,27.8,1032.0,43.0,2.0,2025-12-13 09:38:49.740769+00:00
7.8,-3.1,46.0,0.0,,88.0,13.0,27.8,1031.6,42.0,2.0,2025-12-13 09:38:49.740769+00:00
8.2,-3.3,44.0,0.0,,93.0,13.0,27.8,1031.3,43.0,2.0,2025-12-13 09:38:49.740769+00:00
8.4,-4.1,41.0,0.0,,89.0,13.0,29.6,1031.2,43.0,2.0,2025-12-13 09:38:49.740769+00:00
8.8,-4.1,40.0,0.0,,90.0,13.0,29.6,1030.1,43.0,2.0,2025-12-13 09:38:49.740769+00:00
8.3,-4.5,40.0,0.0,,87.0,13.0,29.6,1030.6,39.0,2.0,2025-12-13 09:38:49.740769+00:00
6.9,-4.8,43.0,0.0,,84.0,13.0,27.8,1030.6,27.0,2.0,2025-12-13 09:38:49.740769+00:00
5.7,-5.3,45.0,0.0,,89.0,13.0,27.8,1030.5,8.0,2.0,2025-12-13 09:38:49.740769+00:00
4.6,-5.2,49.0,0.0,,93.0,13.0,25.9,1030.8,0.0,1.0,2025-12-13 09:38:49.740769+00:00
4.0,-5.0,52.0,0.0,,101.0,13.0,25.9,1031.0,0.0,1.0,2025-12-13 09:38:49.740769+00:00
3.4,-4.8,55.0,0.0,,100.0,14.8,25.9,1031.1,0.0,1.0,2025-12-13 09:38:49.740769+00:00
2.7,-4.7,58.0,0.0,,103.0,14.8,25.9,1031.3,0.0,1.0,2025-12-13 09:38:49.740769+00:00
2.0,-4.7,61.0,0.0,,99.0,14.8,25.9,1031.3,0.0,1.0,2025-12-13 09:38:49.740769+00:00
1.6,-4.7,63.0,0.0,,111.0,14.8,25.9,1031.3,0.0,1.0,2025-12-13 09:38:49.740769+00:00
1.0,-4.6,66.0,0.0,,105.0,14.8,25.9,1031.4,0.0,1.0,2025-12-13 09:38:49.740769+00:00
0.7,-4.5,68.0,0.0,,103.0,14.8,24.1,1031.2,0.0,1.0,2025-12-13 09:38:49.740769+00:00
0.3,-4.5,70.0,0.0,,106.0,14.8,24.1,1031.2,0.0,1.0,2025-12-13 09:38:49.740769+00:00
-0.2,-4.4,73.0,0.0,,105.0,14.8,25.9,1031.2,0.0,1.0,2025-12-13 09:38:49.740769+00:00
0.0,-4.4,72.0,0.0,,108.0,14.8,25.9,1031.2,0.0,1.0,2025-12-13 09:38:49.740769+00:00
0.6,-4.0,71.0,0.0,,107.0,13.0,25.9,1031.2,15.0,1.0,2025-12-13 09:38:49.740769+00:00
1.8,-3.7,67.0,0.0,,107.0,13.0,25.9,1031.4,28.0,1.0,2025-12-13 09:38:49.740769+00:00
3.7,-3.3,60.0,0.0,,107.0,13.0,25.9,1031.5,40.0,1.0,2025-12-13 09:38:49.740769+00:00
5.6,-3.0,54.0,0.0,,106.0,13.0,24.1,1031.7,47.0,1.0,2025-12-13 09:38:49.740769+00:00
7.3,-3.3,47.0,0.0,,110.0,13.0,27.8,1031.5,47.0,1.0,2025-12-13 09:38:49.740769+00:00
8.5,-3.4,43.0,0.0,,113.0,13.0,29.6,1031.3,46.0,2.0,2025-12-13 09:38:49.740769+00:00
9.3,-3.3,41.0,0.0,,121.0,14.8,29.6,1030.5,45.0,1.0,2025-12-13 09:38:49.740769+00:00
9.9,-3.1,40.0,0.0,,115.0,13.0,31.5,1030.3,45.0,1.0,2025-12-13 09:38:49.740769+00:00
10.2,-3.8,37.0,0.0,,112.0,14.8,31.5,1029.8,45.0,1.0,2025-12-13 09:38:49.740769+00:00
10.2,-3.8,37.0,0.0,,114.0,14.8,29.6,1029.2,45.0,1.0,2025-12-13 09:38:49.740769+00:00
9.6,-4.0,38.0,0.0,,114.0,14.8,29.6,1029.1,41.0,1.0,2025-12-13 09:38:49.740769+00:00
8.8,-4.4,39.0,0.0,,110.0,13.0,27.8,1029.0,29.0,1.0,2025-12-13 09:38:49.740769+00:00
7.6,-4.5,42.0,0.0,,108.0,13.0,25.9,1029.3,10.0,1.0,2025-12-13 09:38:49.740769+00:00
6.6,-4.8,44.0,0.0,,108.0,13.0,25.9,1029.5,0.0,1.0,2025-12-13 09:38:49.740769+00:00
5.4,-4.2,50.0,0.0,,104.0,13.0,25.9,1029.8,0.0,1.0,2025-12-13 09:38:49.740769+00:00
4.9,-4.4,51.0,0.0,,102.0,14.8,27.8,1029.7,0.0,1.0,2025-12-13 09:38:49.740769+00:00
4.2,-3.8,56.0,0.0,,105.0,16.7,27.8,1029.9,0.0,1.0,2025-12-13 09:38:49.740769+00:00
3.5,-3.8,59.0,0.0,,102.0,14.8,27.8,1029.8,0.0,1.0,2025-12-13 09:38:49.740769+00:00
3.2,-3.6,61.0,0.0,,104.0,14.8,25.9,1029.5,0.0,1.0,2025-12-13 09:38:49.740769+00:00
2.7,-3.4,64.0,0.0,,93.0,14.8,25.9,1029.5,0.0,1.0,2025-12-13 09:38:49.740769+00:00
2.5,-3.2,66.0,0.0,,95.0,14.8,25.9,1029.5,0.0,1.0,2025-12-13 09:38:49.740769+00:00
2.3,-3.4,66.0,0.0,,91.0,14.8,25.9,1029.3,0.0,1.0,2025-12-13 09:38:49.740769+00:00
2.0,-3.5,67.0,0.0,,95.0,14.8,25.9,1029.3,0.0,1.0,2025-12-13 09:38:49.740769+00:00
2.0,-3.3,68.0,0.0,,91.0,14.8,25.9,1029.4,0.0,1.0,2025-12-13 09:38:49.740769+00:00
2.5,-2.8,68.0,0.0,,101.0,13.0,25.9,1029.3,15.0,1.0,2025-12-13 09:38:49.740769+00:00
3.5,-2.5,65.0,0.0,,100.0,13.0,25.9,1029.3,29.0,1.0,2025-12-13 09:38:49.740769+00:00
5.1,-2.0,60.0,0.0,,99.0,13.0,25.9,1029.5,39.0,1.0,2025-12-13 09:38:49.740769+00:00
6.7,-1.9,54.0,0.0,,96.0,13.0,27.8,1029.0,44.0,1.0,2025-12-13 09:38:49.740769+00:00
8.4,-2.0,48.0,0.0,,93.0,13.0,27.8,1028.9,43.0,2.0,2025-12-13 09:38:49.740769+00:00
9.7,-1.7,45.0,0.0,,96.0,14.8,29.6,1029.0,42.0,2.0,2025-12-13 09:38:49.740769+00:00
10.6,-2.1,41.0,0.0,0.0,109.0,14.8,31.5,1029.0,42.0,2.0,2025-12-13 09:38:49.740769+00:00
11.2,-2.6,38.0,0.0,0.0,114.0,14.8,31.5,1028.7,42.0,1.0,2025-12-13 09:38:49.740769+00:00
11.6,-2.2,38.0,0.0,0.0,109.0,14.8,31.5,1028.0,43.0,2.0,2025-12-13 09:38:49.740769+00:00
11.7,-2.5,37.0,0.0,0.0,112.0,14.8,31.5,1027.2,42.0,1.0,2025-12-13 09:38:49.740769+00:00
11.1,-3.0,37.0,0.0,0.0,99.0,13.0,29.6,1027.3,38.0,1.0,2025-12-13 09:38:49.740769+00:00
10.2,-3.1,39.0,0.0,0.0,93.0,13.0,27.8,1027.7,27.0,1.0,2025-12-13 09:38:49.740769+00:00
9.0,-3.2,42.0,0.0,0.0,91.0,13.0,27.8,1027.1,12.0,1.0,2025-12-13 09:38:49.740769+00:00
8.0,-3.2,45.0,0.0,0.0,89.0,13.0,27.8,1027.4,0.0,1.0,2025-12-13 09:38:49.740769+00:00
7.0,-3.0,49.0,0.0,0.0,90.0,13.0,27.8,1027.6,0.0,1.0,2025-12-13 09:38:49.740769+00:00
6.1,-2.8,53.0,0.0,0.0,91.0,14.8,29.6,1027.9,0.0,1.0,2025-12-13 09:38:49.740769+00:00
5.4,-2.7,56.0,0.0,0.0,96.0,14.8,29.6,1028.0,0.0,1.0,2025-12-13 09:38:49.740769+00:00
4.7,-2.6,59.0,0.0,,94.0,16.7,27.8,1028.0,0.0,1.0,2025-12-13 09:38:49.740769+00:00
4.2,-2.6,61.0,0.0,0.0,99.0,16.7,27.8,1027.8,0.0,1.0,2025-12-13 09:38:49.740769+00:00
3.7,-2.7,63.0,0.0,0.0,101.0,14.8,25.9,1027.7,0.0,1.0,2025-12-13 09:38:49.740769+00:00
3.4,-2.5,65.0,0.0,0.0,98.0,14.8,24.1,1027.6,0.0,1.0,2025-12-13 09:38:49.740769+00:00
3.0,-2.7,66.0,0.0,0.0,103.0,14.8,25.9,1027.6,0.0,1.0,2025-12-13 09:38:49.740769+00:00
2.7,-2.6,68.0,0.0,0.0,105.0,14.8,25.9,1027.6,0.0,1.0,2025-12-13 09:38:49.740769+00:00
2.7,-2.4,69.0,0.0,0.0,109.0,14.8,25.9,1027.7,0.0,1.0,2025-12-13 09:38:49.740769+00:00
3.2,-2.3,67.0,0.0,0.0,110.0,14.8,25.9,1027.8,15.0,1.0,2025-12-13 09:38:49.740769+00:00
4.5,-1.7,64.0,0.0,0.0,112.0,14.8,25.9,1028.0,28.0,1.0,2025-12-13 09:38:49.740769+00:00
6.0,-1.4,59.0,0.0,0.0,118.0,13.0,25.9,1027.9,37.0,1.0,2025-12-13 09:38:49.740769+00:00
7.3,-1.1,55.0,0.0,0.0,121.0,13.0,27.8,1027.7,42.0,1.0,2025-12-13 09:38:49.740769+00:00
8.8,-1.3,49.0,0.0,0.0,113.0,14.8,29.6,1027.3,42.0,1.0,2025-12-13 09:38:49.740769+00:00
9.9,-1.2,46.0,0.0,0.0,128.0,16.7,31.5,1026.9,40.0,1.0,2025-12-13 09:38:49.740769+00:00
10.9,-1.5,42.0,0.0,0.0,109.0,14.8,33.3,1026.5,40.0,2.0,2025-12-13 09:38:49.740769+00:00
11.5,-1.3,41.0,0.0,0.0,111.0,16.7,33.3,1026.1,40.0,1.0,2025-12-13 09:38:49.740769+00:00
11.9,-1.6,39.0,0.0,0.0,109.0,16.7,33.3,1025.6,40.0,1.0,2025-12-13 09:38:49.740769+00:00
12.3,-1.6,38.0,0.0,0.0,113.0,16.7,33.3,1025.2,40.0,1.0,2025-12-13 09:38:49.740769+00:00
16.9,-0.3,31.0,0.0,0.0,102.0,16.7,33.3,1019.5,42.0,2.0,2025-12-13 09:38:49.740769+00:00
14.4,-0.9,35.0,0.0,0.0,100.0,16.7,33.3,1019.4,32.0,1.0,2025-12-13 09:38:49.740769+00:00
12.3,-1.3,39.0,0.0,0.0,97.0,16.7,31.5,1019.4,14.0,1.0,2025-12-13 09:38:49.740769+00:00
11.2,-1.6,41.0,0.0,0.0,94.0,16.7,31.5,1019.3,0.0,1.0,2025-12-13 09:38:49.740769+00:00
10.1,-1.9,43.0,0.0,0.0,96.0,16.7,31.5,1019.3,0.0,1.0,2025-12-13 09:38:49.740769+00:00
9.1,-1.6,47.0,0.0,0.0,99.0,16.7,31.5,1019.4,0.0,1.0,2025-12-13 09:38:49.740769+00:00
8.8,-0.8,51.0,0.0,0.0,103.0,18.5,31.5,1019.1,0.0,1.0,2025-12-13 09:38:49.740769+00:00
7.9,-1.1,53.0,0.0,0.0,102.0,18.5,33.3,1018.7,0.0,1.0,2025-12-13 09:38:49.740769+00:00
7.2,-1.2,55.0,0.0,0.0,99.0,18.5,33.3,1018.6,0.0,1.0,2025-12-13 09:38:49.740769+00:00
6.5,-1.2,58.0,0.0,0.0,96.0,20.4,35.2,1018.4,0.0,1.0,2025-12-13 09:38:49.740769+00:00
5.9,-1.0,61.0,0.0,0.0,97.0,20.4,35.2,1018.1,0.0,1.0,2025-12-13 09:38:49.740769+00:00
5.3,-1.0,64.0,0.0,0.0,95.0,20.4,37.0,1017.8,0.0,1.0,2025-12-13 09:38:49.740769+00:00
5.0,-0.2,69.0,0.0,0.0,94.0,20.4,38.9,1017.8,0.0,1.0,2025-12-13 09:38:49.740769+00:00
4.8,-0.2,70.0,0.0,0.0,95.0,20.4,38.9,1017.8,0.0,1.0,2025-12-13 09:38:49.740769+00:00
4.9,0.1,71.0,0.0,0.0,96.0,20.4,37.0,1017.9,18.0,1.0,2025-12-13 09:38:49.740769+00:00
6.6,0.5,65.0,0.0,0.0,97.0,20.4,38.9,1017.7,32.0,1.0,2025-12-13 09:38:49.740769+00:00
8.6,0.8,58.0,0.0,0.0,98.0,20.4,38.9,1017.4,39.0,1.0,2025-12-13 09:38:49.740769+00:00
10.7,1.0,51.0,0.0,0.0,98.0,20.4,38.9,1017.0,44.0,1.0,2025-12-13 09:38:49.740769+00:00
12.3,1.6,48.0,0.0,0.0,93.0,22.2,40.8,1016.9,36.0,1.0,2025-12-13 09:38:49.740769+00:00
13.4,1.4,44.0,0.0,0.0,94.0,22.2,42.6,1016.1,35.0,1.0,2025-12-13 09:38:49.740769+00:00
14.1,1.4,42.0,0.0,0.0,94.0,24.1,44.5,1015.3,32.0,1.0,2025-12-13 09:38:49.740769+00:00
14.5,1.4,41.0,0.0,0.0,92.0,24.1,44.5,1014.2,35.0,1.0,2025-12-13 09:38:49.740769+00:00
14.7,0.9,39.0,0.0,0.0,91.0,22.2,44.5,1013.3,37.0,1.0,2025-12-13 09:38:49.740769+00:00
14.0,0.3,39.0,0.0,0.0,91.0,24.1,46.3,1012.5,37.0,1.0,2025-12-13 09:38:49.740769+00:00
14.2,0.1,38.0,0.0,0.0,92.0,24.1,46.3,1012.0,41.0,1.0,2025-12-13 09:38:49.740769+00:00
12.1,-0.8,41.0,0.0,0.0,92.0,24.1,46.3,1011.6,30.0,1.0,2025-12-13 09:38:49.740769+00:00
10.6,-0.8,45.0,0.0,0.0,91.0,22.2,44.5,1011.3,16.0,1.0,2025-12-13 09:38:49.740769+00:00
9.6,-0.9,48.0,0.0,0.0,90.0,22.2,42.6,1011.0,0.0,1.0,2025-12-13 09:38:49.740769+00:00
8.9,-1.0,50.0,0.0,0.0,92.0,22.2,42.6,1010.7,0.0,1.0,2025-12-13 09:38:49.740769+00:00
8.3,-0.7,53.0,0.0,0.0,93.0,22.2,40.8,1010.5,0.0,1.0,2025-12-13 09:38:49.740769+00:00
8.0,-0.2,56.0,0.0,0.0,97.0,22.2,40.8,1010.2,0.0,1.0,2025-12-13 09:38:49.740769+00:00
7.6,-0.4,57.0,0.0,0.0,98.0,20.4,38.9,1010.0,0.0,1.0,2025-12-13 09:38:49.740769+00:00
7.3,-0.4,58.0,0.0,0.0,98.0,20.4,37.0,1009.8,0.0,1.0,2025-12-13 09:38:49.740769+00:00
6.7,-0.5,60.0,0.0,0.0,96.0,20.4,37.0,1009.5,0.0,1.0,2025-12-13 09:38:49.740769+00:00
6.3,-0.9,60.0,0.0,0.0,95.0,20.4,37.0,1009.1,0.0,1.0,2025-12-13 09:38:49.740769+00:00
6.0,-0.9,61.0,0.0,0.0,94.0,20.4,35.2,1008.7,0.0,1.0,2025-12-13 09:38:49.740769+00:00
5.6,-0.7,64.0,0.0,0.0,98.0,18.5,35.2,1008.7,0.0,2.0,2025-12-13 09:38:49.740769+00:00
5.5,-0.3,66.0,0.0,0.0,96.0,20.4,35.2,1008.4,2.0,2.0,2025-12-13 09:38:49.740769+00:00
5.7,-0.2,66.0,0.0,0.0,98.0,18.5,35.2,1008.5,9.0,2.0,2025-12-13 09:38:49.740769+00:00
6.9,0.6,64.0,0.0,0.0,99.0,18.5,35.2,1008.3,15.0,2.0,2025-12-13 09:38:49.740769+00:00
8.6,0.8,58.0,0.0,0.0,100.0,18.5,35.2,1008.0,18.0,2.0,2025-12-13 09:38:49.740769+00:00
10.6,1.7,54.0,0.0,0.0,103.0,18.5,37.0,1007.6,21.0,2.0,2025-12-13 09:38:49.740769+00:00
11.7,2.4,53.0,0.0,0.0,99.0,18.5,37.0,1007.4,21.0,4.0,2025-12-13 09:38:49.740769+00:00
12.7,3.1,52.0,0.0,0.0,100.0,18.5,35.2,1006.9,18.0,3.0,2025-12-13 09:38:49.740769+00:00
13.6,3.9,52.0,0.0,0.0,100.0,18.5,35.2,1006.6,15.0,3.0,2025-12-13 09:38:49.740769+00:00
14.0,4.3,52.0,0.0,0.0,97.0,16.7,33.3,1006.3,14.0,3.0,2025-12-13 09:38:49.740769+00:00
14.2,4.5,52.0,0.0,0.0,99.0,14.8,31.5,1006.1,12.0,3.0,2025-12-13 09:38:49.740769+00:00
13.8,4.9,55.0,0.0,0.0,101.0,14.8,31.5,1006.2,11.0,4.0,2025-12-13 09:38:49.740769+00:00
13.5,4.9,56.0,0.0,0.0,101.0,16.7,31.5,1006.2,6.0,4.0,2025-12-13 09:38:49.740769+00:00
12.7,4.9,59.0,0.0,0.0,98.0,14.8,31.5,1006.4,2.0,4.0,2025-12-13 09:38:49.740769+00:00
11.9,5.1,63.0,0.0,0.0,93.0,13.0,25.9,1006.7,1.0,4.0,2025-12-13 09:38:49.740769+00:00
11.4,5.3,66.0,0.0,0.0,86.0,11.1,24.1,1007.1,0.0,4.0,2025-12-13 09:38:49.740769+00:00
10.9,5.4,69.0,0.0,0.0,85.0,11.1,20.4,1007.3,0.0,4.0,2025-12-13 09:38:49.740769+00:00
10.4,5.6,72.0,0.0,0.0,76.0,11.1,18.5,1007.6,0.0,4.0,2025-12-13 09:38:49.740769+00:00
10.5,6.3,75.0,0.0,0.0,94.0,11.1,18.5,1008.5,0.0,4.0,2025-12-13 09:38:49.740769+00:00
9.7,6.1,78.0,0.0,0.0,90.0,9.3,16.7,1008.6,0.0,4.0,2025-12-13 09:38:49.740769+00:00
9.1,6.2,82.0,0.0,0.0,88.0,9.3,16.7,1008.7,0.0,4.0,2025-12-13 09:38:49.740769+00:00
8.5,6.1,85.0,0.0,0.0,84.0,7.4,14.8,1008.7,0.0,4.0,2025-12-13 09:38:49.740769+00:00
8.0,6.0,87.0,0.0,0.0,73.0,7.4,14.8,1008.8,0.0,4.0,2025-12-13 09:38:49.740769+00:00
7.7,6.2,90.0,0.0,0.0,72.0,7.4,13.0,1009.0,0.0,4.0,2025-12-13 09:38:49.740769+00:00
7.9,6.0,88.0,0.0,0.0,79.0,5.5,13.0,1009.4,0.0,4.0,2025-12-13 09:38:49.740769+00:00
7.6,6.4,92.0,0.0,0.0,73.0,7.4,13.0,1009.7,0.0,4.0,2025-12-13 09:38:49.740769+00:00
7.9,6.4,90.0,0.0,0.0,71.0,5.5,11.1,1010.1,0.0,4.0,2025-12-13 09:38:49.740769+00:00
8.7,6.5,86.0,0.0,0.0,78.0,5.5,11.1,1010.6,2.0,4.0,2025-12-13 09:38:49.740769+00:00
9.6,6.7,82.0,0.0,0.0,67.0,5.5,11.1,1011.2,5.0,4.0,2025-12-13 09:38:49.740769+00:00
10.6,6.5,76.0,0.0,0.0,39.0,5.5,13.0,1011.6,6.0,4.0,2025-12-13 09:38:49.740769+00:00
12.1,7.2,72.0,0.0,0.0,22.0,5.5,11.1,1011.9,8.0,4.0,2025-12-13 09:38:49.740769+00:00
12.7,7.2,69.0,0.0,0.0,18.0,3.7,13.0,1012.1,8.0,4.0,2025-12-13 09:38:49.740769+00:00
13.4,7.0,65.0,0.0,0.0,349.0,5.5,13.0,1012.2,7.0,3.0,2025-12-13 09:38:49.740769+00:00
13.9,7.0,63.0,0.0,0.0,343.0,5.5,14.8,1012.4,9.0,3.0,2025-12-13 09:38:49.740769+00:00
14.1,6.4,60.0,0.0,0.0,323.0,7.4,16.7,1012.7,12.0,3.0,2025-12-13 09:38:49.740769+00:00
14.0,6.4,60.0,0.0,0.0,327.0,5.5,14.8,1012.7,14.0,3.0,2025-12-13 09:38:49.740769+00:00
14.5,5.6,55.0,0.0,0.0,3.0,5.5,16.7,1013.0,17.0,3.0,2025-12-13 09:38:49.740769+00:00
12.8,5.5,61.0,0.0,0.0,5.0,7.4,14.8,1013.3,12.0,3.0,2025-12-13 09:38:49.740769+00:00
11.4,5.7,68.0,0.0,0.0,5.0,7.4,13.0,1013.8,5.0,3.0,2025-12-13 09:38:49.740769+00:00
10.2,5.8,74.0,0.0,0.0,282.0,7.4,13.0,1014.4,0.0,3.0,2025-12-13 09:38:49.740769+00:00
9.4,5.6,77.0,0.0,0.0,172.0,7.4,13.0,1015.0,0.0,3.0,2025-12-13 09:38:49.740769+00:00
8.5,6.0,84.0,0.0,0.0,127.0,7.4,13.0,1015.6,0.0,2.0,2025-12-13 09:38:49.740769+00:00
7.6,5.6,87.0,0.0,0.0,139.0,5.5,9.3,1015.4,0.0,4.0,2025-12-13 09:38:49.740769+00:00
7.0,5.5,90.0,0.0,0.0,170.0,7.4,11.1,1015.7,0.0,3.0,2025-12-13 09:38:49.740769+00:00
6.5,5.3,92.0,0.0,0.0,178.0,7.4,11.1,1015.8,0.0,3.0,2025-12-13 09:38:49.740769+00:00
6.1,5.1,93.0,0.0,0.0,178.0,7.4,11.1,1015.9,0.0,2.0,2025-12-13 09:38:49.740769+00:00
5.5,5.1,97.0,0.0,0.0,200.0,7.4,11.1,1015.8,0.0,2.0,2025-12-13 09:38:49.740769+00:00
5.2,4.9,98.0,0.0,0.0,212.0,7.4,13.0,1015.8,0.0,2.0,2025-12-13 09:38:49.740769+00:00
5.0,4.9,99.0,0.0,0.0,237.0,7.4,13.0,1015.9,0.0,2.0,2025-12-13 09:38:49.740769+00:00
5.3,5.0,98.0,0.0,0.0,240.0,7.4,14.8,1016.1,2.0,2.0,2025-12-13 09:38:49.740769+00:00
6.2,5.5,95.0,0.0,0.0,255.0,7.4,14.8,1016.3,8.0,2.0,2025-12-13 09:38:49.740769+00:00
7.8,5.9,88.0,0.0,0.0,267.0,9.3,14.8,1016.7,14.0,3.0,2025-12-13 09:38:49.740769+00:00
9.1,6.4,83.0,0.0,0.0,273.0,9.3,16.7,1016.9,14.0,3.0,2025-12-13 09:38:49.740769+00:00
10.5,6.4,76.0,0.0,0.0,275.0,11.1,20.4,1017.3,17.0,3.0,2025-12-13 09:38:49.740769+00:00
11.8,6.3,69.0,0.0,0.0,277.0,13.0,24.1,1017.2,15.0,4.0,2025-12-13 09:38:49.740769+00:00
12.4,6.0,65.0,0.0,0.0,275.0,13.0,25.9,1017.2,14.0,3.0,2025-12-13 09:38:49.740769+00:00
12.7,5.6,62.0,0.0,0.0,275.0,14.8,27.8,1017.1,11.0,3.0,2025-12-13 09:38:49.740769+00:00
12.8,5.2,60.0,0.0,0.0,275.0,14.8,27.8,1017.0,12.0,3.0,2025-12-13 09:38:49.740769+00:00
12.8,5.0,59.0,0.0,0.0,280.0,14.8,27.8,1016.8,16.0,3.0,2025-12-13 09:38:49.740769+00:00
12.2,4.4,59.0,0.0,0.0,283.0,14.8,29.6,1016.6,18.0,3.0,2025-12-13 09:38:49.740769+00:00
12.1,4.3,59.0,0.0,0.0,288.0,14.8,29.6,1016.5,20.0,3.0,2025-12-13 09:38:49.740769+00:00
10.2,4.1,66.0,0.0,0.0,289.0,14.8,27.8,1017.0,15.0,3.0,2025-12-13 09:38:49.740769+00:00
8.8,4.0,72.0,0.0,0.0,287.0,13.0,25.9,1017.3,7.0,3.0,2025-12-13 09:38:49.740769+00:00
8.2,4.0,75.0,0.0,0.0,282.0,11.1,24.1,1017.7,0.0,3.0,2025-12-13 09:38:49.740769+00:00
7.9,4.5,79.0,0.0,0.0,274.0,11.1,22.2,1018.0,0.0,4.0,2025-12-13 09:38:49.740769+00:00
7.7,4.8,82.0,0.0,0.0,275.0,11.1,22.2,1018.0,0.0,4.0,2025-12-13 09:38:49.740769+00:00
7.3,5.3,87.0,0.0,0.0,262.0,9.3,18.5,1017.8,0.0,4.0,2025-12-13 09:38:49.740769+00:00
7.2,5.0,86.0,0.0,0.0,257.0,11.1,18.5,1017.7,0.0,4.0,2025-12-13 09:38:49.740769+00:00
7.2,5.2,87.0,0.0,0.0,252.0,11.1,18.5,1017.5,0.0,4.0,2025-12-13 09:38:49.740769+00:00
7.3,5.1,86.0,0.0,0.0,251.0,11.1,18.5,1017.2,0.0,4.0,2025-12-13 09:38:49.740769+00:00
7.4,5.2,86.0,0.0,0.0,256.0,11.1,20.4,1017.0,0.0,7.0,2025-12-13 09:38:49.740769+00:00
7.4,5.4,87.0,0.0,0.0,258.0,13.0,22.2,1016.8,0.0,7.0,2025-12-13 09:38:49.740769+00:00
7.5,5.6,88.0,0.0,0.0,267.0,13.0,22.2,1016.9,0.0,7.0,2025-12-13 09:38:49.740769+00:00
7.6,5.9,89.0,0.0,0.0,276.0,13.0,22.2,1017.1,0.0,7.0,2025-12-13 09:38:49.740769+00:00
7.5,6.3,92.0,0.1,0.0,282.0,13.0,24.1,1017.5,0.0,7.0,2025-12-13 09:38:49.740769+00:00
7.5,6.3,92.0,0.0,0.0,294.0,13.0,24.1,1017.9,0.0,7.0,2025-12-13 09:38:49.740769+00:00
7.7,6.2,90.0,0.2,0.0,294.0,13.0,25.9,1018.2,0.0,7.0,2025-12-13 09:38:49.740769+00:00
7.8,5.9,88.0,0.0,0.0,295.0,14.8,27.8,1018.6,0.0,7.0,2025-12-13 09:38:49.740769+00:00
8.5,5.4,81.0,0.2,0.0,301.0,14.8,27.8,1018.8,0.0,7.0,2025-12-13 09:38:49.740769+00:00
8.4,5.2,80.0,0.0,0.0,300.0,14.8,27.8,1019.1,0.0,7.0,2025-12-13 09:38:49.740769+00:00
8.7,5.1,78.0,0.0,0.0,300.0,14.8,29.6,1019.3,0.0,7.0,2025-12-13 09:38:49.740769+00:00
9.0,4.8,75.0,0.0,0.0,301.0,14.8,29.6,1019.5,1.0,4.0,2025-12-13 09:38:49.740769+00:00
9.3,4.7,73.0,0.0,0.0,305.0,14.8,27.8,1019.5,5.0,4.0,2025-12-13 09:38:49.740769+00:00
9.5,4.7,72.0,0.0,0.0,307.0,13.0,27.8,1019.5,9.0,4.0,2025-12-13 09:38:49.740769+00:00
9.8,4.4,69.0,0.0,0.0,316.0,13.0,25.9,1019.6,9.0,4.0,2025-12-13 09:38:49.740769+00:00
9.5,4.3,70.0,0.0,0.0,307.0,11.1,24.1,1020.0,9.0,3.0,2025-12-13 09:38:49.740769+00:00
9.0,4.2,72.0,0.0,0.0,302.0,11.1,20.4,1020.4,5.0,3.0,2025-12-13 09:38:49.740769+00:00
8.3,4.1,75.0,0.0,0.0,298.0,9.3,18.5,1020.8,0.0,2.0,2025-12-13 09:38:49.740769+00:00
7.3,4.3,81.0,0.0,0.0,296.0,11.1,18.5,1021.1,0.0,2.0,2025-12-13 09:38:49.740769+00:00
6.6,4.3,85.0,0.0,0.0,298.0,11.1,18.5,1021.4,0.0,2.0,2025-12-13 09:38:49.740769+00:00
6.5,4.2,85.0,0.0,0.0,300.0,11.1,18.5,1021.3,0.0,3.0,2025-12-13 09:38:49.740769+00:00
5.9,4.1,88.0,0.0,0.0,302.0,11.1,18.5,1021.5,0.0,2.0,2025-12-13 09:38:49.740769+00:00
5.3,3.8,90.0,0.0,0.0,304.0,11.1,18.5,1021.5,0.0,2.0,2025-12-13 09:38:49.740769+00:00
4.6,3.6,93.0,0.0,0.0,305.0,11.1,16.7,1021.6,0.0,2.0,2025-12-13 09:38:49.740769+00:00
3.9,3.5,97.0,0.0,0.0,306.0,11.1,16.7,1021.7,0.0,2.0,2025-12-13 09:38:49.740769+00:00
3.4,3.3,99.0,0.0,0.0,304.0,11.1,16.7,1021.9,0.0,2.0,2025-12-13 09:38:49.740769+00:00
3.7,3.1,96.0,0.0,0.0,307.0,11.1,18.5,1021.8,0.0,2.0,2025-12-13 09:38:49.740769+00:00
3.6,3.5,99.0,0.0,0.0,298.0,11.1,18.5,1021.9,3.0,2.0,2025-12-13 09:38:49.740769+00:00
3.8,3.8,100.0,0.0,0.0,298.0,11.1,18.5,1022.1,6.0,4.0,2025-12-13 09:38:49.740769+00:00
4.7,4.1,96.0,0.0,0.0,294.0,9.3,18.5,1022.4,8.0,4.0,2025-12-13 09:38:49.740769+00:00
5.6,4.6,93.0,0.0,0.0,292.0,9.3,18.5,1022.6,6.0,4.0,2025-12-13 09:38:49.740769+00:00
6.6,4.6,87.0,0.0,0.0,287.0,9.3,18.5,1022.7,8.0,4.0,2025-12-13 09:38:49.740769+00:00
8.1,4.5,78.0,0.0,0.0,285.0,9.3,20.4,1022.4,11.0,4.0,2025-12-13 09:38:49.740769+00:00
8.7,4.1,73.0,0.0,0.0,282.0,11.1,20.4,1022.0,10.0,4.0,2025-12-13 09:38:49.740769+00:00
9.4,3.8,68.0,0.0,0.0,278.0,9.3,20.4,1021.6,9.0,4.0,2025-12-13 09:38:49.740769+00:00
10.0,3.5,64.0,0.0,0.0,276.0,9.3,20.4,1021.1,11.0,4.0,2025-12-13 09:38:49.740769+00:00
10.5,3.1,60.0,0.0,0.0,273.0,9.3,18.5,1020.6,19.0,4.0,2025-12-13 09:38:49.740769+00:00
10.6,2.7,58.0,0.0,0.0,269.0,7.4,16.7,1019.9,24.0,2.0,2025-12-13 09:38:49.740769+00:00
11.0,2.8,57.0,0.0,0.0,246.0,7.4,14.8,1019.7,28.0,2.0,2025-12-13 09:38:49.740769+00:00
9.7,3.0,63.0,0.0,0.0,236.0,7.4,13.0,1019.6,25.0,2.0,2025-12-13 09:38:49.740769+00:00
8.5,2.9,68.0,0.0,0.0,234.0,7.4,13.0,1019.6,15.0,1.0,2025-12-13 09:38:49.740769+00:00
7.1,3.0,75.0,0.0,0.0,225.0,7.4,11.1,1019.5,0.0,1.0,2025-12-13 09:38:49.740769+00:00
5.8,2.8,81.0,0.0,0.0,216.0,9.3,13.0,1019.4,0.0,1.0,2025-12-13 09:38:49.740769+00:00
4.5,2.7,88.0,0.0,0.0,199.0,9.3,14.8,1019.3,0.0,1.0,2025-12-13 09:38:49.740769+00:00
4.5,3.5,93.0,0.0,0.0,185.0,9.3,13.0,1019.1,0.0,1.0,2025-12-13 09:38:49.740769+00:00
3.9,3.2,95.0,0.0,0.0,192.0,9.3,14.8,1019.0,0.0,1.0,2025-12-13 09:38:49.740769+00:00
3.3,2.9,97.0,0.0,0.0,191.0,9.3,14.8,1018.7,0.0,1.0,2025-12-13 09:38:49.740769+00:00
2.5,2.4,99.0,0.0,0.0,185.0,9.3,14.8,1018.4,0.0,1.0,2025-12-13 09:38:49.740769+00:00
2.0,2.0,100.0,0.0,0.0,180.0,9.3,14.8,1017.9,0.0,1.0,2025-12-13 09:38:49.740769+00:00
1.6,1.6,100.0,0.0,0.0,174.0,9.3,14.8,1017.4,0.0,1.0,2025-12-13 09:38:49.740769+00:00
1.7,1.3,97.0,0.0,0.0,175.0,9.3,14.8,1017.1,0.0,1.0,2025-12-13 09:38:49.740769+00:00
1.9,1.5,97.0,0.0,0.0,173.0,9.3,14.8,1016.8,8.0,1.0,2025-12-13 09:38:49.740769+00:00
2.5,2.1,97.0,0.0,0.0,167.0,9.3,14.8,1016.7,19.0,1.0,2025-12-13 09:38:49.740769+00:00
4.4,2.6,88.0,0.0,0.0,163.0,9.3,16.7,1016.5,29.0,1.0,2025-12-13 09:38:49.740769+00:00
6.9,3.1,77.0,0.0,0.0,163.0,9.3,18.5,1016.3,36.0,1.0,2025-12-13 09:38:49.740769+00:00
9.0,3.4,68.0,0.0,0.0,164.0,11.1,20.4,1015.8,43.0,1.0,2025-12-13 09:38:49.740769+00:00
10.5,3.5,62.0,0.0,0.0,158.0,9.3,20.4,1015.4,37.0,2.0,2025-12-13 09:38:49.740769+00:00
12.2,2.9,53.0,0.0,0.0,159.0,9.3,20.4,1014.4,37.0,2.0,2025-12-13 09:38:49.740769+00:00
13.6,2.8,48.0,0.0,0.0,156.0,11.1,20.4,1013.2,36.0,1.0,2025-12-13 09:38:49.740769+00:00
14.7,2.6,44.0,0.0,0.0,151.0,11.1,22.2,1012.1,38.0,1.0,2025-12-13 09:38:49.740769+00:00
15.2,2.0,41.0,0.0,0.0,147.0,11.1,22.2,1011.2,40.0,1.0,2025-12-13 09:38:49.740769+00:00
15.1,1.9,41.0,0.0,0.0,137.0,11.1,22.2,1010.3,41.0,1.0,2025-12-13 09:38:49.740769+00:00
14.7,1.6,41.0,0.0,0.0,132.0,9.3,20.4,1010.0,36.0,1.0,2025-12-13 09:38:49.740769+00:00
13.4,1.4,44.0,0.0,0.0,130.0,9.3,18.5,1009.8,29.0,1.0,2025-12-13 09:38:49.740769+00:00
11.9,0.9,47.0,0.0,0.0,120.0,9.3,18.5,1009.9,18.0,1.0,2025-12-13 09:38:49.740769+00:00
10.6,1.2,52.0,0.0,0.0,113.0,11.1,18.5,1009.9,0.0,1.0,2025-12-13 09:38:49.740769+00:00
9.3,1.2,57.0,0.0,0.0,112.0,11.1,20.4,1009.8,0.0,1.0,2025-12-13 09:38:49.740769+00:00
8.1,1.9,65.0,0.0,0.0,105.0,11.1,18.5,1009.6,0.0,1.0,2025-12-13 09:38:49.740769+00:00
7.5,3.0,73.0,0.0,0.0,106.0,11.1,18.5,1009.2,0.0,1.0,2025-12-13 09:38:49.740769+00:00
6.9,3.1,77.0,0.0,0.0,105.0,11.1,16.7,1009.1,0.0,1.0,2025-12-13 09:38:49.740769+00:00
6.1,3.1,81.0,0.0,0.0,106.0,9.3,14.8,1009.0,0.0,1.0,2025-12-13 09:38:49.740769+00:00
5.3,3.1,86.0,0.0,0.0,102.0,9.3,14.8,1008.9,0.0,2.0,2025-12-13 09:38:49.740769+00:00
4.9,2.9,87.0,0.0,0.0,72.0,7.4,13.0,1008.8,0.0,2.0,2025-12-13 09:38:49.740769+00:00
4.2,2.9,91.0,0.0,0.0,68.0,7.4,13.0,1008.9,0.0,3.0,2025-12-13 09:38:49.740769+00:00
4.4,2.9,90.0,0.0,0.0,27.0,7.4,13.0,1009.1,0.0,3.0,2025-12-13 09:38:49.740769+00:00
4.6,3.3,91.0,0.0,0.0,6.0,7.4,13.0,1009.6,3.0,3.0,2025-12-13 09:38:49.740769+00:00
5.1,3.3,88.0,0.0,0.0,344.0,7.4,14.8,1010.3,6.0,3.0,2025-12-13 09:38:49.740769+00:00
6.7,3.8,82.0,0.0,0.0,336.0,7.4,16.7,1010.9,9.0,3.0,2025-12-13 09:38:49.740769+00:00
8.4,4.2,75.0,0.0,0.0,331.0,9.3,18.5,1011.4,11.0,3.0,2025-12-13 09:38:49.740769+00:00
10.1,4.9,70.0,0.0,0.0,325.0,11.1,22.2,1012.0,13.0,3.0,2025-12-13 09:38:49.740769+00:00
11.1,5.4,68.0,0.0,0.0,330.0,13.0,24.1,1012.3,13.0,4.0,2025-12-13 09:38:49.740769+00:00
12.5,5.6,63.0,0.0,0.0,323.0,14.8,27.8,1012.6,11.0,3.0,2025-12-13 09:38:49.740769+00:00
13.1,5.7,61.0,0.0,0.0,322.0,16.7,29.6,1012.9,8.0,3.0,2025-12-13 09:38:49.740769+00:00
13.2,5.6,60.0,0.0,0.0,324.0,16.7,31.5,1012.9,7.0,4.0,2025-12-13 09:38:49.740769+00:00
13.1,5.3,59.0,0.0,0.0,327.0,18.5,33.3,1013.2,8.0,4.0,2025-12-13 09:38:49.740769+00:00
12.6,5.0,60.0,0.0,0.0,328.0,18.5,35.2,1013.6,8.0,3.0,2025-12-13 09:38:49.740769+00:00
13.1,5.0,58.0,0.0,0.0,333.0,20.4,38.9,1014.1,12.0,3.0,2025-12-13 09:38:49.740769+00:00
11.6,4.3,61.0,0.0,0.0,329.0,18.5,37.0,1015.1,9.0,3.0,2025-12-13 09:38:49.740769+00:00
10.8,3.6,61.0,0.0,0.0,328.0,18.5,35.2,1015.9,5.0,3.0,2025-12-13 09:38:49.740769+00:00
9.6,2.9,63.0,0.0,0.0,330.0,16.7,33.3,1016.6,0.0,3.0,2025-12-13 09:38:49.740769+00:00
8.3,2.3,66.0,0.0,0.0,325.0,14.8,29.6,1016.8,0.0,2.0,2025-12-13 09:38:49.740769+00:00
7.5,2.0,68.0,0.0,0.0,325.0,13.0,25.9,1016.9,0.0,2.0,2025-12-13 09:38:49.740769+00:00
7.0,1.9,70.0,0.0,0.0,322.0,11.1,24.1,1017.1,0.0,2.0,2025-12-13 09:38:49.740769+00:00
5.8,1.5,74.0,0.0,0.0,313.0,11.1,22.2,1016.8,0.0,1.0,2025-12-13 09:38:49.740769+00:00
4.8,1.3,78.0,0.0,0.0,301.0,11.1,20.4,1016.4,0.0,1.0,2025-12-13 09:38:49.740769+00:00
4.0,1.0,81.0,0.0,0.0,281.0,11.1,20.4,1015.8,0.0,1.0,2025-12-13 09:38:49.740769+00:00
3.3,0.9,84.0,0.0,0.0,267.0,11.1,18.5,1015.2,0.0,1.0,2025-12-13 09:38:49.740769+00:00
2.8,0.9,87.0,0.0,0.0,246.0,11.1,18.5,1014.6,0.0,2.0,2025-12-13 09:38:49.740769+00:00
3.1,1.0,86.0,0.0,0.0,232.0,11.1,18.5,1014.2,0.0,2.0,2025-12-13 09:38:49.740769+00:00
3.6,1.0,83.0,0.0,0.0,226.0,11.1,20.4,1013.5,7.0,2.0,2025-12-13 09:38:49.740769+00:00
4.2,1.1,80.0,0.0,0.0,223.0,13.0,22.2,1012.8,10.0,2.0,2025-12-13 09:38:49.740769+00:00
5.5,1.4,75.0,0.0,0.0,218.0,13.0,25.9,1011.6,12.0,3.0,2025-12-13 09:38:49.740769+00:00
6.5,1.8,72.0,0.0,0.0,225.0,16.7,31.5,1010.8,7.0,7.0,2025-12-13 09:38:49.740769+00:00
7.3,2.6,72.0,0.0,0.0,228.0,16.7,35.2,1010.3,2.0,7.0,2025-12-13 09:38:49.740769+00:00
7.3,3.2,75.0,1.2,0.0,231.0,16.7,35.2,1010.1,0.0,7.0,2025-12-13 09:38:49.740769+00:00
8.0,3.5,73.0,0.0,0.0,238.0,16.7,35.2,1008.9,0.0,7.0,2025-12-13 09:38:49.740769+00:00
8.3,3.7,73.0,0.0,0.0,241.0,18.5,38.9,1008.0,0.0,7.0,2025-12-13 09:38:49.740769+00:00
8.5,3.9,73.0,0.0,0.0,244.0,18.5,38.9,1007.3,0.0,7.0,2025-12-13 09:38:49.740769+00:00
8.5,4.3,75.0,0.0,0.0,250.0,18.5,40.8,1006.8,1.0,7.0,2025-12-13 09:38:49.740769+00:00
7.7,5.0,83.0,1.0,0.0,259.0,18.5,40.8,1006.6,4.0,7.0,2025-12-13 09:38:49.740769+00:00
7.5,5.5,87.0,1.7,0.0,261.0,18.5,42.6,1006.3,3.0,7.0,2025-12-13 09:38:49.740769+00:00
7.1,5.6,90.0,0.3,0.0,271.0,18.5,42.6,1006.9,2.0,7.0,2025-12-13 09:38:49.740769+00:00
6.4,5.7,95.0,0.5,0.0,275.0,18.5,42.6,1007.7,2.0,7.0,2025-12-13 09:38:49.740769+00:00
6.2,5.9,98.0,0.6,0.0,281.0,18.5,40.8,1008.4,0.0,7.0,2025-12-13 09:38:49.740769+00:00
6.0,5.9,99.0,0.0,0.0,283.0,18.5,38.9,1009.2,0.0,7.0,2025-12-13 09:38:49.740769+00:00
6.1,5.8,98.0,0.6,0.0,286.0,18.5,37.0,1009.9,0.0,7.0,2025-12-13 09:38:49.740769+00:00
6.3,5.6,95.0,0.4,0.0,289.0,16.7,33.3,1010.5,0.0,7.0,2025-12-13 09:38:49.740769+00:00
6.1,5.4,95.0,0.0,0.0,290.0,16.7,33.3,1011.1,0.0,7.0,2025-12-13 09:38:49.740769+00:00
6.1,5.4,95.0,0.0,0.0,295.0,14.8,29.6,1011.5,0.0,7.0,2025-12-13 09:38:49.740769+00:00
6.1,5.5,96.0,0.0,0.0,300.0,14.8,27.8,1011.8,0.0,7.0,2025-12-13 09:38:49.740769+00:00
6.0,5.6,97.0,0.0,0.0,305.0,14.8,27.8,1012.4,0.0,7.0,2025-12-13 09:38:49.740769+00:00
6.0,5.7,98.0,0.3,0.0,307.0,14.8,29.6,1013.0,0.0,7.0,2025-12-13 09:38:49.740769+00:00
6.0,5.3,95.0,0.0,0.0,311.0,14.8,27.8,1013.8,0.0,7.0,2025-12-13 09:38:49.740769+00:00
6.0,5.3,95.0,0.0,0.0,311.0,14.8,27.8,1014.5,1.0,7.0,2025-12-13 09:38:49.740769+00:00
6.0,5.3,95.0,0.0,0.0,315.0,14.8,27.8,1015.5,0.0,7.0,2025-12-13 09:38:49.740769+00:00
6.2,5.5,95.0,0.0,0.0,323.0,14.8,27.8,1016.5,1.0,7.0,2025-12-13 09:38:49.740769+00:00
6.6,5.5,93.0,0.0,0.0,330.0,16.7,29.6,1017.6,0.0,7.0,2025-12-13 09:38:49.740769+00:00
6.9,5.4,90.0,0.0,0.0,335.0,16.7,31.5,1018.6,0.0,7.0,2025-12-13 09:38:49.740769+00:00
8.1,5.2,82.0,0.0,0.0,342.0,16.7,31.5,1019.0,0.0,7.0,2025-12-13 09:38:49.740769+00:00
9.2,5.0,75.0,0.0,0.0,344.0,16.7,33.3,1019.7,0.0,7.0,2025-12-13 09:38:49.740769+00:00
9.5,4.9,73.0,0.0,0.0,346.0,16.7,35.2,1020.2,2.0,7.0,2025-12-13 09:38:49.740769+00:00
9.6,4.4,70.0,0.0,0.0,346.0,16.7,35.2,1020.8,3.0,7.0,2025-12-13 09:38:49.740769+00:00
9.6,4.0,68.0,0.0,0.0,346.0,16.7,35.2,1021.4,5.0,17.0,2025-12-13 09:38:49.740769+00:00
9.2,3.6,68.0,0.0,0.0,346.0,18.5,37.0,1021.8,7.0,7.0,2025-12-13 09:38:49.740769+00:00
9.8,3.3,64.0,0.8,0.0,347.0,16.7,35.2,1022.4,12.0,7.0,2025-12-13 09:38:49.740769+00:00
8.9,2.9,66.0,0.0,0.0,345.0,16.7,33.3,1023.6,9.0,3.0,2025-12-13 09:38:49.740769+00:00
8.3,2.5,67.0,0.0,0.0,345.0,14.8,33.3,1024.6,5.0,3.0,2025-12-13 09:38:49.740769+00:00
7.8,2.3,68.0,0.0,0.0,349.0,14.8,29.6,1025.6,0.0,3.0,2025-12-13 09:38:49.740769+00:00
7.2,2.7,73.0,0.0,0.0,347.0,13.0,25.9,1026.0,0.0,3.0,2025-12-13 09:38:49.740769+00:00
6.8,2.9,76.0,0.0,0.0,351.0,13.0,25.9,1026.2,0.0,3.0,2025-12-13 09:38:49.740769+00:00
6.5,2.8,77.0,0.0,0.0,358.0,11.1,22.2,1026.8,0.0,4.0,2025-12-13 09:38:49.740769+00:00
6.0,2.8,80.0,0.0,0.0,1.0,11.1,20.4,1026.9,0.0,3.0,2025-12-13 09:38:49.740769+00:00
5.6,2.9,83.0,0.0,0.0,360.0,9.3,20.4,1026.9,0.0,3.0,2025-12-13 09:38:49.740769+00:00
4.9,2.9,87.0,0.0,0.0,3.0,9.3,18.5,1026.9,0.0,2.0,2025-12-13 09:38:49.740769+00:00
4.4,2.7,89.0,0.0,0.0,2.0,9.3,18.5,1027.1,0.0,2.0,2025-12-13 09:38:49.740769+00:00
4.0,2.8,92.0,0.0,0.0,360.0,9.3,18.5,1027.3,0.0,2.0,2025-12-13 09:38:49.740769+00:00
3.6,2.3,91.0,0.0,0.0,6.0,11.1,18.5,1027.2,0.0,2.0,2025-12-13 09:38:49.740769+00:00
3.6,2.6,93.0,0.0,0.0,3.0,9.3,18.5,1027.8,7.0,2.0,2025-12-13 09:38:49.740769+00:00
4.2,2.7,90.0,0.0,0.0,3.0,9.3,16.7,1028.1,16.0,2.0,2025-12-13 09:38:49.740769+00:00
5.9,3.1,82.0,0.0,0.0,7.0,9.3,18.5,1028.7,25.0,2.0,2025-12-13 09:38:49.740769+00:00
7.7,3.2,73.0,0.0,0.0,12.0,9.3,18.5,1028.9,27.0,2.0,2025-12-13 09:38:49.740769+00:00
9.2,3.0,65.0,0.0,0.0,16.0,11.1,22.2,1029.1,30.0,2.0,2025-12-13 09:38:49.740769+00:00
10.6,2.4,57.0,0.0,0.0,33.0,11.1,24.1,1029.2,19.0,2.0,2025-12-13 09:38:49.740769+00:00
11.2,1.7,52.0,0.0,0.0,41.0,13.0,27.8,1028.9,15.0,2.0,2025-12-13 09:38:49.740769+00:00
11.9,1.8,50.0,0.0,0.0,46.0,13.0,29.6,1028.7,11.0,3.0,2025-12-13 09:38:49.740769+00:00
12.2,1.5,48.0,0.0,0.0,43.0,13.0,29.6,1028.2,12.0,3.0,2025-12-13 09:38:49.740769+00:00
12.5,1.5,47.0,0.0,0.0,39.0,13.0,29.6,1027.8,13.0,3.0,2025-12-13 09:38:49.740769+00:00
12.5,1.5,47.0,0.0,0.0,37.0,14.8,31.5,1027.4,18.0,3.0,2025-12-13 09:38:49.740769+00:00
12.7,1.4,46.0,0.0,0.0,41.0,14.8,31.5,1027.3,24.0,2.0,2025-12-13 09:38:49.740769+00:00
11.3,1.3,50.0,0.0,0.0,33.0,16.7,31.5,1027.4,22.0,2.0,2025-12-13 09:38:49.740769+00:00
10.4,1.2,53.0,0.0,0.0,28.0,14.8,31.5,1027.8,16.0,2.0,2025-12-13 09:38:49.740769+00:00
9.6,1.0,55.0,0.0,0.0,27.0,14.8,29.6,1028.1,0.0,2.0,2025-12-13 09:38:49.740769+00:00
8.6,1.3,60.0,0.0,0.0,28.0,14.8,27.8,1028.4,0.0,1.0,2025-12-13 09:38:49.740769+00:00
7.8,1.8,66.0,0.0,0.0,33.0,14.8,27.8,1028.6,0.0,1.0,2025-12-13 09:38:49.740769+00:00
7.2,2.1,70.0,0.0,0.0,37.0,13.0,25.9,1028.6,0.0,1.0,2025-12-13 09:38:49.740769+00:00
6.6,2.1,73.0,0.0,0.0,42.0,13.0,24.1,1028.7,0.0,1.0,2025-12-13 09:38:49.740769+00:00
6.1,2.2,76.0,0.0,0.0,44.0,13.0,22.2,1028.7,0.0,1.0,2025-12-13 09:38:49.740769+00:00
5.6,2.2,79.0,0.0,0.0,50.0,13.0,22.2,1028.6,0.0,1.0,2025-12-13 09:38:49.740769+00:00
5.2,2.4,82.0,0.0,0.0,45.0,13.0,22.2,1028.4,0.0,1.0,2025-12-13 09:38:49.740769+00:00
4.9,2.6,85.0,0.0,0.0,49.0,11.1,20.4,1028.3,0.0,1.0,2025-12-13 09:38:49.740769+00:00
4.4,2.4,87.0,0.0,0.0,44.0,11.1,20.4,1028.3,0.0,1.0,2025-12-13 09:38:49.740769+00:00
4.6,2.8,88.0,0.0,0.0,44.0,11.1,22.2,1028.5,11.0,1.0,2025-12-13 09:38:49.740769+00:00
5.3,3.1,86.0,0.0,0.0,45.0,11.1,22.2,1028.7,22.0,1.0,2025-12-13 09:38:49.740769+00:00
7.1,3.5,78.0,0.0,0.0,45.0,13.0,24.1,1029.0,32.0,1.0,2025-12-13 09:38:49.740769+00:00
9.1,4.1,71.0,0.0,0.0,45.0,13.0,24.1,1029.3,35.0,1.0,2025-12-13 09:38:49.740769+00:00
10.8,4.0,63.0,0.0,0.0,46.0,13.0,25.9,1029.2,40.0,1.0,2025-12-13 09:38:49.740769+00:00
12.3,4.5,59.0,0.0,0.0,49.0,13.0,25.9,1029.1,32.0,2.0,2025-12-13 09:38:49.740769+00:00
13.7,4.6,54.0,0.0,0.0,49.0,13.0,25.9,1028.6,32.0,2.0,2025-12-13 09:38:49.740769+00:00
14.7,4.7,51.0,0.0,0.0,49.0,13.0,27.8,1028.1,30.0,1.0,2025-12-13 09:38:49.740769+00:00
15.4,4.1,47.0,0.0,0.0,47.0,13.0,29.6,1027.4,33.0,1.0,2025-12-13 09:38:49.740769+00:00
15.8,3.6,44.0,0.0,0.0,44.0,14.8,29.6,1026.9,36.0,1.0,2025-12-13 09:38:49.740769+00:00
15.6,3.1,43.0,0.0,0.0,47.0,14.8,29.6,1026.3,39.0,1.0,2025-12-13 09:38:49.740769+00:00
15.5,2.6,42.0,0.0,0.0,43.0,14.8,29.6,1026.1,35.0,1.0,2025-12-13 09:38:49.740769+00:00
14.1,1.7,43.0,0.0,0.0,40.0,14.8,29.6,1026.2,32.0,1.0,2025-12-13 09:38:49.740769+00:00
12.8,1.2,45.0,0.0,0.0,38.0,14.8,29.6,1026.4,20.0,1.0,2025-12-13 09:38:49.740769+00:00
11.9,1.2,48.0,0.0,0.0,36.0,16.7,29.6,1026.8,0.0,1.0,2025-12-13 09:38:49.740769+00:00
10.6,0.9,51.0,0.0,0.0,42.0,16.7,29.6,1027.0,0.0,1.0,2025-12-13 09:38:49.740769+00:00
9.6,0.7,54.0,0.0,0.0,46.0,14.8,27.8,1027.2,0.0,1.0,2025-12-13 09:38:49.740769+00:00
9.0,0.4,55.0,0.0,0.0,54.0,14.8,27.8,1027.5,0.0,1.0,2025-12-13 09:38:49.740769+00:00
8.4,0.1,56.0,0.0,0.0,57.0,14.8,25.9,1027.6,0.0,1.0,2025-12-13 09:38:49.740769+00:00
7.7,0.2,59.0,0.0,0.0,61.0,13.0,24.1,1027.7,0.0,1.0,2025-12-13 09:38:49.740769+00:00
6.8,0.0,62.0,0.0,0.0,65.0,13.0,22.2,1027.9,0.0,1.0,2025-12-13 09:38:49.740769+00:00
5.9,0.0,66.0,0.0,0.0,65.0,13.0,22.2,1028.0,0.0,1.0,2025-12-13 09:38:49.740769+00:00
5.4,0.2,69.0,0.0,0.0,62.0,13.0,22.2,1028.1,0.0,1.0,2025-12-13 09:38:49.740769+00:00
4.8,0.7,75.0,0.0,0.0,65.0,9.3,18.5,1027.9,0.0,1.0,2025-12-13 09:38:49.740769+00:00
5.0,0.9,75.0,0.0,0.0,67.0,9.3,18.5,1028.1,14.0,1.0,2025-12-13 09:38:49.740769+00:00
6.0,1.3,72.0,0.0,0.0,67.0,9.3,16.7,1028.3,27.0,1.0,2025-12-13 09:38:49.740769+00:00
8.2,2.0,65.0,0.0,0.0,75.0,9.3,16.7,1028.5,37.0,1.0,2025-12-13 09:38:49.740769+00:00
10.6,2.2,56.0,0.0,0.0,78.0,9.3,18.5,1028.7,40.0,1.0,2025-12-13 09:38:49.740769+00:00
12.8,2.4,49.0,0.0,0.0,82.0,9.3,20.4,1028.5,42.0,1.0,2025-12-13 09:38:49.740769+00:00
14.1,2.7,46.0,0.0,0.0,81.0,9.3,20.4,1028.2,35.0,1.0,2025-12-13 09:38:49.740769+00:00
15.4,2.9,43.0,0.0,0.0,84.0,9.3,20.4,1027.9,34.0,1.0,2025-12-13 09:38:49.740769+00:00
16.4,3.5,42.0,0.0,0.0,84.0,9.3,22.2,1027.6,31.0,1.0,2025-12-13 09:38:49.740769+00:00
17.1,4.1,42.0,0.0,0.0,84.0,9.3,24.1,1027.1,33.0,1.0,2025-12-13 09:38:49.740769+00:00
17.6,4.2,41.0,0.0,0.0,84.0,9.3,24.1,1026.7,34.0,1.0,2025-12-13 09:38:49.740769+00:00
17.4,4.4,42.0,0.0,0.0,83.0,9.3,24.1,1026.1,37.0,1.0,2025-12-13 09:38:49.740769+00:00
17.8,4.4,41.0,0.0,0.0,86.0,9.3,22.2,1026.0,41.0,2.0,2025-12-13 09:38:49.740769+00:00
16.0,4.7,47.0,0.0,0.0,83.0,9.3,20.4,1025.9,35.0,1.0,2025-12-13 09:38:49.740769+00:00
14.4,4.9,53.0,0.0,0.0,65.0,9.3,18.5,1025.8,21.0,1.0,2025-12-13 09:38:49.740769+00:00
12.9,4.8,58.0,0.0,0.0,54.0,9.3,18.5,1025.8,0.0,1.0,2025-12-13 09:38:49.740769+00:00
11.5,4.7,63.0,0.0,0.0,51.0,9.3,16.7,1025.8,0.0,1.0,2025-12-13 09:38:49.740769+00:00
10.3,5.1,70.0,0.0,0.0,48.0,9.3,16.7,1025.9,0.0,1.0,2025-12-13 09:38:49.740769+00:00
9.7,5.7,76.0,0.0,0.0,56.0,9.3,14.8,1025.6,0.0,1.0,2025-12-13 09:38:49.740769+00:00
8.7,5.4,80.0,0.0,0.0,55.0,9.3,14.8,1025.5,0.0,1.0,2025-12-13 09:38:49.740769+00:00
8.0,5.3,83.0,0.0,0.0,55.0,7.4,11.1,1025.3,0.0,1.0,2025-12-13 09:38:49.740769+00:00
7.2,5.0,86.0,0.0,0.0,57.0,7.4,11.1,1025.0,0.0,1.0,2025-12-13 09:38:49.740769+00:00
6.5,4.8,89.0,0.0,0.0,41.0,5.5,9.3,1024.6,0.0,1.0,2025-12-13 09:38:49.740769+00:00
5.8,4.6,92.0,0.0,0.0,34.0,7.4,11.1,1024.4,0.0,1.0,2025-12-13 09:38:49.740769+00:00
6.0,4.6,91.0,0.0,0.0,360.0,5.5,9.3,1024.2,0.0,1.0,2025-12-13 09:38:49.740769+00:00
6.3,4.6,89.0,0.0,0.0,330.0,7.4,11.1,1023.9,12.0,1.0,2025-12-13 09:38:49.740769+00:00
7.5,5.1,85.0,0.0,0.0,332.0,5.5,11.1,1023.9,25.0,1.0,2025-12-13 09:38:49.740769+00:00
10.6,6.0,73.0,0.0,0.0,329.0,5.5,11.1,1023.6,33.0,1.0,2025-12-13 09:38:49.740769+00:00
13.6,6.0,60.0,0.0,0.0,310.0,5.5,11.1,1023.3,36.0,1.0,2025-12-13 09:38:49.740769+00:00
16.4,6.2,51.0,0.0,0.0,303.0,5.5,14.8,1023.0,37.0,1.0,2025-12-13 09:38:49.740769+00:00
17.4,6.3,48.0,0.0,0.0,321.0,5.5,16.7,1022.4,31.0,1.0,2025-12-13 09:38:49.740769+00:00
18.4,6.2,45.0,0.0,0.0,309.0,7.4,18.5,1021.6,30.0,2.0,2025-12-13 09:38:49.740769+00:00
19.0,6.5,44.0,0.0,0.0,310.0,7.4,20.4,1020.9,27.0,2.0,2025-12-13 09:38:49.740769+00:00
19.5,6.2,42.0,0.0,0.0,310.0,7.4,20.4,1019.9,29.0,2.0,2025-12-13 09:38:49.740769+00:00
19.8,5.8,40.0,0.0,0.0,304.0,7.4,20.4,1019.1,31.0,2.0,2025-12-13 09:38:49.740769+00:00
19.5,5.5,40.0,0.0,0.0,308.0,9.3,22.2,1018.4,36.0,2.0,2025-12-13 09:38:49.740769+00:00
20.0,6.0,40.0,0.0,0.0,316.0,9.3,22.2,1017.7,41.0,2.0,2025-12-13 09:38:49.740769+00:00
18.0,5.6,44.0,0.0,0.0,321.0,9.3,22.2,1017.2,32.0,2.0,2025-12-13 09:38:49.740769+00:00
16.4,5.4,48.0,0.0,0.0,329.0,11.1,20.4,1017.0,18.0,2.0,2025-12-13 09:38:49.740769+00:00
15.1,5.3,52.0,0.0,0.0,341.0,11.1,22.2,1016.9,0.0,2.0,2025-12-13 09:38:49.740769+00:00
13.9,5.5,57.0,0.0,0.0,354.0,13.0,22.2,1016.9,0.0,2.0,2025-12-13 09:38:49.740769+00:00
12.8,5.2,60.0,0.0,0.0,5.0,13.0,24.1,1017.0,0.0,2.0,2025-12-13 09:38:49.740769+00:00
12.2,5.6,64.0,0.0,0.0,11.0,11.1,24.1,1016.6,0.0,2.0,2025-12-13 09:38:49.740769+00:00
10.7,4.8,67.0,0.0,0.0,13.0,13.0,24.1,1016.6,0.0,2.0,2025-12-13 09:38:49.740769+00:00
9.3,4.1,70.0,0.0,0.0,19.0,13.0,24.1,1016.5,0.0,1.0,2025-12-13 09:38:49.740769+00:00
8.1,3.6,73.0,0.0,0.0,23.0,13.0,25.9,1016.5,0.0,1.0,2025-12-13 09:38:49.740769+00:00
7.2,2.7,73.0,0.0,0.0,22.0,14.8,25.9,1016.7,0.0,1.0,2025-12-13 09:38:49.740769+00:00
6.3,2.4,76.0,0.0,0.0,22.0,13.0,25.9,1017.0,0.0,2.0,2025-12-13 09:38:49.740769+00:00
5.6,2.2,79.0,0.0,0.0,20.0,14.8,25.9,1017.3,0.0,2.0,2025-12-13 09:38:49.740769+00:00
5.5,1.8,77.0,0.0,0.0,20.0,13.0,25.9,1017.7,12.0,2.0,2025-12-13 09:38:49.740769+00:00
5.6,1.3,74.0,0.0,0.0,20.0,13.0,24.1,1018.1,20.0,2.0,2025-12-13 09:38:49.740769+00:00
6.6,1.1,68.0,0.0,0.0,17.0,13.0,24.1,1018.5,28.0,2.0,2025-12-13 09:38:49.740769+00:00
7.8,0.8,61.0,0.0,0.0,14.0,13.0,25.9,1018.8,32.0,2.0,2025-12-13 09:38:49.740769+00:00
9.0,0.4,55.0,0.0,0.0,9.0,14.8,27.8,1019.1,33.0,2.0,2025-12-13 09:38:49.740769+00:00
9.4,0.0,52.0,0.0,0.0,8.0,14.8,29.6,1019.0,30.0,2.0,2025-12-13 09:38:49.740769+00:00
9.9,-0.6,48.0,0.0,0.0,11.0,18.5,35.2,1019.1,25.0,2.0,2025-12-13 09:38:49.740769+00:00
10.1,-1.0,46.0,0.0,0.0,12.0,18.5,38.9,1018.7,22.0,2.0,2025-12-13 09:38:49.740769+00:00
10.2,-1.5,44.0,0.0,0.0,15.0,20.4,40.8,1018.9,25.0,2.0,2025-12-13 09:38:49.740769+00:00
10.1,-1.9,43.0,0.0,0.0,18.0,22.2,44.5,1018.9,25.0,2.0,2025-12-13 09:38:49.740769+00:00
9.6,-3.0,41.0,0.0,0.0,22.0,22.2,48.2,1019.1,28.0,2.0,2025-12-13 09:38:49.740769+00:00
8.7,-3.2,43.0,0.0,0.0,30.0,22.2,46.3,1019.9,38.0,2.0,2025-12-13 09:38:49.740769+00:00
6.7,-4.1,46.0,0.0,0.0,29.0,22.2,46.3,1021.0,36.0,2.0,2025-12-13 09:38:49.740769+00:00
5.5,-5.2,46.0,0.0,0.0,28.0,20.4,44.5,1021.8,25.0,2.0,2025-12-13 09:38:49.740769+00:00
4.6,-5.5,48.0,0.0,0.0,27.0,18.5,40.8,1023.1,0.0,1.0,2025-12-13 09:38:49.740769+00:00
3.8,-5.7,50.0,0.0,0.0,22.0,16.7,35.2,1023.9,0.0,1.0,2025-12-13 09:38:49.740769+00:00
3.1,-5.5,53.0,0.0,0.0,16.0,16.7,33.3,1024.4,0.0,1.0,2025-12-13 09:38:49.740769+00:00
2.4,-5.2,57.0,0.0,0.0,25.0,14.8,27.8,1025.5,0.0,1.0,2025-12-13 09:38:49.740769+00:00
1.9,-4.6,62.0,0.0,0.0,17.0,13.0,24.1,1025.8,0.0,1.0,2025-12-13 09:38:49.740769+00:00
1.4,-4.2,66.0,0.0,0.0,6.0,13.0,25.9,1026.0,0.0,1.0,2025-12-13 09:38:49.740769+00:00
0.8,-3.9,71.0,0.0,0.0,4.0,13.0,24.1,1026.0,0.0,1.0,2025-12-13 09:38:49.740769+00:00
0.2,-3.5,76.0,0.0,0.0,357.0,11.1,22.2,1026.3,0.0,1.0,2025-12-13 09:38:49.740769+00:00
-0.1,-3.3,79.0,0.0,0.0,350.0,11.1,22.2,1026.6,0.0,1.0,2025-12-13 09:38:49.740769+00:00
0.2,-2.8,80.0,0.0,0.0,347.0,11.1,24.1,1026.6,0.0,1.0,2025-12-13 09:38:49.740769+00:00
0.5,-2.5,80.0,0.0,0.0,342.0,11.1,22.2,1027.0,11.0,2.0,2025-12-13 09:38:49.740769+00:00
1.2,-2.4,77.0,0.0,0.0,347.0,11.1,24.1,1027.3,19.0,2.0,2025-12-13 09:38:49.740769+00:00
2.8,-2.3,69.0,0.0,0.0,350.0,13.0,24.1,1027.4,25.0,2.0,2025-12-13 09:38:49.740769+00:00
3.9,-2.9,61.0,0.0,0.0,1.0,14.8,27.8,1027.5,26.0,2.0,2025-12-13 09:38:49.740769+00:00
5.1,-3.7,53.0,0.0,0.0,3.0,16.7,33.3,1027.7,26.0,2.0,2025-12-13 09:38:49.740769+00:00
5.9,-3.5,51.0,0.0,0.0,7.0,16.7,35.2,1027.4,20.0,3.0,2025-12-13 09:38:49.740769+00:00
6.5,-4.0,47.0,0.0,0.0,5.0,16.7,35.2,1027.0,15.0,3.0,2025-12-13 09:38:49.740769+00:00
6.7,-4.1,46.0,0.0,0.0,3.0,16.7,37.0,1026.4,15.0,2.0,2025-12-13 09:38:49.740769+00:00
6.9,-4.5,44.0,0.0,0.0,3.0,16.7,38.9,1026.0,17.0,2.0,2025-12-13 09:38:49.740769+00:00
7.3,-4.8,42.0,0.0,0.0,3.0,18.5,38.9,1025.6,20.0,3.0,2025-12-13 09:38:49.740769+00:00
7.1,-4.9,42.0,0.0,0.0,5.0,18.5,38.9,1025.2,23.0,2.0,2025-12-13 09:38:49.740769+00:00
7.1,-5.3,41.0,0.0,0.0,11.0,16.7,37.0,1025.1,31.0,2.0,2025-12-13 09:38:49.740769+00:00
5.7,-5.9,43.0,0.0,0.0,8.0,16.7,35.2,1025.3,30.0,2.0,2025-12-13 09:38:49.740769+00:00
5.0,-5.7,46.0,0.0,0.0,1.0,13.0,31.5,1025.5,21.0,2.0,2025-12-13 09:38:49.740769+00:00
4.3,-5.7,48.0,0.0,0.0,358.0,13.0,25.9,1025.8,0.0,2.0,2025-12-13 09:38:49.740769+00:00
3.6,-5.6,51.0,0.0,0.0,343.0,11.1,22.2,1025.9,0.0,2.0,2025-12-13 09:38:49.740769+00:00
3.1,-5.1,55.0,0.0,0.0,329.0,11.1,22.2,1025.9,0.0,2.0,2025-12-13 09:38:49.740769+00:00
2.5,-4.3,61.0,0.0,0.0,327.0,9.3,16.7,1025.8,0.0,4.0,2025-12-13 09:38:49.740769+00:00
2.3,-3.8,64.0,0.0,0.0,316.0,11.1,18.5,1025.6,0.0,4.0,2025-12-13 09:38:49.740769+00:00
2.3,-3.4,66.0,0.0,0.0,314.0,13.0,20.4,1025.3,0.0,4.0,2025-12-13 09:38:49.740769+00:00
2.3,-2.8,69.0,0.0,0.0,311.0,13.0,22.2,1025.0,0.0,4.0,2025-12-13 09:38:49.740769+00:00
2.3,-2.6,70.0,0.0,0.0,312.0,13.0,24.1,1024.9,0.0,4.0,2025-12-13 09:38:49.740769+00:00
2.4,-2.3,71.0,0.0,0.0,308.0,13.0,24.1,1024.7,0.0,4.0,2025-12-13 09:38:49.740769+00:00
2.4,-1.8,74.0,0.0,0.0,313.0,13.0,24.1,1024.6,0.0,3.0,2025-12-13 09:38:49.740769+00:00
2.8,-1.0,76.0,0.0,0.0,307.0,13.0,24.1,1024.7,4.0,3.0,2025-12-13 09:38:49.740769+00:00
3.6,-1.0,72.0,0.0,0.0,311.0,13.0,24.1,1025.0,10.0,3.0,2025-12-13 09:38:49.740769+00:00
5.1,-0.1,69.0,0.0,0.0,312.0,13.0,24.1,1024.9,17.0,3.0,2025-12-13 09:38:49.740769+00:00
6.5,-0.0,63.0,0.0,0.0,313.0,13.0,25.9,1025.0,20.0,3.0,2025-12-13 09:38:49.740769+00:00
8.0,0.5,59.0,0.0,0.0,313.0,14.8,27.8,1025.0,23.0,3.0,2025-12-13 09:38:49.740769+00:00
9.4,0.3,53.0,0.0,0.0,323.0,13.0,29.6,1024.9,16.0,4.0,2025-12-13 09:38:49.740769+00:00
10.2,0.5,51.0,0.0,0.0,322.0,14.8,29.6,1024.7,11.0,3.0,2025-12-13 09:38:49.740769+00:00
10.6,0.9,51.0,0.0,0.0,322.0,14.8,31.5,1024.6,7.0,3.0,2025-12-13 09:38:49.740769+00:00
10.7,0.7,50.0,0.0,0.0,323.0,14.8,31.5,1024.3,7.0,3.0,2025-12-13 09:38:49.740769+00:00
10.8,0.5,49.0,0.0,0.0,321.0,14.8,33.3,1024.2,7.0,3.0,2025-12-13 09:38:49.740769+00:00
10.6,0.6,50.0,0.0,0.0,322.0,14.8,33.3,1024.2,8.0,3.0,2025-12-13 09:38:49.740769+00:00
10.7,0.1,48.0,0.0,0.0,326.0,14.8,31.5,1024.0,14.0,3.0,2025-12-13 09:38:49.740769+00:00
10.0,0.1,50.0,0.0,0.0,322.0,13.0,29.6,1024.2,15.0,3.0,2025-12-13 09:38:49.740769+00:00
9.4,-0.2,51.0,0.0,0.0,321.0,13.0,25.9,1024.6,11.0,3.0,2025-12-13 09:38:49.740769+00:00
8.3,0.0,56.0,0.0,0.0,321.0,11.1,22.2,1024.9,0.0,2.0,2025-12-13 09:38:49.740769+00:00
7.3,-0.2,59.0,0.0,0.0,324.0,11.1,20.4,1025.2,0.0,2.0,2025-12-13 09:38:49.740769+00:00
6.2,0.3,66.0,0.0,0.0,331.0,11.1,20.4,1025.5,0.0,2.0,2025-12-13 09:38:49.740769+00:00
5.4,0.6,71.0,0.0,0.0,334.0,11.1,18.5,1025.8,0.0,2.0,2025-12-13 09:38:49.740769+00:00
4.9,0.8,75.0,0.0,0.0,340.0,9.3,16.7,1026.1,0.0,2.0,2025-12-13 09:38:49.740769+00:00
4.6,1.1,78.0,0.0,0.0,342.0,9.3,16.7,1026.3,0.0,2.0,2025-12-13 09:38:49.740769+00:00
4.3,1.7,83.0,0.0,0.0,349.0,7.4,14.8,1026.5,0.0,2.0,2025-12-13 09:38:49.740769+00:00
4.0,1.7,85.0,0.0,0.0,356.0,7.4,13.0,1026.7,0.0,2.0,2025-12-13 09:38:49.740769+00:00
3.7,2.1,89.0,0.0,0.0,354.0,7.4,14.8,1026.9,0.0,2.0,2025-12-13 09:38:49.740769+00:00
4.0,2.7,91.0,0.0,0.0,359.0,7.4,14.8,1027.1,0.0,3.0,2025-12-13 09:38:49.740769+00:00
4.3,2.6,89.0,0.0,0.0,355.0,7.4,13.0,1027.5,7.0,3.0,2025-12-13 09:38:49.740769+00:00
5.2,2.6,83.0,0.0,0.0,358.0,5.5,13.0,1027.9,17.0,2.0,2025-12-13 09:38:49.740769+00:00
7.1,2.4,72.0,0.0,0.0,10.0,5.5,13.0,1028.2,27.0,2.0,2025-12-13 09:38:49.740769+00:00
8.8,2.1,63.0,0.0,0.0,29.0,5.5,14.8,1028.5,31.0,2.0,2025-12-13 09:38:49.740769+00:00
10.4,1.5,54.0,0.0,0.0,25.0,7.4,16.7,1028.7,35.0,2.0,2025-12-13 09:38:49.740769+00:00
11.4,1.1,49.0,0.0,0.0,32.0,5.5,16.7,1028.6,24.0,3.0,2025-12-13 09:38:49.740769+00:00
11.9,0.6,46.0,0.0,0.0,29.0,7.4,18.5,1028.4,20.0,3.0,2025-12-13 09:38:49.740769+00:00
12.2,0.9,46.0,0.0,0.0,18.0,7.4,20.4,1028.1,15.0,3.0,2025-12-13 09:38:49.740769+00:00
12.3,0.4,44.0,0.0,0.0,5.0,7.4,22.2,1027.6,15.0,3.0,2025-12-13 09:38:49.740769+00:00
12.6,0.0,42.0,0.0,0.0,354.0,7.4,22.2,1027.0,15.0,3.0,2025-12-13 09:38:49.740769+00:00
12.5,-0.1,42.0,0.0,0.0,347.0,7.4,20.4,1026.4,18.0,3.0,2025-12-13 09:38:49.740769+00:00
12.8,-0.1,41.0,0.0,0.0,1.0,7.4,20.4,1026.2,22.0,3.0,2025-12-13 09:38:49.740769+00:00
11.3,-0.5,44.0,0.0,0.0,358.0,7.4,18.5,1025.7,18.0,3.0,2025-12-13 09:38:49.740769+00:00
9.9,-0.6,48.0,0.0,0.0,11.0,7.4,16.7,1025.5,10.0,3.0,2025-12-13 09:38:49.740769+00:00
8.5,-0.5,53.0,0.0,0.0,11.0,7.4,14.8,1025.4,0.0,3.0,2025-12-13 09:38:49.740769+00:00
7.3,-0.2,59.0,0.0,0.0,114.0,7.4,14.8,1025.5,0.0,3.0,2025-12-13 09:38:49.740769+00:00
6.3,0.2,65.0,0.0,0.0,104.0,9.3,14.8,1025.4,0.0,3.0,2025-12-13 09:38:49.740769+00:00
5.7,0.5,69.0,0.0,0.0,122.0,9.3,16.7,1025.1,0.0,3.0,2025-12-13 09:38:49.740769+00:00
5.3,0.1,69.0,0.0,0.0,137.0,9.3,16.7,1024.8,0.0,3.0,2025-12-13 09:38:49.740769+00:00
5.1,0.3,71.0,0.0,0.0,171.0,9.3,14.8,1024.4,0.0,4.0,2025-12-13 09:38:49.740769+00:00
4.8,0.7,75.0,0.0,0.0,179.0,7.4,14.8,1023.9,0.0,4.0,2025-12-13 09:38:49.740769+00:00
4.5,0.6,76.0,0.0,0.0,209.0,7.4,13.0,1023.3,0.0,4.0,2025-12-13 09:38:49.740769+00:00
4.4,1.1,79.0,0.0,0.0,233.0,7.4,13.0,1022.9,0.0,4.0,2025-12-13 09:38:49.740769+00:00
4.6,1.5,80.0,0.0,0.0,239.0,7.4,13.0,1022.7,0.0,4.0,2025-12-13 09:38:49.740769+00:00
5.1,1.9,80.0,0.0,0.0,251.0,7.4,13.0,1022.7,1.0,4.0,2025-12-13 09:38:49.740769+00:00
6.0,2.3,77.0,0.0,0.0,264.0,7.4,13.0,1022.7,7.0,4.0,2025-12-13 09:38:49.740769+00:00
7.6,2.9,72.0,0.0,0.0,279.0,7.4,16.7,1022.6,11.0,4.0,2025-12-13 09:38:49.740769+00:00
9.5,3.0,64.0,0.0,0.0,293.0,9.3,18.5,1022.5,13.0,3.0,2025-12-13 09:38:49.740769+00:00
10.8,3.1,59.0,0.0,0.0,299.0,11.1,22.2,1022.5,16.0,3.0,2025-12-13 09:38:49.740769+00:00
11.8,2.5,53.0,0.0,0.0,298.0,11.1,22.2,1022.0,19.0,3.0,2025-12-13 09:38:49.740769+00:00
12.5,2.4,50.0,0.0,0.0,301.0,13.0,27.8,1021.7,19.0,3.0,2025-12-13 09:38:49.740769+00:00
12.8,2.6,50.0,0.0,0.0,304.0,14.8,31.5,1021.6,15.0,3.0,2025-12-13 09:38:49.740769+00:00
12.8,2.6,50.0,0.0,0.0,308.0,14.8,33.3,1021.2,16.0,3.0,2025-12-13 09:38:49.740769+00:00
12.8,2.6,50.0,0.0,0.0,307.0,14.8,33.3,1021.1,15.0,3.0,2025-12-13 09:38:49.740769+00:00
12.8,2.9,51.0,0.0,0.0,310.0,14.8,33.3,1021.0,17.0,3.0,2025-12-13 09:38:49.740769+00:00
12.7,2.5,50.0,0.0,0.0,317.0,18.5,38.9,1020.6,12.0,3.0,2025-12-13 09:38:49.740769+00:00
11.8,2.5,53.0,0.0,0.0,316.0,18.5,35.2,1020.7,11.0,3.0,2025-12-13 09:38:49.740769+00:00
11.3,2.3,54.0,0.0,0.0,317.0,16.7,35.2,1020.9,7.0,3.0,2025-12-13 09:38:49.740769+00:00
10.6,2.4,57.0,0.0,0.0,318.0,16.7,33.3,1021.1,0.0,3.0,2025-12-13 09:38:49.740769+00:00
9.7,2.8,62.0,0.0,0.0,318.0,16.7,31.5,1021.3,0.0,3.0,2025-12-13 09:38:49.740769+00:00
9.1,2.7,64.0,0.0,0.0,317.0,16.7,35.2,1021.5,0.0,3.0,2025-12-13 09:38:49.740769+00:00
8.4,2.6,67.0,0.0,0.0,317.0,16.7,33.3,1021.7,0.0,4.0,2025-12-13 09:38:49.740769+00:00
7.7,2.8,71.0,0.0,0.0,315.0,16.7,33.3,1021.9,0.0,3.0,2025-12-13 09:38:49.740769+00:00
6.9,3.0,76.0,0.0,0.0,312.0,16.7,31.5,1022.0,0.0,3.0,2025-12-13 09:38:49.740769+00:00
6.3,2.9,79.0,0.0,0.0,310.0,14.8,29.6,1022.3,0.0,3.0,2025-12-13 09:38:49.740769+00:00
5.8,3.1,83.0,0.0,0.0,313.0,14.8,27.8,1022.8,0.0,3.0,2025-12-13 09:38:49.740769+00:00
5.2,3.4,88.0,0.0,0.0,311.0,13.0,25.9,1023.1,0.0,2.0,2025-12-13 09:38:49.740769+00:00
5.2,3.4,88.0,0.0,0.0,312.0,13.0,24.1,1023.3,0.0,3.0,2025-12-13 09:38:49.740769+00:00
5.3,3.5,88.0,0.0,0.0,307.0,13.0,24.1,1024.0,8.0,3.0,2025-12-13 09:38:49.740769+00:00
5.7,3.7,87.0,0.0,0.0,311.0,11.1,22.2,1024.6,17.0,3.0,2025-12-13 09:38:49.740769+00:00
6.9,3.7,80.0,0.0,0.0,309.0,11.1,22.2,1024.8,24.0,3.0,2025-12-13 09:38:49.740769+00:00
7.9,3.4,73.0,0.0,0.0,304.0,11.1,22.2,1025.0,28.0,3.0,2025-12-13 09:38:49.740769+00:00
9.1,3.3,67.0,0.0,0.0,299.0,13.0,25.9,1025.1,33.0,2.0,2025-12-13 09:38:49.740769+00:00
9.7,3.0,63.0,0.0,0.0,306.0,14.8,29.6,1024.9,27.0,3.0,2025-12-13 09:38:49.740769+00:00
10.2,2.5,59.0,0.0,0.0,307.0,16.7,31.5,1024.5,22.0,3.0,2025-12-13 09:38:49.740769+00:00
11.3,2.8,56.0,0.0,0.0,309.0,16.7,35.2,1024.2,16.0,3.0,2025-12-13 09:38:49.740769+00:00
11.7,2.7,54.0,0.0,0.0,306.0,16.7,35.2,1023.5,17.0,3.0,2025-12-13 09:38:49.740769+00:00
12.6,2.5,50.0,0.0,0.0,302.0,16.7,37.0,1022.8,17.0,3.0,2025-12-13 09:38:49.740769+00:00
12.4,2.3,50.0,0.0,0.0,299.0,16.7,37.0,1022.3,18.0,3.0,2025-12-13 09:38:49.740769+00:00
13.0,2.5,49.0,0.0,0.0,293.0,18.5,37.0,1021.7,20.0,3.0,2025-12-13 09:38:49.740769+00:00
12.0,2.4,52.0,0.0,0.0,285.0,16.7,35.2,1021.0,20.0,3.0,2025-12-13 09:38:49.740769+00:00
11.2,2.5,55.0,0.0,0.0,276.0,18.5,35.2,1020.5,13.0,2.0,2025-12-13 09:38:49.740769+00:00
10.3,2.6,59.0,0.0,0.0,271.0,18.5,33.3,1020.0,0.0,2.0,2025-12-13 09:38:49.740769+00:00
9.4,3.4,66.0,0.0,0.0,270.0,20.4,35.2,1019.5,0.0,2.0,2025-12-13 09:38:49.740769+00:00
8.8,3.0,67.0,0.0,0.0,275.0,22.2,38.9,1019.0,0.0,2.0,2025-12-13 09:38:49.740769+00:00
8.9,3.1,67.0,0.0,0.0,276.0,22.2,38.9,1018.3,0.0,2.0,2025-12-13 09:38:49.740769+00:00
8.4,3.4,71.0,0.0,0.0,280.0,22.2,40.8,1017.8,0.0,2.0,2025-12-13 09:38:49.740769+00:00
8.0,3.7,74.0,0.0,0.0,285.0,22.2,42.6,1017.3,0.0,2.0,2025-12-13 09:38:49.740769+00:00
7.7,3.7,76.0,0.0,0.0,287.0,22.2,42.6,1016.8,0.0,2.0,2025-12-13 09:38:49.740769+00:00
7.5,3.7,77.0,0.0,0.0,289.0,22.2,44.5,1016.2,0.0,3.0,2025-12-13 09:38:49.740769+00:00
7.2,3.6,78.0,0.0,0.0,289.0,24.1,44.5,1015.7,0.0,4.0,2025-12-13 09:38:49.740769+00:00
6.9,3.5,79.0,0.0,0.0,293.0,22.2,44.5,1015.4,0.0,4.0,2025-12-13 09:38:49.740769+00:00
7.1,3.9,80.0,0.0,0.0,293.0,24.1,46.3,1015.4,2.0,4.0,2025-12-13 09:38:49.740769+00:00
7.2,4.5,83.0,0.0,0.0,294.0,24.1,46.3,1015.3,4.0,3.0,2025-12-13 09:38:49.740769+00:00
7.7,4.6,81.0,0.0,0.0,293.0,24.1,46.3,1015.3,5.0,4.0,2025-12-13 09:38:49.740769+00:00
8.5,4.9,78.0,0.0,0.0,294.0,24.1,46.3,1015.4,3.0,4.0,2025-12-13 09:38:49.740769+00:00
9.1,5.5,78.0,0.0,0.0,293.0,24.1,44.5,1015.4,1.0,7.0,2025-12-13 09:38:49.740769+00:00
9.8,5.6,75.0,0.0,0.0,298.0,20.4,42.6,1015.7,0.0,4.0,2025-12-13 09:38:49.740769+00:00
9.8,6.1,78.0,0.0,0.0,298.0,20.4,42.6,1015.5,0.0,7.0,2025-12-13 09:38:49.740769+00:00
10.5,6.8,78.0,0.0,0.0,298.0,20.4,40.8,1015.3,0.0,7.0,2025-12-13 09:38:49.740769+00:00
11.1,6.8,75.0,0.0,0.0,298.0,18.5,38.9,1015.1,0.0,4.0,2025-12-13 09:38:49.740769+00:00
11.7,7.2,74.0,0.0,0.0,299.0,18.5,38.9,1015.2,2.0,4.0,2025-12-13 09:38:49.740769+00:00
12.2,7.5,73.0,0.0,0.0,302.0,18.5,38.9,1015.2,3.0,7.0,2025-12-13 09:38:49.740769+00:00
12.2,6.9,70.0,0.0,0.0,312.0,16.7,33.3,1014.8,5.0,7.0,2025-12-13 09:38:49.740769+00:00
12.2,7.1,71.0,0.0,0.0,309.0,13.0,27.8,1015.1,6.0,7.0,2025-12-13 09:38:49.740769+00:00
11.7,7.2,74.0,0.0,0.0,301.0,11.1,24.1,1015.4,4.0,7.0,2025-12-13 09:38:49.740769+00:00
11.2,7.3,77.0,0.0,0.0,297.0,9.3,18.5,1015.6,0.0,4.0,2025-12-13 09:38:49.740769+00:00
10.6,7.5,81.0,0.0,0.0,289.0,11.1,18.5,1015.7,0.0,7.0,2025-12-13 09:38:49.740769+00:00
10.1,7.9,86.0,0.0,0.0,291.0,11.1,18.5,1016.0,0.0,7.0,2025-12-13 09:38:49.740769+00:00
9.9,7.5,85.0,0.0,0.0,291.0,9.3,14.8,1015.8,0.0,4.0,2025-12-13 09:38:49.740769+00:00
9.7,7.6,87.0,0.0,0.0,289.0,9.3,14.8,1016.0,0.0,4.0,2025-12-13 09:38:49.740769+00:00
9.5,7.6,88.0,0.0,0.0,289.0,9.3,16.7,1015.9,0.0,4.0,2025-12-13 09:38:49.740769+00:00
9.1,7.7,91.0,0.0,0.0,283.0,9.3,16.7,1015.9,0.0,4.0,2025-12-13 09:38:49.740769+00:00
8.9,7.7,92.0,0.0,0.0,286.0,9.3,16.7,1016.0,0.0,4.0,2025-12-13 09:38:49.740769+00:00
8.7,7.8,94.0,0.0,0.0,284.0,11.1,18.5,1016.1,0.0,4.0,2025-12-13 09:38:49.740769+00:00
8.6,7.7,94.0,0.0,0.0,284.0,9.3,16.7,1016.1,0.0,4.0,2025-12-13 09:38:49.740769+00:00
8.6,7.8,95.0,0.0,0.0,281.0,9.3,18.5,1016.2,2.0,4.0,2025-12-13 09:38:49.740769+00:00
9.1,7.9,92.0,0.0,0.0,283.0,11.1,18.5,1016.4,2.0,4.0,2025-12-13 09:38:49.740769+00:00
10.0,7.8,86.0,0.0,0.0,282.0,11.1,20.4,1016.5,5.0,4.0,2025-12-13 09:38:49.740769+00:00
10.9,7.8,81.0,0.0,0.0,274.0,9.3,20.4,1016.5,6.0,4.0,2025-12-13 09:38:49.740769+00:00
11.8,7.3,74.0,0.0,0.0,266.0,9.3,22.2,1016.4,11.0,4.0,2025-12-13 09:38:49.740769+00:00
12.6,7.3,70.0,0.0,0.0,269.0,9.3,20.4,1015.7,13.0,4.0,2025-12-13 09:38:49.740769+00:00
13.7,7.0,64.0,0.0,0.0,262.0,9.3,20.4,1015.3,16.0,3.0,2025-12-13 09:38:49.740769+00:00
14.8,7.1,60.0,0.0,0.0,253.0,7.4,18.5,1014.6,19.0,3.0,2025-12-13 09:38:49.740769+00:00
15.6,6.6,55.0,0.0,0.0,244.0,7.4,18.5,1014.2,24.0,2.0,2025-12-13 09:38:49.740769+00:00
16.2,6.3,52.0,0.0,0.0,245.0,7.4,16.7,1013.6,31.0,2.0,2025-12-13 09:38:49.740769+00:00
16.5,5.7,49.0,0.0,0.0,239.0,5.5,14.8,1012.9,34.0,2.0,2025-12-13 09:38:49.740769+00:00
17.1,5.7,47.0,0.0,0.0,201.0,5.5,14.8,1012.2,40.0,2.0,2025-12-13 09:38:49.740769+00:00
15.5,5.7,52.0,0.0,0.0,177.0,7.4,13.0,1011.9,36.0,2.0,2025-12-13 09:38:49.740769+00:00
14.0,6.1,59.0,0.0,0.0,151.0,7.4,14.8,1011.5,22.0,2.0,2025-12-13 09:38:49.740769+00:00
12.7,6.1,64.0,0.0,0.0,127.0,9.3,14.8,1011.1,0.0,2.0,2025-12-13 09:38:49.740769+00:00
11.4,6.3,71.0,0.0,0.0,119.0,9.3,16.7,1010.5,0.0,2.0,2025-12-13 09:38:49.740769+00:00
10.4,6.5,77.0,0.0,0.0,114.0,11.1,18.5,1010.1,0.0,1.0,2025-12-13 09:38:49.740769+00:00
9.9,6.4,79.0,0.0,0.0,118.0,13.0,20.4,1009.7,0.0,1.0,2025-12-13 09:38:49.740769+00:00
9.6,6.5,81.0,0.0,0.0,121.0,13.0,20.4,1009.2,0.0,1.0,2025-12-13 09:38:49.740769+00:00
9.5,6.4,81.0,0.0,0.0,130.0,13.0,20.4,1008.9,0.0,1.0,2025-12-13 09:38:49.740769+00:00
8.9,6.2,83.0,0.0,0.0,134.0,13.0,22.2,1008.2,0.0,1.0,2025-12-13 09:38:49.740769+00:00
8.7,6.0,83.0,0.0,0.0,137.0,13.0,22.2,1007.7,0.0,1.0,2025-12-13 09:38:49.740769+00:00
8.4,6.0,85.0,0.0,0.0,140.0,13.0,22.2,1007.2,0.0,1.0,2025-12-13 09:38:49.740769+00:00
8.3,5.9,85.0,0.0,0.0,138.0,13.0,22.2,1006.9,0.0,1.0,2025-12-13 09:38:49.740769+00:00
8.8,6.2,84.0,0.0,0.0,145.0,13.0,22.2,1006.5,15.0,1.0,2025-12-13 09:38:49.740769+00:00
10.0,6.5,79.0,0.0,0.0,148.0,11.1,22.2,1006.3,27.0,2.0,2025-12-13 09:38:49.740769+00:00
12.3,7.0,70.0,0.0,0.0,156.0,11.1,22.2,1005.9,33.0,2.0,2025-12-13 09:38:49.740769+00:00
14.8,7.3,61.0,0.0,0.0,165.0,13.0,25.9,1005.8,36.0,2.0,2025-12-13 09:38:49.740769+00:00
17.1,7.7,54.0,0.0,0.0,171.0,14.8,27.8,1005.5,39.0,2.0,2025-12-13 09:38:49.740769+00:00
19.1,7.8,48.0,0.0,0.0,183.0,14.8,29.6,1004.8,28.0,3.0,2025-12-13 09:38:49.740769+00:00
20.7,8.0,44.0,0.0,0.0,197.0,16.7,33.3,1004.5,22.0,2.0,2025-12-13 09:38:49.740769+00:00
21.3,8.5,44.0,0.0,0.0,204.0,16.7,35.2,1004.1,19.0,2.0,2025-12-13 09:38:49.740769+00:00
21.6,8.5,43.0,0.0,0.0,211.0,16.7,35.2,1004.1,18.0,2.0,2025-12-13 09:38:49.740769+00:00
21.6,8.5,43.0,0.0,0.0,222.0,16.7,37.0,1004.3,18.0,3.0,2025-12-13 09:38:49.740769+00:00
21.0,8.3,44.0,0.0,0.0,234.0,16.7,37.0,1004.4,19.0,3.0,2025-12-13 09:38:49.740769+00:00
20.9,8.5,45.0,0.0,0.0,242.0,16.7,37.0,1004.4,22.0,3.0,2025-12-13 09:38:49.740769+00:00
19.1,8.7,51.0,0.0,0.0,248.0,14.8,33.3,1004.9,15.0,3.0,2025-12-13 09:38:49.740769+00:00
17.6,9.2,58.0,0.0,0.0,251.0,11.1,25.9,1005.5,6.0,3.0,2025-12-13 09:38:49.740769+00:00
16.0,9.4,65.0,0.0,0.0,255.0,11.1,22.2,1006.1,1.0,3.0,2025-12-13 09:38:49.740769+00:00
15.0,9.6,70.0,0.0,0.0,258.0,11.1,20.4,1006.7,0.0,3.0,2025-12-13 09:38:49.740769+00:00
14.1,9.7,75.0,0.0,0.0,261.0,11.1,20.4,1007.1,0.0,3.0,2025-12-13 09:38:49.740769+00:00
13.4,10.0,80.0,0.0,0.0,257.0,9.3,18.5,1007.4,0.0,4.0,2025-12-13 09:38:49.740769+00:00
12.6,10.0,84.0,0.0,0.0,259.0,9.3,16.7,1007.8,0.0,3.0,2025-12-13 09:38:49.740769+00:00
12.0,9.7,86.0,0.0,0.0,253.0,9.3,14.8,1008.0,0.0,3.0,2025-12-13 09:38:49.740769+00:00
11.4,9.7,89.0,0.0,0.0,254.0,9.3,14.8,1008.4,0.0,3.0,2025-12-13 09:38:49.740769+00:00
10.9,9.5,91.0,0.0,0.0,255.0,9.3,14.8,1008.6,0.0,2.0,2025-12-13 09:38:49.740769+00:00
10.2,9.4,95.0,0.0,0.0,245.0,7.4,13.0,1008.8,0.0,2.0,2025-12-13 09:38:49.740769+00:00
10.1,9.3,95.0,0.0,0.0,242.0,7.4,13.0,1009.0,0.0,2.0,2025-12-13 09:38:49.740769+00:00
10.5,9.7,95.0,0.0,0.0,242.0,7.4,13.0,1009.4,7.0,2.0,2025-12-13 09:38:49.740769+00:00
11.5,10.1,91.0,0.0,0.0,247.0,7.4,14.8,1009.7,14.0,2.0,2025-12-13 09:38:49.740769+00:00
13.2,10.4,83.0,0.0,0.0,250.0,9.3,16.7,1010.0,22.0,2.0,2025-12-13 09:38:49.740769+00:00
15.0,10.4,74.0,0.0,0.0,252.0,9.3,18.5,1010.2,28.0,2.0,2025-12-13 09:38:49.740769+00:00
16.4,10.0,66.0,0.0,0.0,256.0,11.1,24.1,1010.4,29.0,2.0,2025-12-13 09:38:49.740769+00:00
17.6,9.7,60.0,0.0,0.0,260.0,11.1,25.9,1010.3,19.0,3.0,2025-12-13 09:38:49.740769+00:00
18.3,9.4,56.0,0.0,0.0,264.0,11.1,25.9,1010.3,17.0,3.0,2025-12-13 09:38:49.740769+00:00
18.8,9.0,53.0,0.0,0.0,261.0,11.1,25.9,1010.2,17.0,2.0,2025-12-13 09:38:49.740769+00:00
19.2,8.5,50.0,0.0,0.0,263.0,9.3,24.1,1010.3,19.0,2.0,2025-12-13 09:38:49.740769+00:00
19.5,7.9,47.0,0.0,0.0,267.0,9.3,22.2,1010.2,22.0,2.0,2025-12-13 09:38:49.740769+00:00
19.6,7.3,45.0,0.0,0.0,269.0,7.4,20.4,1009.9,28.0,2.0,2025-12-13 09:38:49.740769+00:00
20.2,7.2,43.0,0.0,0.0,275.0,7.4,20.4,1009.8,38.0,2.0,2025-12-13 09:38:49.740769+00:00
18.5,7.3,48.0,0.0,0.0,292.0,7.4,18.5,1009.6,31.0,2.0,2025-12-13 09:38:49.740769+00:00
16.9,7.5,54.0,0.0,0.0,62.0,9.3,18.5,1009.7,19.0,2.0,2025-12-13 09:38:49.740769+00:00
15.7,7.2,57.0,0.0,0.0,74.0,9.3,18.5,1009.8,0.0,2.0,2025-12-13 09:38:49.740769+00:00
14.6,7.4,62.0,0.0,0.0,77.0,11.1,20.4,1009.8,0.0,2.0,2025-12-13 09:38:49.740769+00:00
13.7,7.5,66.0,0.0,0.0,85.0,13.0,24.1,1009.8,0.0,2.0,2025-12-13 09:38:49.740769+00:00
13.3,7.5,68.0,0.0,0.0,88.0,14.8,25.9,1009.4,0.0,1.0,2025-12-13 09:38:49.740769+00:00
13.1,7.5,69.0,0.0,0.0,84.0,16.7,29.6,1008.9,0.0,1.0,2025-12-13 09:38:49.740769+00:00
12.9,7.6,70.0,0.0,0.0,88.0,16.7,31.5,1008.3,0.0,1.0,2025-12-13 09:38:49.740769+00:00
12.4,7.9,74.0,0.0,0.0,87.0,16.7,31.5,1007.9,0.0,1.0,2025-12-13 09:38:49.740769+00:00
12.2,7.9,75.0,0.0,0.0,87.0,16.7,31.5,1007.4,0.0,2.0,2025-12-13 09:38:49.740769+00:00
12.0,8.3,78.0,0.0,0.0,88.0,16.7,31.5,1007.1,0.0,2.0,2025-12-13 09:38:49.740769+00:00
11.8,8.5,80.0,0.0,0.0,88.0,18.5,31.5,1006.4,0.0,2.0,2025-12-13 09:38:49.740769+00:00
12.5,9.0,79.0,0.0,0.0,91.0,16.7,31.5,1006.1,8.0,2.0,2025-12-13 09:38:49.740769+00:00
13.4,9.3,76.0,0.0,0.0,99.0,16.7,29.6,1005.8,18.0,2.0,2025-12-13 09:38:49.740769+00:00
15.1,10.3,73.0,0.0,0.0,103.0,16.7,31.5,1004.8,24.0,2.0,2025-12-13 09:38:49.740769+00:00
17.4,10.5,64.0,0.0,0.0,110.0,16.7,31.5,1004.1,26.0,2.0,2025-12-13 09:38:49.740769+00:00
19.2,11.0,59.0,0.0,0.0,114.0,18.5,37.0,1003.3,26.0,2.0,2025-12-13 09:38:49.740769+00:00
19.9,11.4,58.0,0.0,0.0,121.0,22.2,40.8,1002.9,20.0,3.0,2025-12-13 09:38:49.740769+00:00
20.1,11.3,57.0,0.0,0.0,123.0,22.2,44.5,1002.3,16.0,3.0,2025-12-13 09:38:49.740769+00:00
20.2,11.4,57.0,0.0,0.0,127.0,24.1,46.3,1001.8,9.0,3.0,2025-12-13 09:38:49.740769+00:00
20.2,11.9,59.0,0.0,0.0,125.0,24.1,44.5,1001.4,9.0,4.0,2025-12-13 09:38:49.740769+00:00
20.4,11.9,58.0,0.0,0.0,128.0,22.2,44.5,1001.1,8.0,4.0,2025-12-13 09:38:49.740769+00:00
19.7,12.0,61.0,0.0,0.0,126.0,22.2,42.6,1000.8,6.0,4.0,2025-12-13 09:38:49.740769+00:00
19.2,12.0,63.0,0.0,0.0,127.0,22.2,42.6,1000.8,6.0,4.0,2025-12-13 09:38:49.740769+00:00
18.1,11.9,67.0,0.0,0.0,125.0,20.4,40.8,1000.9,5.0,7.0,2025-12-13 09:38:49.740769+00:00
17.1,11.8,71.0,0.0,0.0,125.0,18.5,35.2,1001.2,2.0,7.0,2025-12-13 09:38:49.740769+00:00
16.2,12.0,76.0,0.0,0.0,124.0,16.7,33.3,1001.6,0.0,7.0,2025-12-13 09:38:49.740769+00:00
15.6,11.8,78.0,0.0,0.0,126.0,16.7,31.5,1001.8,0.0,7.0,2025-12-13 09:38:49.740769+00:00
15.0,11.8,81.0,0.0,0.0,128.0,14.8,27.8,1002.2,0.0,7.0,2025-12-13 09:38:49.740769+00:00
14.5,11.6,83.0,0.0,0.0,130.0,14.8,25.9,1002.4,0.0,7.0,2025-12-13 09:38:49.740769+00:00
14.0,11.9,87.0,0.0,0.0,139.0,13.0,24.1,1002.7,0.0,4.0,2025-12-13 09:38:49.740769+00:00
13.5,12.1,91.0,0.0,0.0,154.0,11.1,20.4,1002.8,0.0,4.0,2025-12-13 09:38:49.740769+00:00
13.2,11.8,91.0,0.0,0.0,171.0,11.1,18.5,1003.4,0.0,3.0,2025-12-13 09:38:49.740769+00:00
12.8,11.9,94.0,0.0,0.0,190.0,11.1,18.5,1003.9,0.0,3.0,2025-12-13 09:38:49.740769+00:00
12.6,12.0,96.0,0.0,0.0,212.0,11.1,20.4,1004.5,0.0,3.0,2025-12-13 09:38:49.740769+00:00
12.4,11.9,97.0,0.0,0.0,211.0,11.1,18.5,1005.4,0.0,3.0,2025-12-13 09:38:49.740769+00:00
12.9,11.6,92.0,0.0,0.0,219.0,11.1,18.5,1006.2,7.0,2.0,2025-12-13 09:38:49.740769+00:00
13.9,11.9,88.0,0.0,0.0,219.0,9.3,18.5,1006.8,17.0,2.0,2025-12-13 09:38:49.740769+00:00
15.8,12.0,78.0,0.0,0.0,222.0,9.3,18.5,1007.6,27.0,2.0,2025-12-13 09:38:49.740769+00:00
17.9,12.1,69.0,0.0,0.0,225.0,9.3,20.4,1008.1,29.0,2.0,2025-12-13 09:38:49.740769+00:00
19.8,12.1,61.0,0.0,0.0,220.0,9.3,20.4,1008.5,30.0,2.0,2025-12-13 09:38:49.740769+00:00
21.3,11.9,55.0,0.0,0.0,214.0,9.3,22.2,1008.9,32.0,2.0,2025-12-13 09:38:49.740769+00:00
21.8,11.8,53.0,0.0,0.0,207.0,9.3,22.2,1008.9,35.0,2.0,2025-12-13 09:38:49.740769+00:00
22.9,11.9,50.0,0.0,0.0,181.0,9.3,24.1,1009.0,36.0,2.0,2025-12-13 09:38:49.740769+00:00
23.3,11.7,48.0,0.0,0.0,168.0,11.1,24.1,1008.9,36.0,2.0,2025-12-13 09:38:49.740769+00:00
24.3,11.6,45.0,0.0,0.0,146.0,11.1,24.1,1008.7,38.0,2.0,2025-12-13 09:38:49.740769+00:00
24.0,11.7,46.0,0.0,0.0,120.0,11.1,25.9,1008.6,37.0,2.0,2025-12-13 09:38:49.740769+00:00
23.8,11.1,45.0,0.0,0.0,110.0,11.1,25.9,1008.6,36.0,2.0,2025-12-13 09:38:49.740769+00:00
22.9,11.3,48.0,0.0,0.0,96.0,11.1,25.9,1008.4,29.0,2.0,2025-12-13 09:38:49.740769+00:00
21.4,11.1,52.0,0.0,0.0,93.0,13.0,25.9,1008.6,16.0,2.0,2025-12-13 09:38:49.740769+00:00
20.2,11.1,56.0,0.0,0.0,83.0,13.0,27.8,1008.5,4.0,2.0,2025-12-13 09:38:49.740769+00:00
19.0,11.3,61.0,0.0,0.0,87.0,14.8,29.6,1008.8,0.0,2.0,2025-12-13 09:38:49.740769+00:00
18.1,10.7,62.0,0.0,0.0,89.0,14.8,31.5,1008.5,0.0,2.0,2025-12-13 09:38:49.740769+00:00
17.5,10.6,64.0,0.0,0.0,91.0,14.8,31.5,1008.7,0.0,2.0,2025-12-13 09:38:49.740769+00:00
16.8,10.4,66.0,0.0,0.0,97.0,16.7,33.3,1008.4,0.0,2.0,2025-12-13 09:38:49.740769+00:00
16.2,10.5,69.0,0.0,0.0,101.0,16.7,33.3,1008.4,0.0,2.0,2025-12-13 09:38:49.740769+00:00
15.5,10.7,73.0,0.0,0.0,101.0,16.7,33.3,1008.0,0.0,2.0,2025-12-13 09:38:49.740769+00:00
15.0,10.8,76.0,0.0,0.0,102.0,16.7,31.5,1007.5,0.0,1.0,2025-12-13 09:38:49.740769+00:00
14.7,10.7,77.0,0.0,0.0,108.0,14.8,29.6,1007.7,0.0,1.0,2025-12-13 09:38:49.740769+00:00
14.9,10.9,77.0,0.0,0.0,109.0,14.8,27.8,1007.7,0.0,2.0,2025-12-13 09:38:49.740769+00:00
15.1,10.9,76.0,0.0,0.0,115.0,14.8,27.8,1007.7,15.0,2.0,2025-12-13 09:38:49.740769+00:00
16.0,11.4,74.0,0.0,0.0,116.0,13.0,25.9,1008.0,30.0,2.0,2025-12-13 09:38:49.740769+00:00
17.5,11.7,69.0,0.0,0.0,124.0,13.0,27.8,1008.0,40.0,2.0,2025-12-13 09:38:49.740769+00:00
19.5,12.0,62.0,0.0,0.0,130.0,11.1,25.9,1008.0,45.0,2.0,2025-12-13 09:38:49.740769+00:00
21.3,12.2,56.0,0.0,0.0,140.0,11.1,29.6,1007.9,47.0,2.0,2025-12-13 09:38:49.740769+00:00
22.4,12.1,52.0,0.0,0.0,150.0,11.1,29.6,1007.9,44.0,2.0,2025-12-13 09:38:49.740769+00:00
22.6,12.2,52.0,0.0,0.0,158.0,11.1,31.5,1008.0,40.0,2.0,2025-12-13 09:38:49.740769+00:00
23.0,12.3,51.0,0.0,0.0,163.0,13.0,33.3,1008.2,37.0,2.0,2025-12-13 09:38:49.740769+00:00
23.3,12.0,49.0,0.0,0.0,169.0,13.0,35.2,1007.8,30.0,2.0,2025-12-13 09:38:49.740769+00:00
23.2,11.9,49.0,0.0,0.0,207.0,13.0,33.3,1007.4,30.0,2.0,2025-12-13 09:38:49.740769+00:00
22.6,11.9,51.0,0.0,0.0,289.0,11.1,31.5,1007.5,29.0,2.0,2025-12-13 09:38:49.740769+00:00
22.0,11.7,52.0,0.0,0.0,314.0,11.1,31.5,1007.7,27.0,2.0,2025-12-13 09:38:49.740769+00:00
20.6,11.5,56.0,0.0,0.0,316.0,11.1,29.6,1008.0,20.0,2.0,2025-12-13 09:38:49.740769+00:00
18.9,11.5,62.0,0.0,0.0,335.0,11.1,27.8,1008.6,10.0,2.0,2025-12-13 09:38:49.740769+00:00
17.7,11.5,67.0,0.0,0.0,342.0,11.1,25.9,1009.2,2.0,2.0,2025-12-13 09:38:49.740769+00:00
16.6,11.1,70.0,0.0,0.0,337.0,11.1,25.9,1009.3,0.0,2.0,2025-12-13 09:38:49.740769+00:00
15.7,10.9,73.0,0.0,0.0,344.0,13.0,27.8,1009.9,0.0,2.0,2025-12-13 09:38:49.740769+00:00
14.7,10.9,78.0,0.0,0.0,344.0,13.0,25.9,1010.2,0.0,3.0,2025-12-13 09:38:49.740769+00:00
14.0,10.4,79.0,0.0,0.0,343.0,13.0,25.9,1010.2,0.0,3.0,2025-12-13 09:38:49.740769+00:00
13.7,10.1,79.0,0.0,0.0,348.0,11.1,24.1,1010.1,0.0,3.0,2025-12-13 09:38:49.740769+00:00
13.1,9.9,81.0,0.0,0.0,346.0,11.1,22.2,1009.9,0.0,3.0,2025-12-13 09:38:49.740769+00:00
12.4,9.9,85.0,0.0,0.0,346.0,11.1,22.2,1010.1,0.0,3.0,2025-12-13 09:38:49.740769+00:00
11.9,9.8,87.0,0.0,0.0,357.0,11.1,22.2,1010.0,0.0,3.0,2025-12-13 09:38:49.740769+00:00
11.7,9.9,89.0,0.0,0.0,354.0,11.1,20.4,1010.2,0.0,3.0,2025-12-13 09:38:49.740769+00:00
11.6,10.0,90.0,0.0,0.0,358.0,11.1,22.2,1010.1,5.0,3.0,2025-12-13 09:38:49.740769+00:00
12.1,10.0,87.0,0.0,0.0,347.0,9.3,20.4,1010.3,11.0,3.0,2025-12-13 09:38:49.740769+00:00
12.7,10.1,84.0,0.0,0.0,352.0,11.1,22.2,1010.4,18.0,3.0,2025-12-13 09:38:49.740769+00:00
13.7,10.1,79.0,0.0,0.0,9.0,11.1,24.1,1009.9,23.0,3.0,2025-12-13 09:38:49.740769+00:00
14.9,10.5,75.0,0.0,0.0,18.0,11.1,24.1,1009.9,27.0,3.0,2025-12-13 09:38:49.740769+00:00
16.1,10.4,69.0,0.0,0.0,24.0,11.1,24.1,1009.9,25.0,3.0,2025-12-13 09:38:49.740769+00:00
17.3,10.4,64.0,0.0,0.0,37.0,11.1,25.9,1009.7,25.0,3.0,2025-12-13 09:38:49.740769+00:00
18.1,10.9,63.0,0.0,0.0,32.0,11.1,25.9,1010.1,23.0,3.0,2025-12-13 09:38:49.740769+00:00
18.1,10.9,63.0,0.0,0.0,25.0,11.1,25.9,1009.7,22.0,3.0,2025-12-13 09:38:49.740769+00:00
18.2,10.8,62.0,0.0,0.0,8.0,13.0,25.9,1009.6,21.0,3.0,2025-12-13 09:38:49.740769+00:00
18.3,10.9,62.0,0.0,0.0,26.0,13.0,25.9,1009.2,23.0,3.0,2025-12-13 09:38:49.740769+00:00
17.7,11.0,65.0,0.0,0.0,351.0,13.0,25.9,1009.0,21.0,3.0,2025-12-13 09:38:49.740769+00:00
16.8,10.9,68.0,0.0,0.0,331.0,13.0,25.9,1008.9,16.0,3.0,2025-12-13 09:38:49.740769+00:00
15.9,10.4,70.0,0.0,0.0,340.0,13.0,25.9,1008.9,6.0,3.0,2025-12-13 09:38:49.740769+00:00
14.5,11.3,81.0,0.0,0.0,331.0,13.0,25.9,1009.4,2.0,3.0,2025-12-13 09:38:49.740769+00:00
13.4,11.1,86.0,0.1,0.0,321.0,13.0,24.1,1009.6,0.0,3.0,2025-12-13 09:38:49.740769+00:00
12.1,10.5,90.0,1.6,0.0,341.0,13.0,25.9,1009.7,0.0,3.0,2025-12-13 09:38:49.740769+00:00
11.0,10.2,95.0,4.0,0.0,297.0,13.0,25.9,1009.9,0.0,4.0,2025-12-13 09:38:49.740769+00:00
10.5,10.5,100.0,2.5,0.0,273.0,14.8,25.9,1010.1,0.0,4.0,2025-12-13 09:38:49.740769+00:00
10.3,10.3,100.0,2.3,0.0,240.0,14.8,25.9,1009.9,0.0,4.0,2025-12-13 09:38:49.740769+00:00
10.1,10.1,100.0,0.6,0.0,252.0,14.8,25.9,1009.8,0.0,3.0,2025-12-13 09:38:49.740769+00:00
9.8,9.5,98.0,0.1,0.0,248.0,14.8,25.9,1009.9,0.0,3.0,2025-12-13 09:38:49.740769+00:00
9.6,9.1,97.0,0.0,0.0,229.0,13.0,25.9,1010.3,0.0,3.0,2025-12-13 09:38:49.740769+00:00
9.6,9.0,96.0,0.0,0.0,228.0,13.0,25.9,1010.3,0.0,3.0,2025-12-13 09:38:49.740769+00:00
9.9,9.1,95.0,0.5,0.0,226.0,13.0,25.9,1010.2,7.0,3.0,2025-12-13 09:38:49.740769+00:00
10.6,9.2,91.0,0.5,0.0,219.0,11.1,24.1,1010.3,16.0,3.0,2025-12-13 09:38:49.740769+00:00
12.3,9.7,84.0,0.1,0.0,213.0,11.1,25.9,1010.0,21.0,4.0,2025-12-13 09:38:49.740769+00:00
13.0,9.4,79.0,0.0,0.0,213.0,11.1,27.8,1009.8,24.0,3.0,2025-12-13 09:38:49.740769+00:00
14.2,9.4,73.0,0.0,0.0,224.0,11.1,27.8,1009.5,24.0,3.0,2025-12-13 09:38:49.740769+00:00
14.3,9.1,71.0,0.0,0.0,212.0,13.0,27.8,1009.9,25.0,3.0,2025-12-13 09:38:49.740769+00:00
14.9,8.8,67.0,0.0,0.0,218.0,13.0,31.5,1009.8,24.0,3.0,2025-12-13 09:38:49.740769+00:00
15.3,8.8,65.0,0.1,0.0,223.0,13.0,31.5,1009.5,20.0,3.0,2025-12-13 09:38:49.740769+00:00
15.7,8.7,63.0,0.1,0.0,225.0,13.0,33.3,1009.3,20.0,3.0,2025-12-13 09:38:49.740769+00:00
16.9,8.8,59.0,0.0,0.0,223.0,13.0,33.3,1009.0,21.0,3.0,2025-12-13 09:38:49.740769+00:00
16.5,8.2,58.0,0.0,0.0,224.0,13.0,29.6,1009.3,22.0,3.0,2025-12-13 09:38:49.740769+00:00
16.3,8.5,60.0,0.0,0.0,227.0,11.1,29.6,1009.2,21.0,3.0,2025-12-13 09:38:49.740769+00:00
15.4,8.2,62.0,0.0,0.0,217.0,11.1,25.9,1009.3,17.0,3.0,2025-12-13 09:38:49.740769+00:00
14.5,8.0,65.0,0.0,0.0,210.0,9.3,24.1,1009.1,11.0,3.0,2025-12-13 09:38:49.740769+00:00
13.3,8.4,72.0,0.0,0.0,206.0,9.3,22.2,1009.3,5.0,3.0,2025-12-13 09:38:49.740769+00:00
12.2,8.3,77.0,0.0,0.0,179.0,11.1,20.4,1009.4,0.0,3.0,2025-12-13 09:38:49.740769+00:00
11.2,8.4,83.0,0.0,0.0,171.0,11.1,20.4,1009.6,0.0,3.0,2025-12-13 09:38:49.740769+00:00
10.5,8.3,86.0,0.0,0.0,169.0,11.1,20.4,1009.6,0.0,2.0,2025-12-13 09:38:49.740769+00:00
9.7,8.1,90.0,0.0,0.0,177.0,11.1,18.5,1009.4,0.0,2.0,2025-12-13 09:38:49.740769+00:00
9.2,8.3,94.0,0.0,0.0,183.0,11.1,18.5,1009.4,0.0,3.0,2025-12-13 09:38:49.740769+00:00
8.9,8.1,95.0,0.0,0.0,187.0,11.1,18.5,1009.3,0.0,3.0,2025-12-13 09:38:49.740769+00:00
8.5,8.1,97.0,0.0,0.0,191.0,11.1,18.5,1009.1,0.0,3.0,2025-12-13 09:38:49.740769+00:00
8.4,7.8,96.0,0.0,0.0,180.0,9.3,18.5,1009.2,0.0,3.0,2025-12-13 09:38:49.740769+00:00
8.4,7.8,96.0,0.0,0.0,199.0,9.3,18.5,1008.9,0.0,3.0,2025-12-13 09:38:49.740769+00:00
8.7,8.3,97.0,0.0,0.0,208.0,9.3,20.4,1008.9,8.0,3.0,2025-12-13 09:38:49.740769+00:00
9.9,8.3,90.0,0.0,0.0,225.0,9.3,20.4,1009.4,17.0,3.0,2025-12-13 09:38:49.740769+00:00
11.5,8.5,82.0,0.0,0.0,220.0,9.3,20.4,1009.2,24.0,3.0,2025-12-13 09:38:49.740769+00:00
13.6,8.4,71.0,0.0,0.0,218.0,9.3,22.2,1008.9,28.0,3.0,2025-12-13 09:38:49.740769+00:00
15.0,8.5,65.0,0.0,0.0,211.0,11.1,24.1,1008.9,31.0,3.0,2025-12-13 09:38:49.740769+00:00
15.8,8.0,60.0,0.0,0.0,218.0,11.1,25.9,1008.6,29.0,3.0,2025-12-13 09:38:49.740769+00:00
16.6,7.8,56.0,0.0,0.0,219.0,11.1,27.8,1008.8,27.0,3.0,2025-12-13 09:38:49.740769+00:00
17.3,7.6,53.0,0.0,0.0,216.0,13.0,29.6,1008.4,25.0,3.0,2025-12-13 09:38:49.740769+00:00
17.5,7.5,52.0,0.0,0.0,213.0,13.0,29.6,1008.0,24.0,3.0,2025-12-13 09:38:49.740769+00:00
17.8,7.5,51.0,0.0,0.0,199.0,11.1,29.6,1007.7,25.0,3.0,2025-12-13 09:38:49.740769+00:00
17.7,7.4,51.0,0.0,0.0,200.0,11.1,27.8,1007.6,26.0,3.0,2025-12-13 09:38:49.740769+00:00
17.3,7.3,52.0,0.0,0.0,207.0,11.1,27.8,1007.6,24.0,3.0,2025-12-13 09:38:49.740769+00:00
16.6,7.0,53.0,0.0,0.0,206.0,11.1,25.9,1007.7,20.0,3.0,2025-12-13 09:38:49.740769+00:00
15.8,7.0,56.0,0.0,0.0,165.0,11.1,24.1,1008.1,12.0,3.0,2025-12-13 09:38:49.740769+00:00
14.5,7.1,61.0,0.0,0.0,166.0,11.1,22.2,1008.3,5.0,3.0,2025-12-13 09:38:49.740769+00:00
13.1,7.1,67.0,0.0,0.0,158.0,13.0,22.2,1008.6,0.0,3.0,2025-12-13 09:38:49.740769+00:00
12.2,7.3,72.0,0.0,0.0,158.0,13.0,22.2,1008.9,0.0,3.0,2025-12-13 09:38:49.740769+00:00
11.6,7.3,75.0,0.0,0.0,161.0,13.0,24.1,1009.0,0.0,2.0,2025-12-13 09:38:49.740769+00:00
11.0,7.5,79.0,0.0,0.0,162.0,13.0,24.1,1009.1,0.0,2.0,2025-12-13 09:38:49.740769+00:00
10.4,7.5,82.0,0.0,0.0,133.0,11.1,22.2,1009.2,0.0,2.0,2025-12-13 09:38:49.740769+00:00
10.1,7.3,83.0,0.4,0.0,163.0,11.1,22.2,1009.4,0.0,2.0,2025-12-13 09:38:49.740769+00:00
9.7,7.3,85.0,0.7,0.0,132.0,11.1,20.4,1009.6,0.0,2.0,2025-12-13 09:38:49.740769+00:00
9.5,7.3,86.0,0.0,0.0,112.0,13.0,22.2,1009.9,0.0,2.0,2025-12-13 09:38:49.740769+00:00
9.5,7.3,86.0,0.0,0.0,106.0,11.1,22.2,1009.9,2.0,2.0,2025-12-13 09:38:49.740769+00:00
9.8,7.6,86.0,0.0,0.0,142.0,11.1,20.4,1010.0,8.0,2.0,2025-12-13 09:38:49.740769+00:00
10.7,7.8,82.0,0.0,0.0,143.0,11.1,20.4,1010.0,19.0,2.0,2025-12-13 09:38:49.740769+00:00
12.0,8.1,77.0,0.0,0.0,178.0,11.1,22.2,1009.8,26.0,2.0,2025-12-13 09:38:49.740769+00:00
13.4,8.0,70.0,0.0,0.0,195.0,11.1,24.1,1009.8,30.0,2.0,2025-12-13 09:38:49.740769+00:00
14.6,8.1,65.0,0.0,0.0,221.0,9.3,25.9,1010.0,31.0,2.0,2025-12-13 09:38:49.740769+00:00
14.8,8.1,64.0,0.0,0.0,216.0,11.1,27.8,1009.8,30.0,2.0,2025-12-13 09:38:49.740769+00:00
15.3,8.1,62.0,0.0,0.0,213.0,11.1,29.6,1010.2,28.0,2.0,2025-12-13 09:38:49.740769+00:00
16.1,7.8,58.0,0.0,0.0,214.0,13.0,31.5,1010.1,26.0,3.0,2025-12-13 09:38:49.740769+00:00
16.6,7.8,56.0,0.0,0.0,209.0,13.0,31.5,1009.9,26.0,3.0,2025-12-13 09:38:49.740769+00:00
16.6,7.5,55.0,0.0,0.0,203.0,13.0,29.6,1009.8,26.0,3.0,2025-12-13 09:38:49.740769+00:00
16.6,7.5,55.0,0.0,0.0,209.0,13.0,29.6,1009.9,26.0,3.0,2025-12-13 09:38:49.740769+00:00
16.0,7.0,55.0,0.0,0.0,218.0,13.0,27.8,1010.1,24.0,3.0,2025-12-13 09:38:49.740769+00:00
15.3,7.3,59.0,0.0,0.0,213.0,13.0,27.8,1010.3,20.0,3.0,2025-12-13 09:38:49.740769+00:00
13.6,7.1,65.0,0.0,0.0,214.0,11.1,25.9,1010.7,13.0,3.0,2025-12-13 09:38:49.740769+00:00
12.6,7.3,70.0,0.0,0.0,149.0,11.1,25.9,1011.1,6.0,3.0,2025-12-13 09:38:49.740769+00:00
11.2,6.9,75.0,0.0,0.0,62.0,11.1,24.1,1011.4,0.0,3.0,2025-12-13 09:38:49.740769+00:00
10.3,7.0,80.0,0.0,0.0,4.0,13.0,25.9,1011.8,0.0,2.0,2025-12-13 09:38:49.740769+00:00
9.9,7.0,82.0,0.0,0.0,350.0,13.0,24.1,1012.3,0.0,2.0,2025-12-13 09:38:49.740769+00:00
9.5,6.9,84.0,0.0,0.0,5.0,13.0,24.1,1012.5,0.0,2.0,2025-12-13 09:38:49.740769+00:00
8.8,6.9,88.0,0.0,0.0,59.0,13.0,24.1,1012.6,0.0,2.0,2025-12-13 09:38:49.740769+00:00
8.9,6.7,86.0,0.0,0.0,56.0,13.0,22.2,1012.7,0.0,2.0,2025-12-13 09:38:49.740769+00:00
8.6,6.6,87.0,0.0,0.0,41.0,13.0,22.2,1013.0,0.0,2.0,2025-12-13 09:38:49.740769+00:00
8.2,6.3,88.0,0.0,0.0,11.0,13.0,22.2,1013.0,0.0,3.0,2025-12-13 09:38:49.740769+00:00
8.7,8.7,100.0,0.0,0.0,290.0,9.3,14.8,1014.2,0.0,3.0,2025-12-13 09:38:49.740769+00:00
9.4,8.9,97.0,0.0,0.0,279.0,9.3,18.5,1014.7,5.0,3.0,2025-12-13 09:38:49.740769+00:00
10.4,9.5,94.0,0.0,0.0,278.0,9.3,16.7,1015.2,12.0,7.0,2025-12-13 09:38:49.740769+00:00
12.1,9.5,84.0,0.0,0.0,273.0,9.3,18.5,1015.7,16.0,3.0,2025-12-13 09:38:49.740769+00:00
13.6,9.4,76.0,0.0,0.0,260.0,9.3,18.5,1016.1,20.0,3.0,2025-12-13 09:38:49.740769+00:00
15.0,9.4,69.0,0.0,0.0,250.0,9.3,18.5,1016.4,21.0,3.0,2025-12-13 09:38:49.740769+00:00
15.9,9.1,64.0,0.0,0.0,246.0,9.3,20.4,1016.3,15.0,4.0,2025-12-13 09:38:49.740769+00:00
16.4,8.9,61.0,0.0,0.0,238.0,9.3,22.2,1016.4,11.0,3.0,2025-12-13 09:38:49.740769+00:00
16.7,8.9,60.0,0.0,0.0,234.0,9.3,22.2,1016.2,11.0,3.0,2025-12-13 09:38:49.740769+00:00
16.9,8.8,59.0,0.1,0.0,242.0,9.3,22.2,1016.3,11.0,3.0,2025-12-13 09:38:49.740769+00:00
16.9,8.8,59.0,0.0,0.0,246.0,9.3,24.1,1016.3,14.0,3.0,2025-12-13 09:38:49.740769+00:00
16.9,8.8,59.0,0.0,0.0,253.0,9.3,24.1,1016.2,17.0,3.0,2025-12-13 09:38:49.740769+00:00
17.4,8.5,56.0,0.0,0.0,257.0,9.3,22.2,1016.1,22.0,2.0,2025-12-13 09:38:49.740769+00:00
16.3,8.8,61.0,0.0,0.0,268.0,9.3,22.2,1016.4,18.0,2.0,2025-12-13 09:38:49.740769+00:00
15.2,8.9,66.0,0.0,0.0,277.0,9.3,20.4,1016.7,11.0,2.0,2025-12-13 09:38:49.740769+00:00
13.9,8.9,72.0,0.0,0.0,279.0,9.3,18.5,1017.2,5.0,2.0,2025-12-13 09:38:49.740769+00:00
12.7,9.3,80.0,0.0,0.0,284.0,9.3,18.5,1017.6,0.0,2.0,2025-12-13 09:38:49.740769+00:00
11.5,9.4,87.0,0.0,0.0,289.0,9.3,16.7,1018.0,0.0,2.0,2025-12-13 09:38:49.740769+00:00
10.7,9.6,93.0,0.0,0.0,291.0,9.3,16.7,1018.3,0.0,2.0,2025-12-13 09:38:49.740769+00:00
9.8,9.5,98.0,0.0,0.0,297.0,9.3,14.8,1018.4,0.0,2.0,2025-12-13 09:38:49.740769+00:00
9.3,9.2,99.0,0.0,0.0,297.0,7.4,13.0,1018.5,0.0,2.0,2025-12-13 09:38:49.740769+00:00
8.9,8.9,100.0,0.0,0.0,295.0,7.4,13.0,1018.3,0.0,2.0,2025-12-13 09:38:49.740769+00:00
8.6,8.6,100.0,0.0,0.0,290.0,7.4,11.1,1018.2,0.0,2.0,2025-12-13 09:38:49.740769+00:00
8.4,8.4,100.0,0.0,0.0,294.0,7.4,13.0,1018.1,0.0,2.0,2025-12-13 09:38:49.740769+00:00
8.6,8.5,99.0,0.0,0.0,316.0,5.5,11.1,1018.4,1.0,3.0,2025-12-13 09:38:49.740769+00:00
9.2,8.9,98.0,0.0,0.0,309.0,5.5,9.3,1018.5,6.0,3.0,2025-12-13 09:38:49.740769+00:00
10.2,9.3,94.0,0.0,0.0,328.0,3.7,9.3,1018.6,12.0,3.0,2025-12-13 09:38:49.740769+00:00
12.2,9.4,83.0,0.0,0.0,339.0,5.5,11.1,1018.5,16.0,3.0,2025-12-13 09:38:49.740769+00:00
13.7,9.1,74.0,0.0,0.0,16.0,5.5,13.0,1018.4,21.0,3.0,2025-12-13 09:38:49.740769+00:00
15.1,9.0,67.0,0.0,0.0,87.0,5.5,14.8,1018.0,21.0,3.0,2025-12-13 09:38:49.740769+00:00
15.8,9.0,64.0,0.0,0.0,73.0,5.5,14.8,1017.9,15.0,4.0,2025-12-13 09:38:49.740769+00:00
16.5,8.7,60.0,0.0,0.0,79.0,3.7,14.8,1017.2,9.0,3.0,2025-12-13 09:38:49.740769+00:00
17.1,8.8,58.0,0.0,0.0,87.0,5.5,16.7,1016.6,8.0,3.0,2025-12-13 09:38:49.740769+00:00
17.3,8.7,57.0,0.0,0.0,71.0,5.5,16.7,1016.0,8.0,3.0,2025-12-13 09:38:49.740769+00:00
17.4,8.5,56.0,0.0,0.0,52.0,7.4,18.5,1015.4,8.0,3.0,2025-12-13 09:38:49.740769+00:00
17.1,8.5,57.0,0.0,0.0,55.0,7.4,20.4,1014.9,9.0,3.0,2025-12-13 09:38:49.740769+00:00
17.9,7.9,52.0,0.0,0.0,66.0,9.3,20.4,1014.3,12.0,3.0,2025-12-13 09:38:49.740769+00:00
16.5,7.9,57.0,0.0,0.0,63.0,11.1,22.2,1014.2,11.0,3.0,2025-12-13 09:38:49.740769+00:00
15.6,8.1,61.0,0.0,0.0,58.0,13.0,24.1,1014.3,8.0,3.0,2025-12-13 09:38:49.740769+00:00
14.6,8.1,65.0,0.0,0.0,61.0,13.0,24.1,1014.6,4.0,3.0,2025-12-13 09:38:49.740769+00:00
13.7,8.1,69.0,0.0,0.0,57.0,14.8,25.9,1014.8,0.0,2.0,2025-12-13 09:38:49.740769+00:00
13.0,8.3,73.0,0.0,0.0,58.0,14.8,27.8,1015.2,0.0,2.0,2025-12-13 09:38:49.740769+00:00
12.6,8.1,74.0,0.0,0.0,56.0,14.8,27.8,1015.1,0.0,2.0,2025-12-13 09:38:49.740769+00:00
12.1,7.8,75.0,0.0,0.0,58.0,14.8,25.9,1015.1,0.0,2.0,2025-12-13 09:38:49.740769+00:00
11.6,7.7,77.0,0.0,0.0,56.0,13.0,24.1,1015.0,0.0,2.0,2025-12-13 09:38:49.740769+00:00
11.2,7.5,78.0,0.0,0.0,55.0,14.8,24.1,1014.8,0.0,2.0,2025-12-13 09:38:49.740769+00:00
10.7,7.2,79.0,0.0,0.0,50.0,14.8,25.9,1014.8,0.0,2.0,2025-12-13 09:38:49.740769+00:00
10.2,7.1,81.0,0.0,0.0,48.0,13.0,24.1,1014.9,0.0,2.0,2025-12-13 09:38:49.740769+00:00
9.5,6.9,84.0,0.0,0.0,48.0,13.0,24.1,1014.8,2.0,3.0,2025-12-13 09:38:49.740769+00:00
10.0,7.1,82.0,0.0,0.0,44.0,13.0,25.9,1015.0,10.0,3.0,2025-12-13 09:38:49.740769+00:00
10.9,7.0,77.0,0.0,0.0,43.0,13.0,25.9,1015.3,16.0,3.0,2025-12-13 09:38:49.740769+00:00
12.6,7.3,70.0,0.0,0.0,40.0,14.8,27.8,1015.4,23.0,3.0,2025-12-13 09:38:49.740769+00:00
14.1,6.9,62.0,0.0,0.0,43.0,14.8,29.6,1015.5,26.0,3.0,2025-12-13 09:38:49.740769+00:00
15.7,6.7,55.0,0.0,0.0,42.0,14.8,31.5,1015.4,26.0,3.0,2025-12-13 09:38:49.740769+00:00
16.2,6.6,53.0,0.0,0.0,44.0,14.8,31.5,1015.1,19.0,3.0,2025-12-13 09:38:49.740769+00:00
16.6,6.7,52.0,0.0,0.0,41.0,14.8,29.6,1015.0,16.0,3.0,2025-12-13 09:38:49.740769+00:00
17.1,7.2,52.0,0.0,0.0,39.0,14.8,31.5,1015.0,14.0,3.0,2025-12-13 09:38:49.740769+00:00
17.3,7.1,51.0,0.0,0.0,38.0,14.8,31.5,1014.8,16.0,3.0,2025-12-13 09:38:49.740769+00:00
17.4,7.4,52.0,0.0,0.0,34.0,14.8,31.5,1014.6,16.0,3.0,2025-12-13 09:38:49.740769+00:00
16.7,7.3,54.0,0.0,0.0,33.0,14.8,31.5,1014.5,17.0,3.0,2025-12-13 09:38:49.740769+00:00
16.8,6.9,52.0,0.0,0.0,29.0,16.7,31.5,1014.7,20.0,3.0,2025-12-13 09:38:49.740769+00:00
15.5,6.8,56.0,0.0,0.0,27.0,16.7,31.5,1015.0,13.0,3.0,2025-12-13 09:38:49.740769+00:00
14.2,6.8,61.0,0.0,0.0,23.0,16.7,31.5,1015.6,7.0,3.0,2025-12-13 09:38:49.740769+00:00
13.2,6.5,64.0,0.0,0.0,25.0,16.7,31.5,1016.0,3.0,3.0,2025-12-13 09:38:49.740769+00:00
12.1,6.8,70.0,0.0,0.0,23.0,16.7,31.5,1016.3,0.0,3.0,2025-12-13 09:38:49.740769+00:00
11.4,6.5,72.0,0.0,0.0,23.0,16.7,31.5,1016.5,0.0,3.0,2025-12-13 09:38:49.740769+00:00
11.8,6.9,72.0,0.0,0.0,24.0,14.8,31.5,1017.0,0.0,4.0,2025-12-13 09:38:49.740769+00:00
11.1,6.6,74.0,0.0,0.0,29.0,14.8,29.6,1017.3,0.0,4.0,2025-12-13 09:38:49.740769+00:00
10.6,6.5,76.0,0.0,0.0,31.0,14.8,29.6,1017.6,0.0,4.0,2025-12-13 09:38:49.740769+00:00
10.1,6.4,78.0,0.0,0.0,35.0,14.8,29.6,1017.7,0.0,4.0,2025-12-13 09:38:49.740769+00:00
9.4,6.1,80.0,0.0,0.0,34.0,14.8,29.6,1017.8,0.0,4.0,2025-12-13 09:38:49.740769+00:00
9.3,6.4,82.0,0.0,0.0,35.0,14.8,29.6,1017.9,0.0,4.0,2025-12-13 09:38:49.740769+00:00
8.6,6.6,87.0,0.0,0.0,36.0,13.0,27.8,1018.2,0.0,4.0,2025-12-13 09:38:49.740769+00:00
8.6,6.2,85.0,0.0,0.0,34.0,14.8,27.8,1018.6,2.0,4.0,2025-12-13 09:38:49.740769+00:00
8.7,6.1,84.0,0.0,0.0,34.0,13.0,27.8,1019.1,6.0,4.0,2025-12-13 09:38:49.740769+00:00
9.5,5.9,78.0,0.0,0.0,34.0,13.0,27.8,1019.5,10.0,4.0,2025-12-13 09:38:49.740769+00:00
10.3,5.9,74.0,0.0,0.0,35.0,13.0,25.9,1019.8,13.0,4.0,2025-12-13 09:38:49.740769+00:00
11.0,5.3,68.0,0.0,0.0,27.0,13.0,25.9,1020.0,15.0,3.0,2025-12-13 09:38:49.740769+00:00
11.6,4.8,63.0,0.0,0.0,26.0,13.0,25.9,1020.0,16.0,3.0,2025-12-13 09:38:49.740769+00:00
11.9,4.1,59.0,0.0,0.0,26.0,13.0,27.8,1019.9,17.0,3.0,2025-12-13 09:38:49.740769+00:00
12.7,3.6,54.0,0.0,0.0,28.0,14.8,27.8,1019.8,19.0,3.0,2025-12-13 09:38:49.740769+00:00
13.5,3.0,49.0,0.0,0.0,27.0,13.0,27.8,1019.7,23.0,2.0,2025-12-13 09:38:49.740769+00:00
14.4,2.3,44.0,0.0,0.0,30.0,13.0,27.8,1019.8,27.0,2.0,2025-12-13 09:38:49.740769+00:00
14.1,2.0,44.0,0.0,0.0,31.0,14.8,29.6,1019.9,29.0,2.0,2025-12-13 09:38:49.740769+00:00
15.9,2.0,39.0,0.0,0.0,37.0,14.8,29.6,1019.6,42.0,2.0,2025-12-13 09:38:49.740769+00:00
14.4,2.0,43.0,0.0,0.0,34.0,16.7,31.5,1019.9,40.0,2.0,2025-12-13 09:38:49.740769+00:00
13.4,2.0,46.0,0.0,0.0,31.0,16.7,31.5,1020.5,31.0,2.0,2025-12-13 09:38:49.740769+00:00
12.4,2.0,49.0,0.0,0.0,31.0,14.8,29.6,1021.3,17.0,2.0,2025-12-13 09:38:49.740769+00:00
11.1,2.1,54.0,0.0,0.0,35.0,14.8,29.6,1022.0,0.0,1.0,2025-12-13 09:38:49.740769+00:00
10.2,2.1,57.0,0.0,0.0,42.0,16.7,29.6,1022.5,0.0,1.0,2025-12-13 09:38:49.740769+00:00
9.9,2.5,60.0,0.0,0.0,47.0,14.8,29.6,1022.9,0.0,1.0,2025-12-13 09:38:49.740769+00:00
9.2,2.5,63.0,0.0,0.0,55.0,14.8,27.8,1023.2,0.0,1.0,2025-12-13 09:38:49.740769+00:00
8.5,2.5,66.0,0.0,0.0,63.0,14.8,25.9,1023.4,0.0,1.0,2025-12-13 09:38:49.740769+00:00
7.8,2.7,70.0,0.0,0.0,70.0,14.8,24.1,1023.8,0.0,1.0,2025-12-13 09:38:49.740769+00:00
7.1,2.4,72.0,0.0,0.0,73.0,13.0,24.1,1024.1,0.0,1.0,2025-12-13 09:38:49.740769+00:00
6.6,2.3,74.0,0.0,0.0,79.0,13.0,22.2,1024.5,0.0,1.0,2025-12-13 09:38:49.740769+00:00
6.0,2.5,78.0,0.0,0.0,85.0,13.0,22.2,1024.6,7.0,1.0,2025-12-13 09:38:49.740769+00:00
6.6,2.5,75.0,0.0,0.0,91.0,13.0,22.2,1025.3,23.0,1.0,2025-12-13 09:38:49.740769+00:00
7.5,2.2,69.0,0.0,0.0,91.0,11.1,24.1,1025.8,37.0,1.0,2025-12-13 09:38:49.740769+00:00
9.5,2.1,60.0,0.0,0.0,98.0,11.1,24.1,1026.3,44.0,1.0,2025-12-13 09:38:49.740769+00:00
11.1,2.1,54.0,0.0,0.0,99.0,13.0,25.9,1026.5,44.0,1.0,2025-12-13 09:38:49.740769+00:00
12.7,2.3,49.0,0.0,0.0,98.0,13.0,27.8,1026.5,44.0,1.0,2025-12-13 09:38:49.740769+00:00
13.6,1.6,44.0,0.0,0.0,91.0,11.1,25.9,1026.7,34.0,2.0,2025-12-13 09:38:49.740769+00:00
14.1,1.7,43.0,0.0,0.0,86.0,13.0,27.8,1026.4,32.0,2.0,2025-12-13 09:38:49.740769+00:00
14.6,1.8,42.0,0.0,0.0,82.0,13.0,29.6,1026.1,33.0,1.0,2025-12-13 09:38:49.740769+00:00
15.0,1.5,40.0,0.0,0.0,78.0,13.0,29.6,1025.9,35.0,1.0,2025-12-13 09:38:49.740769+00:00
15.3,1.8,40.0,0.0,0.0,72.0,13.0,31.5,1025.7,36.0,1.0,2025-12-13 09:38:49.740769+00:00
14.8,1.7,41.0,0.0,0.0,70.0,14.8,31.5,1025.5,41.0,1.0,2025-12-13 09:38:49.740769+00:00
15.0,1.2,39.0,0.0,0.0,75.0,16.7,31.5,1025.3,51.0,1.0,2025-12-13 09:38:49.740769+00:00
13.2,0.6,42.0,0.0,0.0,75.0,16.7,31.5,1025.5,49.0,1.0,2025-12-13 09:38:49.740769+00:00
12.0,0.1,44.0,0.0,0.0,72.0,14.8,29.6,1025.9,38.0,1.0,2025-12-13 09:38:49.740769+00:00
10.8,-0.1,47.0,0.0,0.0,73.0,14.8,27.8,1026.3,22.0,1.0,2025-12-13 09:38:49.740769+00:00
9.6,-0.3,50.0,0.0,0.0,72.0,14.8,27.8,1026.7,0.0,1.0,2025-12-13 09:38:49.740769+00:00
8.6,-0.2,54.0,0.0,0.0,73.0,14.8,27.8,1027.0,0.0,1.0,2025-12-13 09:38:49.740769+00:00
8.4,-0.1,55.0,0.0,0.0,78.0,14.8,25.9,1027.3,0.0,1.0,2025-12-13 09:38:49.740769+00:00
7.5,-0.2,58.0,0.0,0.0,81.0,14.8,24.1,1027.7,0.0,1.0,2025-12-13 09:38:49.740769+00:00
6.6,-0.4,61.0,0.0,0.0,84.0,13.0,24.1,1027.9,0.0,1.0,2025-12-13 09:38:49.740769+00:00
5.7,-0.4,65.0,0.0,0.0,88.0,13.0,22.2,1028.2,0.0,1.0,2025-12-13 09:38:49.740769+00:00
5.0,-0.4,68.0,0.0,0.0,89.0,13.0,22.2,1028.4,0.0,1.0,2025-12-13 09:38:49.740769+00:00
4.4,-0.4,71.0,0.0,0.0,93.0,13.0,22.2,1028.6,0.0,1.0,2025-12-13 09:38:49.740769+00:00
4.2,-0.0,74.0,0.0,0.0,98.0,13.0,22.2,1028.5,9.0,1.0,2025-12-13 09:38:49.740769+00:00
5.2,0.2,70.0,0.0,0.0,100.0,13.0,22.2,1028.7,29.0,1.0,2025-12-13 09:38:49.740769+00:00
6.4,0.5,66.0,0.0,0.0,100.0,13.0,24.1,1028.9,43.0,1.0,2025-12-13 09:38:49.740769+00:00
8.9,0.6,56.0,0.0,0.0,106.0,11.1,24.1,1029.2,48.0,1.0,2025-12-13 09:38:49.740769+00:00
11.2,0.9,49.0,0.0,0.0,111.0,13.0,25.9,1029.3,47.0,1.0,2025-12-13 09:38:49.740769+00:00
13.2,0.9,43.0,0.0,0.0,114.0,13.0,29.6,1029.2,45.0,1.0,2025-12-13 09:38:49.740769+00:00
14.0,0.3,39.0,0.0,0.0,115.0,13.0,29.6,1028.9,37.0,1.0,2025-12-13 09:38:49.740769+00:00
15.0,0.4,37.0,0.0,0.0,116.0,13.0,31.5,1028.6,38.0,1.0,2025-12-13 09:38:49.740769+00:00
15.8,0.8,36.0,0.0,0.0,116.0,13.0,31.5,1028.2,38.0,1.0,2025-12-13 09:38:49.740769+00:00
16.6,0.3,33.0,0.0,0.0,115.0,13.0,31.5,1027.7,40.0,1.0,2025-12-13 09:38:49.740769+00:00
17.1,0.7,33.0,0.0,0.0,115.0,13.0,29.6,1027.3,40.0,1.0,2025-12-13 09:38:49.740769+00:00
16.6,0.7,34.0,0.0,0.0,113.0,13.0,29.6,1027.0,43.0,1.0,2025-12-13 09:38:49.740769+00:00
17.2,0.4,32.0,0.0,0.0,114.0,13.0,27.8,1026.7,53.0,1.0,2025-12-13 09:38:49.740769+00:00
15.3,-0.1,35.0,0.0,0.0,116.0,13.0,25.9,1026.6,50.0,1.0,2025-12-13 09:38:49.740769+00:00
13.8,-0.3,38.0,0.0,0.0,114.0,13.0,24.1,1026.7,39.0,1.0,2025-12-13 09:38:49.740769+00:00
12.3,-0.6,41.0,0.0,0.0,114.0,11.1,24.1,1026.9,22.0,1.0,2025-12-13 09:38:49.740769+00:00
10.7,-0.2,47.0,0.0,0.0,114.0,13.0,22.2,1027.3,0.0,1.0,2025-12-13 09:38:49.740769+00:00
9.3,0.5,54.0,0.0,0.0,110.0,13.0,22.2,1027.6,0.0,1.0,2025-12-13 09:38:49.740769+00:00
8.4,0.6,58.0,0.0,0.0,113.0,13.0,22.2,1027.7,0.0,1.0,2025-12-13 09:38:49.740769+00:00
7.3,0.7,63.0,0.0,0.0,116.0,11.1,20.4,1027.7,0.0,1.0,2025-12-13 09:38:49.740769+00:00
7.0,0.9,65.0,0.0,0.0,117.0,11.1,18.5,1027.7,0.0,1.0,2025-12-13 09:38:49.740769+00:00
6.0,0.9,70.0,0.0,0.0,115.0,11.1,18.5,1027.6,0.0,1.0,2025-12-13 09:38:49.740769+00:00
5.2,0.9,74.0,0.0,0.0,110.0,11.1,16.7,1027.5,0.0,1.0,2025-12-13 09:38:49.740769+00:00
4.6,0.9,77.0,0.0,0.0,110.0,9.3,16.7,1027.4,0.0,1.0,2025-12-13 09:38:49.740769+00:00
4.8,1.1,77.0,0.0,0.0,108.0,9.3,16.7,1027.5,10.0,1.0,2025-12-13 09:38:49.740769+00:00
6.1,1.6,73.0,0.0,0.0,114.0,9.3,16.7,1027.6,28.0,1.0,2025-12-13 09:38:49.740769+00:00
8.0,2.0,66.0,0.0,0.0,122.0,7.4,14.8,1027.7,44.0,1.0,2025-12-13 09:38:49.740769+00:00
10.6,2.9,59.0,0.0,0.0,126.0,7.4,14.8,1027.7,49.0,1.0,2025-12-13 09:38:49.740769+00:00
13.5,2.7,48.0,0.0,0.0,132.0,5.5,14.8,1027.5,47.0,1.0,2025-12-13 09:38:49.740769+00:00
15.9,3.0,42.0,0.0,0.0,139.0,5.5,14.8,1027.3,45.0,1.0,2025-12-13 09:38:49.740769+00:00
17.7,1.6,34.0,0.0,0.0,79.0,3.7,16.7,1027.3,37.0,1.0,2025-12-13 09:38:49.740769+00:00
18.8,1.8,32.0,0.0,0.0,121.0,3.7,18.5,1026.8,38.0,1.0,2025-12-13 09:38:49.740769+00:00
19.8,2.6,32.0,0.0,0.0,223.0,3.7,18.5,1026.4,36.0,1.0,2025-12-13 09:38:49.740769+00:00
20.5,1.8,29.0,0.0,0.0,269.0,5.5,18.5,1025.9,38.0,1.0,2025-12-13 09:38:49.740769+00:00
21.1,1.9,28.0,0.0,0.0,273.0,7.4,20.4,1025.3,37.0,1.0,2025-12-13 09:38:49.740769+00:00
20.7,1.5,28.0,0.0,0.0,290.0,7.4,20.4,1025.0,42.0,1.0,2025-12-13 09:38:49.740769+00:00
21.5,1.2,26.0,0.0,0.0,305.0,7.4,20.4,1024.8,53.0,1.0,2025-12-13 09:38:49.740769+00:00
19.2,0.7,29.0,0.0,0.0,309.0,7.4,18.5,1024.6,52.0,1.0,2025-12-13 09:38:49.740769+00:00
17.2,0.8,33.0,0.0,0.0,314.0,9.3,18.5,1024.8,39.0,1.0,2025-12-13 09:38:49.740769+00:00
15.0,0.8,38.0,0.0,0.0,307.0,9.3,16.7,1025.0,22.0,1.0,2025-12-13 09:38:49.740769+00:00
12.8,0.8,44.0,0.0,0.0,299.0,9.3,16.7,1025.3,0.0,1.0,2025-12-13 09:38:49.740769+00:00
10.7,1.5,53.0,0.0,0.0,300.0,9.3,16.7,1025.6,0.0,1.0,2025-12-13 09:38:49.740769+00:00
10.1,2.2,58.0,0.0,0.0,292.0,7.4,11.1,1025.4,0.0,1.0,2025-12-13 09:38:49.740769+00:00
9.2,2.5,63.0,0.0,0.0,279.0,7.4,11.1,1025.3,0.0,1.0,2025-12-13 09:38:49.740769+00:00
8.4,2.6,67.0,0.0,0.0,276.0,7.4,11.1,1025.2,0.0,1.0,2025-12-13 09:38:49.740769+00:00
7.8,3.1,72.0,0.0,0.0,279.0,9.3,11.1,1025.1,0.0,1.0,2025-12-13 09:38:49.740769+00:00
7.3,3.4,76.0,0.0,0.0,285.0,9.3,14.8,1025.1,0.0,1.0,2025-12-13 09:38:49.740769+00:00
6.6,3.6,81.0,0.0,0.0,283.0,11.1,16.7,1025.2,0.0,1.0,2025-12-13 09:38:49.740769+00:00
7.8,3.8,76.0,0.0,0.0,285.0,9.3,18.5,1025.1,9.0,2.0,2025-12-13 09:38:49.740769+00:00
9.9,4.3,68.0,0.0,0.0,281.0,11.1,18.5,1025.3,25.0,2.0,2025-12-13 09:38:49.740769+00:00
12.1,5.3,63.0,0.0,0.0,286.0,11.1,20.4,1025.5,33.0,2.0,2025-12-13 09:38:49.740769+00:00
14.6,5.9,56.0,0.0,0.0,289.0,11.1,22.2,1025.5,36.0,2.0,2025-12-13 09:38:49.740769+00:00
16.4,6.2,51.0,0.0,0.0,290.0,13.0,24.1,1025.6,36.0,2.0,2025-12-13 09:38:49.740769+00:00
18.0,6.8,48.0,0.0,0.0,293.0,13.0,27.8,1025.5,34.0,2.0,2025-12-13 09:38:49.740769+00:00
18.3,6.2,45.0,0.0,0.0,296.0,13.0,29.6,1025.5,25.0,3.0,2025-12-13 09:38:49.740769+00:00
19.2,7.0,45.0,0.0,0.0,293.0,13.0,29.6,1025.2,24.0,3.0,2025-12-13 09:38:49.740769+00:00
20.1,7.8,45.0,0.0,0.0,294.0,14.8,31.5,1025.0,23.0,2.0,2025-12-13 09:38:49.740769+00:00
20.5,7.5,43.0,0.0,0.0,298.0,14.8,31.5,1024.6,25.0,3.0,2025-12-13 09:38:49.740769+00:00
21.1,8.0,43.0,0.0,0.0,301.0,14.8,31.5,1024.0,26.0,3.0,2025-12-13 09:38:49.740769+00:00
20.6,8.2,45.0,0.0,0.0,306.0,14.8,31.5,1023.5,26.0,3.0,2025-12-13 09:38:49.740769+00:00
21.3,7.9,42.0,0.0,0.0,318.0,14.8,31.5,1023.4,32.0,3.0,2025-12-13 09:38:49.740769+00:00
19.3,8.0,48.0,0.0,0.0,318.0,13.0,29.6,1023.4,29.0,3.0,2025-12-13 09:38:49.740769+00:00
18.0,8.0,52.0,0.0,0.0,322.0,13.0,25.9,1023.5,22.0,2.0,2025-12-13 09:38:49.740769+00:00
16.5,8.2,58.0,0.0,0.0,325.0,11.1,24.1,1023.8,13.0,2.0,2025-12-13 09:38:49.740769+00:00
14.9,7.9,63.0,0.0,0.0,333.0,11.1,20.4,1024.1,0.0,2.0,2025-12-13 09:38:49.740769+00:00
13.5,7.9,69.0,0.0,0.0,339.0,9.3,18.5,1024.3,0.0,2.0,2025-12-13 09:38:49.740769+00:00
12.2,8.7,79.0,0.0,0.0,352.0,9.3,16.7,1024.2,0.0,2.0,2025-12-13 09:38:49.740769+00:00
11.4,8.6,83.0,0.0,0.0,350.0,7.4,14.8,1024.4,0.0,1.0,2025-12-13 09:38:49.740769+00:00
10.5,8.6,88.0,0.0,0.0,343.0,7.4,11.1,1024.5,0.0,1.0,2025-12-13 09:38:49.740769+00:00
9.6,8.4,92.0,0.0,0.0,334.0,7.4,11.1,1024.6,0.0,2.0,2025-12-13 09:38:49.740769+00:00
8.9,8.1,95.0,0.0,0.0,322.0,7.4,11.1,1024.7,0.0,2.0,2025-12-13 09:38:49.740769+00:00
8.2,8.1,99.0,0.0,0.0,310.0,7.4,13.0,1024.8,0.0,2.0,2025-12-13 09:38:49.740769+00:00
9.4,8.5,94.0,0.0,0.0,317.0,7.4,13.0,1024.8,6.0,2.0,2025-12-13 09:38:49.740769+00:00
11.2,9.1,87.0,0.0,0.0,303.0,7.4,13.0,1024.8,16.0,2.0,2025-12-13 09:38:49.740769+00:00
13.1,9.7,80.0,0.0,0.0,301.0,7.4,13.0,1024.9,25.0,2.0,2025-12-13 09:38:49.740769+00:00
15.9,10.0,68.0,0.0,0.0,296.0,7.4,16.7,1024.8,29.0,2.0,2025-12-13 09:38:49.740769+00:00
17.9,10.0,60.0,0.0,0.0,299.0,9.3,18.5,1024.7,31.0,2.0,2025-12-13 09:38:49.740769+00:00
19.1,9.8,55.0,0.0,0.0,298.0,11.1,24.1,1024.5,32.0,2.0,2025-12-13 09:38:49.740769+00:00
20.3,8.9,48.0,0.0,0.0,301.0,11.1,25.9,1024.1,27.0,2.0,2025-12-13 09:38:49.740769+00:00
20.8,9.1,47.0,0.0,0.0,300.0,11.1,27.8,1023.8,24.0,2.0,2025-12-13 09:38:49.740769+00:00
21.3,9.2,46.0,0.0,0.0,300.0,11.1,27.8,1023.5,24.0,2.0,2025-12-13 09:38:49.740769+00:00
21.6,8.8,44.0,0.0,0.0,302.0,11.1,27.8,1023.1,27.0,2.0,2025-12-13 09:38:49.740769+00:00
21.9,8.7,43.0,0.0,0.0,304.0,11.1,27.8,1022.6,27.0,2.0,2025-12-13 09:38:49.740769+00:00
21.4,8.6,44.0,0.0,0.0,308.0,13.0,27.8,1022.1,28.0,2.0,2025-12-13 09:38:49.740769+00:00
21.2,8.1,43.0,0.0,0.0,309.0,13.0,27.8,1021.9,28.0,2.0,2025-12-13 09:38:49.740769+00:00
20.5,8.5,46.0,0.0,0.0,312.0,13.0,25.9,1021.8,28.0,2.0,2025-12-13 09:38:49.740769+00:00
19.5,8.2,48.0,0.0,0.0,317.0,11.1,22.2,1021.6,24.0,2.0,2025-12-13 09:38:49.740769+00:00
18.5,7.9,50.0,0.0,0.0,327.0,11.1,20.4,1021.7,13.0,2.0,2025-12-13 09:38:49.740769+00:00
16.7,8.1,57.0,0.0,0.0,335.0,9.3,18.5,1022.0,0.0,2.0,2025-12-13 09:38:49.740769+00:00
15.0,8.5,65.0,0.0,0.0,347.0,9.3,18.5,1022.1,0.0,1.0,2025-12-13 09:38:49.740769+00:00
12.6,8.9,78.0,0.0,0.0,11.0,9.3,16.7,1022.1,0.0,2.0,2025-12-13 09:38:49.740769+00:00
11.8,9.0,83.0,0.0,0.0,16.0,9.3,14.8,1022.3,0.0,1.0,2025-12-13 09:38:49.740769+00:00
10.9,9.0,88.0,0.0,0.0,9.0,7.4,11.1,1022.3,0.0,1.0,2025-12-13 09:38:49.740769+00:00
9.9,9.0,94.0,0.0,0.0,10.0,5.5,11.1,1022.4,0.0,1.0,2025-12-13 09:38:49.740769+00:00
9.1,8.8,98.0,0.0,0.0,9.0,5.5,9.3,1022.6,0.0,2.0,2025-12-13 09:38:49.740769+00:00
8.5,8.5,100.0,0.0,0.0,355.0,5.5,9.3,1022.6,0.0,1.0,2025-12-13 09:38:49.740769+00:00
9.7,8.8,94.0,0.0,0.0,46.0,3.7,7.4,1022.7,8.0,1.0,2025-12-13 09:38:49.740769+00:00
11.6,9.2,85.0,0.0,0.0,212.0,5.5,9.3,1022.9,27.0,1.0,2025-12-13 09:38:49.740769+00:00
13.9,9.7,76.0,0.0,0.0,230.0,5.5,9.3,1023.1,41.0,1.0,2025-12-13 09:38:49.740769+00:00
17.2,9.9,62.0,0.0,0.0,204.0,5.5,11.1,1023.1,46.0,1.0,2025-12-13 09:38:49.740769+00:00
19.7,9.6,52.0,0.0,0.0,196.0,5.5,14.8,1023.0,45.0,1.0,2025-12-13 09:38:49.740769+00:00
21.5,9.1,45.0,0.0,0.0,194.0,7.4,18.5,1022.7,43.0,1.0,2025-12-13 09:38:49.740769+00:00
22.6,8.3,40.0,0.0,0.0,203.0,5.5,20.4,1022.3,34.0,2.0,2025-12-13 09:38:49.740769+00:00
23.5,8.0,37.0,0.0,0.0,196.0,7.4,22.2,1021.7,32.0,2.0,2025-12-13 09:38:49.740769+00:00
24.2,8.2,36.0,0.0,0.0,194.0,7.4,22.2,1021.1,33.0,2.0,2025-12-13 09:38:49.740769+00:00
24.7,7.8,34.0,0.0,0.0,195.0,5.5,20.4,1020.4,35.0,2.0,2025-12-13 09:38:49.740769+00:00
25.2,7.8,33.0,0.0,0.0,202.0,7.4,22.2,1019.6,36.0,2.0,2025-12-13 09:38:49.740769+00:00
24.9,6.6,31.0,0.0,0.0,204.0,7.4,20.4,1018.9,41.0,2.0,2025-12-13 09:38:49.740769+00:00
25.4,7.0,31.0,0.0,0.0,181.0,7.4,20.4,1018.4,51.0,2.0,2025-12-13 09:38:49.740769+00:00
23.0,6.7,35.0,0.0,0.0,175.0,7.4,18.5,1017.9,45.0,2.0,2025-12-13 09:38:49.740769+00:00
20.8,6.3,39.0,0.0,0.0,164.0,9.3,16.7,1017.7,31.0,2.0,2025-12-13 09:38:49.740769+00:00
18.5,6.3,45.0,0.0,0.0,168.0,9.3,16.7,1017.8,16.0,2.0,2025-12-13 09:38:49.740769+00:00
16.3,6.1,51.0,0.0,0.0,157.0,9.3,16.7,1017.9,0.0,2.0,2025-12-13 09:38:49.740769+00:00
14.5,6.6,59.0,0.0,0.0,159.0,11.1,18.5,1017.8,0.0,2.0,2025-12-13 09:38:49.740769+00:00
14.1,6.7,61.0,0.0,0.0,151.0,13.0,18.5,1017.4,0.0,1.0,2025-12-13 09:38:49.740769+00:00
13.4,6.3,62.0,0.0,0.0,160.0,13.0,20.4,1017.0,0.0,1.0,2025-12-13 09:38:49.740769+00:00
12.8,6.2,64.0,0.0,0.0,167.0,13.0,20.4,1016.6,0.0,1.0,2025-12-13 09:38:49.740769+00:00
12.2,6.5,68.0,0.0,0.0,169.0,13.0,20.4,1016.3,0.0,1.0,2025-12-13 09:38:49.740769+00:00
12.0,6.9,71.0,0.0,0.0,174.0,13.0,20.4,1015.8,0.0,2.0,2025-12-13 09:38:49.740769+00:00
11.7,7.4,75.0,0.0,0.0,183.0,13.0,20.4,1015.4,0.0,2.0,2025-12-13 09:38:49.740769+00:00
12.3,7.8,74.0,0.0,0.0,180.0,13.0,20.4,1014.9,6.0,2.0,2025-12-13 09:38:49.740769+00:00
13.9,8.7,71.0,0.0,0.0,191.0,13.0,20.4,1014.5,18.0,2.0,2025-12-13 09:38:49.740769+00:00
16.1,9.7,66.0,0.0,0.0,203.0,11.1,20.4,1014.3,25.0,2.0,2025-12-13 09:38:49.740769+00:00
19.2,10.2,56.0,0.0,0.0,214.0,11.1,22.2,1013.6,32.0,2.0,2025-12-13 09:38:49.740769+00:00
21.9,10.4,48.0,0.0,0.0,227.0,13.0,24.1,1013.4,39.0,2.0,2025-12-13 09:38:49.740769+00:00
24.1,10.4,42.0,0.0,0.0,249.0,14.8,27.8,1013.1,38.0,2.0,2025-12-13 09:38:49.740769+00:00
24.8,9.1,37.0,0.0,0.0,262.0,14.8,31.5,1012.5,25.0,3.0,2025-12-13 09:38:49.740769+00:00
25.6,9.4,36.0,0.0,0.0,273.0,16.7,38.9,1012.3,23.0,3.0,2025-12-13 09:38:49.740769+00:00
26.2,9.5,35.0,0.0,0.0,275.0,18.5,40.8,1012.2,22.0,2.0,2025-12-13 09:38:49.740769+00:00
26.3,8.7,33.0,0.0,0.0,279.0,18.5,42.6,1012.1,23.0,2.0,2025-12-13 09:38:49.740769+00:00
26.5,8.9,33.0,0.0,0.0,285.0,18.5,42.6,1011.8,21.0,3.0,2025-12-13 09:38:49.740769+00:00
25.3,9.1,36.0,0.0,0.0,290.0,18.5,42.6,1011.7,22.0,3.0,2025-12-13 09:38:49.740769+00:00
25.5,8.9,35.0,0.0,0.0,288.0,18.5,44.5,1011.8,26.0,3.0,2025-12-13 09:38:49.740769+00:00
23.3,8.9,40.0,0.0,0.0,294.0,16.7,38.9,1011.4,19.0,3.0,2025-12-13 09:38:49.740769+00:00
21.5,9.4,46.0,1.6,0.0,291.0,13.0,33.3,1011.5,10.0,3.0,2025-12-13 09:38:49.740769+00:00
19.7,9.8,53.0,0.5,0.0,290.0,13.0,29.6,1011.5,3.0,3.0,2025-12-13 09:38:49.740769+00:00
18.1,10.7,62.0,0.0,0.0,284.0,11.1,24.1,1011.8,0.0,3.0,2025-12-13 09:38:49.740769+00:00
16.7,11.0,69.0,0.1,0.0,285.0,11.1,20.4,1011.8,0.0,3.0,2025-12-13 09:38:49.740769+00:00
16.4,11.5,73.0,0.0,0.0,303.0,9.3,18.5,1011.4,0.0,3.0,2025-12-13 09:38:49.740769+00:00
15.5,11.9,79.0,0.0,0.0,304.0,11.1,18.5,1011.5,0.0,3.0,2025-12-13 09:38:49.740769+00:00
14.7,11.8,83.0,0.0,0.0,313.0,9.3,20.4,1011.6,0.0,2.0,2025-12-13 09:38:49.740769+00:00
13.9,11.2,84.0,0.0,0.0,323.0,9.3,18.5,1011.7,0.0,2.0,2025-12-13 09:38:49.740769+00:00
13.2,10.7,85.0,0.0,0.0,334.0,9.3,18.5,1011.7,0.0,2.0,2025-12-13 09:38:49.740769+00:00
12.4,10.5,88.0,0.0,0.0,330.0,9.3,18.5,1011.6,0.0,2.0,2025-12-13 09:38:49.740769+00:00
12.2,9.9,86.0,0.0,0.0,336.0,9.3,20.4,1011.5,2.0,2.0,2025-12-13 09:38:49.740769+00:00
12.6,9.6,82.0,0.0,0.0,334.0,9.3,18.5,1011.5,6.0,3.0,2025-12-13 09:38:49.740769+00:00
12.9,9.0,77.0,0.0,0.0,333.0,9.3,18.5,1011.6,10.0,3.0,2025-12-13 09:38:49.740769+00:00
13.6,8.4,71.0,0.0,0.0,331.0,9.3,20.4,1011.3,15.0,3.0,2025-12-13 09:38:49.740769+00:00
14.6,8.3,66.0,0.0,0.0,329.0,9.3,22.2,1011.2,15.0,3.0,2025-12-13 09:38:49.740769+00:00
15.3,8.1,62.0,0.0,0.0,319.0,9.3,22.2,1010.8,17.0,3.0,2025-12-13 09:38:49.740769+00:00
17.0,7.1,52.0,0.0,0.0,306.0,9.3,24.1,1010.8,15.0,4.0,2025-12-13 09:38:49.740769+00:00
17.5,7.5,52.0,0.0,0.0,295.0,11.1,25.9,1010.1,13.0,3.0,2025-12-13 09:38:49.740769+00:00
17.6,8.2,54.0,0.0,0.0,287.0,11.1,25.9,1009.2,11.0,3.0,2025-12-13 09:38:49.740769+00:00
17.4,8.5,56.0,0.0,0.0,282.0,9.3,25.9,1008.5,11.0,3.0,2025-12-13 09:38:49.740769+00:00
17.0,9.4,61.0,0.0,0.0,282.0,9.3,24.1,1007.7,8.0,3.0,2025-12-13 09:38:49.740769+00:00
16.3,9.7,65.0,0.5,0.0,271.0,9.3,22.2,1006.8,6.0,3.0,2025-12-13 09:38:49.740769+00:00
16.4,9.8,65.0,0.0,0.0,234.0,9.3,24.1,1006.0,9.0,7.0,2025-12-13 09:38:49.740769+00:00
15.4,10.4,72.0,0.0,0.0,243.0,9.3,22.2,1004.9,4.0,7.0,2025-12-13 09:38:49.740769+00:00
13.9,10.9,82.0,0.0,0.0,254.0,9.3,20.4,1004.1,3.0,7.0,2025-12-13 09:38:49.740769+00:00
13.3,11.0,86.0,0.0,0.0,264.0,9.3,18.5,1003.5,1.0,7.0,2025-12-13 09:38:49.740769+00:00
12.9,11.0,88.0,0.0,0.0,274.0,11.1,20.4,1003.2,0.0,7.0,2025-12-13 09:38:49.740769+00:00
12.5,11.1,91.0,0.3,0.0,292.0,14.8,25.9,1003.1,0.0,7.0,2025-12-13 09:38:49.740769+00:00
10.8,10.0,95.0,0.0,0.0,302.0,14.8,27.8,1003.0,0.0,7.0,2025-12-13 09:38:49.740769+00:00
10.3,8.9,91.0,0.0,0.0,299.0,16.7,33.3,1003.4,0.0,7.0,2025-12-13 09:38:49.740769+00:00
9.7,7.8,88.0,0.0,0.0,298.0,18.5,37.0,1003.8,0.0,3.0,2025-12-13 09:38:49.740769+00:00
9.1,6.9,86.0,0.0,0.0,297.0,20.4,38.9,1004.2,0.0,3.0,2025-12-13 09:38:49.740769+00:00
8.5,6.3,86.0,0.0,0.0,292.0,20.4,38.9,1004.7,0.0,3.0,2025-12-13 09:38:49.740769+00:00
7.9,5.9,87.0,0.0,0.0,290.0,20.4,40.8,1005.3,0.0,3.0,2025-12-13 09:38:49.740769+00:00
7.8,5.3,84.0,0.0,0.0,288.0,20.4,42.6,1006.1,3.0,3.0,2025-12-13 09:38:49.740769+00:00
8.2,5.5,83.0,0.0,0.0,287.0,20.4,42.6,1006.6,11.0,3.0,2025-12-13 09:38:49.740769+00:00
8.5,5.6,82.0,0.0,0.0,287.0,20.4,42.6,1006.9,11.0,3.0,2025-12-13 09:38:49.740769+00:00
9.5,5.5,76.0,0.0,0.0,284.0,22.2,42.6,1007.2,10.0,3.0,2025-12-13 09:38:49.740769+00:00
10.4,5.4,71.0,0.0,0.0,282.0,22.2,44.5,1007.6,8.0,3.0,2025-12-13 09:38:49.740769+00:00
10.8,5.3,69.0,0.0,0.0,280.0,22.2,44.5,1007.9,5.0,3.0,2025-12-13 09:38:49.740769+00:00
12.1,4.3,59.0,0.0,0.0,285.0,20.4,42.6,1008.2,2.0,4.0,2025-12-13 09:38:49.740769+00:00
12.9,4.3,56.0,0.0,0.0,284.0,20.4,44.5,1008.3,2.0,3.0,2025-12-13 09:38:49.740769+00:00
13.3,4.7,56.0,0.0,0.0,282.0,20.4,46.3,1008.5,4.0,3.0,2025-12-13 09:38:49.740769+00:00
13.5,4.1,53.0,0.0,0.0,286.0,20.4,46.3,1008.8,4.0,17.0,2025-12-13 09:38:49.740769+00:00
13.7,4.6,54.0,0.0,0.0,292.0,20.4,44.5,1009.1,5.0,17.0,2025-12-13 09:38:49.740769+00:00
13.2,4.9,57.0,0.0,0.0,298.0,18.5,42.6,1009.3,7.0,17.0,2025-12-13 09:38:49.740769+00:00
13.2,4.6,56.0,0.0,0.0,301.0,16.7,37.0,1009.8,15.0,17.0,2025-12-13 09:38:49.740769+00:00
12.0,4.7,61.0,0.0,0.0,309.0,16.7,35.2,1010.3,12.0,3.0,2025-12-13 09:38:49.740769+00:00
11.2,5.1,66.0,0.0,0.0,314.0,13.0,31.5,1010.7,10.0,3.0,2025-12-13 09:38:49.740769+00:00
10.5,5.3,70.0,0.0,0.0,324.0,13.0,27.8,1011.6,7.0,3.0,2025-12-13 09:38:49.740769+00:00
9.8,5.6,75.0,0.0,0.0,347.0,11.1,24.1,1012.1,0.0,2.0,2025-12-13 09:38:49.740769+00:00
9.3,5.5,77.0,1.0,0.0,7.0,11.1,22.2,1012.7,0.0,2.0,2025-12-13 09:38:49.740769+00:00
9.2,5.0,75.0,0.1,0.0,25.0,9.3,20.4,1013.2,0.0,4.0,2025-12-13 09:38:49.740769+00:00
8.3,4.7,78.0,0.0,0.0,41.0,9.3,18.5,1013.7,0.0,3.0,2025-12-13 09:38:49.740769+00:00
7.5,4.5,81.0,0.0,0.0,54.0,9.3,20.4,1014.2,0.0,2.0,2025-12-13 09:38:49.740769+00:00
6.7,4.2,84.0,0.0,0.0,62.0,9.3,20.4,1014.7,0.0,2.0,2025-12-13 09:38:49.740769+00:00
5.9,3.7,86.0,0.0,0.0,54.0,11.1,18.5,1015.1,0.0,2.0,2025-12-13 09:38:49.740769+00:00
5.4,3.6,88.0,0.0,0.0,59.0,11.1,18.5,1015.5,0.0,2.0,2025-12-13 09:38:49.740769+00:00
5.4,3.2,86.0,0.0,0.0,66.0,11.1,20.4,1016.0,7.0,2.0,2025-12-13 09:38:49.740769+00:00
5.9,3.2,83.0,0.0,0.0,68.0,11.1,20.4,1016.7,19.0,2.0,2025-12-13 09:38:49.740769+00:00
6.6,3.2,79.0,0.0,0.0,66.0,11.1,22.2,1017.4,31.0,2.0,2025-12-13 09:38:49.740769+00:00
8.3,2.5,67.0,0.0,0.0,64.0,13.0,24.1,1017.8,36.0,2.0,2025-12-13 09:38:49.740769+00:00
9.7,2.3,60.0,0.0,0.0,64.0,13.0,27.8,1017.9,35.0,2.0,2025-12-13 09:38:49.740769+00:00
10.8,1.9,54.0,0.0,0.0,59.0,14.8,29.6,1018.0,35.0,2.0,2025-12-13 09:38:49.740769+00:00
11.8,1.1,48.0,0.0,0.0,58.0,13.0,29.6,1018.2,27.0,2.0,2025-12-13 09:38:49.740769+00:00
12.3,1.0,46.0,0.0,0.0,57.0,14.8,29.6,1018.1,24.0,2.0,2025-12-13 09:38:49.740769+00:00
12.8,1.2,45.0,0.0,0.0,56.0,14.8,31.5,1018.0,22.0,2.0,2025-12-13 09:38:49.740769+00:00
13.1,0.5,42.0,0.0,0.0,52.0,13.0,29.6,1017.9,25.0,2.0,2025-12-13 09:38:49.740769+00:00
13.3,0.7,42.0,0.0,0.0,46.0,13.0,29.6,1017.6,25.0,2.0,2025-12-13 09:38:49.740769+00:00
13.0,0.1,41.0,0.0,0.0,46.0,13.0,29.6,1017.4,26.0,2.0,2025-12-13 09:38:49.740769+00:00
13.1,-0.5,39.0,0.0,0.0,45.0,13.0,27.8,1017.3,27.0,2.0,2025-12-13 09:38:49.740769+00:00
12.4,-0.8,40.0,0.0,0.0,42.0,13.0,27.8,1017.4,30.0,2.0,2025-12-13 09:38:49.740769+00:00
11.4,-0.7,43.0,0.0,0.0,39.0,13.0,25.9,1017.5,30.0,2.0,2025-12-13 09:38:49.740769+00:00
10.6,-1.5,43.0,0.0,0.0,36.0,13.0,24.1,1018.1,20.0,1.0,2025-12-13 09:38:49.740769+00:00
9.2,-1.2,48.0,0.0,0.0,33.0,11.1,24.1,1018.5,0.0,1.0,2025-12-13 09:38:49.740769+00:00
7.7,-1.0,54.0,0.0,0.0,31.0,11.1,22.2,1019.0,0.0,1.0,2025-12-13 09:38:49.740769+00:00
6.8,-1.1,57.0,0.0,0.0,39.0,9.3,20.4,1019.0,0.0,1.0,2025-12-13 09:38:49.740769+00:00
5.8,-0.9,62.0,0.0,0.0,36.0,9.3,18.5,1018.9,0.0,1.0,2025-12-13 09:38:49.740769+00:00
5.0,-0.8,66.0,0.0,0.0,28.0,9.3,16.7,1018.7,0.0,1.0,2025-12-13 09:38:49.740769+00:00
4.0,-0.8,71.0,0.0,0.0,17.0,9.3,14.8,1018.7,0.0,1.0,2025-12-13 09:38:49.740769+00:00
3.1,-0.7,76.0,0.0,0.0,2.0,7.4,13.0,1018.6,0.0,1.0,2025-12-13 09:38:49.740769+00:00
2.4,-0.4,82.0,0.0,0.0,344.0,7.4,13.0,1018.5,0.0,1.0,2025-12-13 09:38:49.740769+00:00
2.9,-0.2,80.0,0.0,0.0,321.0,7.4,14.8,1018.3,14.0,1.0,2025-12-13 09:38:49.740769+00:00
4.5,0.5,75.0,0.0,0.0,312.0,7.4,13.0,1018.2,35.0,1.0,2025-12-13 09:38:49.740769+00:00
6.6,0.7,66.0,0.0,0.0,307.0,7.4,14.8,1018.2,48.0,1.0,2025-12-13 09:38:49.740769+00:00
9.0,0.9,57.0,0.0,0.0,299.0,7.4,16.7,1018.2,50.0,1.0,2025-12-13 09:38:49.740769+00:00
10.9,0.6,49.0,0.0,0.0,298.0,9.3,20.4,1018.1,46.0,1.0,2025-12-13 09:38:49.740769+00:00
12.3,0.7,45.0,0.0,0.0,297.0,11.1,24.1,1017.9,40.0,1.0,2025-12-13 09:38:49.740769+00:00
12.9,0.3,42.0,0.0,0.0,302.0,11.1,25.9,1017.6,31.0,2.0,2025-12-13 09:38:49.740769+00:00
13.6,1.3,43.0,0.0,0.0,298.0,11.1,27.8,1017.3,29.0,2.0,2025-12-13 09:38:49.740769+00:00
14.0,2.3,45.0,0.0,0.0,301.0,13.0,27.8,1017.0,24.0,2.0,2025-12-13 09:38:49.740769+00:00
14.3,2.5,45.0,0.0,0.0,304.0,13.0,29.6,1016.9,24.0,2.0,2025-12-13 09:38:49.740769+00:00
14.4,3.2,47.0,0.0,0.0,311.0,13.0,29.6,1016.8,21.0,2.0,2025-12-13 09:38:49.740769+00:00
14.0,3.7,50.0,0.0,0.0,321.0,13.0,29.6,1016.6,19.0,2.0,2025-12-13 09:38:49.740769+00:00
14.3,4.0,50.0,0.0,0.0,334.0,14.8,29.6,1016.5,22.0,2.0,2025-12-13 09:38:49.740769+00:00
13.2,4.1,54.0,0.0,0.0,334.0,13.0,29.6,1016.7,17.0,3.0,2025-12-13 09:38:49.740769+00:00
12.6,4.3,57.0,0.0,0.0,332.0,11.1,25.9,1017.0,12.0,3.0,2025-12-13 09:38:49.740769+00:00
11.7,4.4,61.0,0.0,0.0,333.0,11.1,22.2,1017.3,7.0,3.0,2025-12-13 09:38:49.740769+00:00
10.5,4.4,66.0,0.0,0.0,340.0,9.3,20.4,1017.7,0.0,3.0,2025-12-13 09:38:49.740769+00:00
9.6,5.0,73.0,0.0,0.0,354.0,9.3,18.5,1017.9,0.0,2.0,2025-12-13 09:38:49.740769+00:00
9.1,5.1,76.0,0.0,0.0,9.0,9.3,16.7,1018.3,0.0,2.0,2025-12-13 09:38:49.740769+00:00
8.2,5.1,81.0,0.0,0.0,19.0,9.3,16.7,1018.6,0.0,2.0,2025-12-13 09:38:49.740769+00:00
7.5,5.1,85.0,0.0,0.0,28.0,9.3,16.7,1018.8,0.0,2.0,2025-12-13 09:38:49.740769+00:00
6.7,5.2,90.0,0.0,0.0,35.0,9.3,16.7,1019.1,0.0,2.0,2025-12-13 09:38:49.740769+00:00
6.3,4.9,91.0,0.0,0.0,37.0,9.3,16.7,1019.4,0.0,2.0,2025-12-13 09:38:49.740769+00:00
5.8,5.1,95.0,0.0,0.0,43.0,9.3,16.7,1019.6,0.0,2.0,2025-12-13 09:38:49.740769+00:00
6.1,5.1,93.0,0.0,0.0,53.0,9.3,18.5,1019.8,7.0,2.0,2025-12-13 09:38:49.740769+00:00
7.2,5.3,88.0,0.0,0.0,55.0,9.3,18.5,1020.2,16.0,2.0,2025-12-13 09:38:49.740769+00:00
8.4,5.3,81.0,0.0,0.0,62.0,11.1,20.4,1020.6,22.0,2.0,2025-12-13 09:38:49.740769+00:00
10.5,4.8,68.0,0.0,0.0,66.0,11.1,24.1,1020.9,27.0,2.0,2025-12-13 09:38:49.740769+00:00
12.0,4.5,60.0,0.0,0.0,69.0,13.0,27.8,1020.9,31.0,2.0,2025-12-13 09:38:49.740769+00:00
13.4,3.5,51.0,0.0,0.0,71.0,14.8,29.6,1020.9,32.0,2.0,2025-12-13 09:38:49.740769+00:00
13.8,2.4,46.0,0.0,0.0,69.0,14.8,29.6,1021.1,23.0,3.0,2025-12-13 09:38:49.740769+00:00
14.2,2.4,45.0,0.0,0.0,69.0,16.7,33.3,1020.9,21.0,3.0,2025-12-13 09:38:49.740769+00:00
14.7,2.6,44.0,0.0,0.0,69.0,16.7,35.2,1020.5,19.0,3.0,2025-12-13 09:38:49.740769+00:00
14.8,1.7,41.0,0.0,0.0,66.0,16.7,35.2,1020.1,22.0,3.0,2025-12-13 09:38:49.740769+00:00
15.1,1.6,40.0,0.0,0.0,65.0,16.7,35.2,1019.8,19.0,3.0,2025-12-13 09:38:49.740769+00:00
14.4,1.3,41.0,0.0,0.0,65.0,16.7,35.2,1019.5,19.0,3.0,2025-12-13 09:38:49.740769+00:00
14.9,0.3,37.0,0.0,0.0,68.0,16.7,33.3,1019.4,25.0,3.0,2025-12-13 09:38:49.740769+00:00
13.3,-0.0,40.0,0.0,0.0,67.0,16.7,33.3,1019.4,18.0,3.0,2025-12-13 09:38:49.740769+00:00
12.5,-0.4,41.0,0.0,0.0,61.0,14.8,31.5,1019.5,13.0,3.0,2025-12-13 09:38:49.740769+00:00
11.6,-0.9,42.0,0.0,0.0,60.0,14.8,29.6,1019.8,6.0,3.0,2025-12-13 09:38:49.740769+00:00
10.5,-0.6,46.0,0.0,0.0,59.0,14.8,27.8,1020.0,0.0,3.0,2025-12-13 09:38:49.740769+00:00
9.7,-0.2,50.0,0.0,0.0,57.0,13.0,25.9,1020.1,0.0,2.0,2025-12-13 09:38:49.740769+00:00
9.5,-0.4,50.0,0.0,0.0,66.0,13.0,24.1,1020.2,0.0,4.0,2025-12-13 09:38:49.740769+00:00
8.5,-0.3,54.0,0.0,0.0,67.0,13.0,24.1,1020.3,0.0,3.0,2025-12-13 09:38:49.740769+00:00
7.7,-0.0,58.0,0.0,0.0,64.0,13.0,22.2,1020.3,0.0,2.0,2025-12-13 09:38:49.740769+00:00
6.7,0.2,63.0,0.0,0.0,65.0,11.1,20.4,1020.3,0.0,2.0,2025-12-13 09:38:49.740769+00:00
6.0,0.3,67.0,0.0,0.0,60.0,11.1,20.4,1020.3,0.0,2.0,2025-12-13 09:38:49.740769+00:00
5.2,0.6,72.0,0.0,0.0,64.0,9.3,16.7,1020.2,0.0,2.0,2025-12-13 09:38:49.740769+00:00
5.3,0.7,72.0,0.0,0.0,71.0,9.3,16.7,1020.3,9.0,2.0,2025-12-13 09:38:49.740769+00:00
6.5,1.0,68.0,0.0,0.0,81.0,7.4,14.8,1020.3,21.0,2.0,2025-12-13 09:38:49.740769+00:00
8.1,1.7,64.0,0.0,0.0,86.0,7.4,14.8,1020.5,31.0,2.0,2025-12-13 09:38:49.740769+00:00
10.1,1.5,55.0,0.0,0.0,78.0,7.4,16.7,1020.4,34.0,2.0,2025-12-13 09:38:49.740769+00:00
12.0,1.3,48.0,0.0,0.0,71.0,7.4,18.5,1020.2,36.0,2.0,2025-12-13 09:38:49.740769+00:00
13.2,0.9,43.0,0.0,0.0,66.0,9.3,20.4,1019.9,31.0,2.0,2025-12-13 09:38:49.740769+00:00
13.6,0.9,42.0,0.0,0.0,58.0,9.3,22.2,1019.7,24.0,2.0,2025-12-13 09:38:49.740769+00:00
13.7,1.0,42.0,0.0,0.0,60.0,11.1,25.9,1019.5,21.0,3.0,2025-12-13 09:38:49.740769+00:00
14.1,1.0,41.0,0.0,0.0,57.0,11.1,25.9,1019.2,14.0,3.0,2025-12-13 09:38:49.740769+00:00
14.6,0.8,39.0,0.0,0.0,52.0,11.1,27.8,1018.9,14.0,3.0,2025-12-13 09:38:49.740769+00:00
14.9,1.1,39.0,0.0,0.0,49.0,11.1,25.9,1018.8,13.0,3.0,2025-12-13 09:38:49.740769+00:00
14.6,0.8,39.0,0.0,0.0,48.0,11.1,27.8,1018.6,13.0,3.0,2025-12-13 09:38:49.740769+00:00
15.0,1.2,39.0,0.0,0.0,35.0,11.1,25.9,1018.4,19.0,3.0,2025-12-13 09:38:49.740769+00:00
13.7,1.7,44.0,0.0,0.0,32.0,11.1,24.1,1018.4,17.0,3.0,2025-12-13 09:38:49.740769+00:00
13.0,1.6,46.0,0.0,0.0,31.0,9.3,22.2,1018.6,15.0,3.0,2025-12-13 09:38:49.740769+00:00
11.5,1.7,51.0,0.0,0.0,33.0,9.3,18.5,1018.8,9.0,2.0,2025-12-13 09:38:49.740769+00:00
10.2,1.6,55.0,0.0,0.0,44.0,7.4,16.7,1019.2,0.0,2.0,2025-12-13 09:38:49.740769+00:00
8.9,2.0,62.0,0.0,0.0,42.0,9.3,14.8,1019.5,0.0,2.0,2025-12-13 09:38:49.740769+00:00
8.7,2.3,64.0,0.0,0.0,57.0,7.4,13.0,1019.6,0.0,3.0,2025-12-13 09:38:49.740769+00:00
7.7,2.4,69.0,0.0,0.0,61.0,7.4,13.0,1019.7,0.0,2.0,2025-12-13 09:38:49.740769+00:00
6.8,2.7,75.0,0.0,0.0,67.0,7.4,11.1,1019.8,0.0,2.0,2025-12-13 09:38:49.740769+00:00
5.8,2.6,80.0,0.0,0.0,65.0,7.4,11.1,1020.0,0.0,2.0,2025-12-13 09:38:49.740769+00:00
5.2,2.6,83.0,0.0,0.0,65.0,7.4,11.1,1020.1,0.0,2.0,2025-12-13 09:38:49.740769+00:00
4.3,2.5,88.0,0.0,0.0,63.0,7.4,11.1,1020.2,0.0,2.0,2025-12-13 09:38:49.740769+00:00
5.2,2.9,85.0,0.0,0.0,41.0,5.5,11.1,1020.6,10.0,2.0,2025-12-13 09:38:49.740769+00:00
6.8,3.1,77.0,0.0,0.0,33.0,5.5,11.1,1020.9,26.0,2.0,2025-12-13 09:38:49.740769+00:00
9.0,3.4,68.0,0.0,0.0,13.0,5.5,11.1,1021.3,39.0,2.0,2025-12-13 09:38:49.740769+00:00
11.7,3.2,56.0,0.0,0.0,2.0,5.5,13.0,1021.3,42.0,2.0,2025-12-13 09:38:49.740769+00:00
13.6,3.1,49.0,0.0,0.0,1.0,5.5,14.8,1021.4,39.0,2.0,2025-12-13 09:38:49.740769+00:00
15.1,2.9,44.0,0.0,0.0,9.0,7.4,18.5,1021.3,36.0,2.0,2025-12-13 09:38:49.740769+00:00
16.2,1.9,38.0,0.0,0.0,354.0,5.5,18.5,1021.5,25.0,2.0,2025-12-13 09:38:49.740769+00:00
16.7,2.3,38.0,0.0,0.0,4.0,5.5,20.4,1021.4,20.0,2.0,2025-12-13 09:38:49.740769+00:00
17.2,3.1,39.0,0.0,0.0,359.0,5.5,20.4,1021.1,19.0,2.0,2025-12-13 09:38:49.740769+00:00
17.4,2.9,38.0,0.0,0.0,341.0,7.4,20.4,1020.9,19.0,2.0,2025-12-13 09:38:49.740769+00:00
17.9,3.4,38.0,0.0,0.0,323.0,7.4,22.2,1020.6,19.0,2.0,2025-12-13 09:38:49.740769+00:00
17.6,2.7,37.0,0.0,0.0,318.0,7.4,22.2,1020.3,19.0,2.0,2025-12-13 09:38:49.740769+00:00
18.3,2.6,35.0,0.0,0.0,301.0,7.4,20.4,1019.9,29.0,2.0,2025-12-13 09:38:49.740769+00:00
16.6,2.9,40.0,0.0,0.0,299.0,9.3,20.4,1019.8,28.0,2.0,2025-12-13 09:38:49.740769+00:00
15.4,2.9,43.0,0.0,0.0,288.0,9.3,18.5,1019.8,23.0,2.0,2025-12-13 09:38:49.740769+00:00
14.0,2.9,47.0,0.0,0.0,274.0,9.3,18.5,1019.9,14.0,2.0,2025-12-13 09:38:49.740769+00:00
12.4,2.8,52.0,0.0,0.0,266.0,9.3,16.7,1020.2,0.0,2.0,2025-12-13 09:38:49.740769+00:00
11.1,2.9,57.0,0.0,0.0,276.0,11.1,18.5,1020.3,0.0,2.0,2025-12-13 09:38:49.740769+00:00
10.8,4.0,63.0,0.0,0.0,281.0,9.3,16.7,1020.2,0.0,4.0,2025-12-13 09:38:49.740769+00:00
10.4,4.1,65.0,0.0,0.0,284.0,11.1,18.5,1020.4,0.0,3.0,2025-12-13 09:38:49.740769+00:00
10.0,4.2,67.0,0.0,0.0,287.0,11.1,18.5,1020.4,0.0,3.0,2025-12-13 09:38:49.740769+00:00
9.3,4.3,71.0,0.0,0.0,296.0,11.1,18.5,1020.5,0.0,3.0,2025-12-13 09:38:49.740769+00:00
9.1,4.5,73.0,0.0,0.0,301.0,11.1,18.5,1020.6,0.0,3.0,2025-12-13 09:38:49.740769+00:00
8.4,5.0,79.0,0.0,0.0,300.0,11.1,18.5,1020.6,0.0,3.0,2025-12-13 09:38:49.740769+00:00
8.8,5.0,77.0,0.0,0.0,302.0,11.1,20.4,1020.7,4.0,3.0,2025-12-13 09:38:49.740769+00:00
10.1,6.3,77.0,0.0,0.0,303.0,11.1,20.4,1020.8,12.0,3.0,2025-12-13 09:38:49.740769+00:00
11.3,7.2,76.0,0.0,0.0,309.0,11.1,22.2,1021.0,16.0,3.0,2025-12-13 09:38:49.740769+00:00
12.9,7.8,71.0,0.0,0.0,315.0,13.0,22.2,1020.9,18.0,3.0,2025-12-13 09:38:49.740769+00:00
14.0,7.7,66.0,0.0,0.0,320.0,13.0,24.1,1020.9,18.0,3.0,2025-12-13 09:38:49.740769+00:00
14.6,7.9,64.0,0.0,0.0,323.0,13.0,25.9,1020.8,16.0,3.0,2025-12-13 09:38:49.740769+00:00
15.8,7.6,58.0,0.0,0.0,330.0,11.1,25.9,1020.8,9.0,4.0,2025-12-13 09:38:49.740769+00:00
16.0,8.0,59.0,0.0,0.0,332.0,11.1,25.9,1020.6,8.0,3.0,2025-12-13 09:38:49.740769+00:00
16.5,8.2,58.0,0.0,0.0,337.0,11.1,25.9,1020.4,6.0,3.0,2025-12-13 09:38:49.740769+00:00
16.9,8.3,57.0,0.0,0.0,346.0,11.1,25.9,1020.0,8.0,3.0,2025-12-13 09:38:49.740769+00:00
17.3,8.2,55.0,0.0,0.0,355.0,11.1,25.9,1019.7,10.0,3.0,2025-12-13 09:38:49.740769+00:00
17.0,7.9,55.0,0.0,0.0,3.0,13.0,27.8,1019.5,12.0,3.0,2025-12-13 09:38:49.740769+00:00
17.0,7.6,54.0,0.0,0.0,9.0,13.0,27.8,1019.4,10.0,3.0,2025-12-13 09:38:49.740769+00:00
16.5,7.7,56.0,0.0,0.0,19.0,13.0,27.8,1019.5,11.0,3.0,2025-12-13 09:38:49.740769+00:00
15.8,7.0,56.0,0.0,0.0,27.0,14.8,29.6,1019.6,13.0,2.0,2025-12-13 09:38:49.740769+00:00
15.0,6.0,55.0,0.0,0.0,35.0,14.8,31.5,1020.0,8.0,2.0,2025-12-13 09:38:49.740769+00:00
13.8,5.7,58.0,0.0,0.0,43.0,14.8,29.6,1020.4,0.0,2.0,2025-12-13 09:38:49.740769+00:00
12.6,5.3,61.0,0.0,0.0,48.0,14.8,31.5,1020.8,0.0,2.0,2025-12-13 09:38:49.740769+00:00
11.7,4.7,62.0,0.0,0.0,54.0,14.8,29.6,1021.1,0.0,2.0,2025-12-13 09:38:49.740769+00:00
10.9,4.1,63.0,0.0,0.0,56.0,14.8,29.6,1021.3,0.0,2.0,2025-12-13 09:38:49.740769+00:00
9.9,4.1,67.0,0.0,0.0,59.0,14.8,27.8,1021.4,0.0,2.0,2025-12-13 09:38:49.740769+00:00
9.2,3.4,67.0,0.0,0.0,63.0,14.8,25.9,1021.4,0.0,2.0,2025-12-13 09:38:49.740769+00:00
8.4,3.4,71.0,0.0,0.0,65.0,14.8,25.9,1021.5,0.0,2.0,2025-12-13 09:38:49.740769+00:00
7.9,3.2,72.0,0.0,0.0,66.0,13.0,25.9,1021.5,0.0,1.0,2025-12-13 09:38:49.740769+00:00
7.3,4.1,80.0,0.0,0.0,73.0,11.1,20.4,1021.3,11.0,2.0,2025-12-13 09:38:49.740769+00:00
8.2,4.6,78.0,0.0,0.0,85.0,11.1,20.4,1021.3,27.0,2.0,2025-12-13 09:38:49.740769+00:00
9.3,4.5,72.0,0.0,0.0,87.0,11.1,22.2,1021.3,36.0,2.0,2025-12-13 09:38:49.740769+00:00
11.5,4.7,63.0,0.0,0.0,95.0,11.1,22.2,1021.2,40.0,2.0,2025-12-13 09:38:49.740769+00:00
13.1,5.0,58.0,0.0,0.0,94.0,11.1,24.1,1020.9,40.0,2.0,2025-12-13 09:38:49.740769+00:00
14.8,5.0,52.0,0.0,0.0,88.0,11.1,24.1,1020.6,40.0,2.0,2025-12-13 09:38:49.740769+00:00
15.8,4.5,47.0,0.0,0.0,80.0,9.3,24.1,1020.4,33.0,2.0,2025-12-13 09:38:49.740769+00:00
16.6,4.0,43.0,0.0,0.0,77.0,11.1,25.9,1019.8,32.0,2.0,2025-12-13 09:38:49.740769+00:00
17.3,4.3,42.0,0.0,0.0,76.0,11.1,27.8,1019.2,30.0,2.0,2025-12-13 09:38:49.740769+00:00
17.7,3.9,40.0,0.0,0.0,73.0,11.1,27.8,1018.6,34.0,2.0,2025-12-13 09:38:49.740769+00:00
18.1,3.9,39.0,0.0,0.0,71.0,11.1,27.8,1018.1,33.0,2.0,2025-12-13 09:38:49.740769+00:00
17.4,3.3,39.0,0.0,0.0,72.0,13.0,29.6,1017.6,36.0,2.0,2025-12-13 09:38:49.740769+00:00
17.8,2.9,37.0,0.0,0.0,69.0,13.0,29.6,1017.2,47.0,2.0,2025-12-13 09:38:49.740769+00:00
16.0,2.4,40.0,0.0,0.0,68.0,14.8,31.5,1017.2,47.0,2.0,2025-12-13 09:38:49.740769+00:00
14.8,2.0,42.0,0.0,0.0,62.0,14.8,31.5,1017.4,41.0,1.0,2025-12-13 09:38:49.740769+00:00
13.5,1.5,44.0,0.0,0.0,59.0,16.7,31.5,1017.5,26.0,1.0,2025-12-13 09:38:49.740769+00:00
12.2,1.5,48.0,0.0,0.0,58.0,16.7,31.5,1017.6,0.0,1.0,2025-12-13 09:38:49.740769+00:00
11.1,1.9,53.0,0.0,0.0,58.0,16.7,31.5,1017.7,0.0,1.0,2025-12-13 09:38:49.740769+00:00
10.6,1.9,55.0,0.0,0.0,61.0,14.8,27.8,1018.2,0.0,1.0,2025-12-13 09:38:49.740769+00:00
9.4,1.3,57.0,0.0,0.0,63.0,14.8,25.9,1018.3,0.0,1.0,2025-12-13 09:38:49.740769+00:00
8.4,1.3,61.0,0.0,0.0,62.0,13.0,25.9,1018.3,0.0,1.0,2025-12-13 09:38:49.740769+00:00
7.3,1.2,65.0,0.0,0.0,64.0,13.0,24.1,1018.2,0.0,1.0,2025-12-13 09:38:49.740769+00:00
6.6,1.1,68.0,0.0,0.0,61.0,13.0,24.1,1018.2,0.0,1.0,2025-12-13 09:38:49.740769+00:00
5.9,1.2,72.0,0.0,0.0,65.0,13.0,24.1,1018.2,0.0,1.0,2025-12-13 09:38:49.740769+00:00
6.0,1.3,72.0,0.0,0.0,62.0,11.1,24.1,1018.4,16.0,1.0,2025-12-13 09:38:49.740769+00:00
7.0,2.1,71.0,0.0,0.0,68.0,11.1,24.1,1018.6,36.0,1.0,2025-12-13 09:38:49.740769+00:00
8.3,2.3,66.0,0.0,0.0,71.0,11.1,22.2,1018.9,47.0,1.0,2025-12-13 09:38:49.740769+00:00
10.9,2.7,57.0,0.0,0.0,80.0,11.1,22.2,1019.0,49.0,1.0,2025-12-13 09:38:49.740769+00:00
12.8,2.9,51.0,0.0,0.0,89.0,11.1,24.1,1019.0,45.0,1.0,2025-12-13 09:38:49.740769+00:00
14.5,3.0,46.0,0.0,0.0,92.0,11.1,25.9,1019.0,44.0,1.0,2025-12-13 09:38:49.740769+00:00
15.5,2.3,41.0,0.0,0.0,90.0,9.3,24.1,1018.9,33.0,2.0,2025-12-13 09:38:49.740769+00:00
16.6,2.6,39.0,0.0,0.0,90.0,11.1,25.9,1018.6,30.0,2.0,2025-12-13 09:38:49.740769+00:00
17.3,2.8,38.0,0.0,0.0,91.0,11.1,27.8,1018.2,28.0,2.0,2025-12-13 09:38:49.740769+00:00
17.7,2.4,36.0,0.0,0.0,86.0,11.1,27.8,1017.9,29.0,2.0,2025-12-13 09:38:49.740769+00:00
18.2,2.9,36.0,0.0,0.0,82.0,11.1,29.6,1017.6,30.0,2.0,2025-12-13 09:38:49.740769+00:00
17.5,2.6,37.0,0.0,0.0,81.0,13.0,31.5,1017.4,32.0,2.0,2025-12-13 09:38:49.740769+00:00
18.0,1.9,34.0,0.0,0.0,83.0,14.8,29.6,1017.2,46.0,2.0,2025-12-13 09:38:49.740769+00:00
16.2,1.5,37.0,0.0,0.0,80.0,14.8,31.5,1017.4,45.0,1.0,2025-12-13 09:38:49.740769+00:00
15.0,1.2,39.0,0.0,0.0,74.0,14.8,29.6,1017.6,39.0,1.0,2025-12-13 09:38:49.740769+00:00
13.5,1.2,43.0,0.0,0.0,72.0,14.8,27.8,1018.2,25.0,1.0,2025-12-13 09:38:49.740769+00:00
12.1,1.4,48.0,0.0,0.0,68.0,13.0,25.9,1018.6,0.0,1.0,2025-12-13 09:38:49.740769+00:00
10.9,1.7,53.0,0.0,0.0,65.0,13.0,24.1,1019.1,0.0,1.0,2025-12-13 09:38:49.740769+00:00
10.8,1.6,53.0,0.0,0.0,69.0,13.0,24.1,1019.6,0.0,1.0,2025-12-13 09:38:49.740769+00:00
9.7,1.6,57.0,0.0,0.0,71.0,13.0,22.2,1019.9,0.0,1.0,2025-12-13 09:38:49.740769+00:00
8.7,1.8,62.0,0.0,0.0,69.0,11.1,20.4,1020.2,0.0,1.0,2025-12-13 09:38:49.740769+00:00
7.6,2.1,68.0,0.0,0.0,67.0,11.1,18.5,1020.5,0.0,1.0,2025-12-13 09:38:49.740769+00:00
6.8,2.3,73.0,0.0,0.0,56.0,11.1,18.5,1020.8,0.0,1.0,2025-12-13 09:38:49.740769+00:00
6.0,2.5,78.0,0.0,0.0,52.0,9.3,14.8,1021.0,0.0,1.0,2025-12-13 09:38:49.740769+00:00
6.4,2.8,78.0,0.0,0.0,61.0,7.4,14.8,1021.1,16.0,1.0,2025-12-13 09:38:49.740769+00:00
8.1,3.6,73.0,0.0,0.0,61.0,7.4,13.0,1021.3,37.0,1.0,2025-12-13 09:38:49.740769+00:00
10.3,3.8,64.0,0.0,0.0,47.0,5.5,13.0,1021.4,50.0,1.0,2025-12-13 09:38:49.740769+00:00
13.4,3.7,52.0,0.0,0.0,29.0,7.4,14.8,1021.4,50.0,1.0,2025-12-13 09:38:49.740769+00:00
15.5,3.3,44.0,0.0,0.0,25.0,7.4,16.7,1021.4,46.0,1.0,2025-12-13 09:38:49.740769+00:00
17.2,3.1,39.0,0.0,0.0,20.0,7.4,20.4,1021.3,42.0,1.0,2025-12-13 09:38:49.740769+00:00
17.4,2.9,38.0,0.0,0.0,25.0,9.3,22.2,1021.1,38.0,1.0,2025-12-13 09:38:49.740769+00:00
17.2,2.8,38.0,0.0,0.0,34.0,7.4,22.2,1020.8,35.0,1.0,2025-12-13 09:38:49.740769+00:00
17.8,3.7,39.0,0.0,0.0,34.0,7.4,24.1,1020.4,32.0,1.0,2025-12-13 09:38:49.740769+00:00
18.4,3.4,37.0,0.0,0.0,34.0,7.4,24.1,1019.8,33.0,1.0,2025-12-13 09:38:49.740769+00:00
19.2,3.4,35.0,0.0,0.0,27.0,7.4,24.1,1019.3,33.0,1.0,2025-12-13 09:38:49.740769+00:00
18.9,3.5,36.0,0.0,0.0,16.0,7.4,22.2,1018.8,35.0,1.0,2025-12-13 09:38:49.740769+00:00
20.6,3.8,33.0,0.0,0.0,14.0,7.4,20.4,1018.2,46.0,2.0,2025-12-13 09:38:49.740769+00:00
18.7,4.1,38.0,0.0,0.0,349.0,7.4,18.5,1017.8,42.0,2.0,2025-12-13 09:38:49.740769+00:00
17.5,4.4,42.0,0.0,0.0,331.0,7.4,18.5,1017.6,31.0,2.0,2025-12-13 09:38:49.740769+00:00
15.9,4.3,46.0,0.0,0.0,318.0,7.4,16.7,1017.7,18.0,2.0,2025-12-13 09:38:49.740769+00:00
14.2,4.5,52.0,0.0,0.0,300.0,7.4,14.8,1017.8,0.0,2.0,2025-12-13 09:38:49.740769+00:00
12.6,5.0,60.0,0.0,0.0,309.0,9.3,14.8,1017.7,0.0,2.0,2025-12-13 09:38:49.740769+00:00
12.0,5.8,66.0,0.0,0.0,301.0,7.4,11.1,1017.3,0.0,3.0,2025-12-13 09:38:49.740769+00:00
11.4,5.9,69.0,0.0,0.0,297.0,7.4,13.0,1017.2,0.0,2.0,2025-12-13 09:38:49.740769+00:00
10.7,6.1,73.0,0.0,0.0,290.0,9.3,13.0,1016.9,0.0,3.0,2025-12-13 09:38:49.740769+00:00
10.3,6.1,75.0,0.0,0.0,291.0,9.3,13.0,1016.7,0.0,3.0,2025-12-13 09:38:49.740769+00:00
10.1,6.1,76.0,0.0,0.0,291.0,9.3,14.8,1016.5,0.0,3.0,2025-12-13 09:38:49.740769+00:00
9.5,6.0,79.0,0.0,0.0,286.0,11.1,16.7,1016.2,0.0,3.0,2025-12-13 09:38:49.740769+00:00
10.5,6.3,75.0,0.0,0.0,282.0,11.1,18.5,1015.9,6.0,3.0,2025-12-13 09:38:49.740769+00:00
12.0,7.1,72.0,0.0,0.0,277.0,11.1,18.5,1015.6,15.0,3.0,2025-12-13 09:38:49.740769+00:00
13.7,7.2,65.0,0.0,0.0,283.0,13.0,22.2,1015.5,26.0,3.0,2025-12-13 09:38:49.740769+00:00
16.0,7.7,58.0,0.0,0.0,285.0,13.0,25.9,1015.1,32.0,3.0,2025-12-13 09:38:49.740769+00:00
17.7,7.4,51.0,0.0,0.0,289.0,16.7,31.5,1014.8,36.0,2.0,2025-12-13 09:38:49.740769+00:00
19.0,7.4,47.0,0.0,0.0,292.0,16.7,35.2,1014.4,35.0,2.0,2025-12-13 09:38:49.740769+00:00
19.8,6.9,43.0,0.0,0.0,295.0,16.7,37.0,1014.2,29.0,3.0,2025-12-13 09:38:49.740769+00:00
20.2,7.2,43.0,0.0,0.0,293.0,18.5,38.9,1013.7,28.0,2.0,2025-12-13 09:38:49.740769+00:00
20.7,7.3,42.0,0.0,0.0,295.0,18.5,40.8,1013.1,29.0,2.0,2025-12-13 09:38:49.740769+00:00
20.8,6.7,40.0,0.0,0.0,298.0,18.5,40.8,1012.5,30.0,2.0,2025-12-13 09:38:49.740769+00:00
21.3,6.8,39.0,0.0,0.0,299.0,20.4,42.6,1011.8,29.0,2.0,2025-12-13 09:38:49.740769+00:00
20.7,6.6,40.0,0.0,0.0,303.0,22.2,44.5,1011.4,27.0,2.0,2025-12-13 09:38:49.740769+00:00
20.7,5.9,38.0,0.0,0.0,313.0,22.2,46.3,1010.9,33.0,2.0,2025-12-13 09:38:49.740769+00:00
19.1,5.9,42.0,0.0,0.0,315.0,20.4,44.5,1010.6,26.0,2.0,2025-12-13 09:38:49.740769+00:00
18.2,6.1,45.0,0.0,0.0,317.0,20.4,40.8,1010.6,17.0,2.0,2025-12-13 09:38:49.740769+00:00
16.9,6.1,49.0,0.0,0.0,320.0,18.5,38.9,1010.5,9.0,2.0,2025-12-13 09:38:49.740769+00:00
15.6,6.6,55.0,0.0,0.0,321.0,18.5,37.0,1010.5,0.0,2.0,2025-12-13 09:38:49.740769+00:00
14.7,6.5,58.0,0.0,0.0,324.0,18.5,37.0,1010.6,0.0,2.0,2025-12-13 09:38:49.740769+00:00
14.0,6.8,62.0,0.0,0.0,326.0,16.7,37.0,1010.7,0.0,3.0,2025-12-13 09:38:49.740769+00:00
12.9,6.7,66.0,0.0,0.0,332.0,18.5,37.0,1010.6,0.0,3.0,2025-12-13 09:38:49.740769+00:00
11.7,6.2,69.0,0.0,0.0,344.0,18.5,37.0,1010.6,0.0,3.0,2025-12-13 09:38:49.740769+00:00
10.6,5.8,72.0,0.0,0.0,348.0,18.5,37.0,1010.8,0.0,3.0,2025-12-13 09:38:49.740769+00:00
9.7,5.3,74.0,0.0,0.0,357.0,16.7,35.2,1011.4,0.0,2.0,2025-12-13 09:38:49.740769+00:00
9.0,5.2,77.0,0.0,0.0,357.0,16.7,33.3,1011.9,0.0,2.0,2025-12-13 09:38:49.740769+00:00
8.8,5.2,78.0,0.0,0.0,350.0,16.7,33.3,1012.2,10.0,2.0,2025-12-13 09:38:49.740769+00:00
9.5,5.3,75.0,0.0,0.0,343.0,14.8,33.3,1012.8,26.0,2.0,2025-12-13 09:38:49.740769+00:00
10.4,4.7,68.0,0.0,0.0,343.0,16.7,33.3,1013.4,36.0,2.0,2025-12-13 09:38:49.740769+00:00
11.6,4.3,61.0,0.0,0.0,340.0,18.5,35.2,1013.5,37.0,2.0,2025-12-13 09:38:49.740769+00:00
12.5,3.7,55.0,0.0,0.0,343.0,20.4,38.9,1013.8,33.0,2.0,2025-12-13 09:38:49.740769+00:00
13.0,3.4,52.0,0.0,0.0,343.0,22.2,44.5,1014.1,26.0,2.0,2025-12-13 09:38:49.740769+00:00
13.9,3.4,49.0,0.0,0.0,347.0,20.4,44.5,1014.4,14.0,3.0,2025-12-13 09:38:49.740769+00:00
13.7,3.7,51.0,0.0,0.0,350.0,22.2,48.2,1014.7,9.0,3.0,2025-12-13 09:38:49.740769+00:00
13.8,4.4,53.0,0.0,0.0,349.0,22.2,50.0,1015.1,7.0,7.0,2025-12-13 09:38:49.740769+00:00
13.8,4.7,54.0,0.0,0.0,351.0,22.2,50.0,1015.3,7.0,7.0,2025-12-13 09:38:49.740769+00:00
14.0,4.8,54.0,0.0,0.0,353.0,22.2,50.0,1015.7,6.0,17.0,2025-12-13 09:38:49.740769+00:00
13.3,5.2,58.0,0.0,0.0,358.0,22.2,48.2,1016.0,6.0,7.0,2025-12-13 09:38:49.740769+00:00
13.1,4.8,57.0,0.0,0.0,357.0,18.5,44.5,1016.4,11.0,17.0,2025-12-13 09:38:49.740769+00:00
12.0,4.7,61.0,0.0,0.0,353.0,18.5,42.6,1017.0,12.0,7.0,2025-12-13 09:38:49.740769+00:00
11.2,4.9,65.0,0.3,0.0,347.0,16.7,38.9,1017.5,9.0,7.0,2025-12-13 09:38:49.740769+00:00
10.7,4.8,67.0,0.0,0.0,342.0,14.8,31.5,1017.9,6.0,7.0,2025-12-13 09:38:49.740769+00:00
10.4,5.0,69.0,0.0,0.0,337.0,13.0,27.8,1018.2,0.0,7.0,2025-12-13 09:38:49.740769+00:00
10.0,5.0,71.0,0.0,0.0,334.0,13.0,24.1,1018.4,0.0,3.0,2025-12-13 09:38:49.740769+00:00
9.4,5.4,76.0,1.0,0.0,323.0,11.1,22.2,1018.3,0.0,3.0,2025-12-13 09:38:49.740769+00:00
9.2,5.6,78.0,0.0,0.0,319.0,13.0,22.2,1018.3,0.0,3.0,2025-12-13 09:38:49.740769+00:00
9.2,5.6,78.0,0.0,0.0,312.0,13.0,24.1,1017.9,0.0,2.0,2025-12-13 09:38:49.740769+00:00
8.9,5.8,81.0,0.0,0.0,308.0,13.0,25.9,1017.6,0.0,2.0,2025-12-13 09:38:49.740769+00:00
8.7,5.6,81.0,0.0,0.0,301.0,14.8,25.9,1017.2,0.0,2.0,2025-12-13 09:38:49.740769+00:00
8.5,6.0,84.0,0.0,0.0,299.0,14.8,27.8,1017.0,0.0,3.0,2025-12-13 09:38:49.740769+00:00
8.2,6.2,87.0,0.0,0.0,303.0,14.8,27.8,1016.3,4.0,3.0,2025-12-13 09:38:49.740769+00:00
9.1,6.5,84.0,0.0,0.0,299.0,14.8,29.6,1016.0,10.0,3.0,2025-12-13 09:38:49.740769+00:00
10.0,6.7,80.0,0.0,0.0,300.0,14.8,29.6,1015.8,14.0,3.0,2025-12-13 09:38:49.740769+00:00
10.9,6.8,76.0,0.0,0.0,302.0,16.7,29.6,1015.4,15.0,3.0,2025-12-13 09:38:49.740769+00:00
11.7,6.6,71.0,0.0,0.0,306.0,16.7,31.5,1015.2,12.0,3.0,2025-12-13 09:38:49.740769+00:00
12.2,6.5,68.0,0.0,0.0,307.0,16.7,31.5,1014.9,10.0,3.0,2025-12-13 09:38:49.740769+00:00
12.0,6.5,69.0,0.0,0.0,315.0,14.8,31.5,1014.8,2.0,7.0,2025-12-13 09:38:49.740769+00:00
12.7,6.3,65.0,0.0,0.0,323.0,14.8,33.3,1014.6,3.0,7.0,2025-12-13 09:38:49.740769+00:00
13.2,6.1,62.0,0.0,0.0,330.0,14.8,35.2,1014.3,5.0,17.0,2025-12-13 09:38:49.740769+00:00
13.6,5.2,57.0,6.8,0.0,340.0,16.7,33.3,1014.2,5.0,17.0,2025-12-13 09:38:49.740769+00:00
14.1,4.9,54.0,4.2,0.0,349.0,16.7,37.0,1014.1,10.0,17.0,2025-12-13 09:38:49.740769+00:00
14.2,4.5,52.0,0.0,0.0,356.0,16.7,37.0,1014.0,14.0,3.0,2025-12-13 09:38:49.740769+00:00
15.0,3.5,46.0,0.0,0.0,358.0,16.7,38.9,1014.1,23.0,3.0,2025-12-13 09:38:49.740769+00:00
13.8,3.3,49.0,0.0,0.0,357.0,16.7,37.0,1014.4,21.0,3.0,2025-12-13 09:38:49.740769+00:00
13.0,3.4,52.0,0.0,0.0,355.0,14.8,35.2,1014.7,16.0,3.0,2025-12-13 09:38:49.740769+00:00
12.0,3.5,56.0,0.0,0.0,354.0,13.0,29.6,1014.9,10.0,2.0,2025-12-13 09:38:49.740769+00:00
11.1,3.4,59.0,0.0,0.0,344.0,13.0,25.9,1015.0,0.0,2.0,2025-12-13 09:38:49.740769+00:00
10.1,3.8,65.0,0.0,0.0,330.0,13.0,24.1,1015.1,0.0,2.0,2025-12-13 09:38:49.740769+00:00
9.4,4.2,70.0,0.0,0.0,327.0,11.1,20.4,1015.3,0.0,3.0,2025-12-13 09:38:49.740769+00:00
8.8,4.2,73.0,0.0,0.0,314.0,14.8,24.1,1015.1,0.0,2.0,2025-12-13 09:38:49.740769+00:00
8.5,4.3,75.0,0.0,0.0,308.0,14.8,27.8,1014.7,0.0,2.0,2025-12-13 09:38:49.740769+00:00
8.3,4.3,76.0,0.0,0.0,303.0,16.7,29.6,1014.2,0.0,2.0,2025-12-13 09:38:49.740769+00:00
8.0,4.4,78.0,0.0,0.0,303.0,16.7,29.6,1013.9,0.0,2.0,2025-12-13 09:38:49.740769+00:00
7.9,4.7,80.0,0.0,0.0,299.0,16.7,29.6,1013.5,0.0,2.0,2025-12-13 09:38:49.740769+00:00
8.0,5.1,82.0,0.0,0.0,299.0,16.7,31.5,1013.1,12.0,2.0,2025-12-13 09:38:49.740769+00:00
9.3,5.8,79.0,0.0,0.0,296.0,16.7,33.3,1012.8,26.0,2.0,2025-12-13 09:38:49.740769+00:00
10.7,6.4,75.0,0.0,0.0,301.0,16.7,33.3,1012.6,31.0,2.0,2025-12-13 09:38:49.740769+00:00
12.1,6.8,70.0,0.0,0.0,302.0,18.5,33.3,1012.0,30.0,2.0,2025-12-13 09:38:49.740769+00:00
13.5,6.8,64.0,0.0,0.0,303.0,18.5,35.2,1011.6,27.0,2.0,2025-12-13 09:38:49.740769+00:00
14.4,7.0,61.0,0.0,0.0,303.0,20.4,37.0,1011.3,22.0,3.0,2025-12-13 09:38:49.740769+00:00
15.0,6.8,58.0,0.0,0.0,313.0,18.5,38.9,1011.2,9.0,3.0,2025-12-13 09:38:49.740769+00:00
15.2,6.7,57.0,0.0,0.0,319.0,18.5,40.8,1010.9,5.0,3.0,2025-12-13 09:38:49.740769+00:00
14.9,6.7,58.0,0.0,0.0,324.0,18.5,42.6,1010.6,3.0,7.0,2025-12-13 09:38:49.740769+00:00
14.3,6.9,61.0,0.2,0.0,339.0,18.5,40.8,1010.5,5.0,3.0,2025-12-13 09:38:49.740769+00:00
13.7,6.8,63.0,0.0,0.0,350.0,16.7,40.8,1010.8,6.0,17.0,2025-12-13 09:38:49.740769+00:00
13.0,6.8,66.0,0.0,0.0,5.0,16.7,38.9,1011.1,3.0,7.0,2025-12-13 09:38:49.740769+00:00
12.5,5.9,64.0,0.0,0.0,7.0,16.7,40.8,1011.3,8.0,17.0,2025-12-13 09:38:49.740769+00:00
11.9,5.5,65.0,0.0,0.0,1.0,16.7,35.2,1011.5,9.0,7.0,2025-12-13 09:38:49.740769+00:00
11.4,5.5,67.0,0.0,0.0,355.0,14.8,31.5,1012.0,6.0,3.0,2025-12-13 09:38:49.740769+00:00
10.5,5.3,70.0,0.0,0.0,348.0,13.0,27.8,1012.1,4.0,3.0,2025-12-13 09:38:49.740769+00:00
9.7,5.1,73.0,0.0,0.0,339.0,11.1,25.9,1012.2,2.0,3.0,2025-12-13 09:38:49.740769+00:00
9.0,5.2,77.0,0.0,0.0,338.0,11.1,24.1,1012.4,0.0,3.0,2025-12-13 09:38:49.740769+00:00
8.5,5.8,83.0,0.0,0.0,327.0,11.1,20.4,1012.8,0.0,4.0,2025-12-13 09:38:49.740769+00:00
8.0,5.6,85.0,0.0,0.0,324.0,11.1,20.4,1012.9,0.0,3.0,2025-12-13 09:38:49.740769+00:00
7.7,5.8,88.0,0.0,0.0,323.0,11.1,22.2,1012.7,0.0,3.0,2025-12-13 09:38:49.740769+00:00
7.4,6.0,91.0,0.0,0.0,321.0,11.1,22.2,1012.5,0.0,3.0,2025-12-13 09:38:49.740769+00:00
7.0,5.9,93.0,0.0,0.0,316.0,13.0,22.2,1012.5,0.0,3.0,2025-12-13 09:38:49.740769+00:00
7.0,6.3,95.0,0.0,0.0,311.0,13.0,22.2,1012.5,0.0,3.0,2025-12-13 09:38:49.740769+00:00
7.3,6.6,95.0,0.0,0.0,308.0,13.0,24.1,1012.4,4.0,3.0,2025-12-13 09:38:49.740769+00:00
8.2,6.8,91.0,0.0,0.0,303.0,13.0,25.9,1012.4,9.0,3.0,2025-12-13 09:38:49.740769+00:00
9.2,6.8,85.0,0.0,0.0,304.0,13.0,25.9,1012.3,15.0,3.0,2025-12-13 09:38:49.740769+00:00
10.4,6.7,78.0,0.0,0.0,306.0,14.8,27.8,1012.2,15.0,3.0,2025-12-13 09:38:49.740769+00:00
11.4,6.7,73.0,0.0,0.0,309.0,14.8,29.6,1012.0,15.0,3.0,2025-12-13 09:38:49.740769+00:00
12.2,6.7,69.0,0.0,0.0,311.0,16.7,33.3,1011.9,14.0,3.0,2025-12-13 09:38:49.740769+00:00
12.3,6.8,69.0,0.0,0.0,315.0,16.7,35.2,1012.0,9.0,3.0,2025-12-13 09:38:49.740769+00:00
12.4,6.7,68.0,0.0,0.0,315.0,16.7,35.2,1011.9,5.0,4.0,2025-12-13 09:38:49.740769+00:00
12.6,6.8,68.0,0.0,0.0,316.0,16.7,35.2,1011.9,0.0,4.0,2025-12-13 09:38:49.740769+00:00
12.8,6.8,67.0,0.0,0.0,322.0,16.7,35.2,1012.1,1.0,4.0,2025-12-13 09:38:49.740769+00:00
12.7,6.7,67.0,0.2,0.0,324.0,18.5,37.0,1012.1,2.0,7.0,2025-12-13 09:38:49.740769+00:00
12.9,6.9,67.0,0.0,0.0,327.0,18.5,37.0,1012.1,0.0,7.0,2025-12-13 09:38:49.740769+00:00
12.9,6.9,67.0,0.0,0.0,333.0,16.7,37.0,1012.5,0.0,7.0,2025-12-13 09:38:49.740769+00:00
12.3,7.0,70.0,0.0,0.0,332.0,16.7,37.0,1012.8,0.0,7.0,2025-12-13 09:38:49.740769+00:00
12.0,7.3,73.0,0.0,0.0,332.0,16.7,35.2,1013.4,0.0,7.0,2025-12-13 09:38:49.740769+00:00
11.6,7.5,76.0,0.0,0.0,329.0,14.8,33.3,1013.8,0.0,7.0,2025-12-13 09:38:49.740769+00:00
11.2,7.3,77.0,0.0,0.0,326.0,14.8,29.6,1014.1,0.0,7.0,2025-12-13 09:38:49.740769+00:00
10.7,7.9,83.0,0.2,0.0,323.0,14.8,29.6,1014.4,0.0,7.0,2025-12-13 09:38:49.740769+00:00
10.3,8.1,86.0,0.0,0.0,318.0,14.8,29.6,1014.3,0.0,7.0,2025-12-13 09:38:49.740769+00:00
10.2,8.1,87.0,0.0,0.0,319.0,16.7,31.5,1014.5,0.0,7.0,2025-12-13 09:38:49.740769+00:00
10.3,8.4,88.0,0.4,0.0,315.0,14.8,31.5,1014.5,0.0,7.0,2025-12-13 09:38:49.740769+00:00
10.3,8.7,90.0,0.2,0.0,316.0,14.8,31.5,1014.6,0.0,7.0,2025-12-13 09:38:49.740769+00:00
10.4,8.8,90.0,0.1,0.0,316.0,14.8,31.5,1014.8,0.0,7.0,2025-12-13 09:38:49.740769+00:00
10.5,9.1,91.0,0.0,0.0,316.0,14.8,29.6,1015.1,0.0,7.0,2025-12-13 09:38:49.740769+00:00
10.5,9.4,93.0,0.0,0.0,320.0,14.8,29.6,1015.2,0.0,7.0,2025-12-13 09:38:49.740769+00:00
10.8,9.6,92.0,0.0,0.0,320.0,16.7,29.6,1015.6,0.0,7.0,2025-12-13 09:38:49.740769+00:00
11.0,9.4,90.0,0.0,0.0,323.0,16.7,31.5,1016.1,0.0,7.0,2025-12-13 09:38:49.740769+00:00
11.1,9.4,89.0,0.0,0.0,323.0,16.7,31.5,1016.4,0.0,7.0,2025-12-13 09:38:49.740769+00:00
11.6,9.3,86.0,0.0,0.0,323.0,16.7,33.3,1016.8,0.0,7.0,2025-12-13 09:38:49.740769+00:00
12.1,9.7,85.0,0.0,0.0,319.0,16.7,33.3,1017.1,0.0,7.0,2025-12-13 09:38:49.740769+00:00
12.5,9.9,84.0,0.0,0.0,324.0,16.7,33.3,1017.2,0.0,7.0,2025-12-13 09:38:49.740769+00:00
13.3,9.9,80.0,0.0,0.0,323.0,16.7,33.3,1017.5,0.0,7.0,2025-12-13 09:38:49.740769+00:00
14.1,10.3,78.0,0.0,0.0,321.0,14.8,33.3,1017.6,0.0,7.0,2025-12-13 09:38:49.740769+00:00
14.6,10.4,76.0,0.0,0.0,324.0,14.8,31.5,1017.7,0.0,7.0,2025-12-13 09:38:49.740769+00:00
14.9,10.5,75.0,0.0,0.0,326.0,14.8,31.5,1017.9,2.0,7.0,2025-12-13 09:38:49.740769+00:00
15.1,10.5,74.0,0.0,0.0,329.0,14.8,29.6,1017.9,0.0,7.0,2025-12-13 09:38:49.740769+00:00
15.1,10.1,72.0,0.0,0.0,336.0,13.0,27.8,1018.1,4.0,7.0,2025-12-13 09:38:49.740769+00:00
14.9,10.1,73.0,0.0,0.0,330.0,11.1,25.9,1018.1,6.0,7.0,2025-12-13 09:38:49.740769+00:00
14.8,10.2,74.0,0.0,0.0,325.0,11.1,24.1,1018.0,7.0,4.0,2025-12-13 09:38:49.740769+00:00
14.0,10.2,78.0,0.0,0.0,324.0,9.3,20.4,1018.1,5.0,3.0,2025-12-13 09:38:49.740769+00:00
12.9,9.9,82.0,0.0,0.0,321.0,9.3,18.5,1018.2,2.0,3.0,2025-12-13 09:38:49.740769+00:00
11.8,9.7,87.0,0.0,0.0,321.0,9.3,16.7,1018.4,0.0,2.0,2025-12-13 09:38:49.740769+00:00
11.3,10.0,92.0,0.0,0.0,316.0,9.3,14.8,1018.4,0.0,4.0,2025-12-13 09:38:49.740769+00:00
10.5,9.7,95.0,0.0,0.0,312.0,7.4,14.8,1018.5,0.0,3.0,2025-12-13 09:38:49.740769+00:00
10.1,9.6,97.0,0.0,0.0,303.0,7.4,13.0,1018.6,0.0,2.0,2025-12-13 09:38:49.740769+00:00
9.3,9.2,99.0,0.0,0.0,295.0,7.4,13.0,1018.6,0.0,2.0,2025-12-13 09:38:49.740769+00:00
8.9,8.9,100.0,0.0,0.0,289.0,7.4,13.0,1018.4,0.0,2.0,2025-12-13 09:38:49.740769+00:00
8.6,8.6,100.0,0.0,0.0,283.0,9.3,13.0,1018.2,0.0,1.0,2025-12-13 09:38:49.740769+00:00
8.9,8.6,98.0,0.0,0.0,275.0,7.4,14.8,1018.2,12.0,1.0,2025-12-13 09:38:49.740769+00:00
10.6,9.5,93.0,0.0,0.0,275.0,7.4,14.8,1018.0,30.0,2.0,2025-12-13 09:38:49.740769+00:00
12.9,10.1,83.0,0.0,0.0,279.0,7.4,14.8,1018.0,40.0,1.0,2025-12-13 09:38:49.740769+00:00
15.3,10.3,72.0,0.0,0.0,279.0,9.3,16.7,1017.8,42.0,1.0,2025-12-13 09:38:49.740769+00:00
17.3,9.7,61.0,0.0,0.0,282.0,9.3,18.5,1017.5,38.0,1.0,2025-12-13 09:38:49.740769+00:00
18.9,9.4,54.0,0.0,0.0,281.0,11.1,22.2,1017.3,36.0,2.0,2025-12-13 09:38:49.740769+00:00
19.7,9.3,51.0,0.0,0.0,279.0,9.3,24.1,1016.9,26.0,2.0,2025-12-13 09:38:49.740769+00:00
20.2,8.8,48.0,0.0,0.0,281.0,9.3,24.1,1016.4,23.0,2.0,2025-12-13 09:38:49.740769+00:00
20.8,8.7,46.0,0.0,0.0,280.0,9.3,24.1,1015.9,22.0,2.0,2025-12-13 09:38:49.740769+00:00
21.3,8.5,44.0,0.0,0.0,277.0,9.3,24.1,1015.4,22.0,2.0,2025-12-13 09:38:49.740769+00:00
21.8,8.3,42.0,0.0,0.0,275.0,11.1,25.9,1014.8,23.0,2.0,2025-12-13 09:38:49.740769+00:00
21.9,8.0,41.0,0.0,0.0,275.0,9.3,24.1,1014.4,28.0,2.0,2025-12-13 09:38:49.740769+00:00
22.5,7.8,39.0,0.0,0.0,272.0,9.3,24.1,1013.6,37.0,2.0,2025-12-13 09:38:49.740769+00:00
21.2,7.8,42.0,0.0,0.0,275.0,9.3,24.1,1013.1,37.0,2.0,2025-12-13 09:38:49.740769+00:00
19.9,7.6,45.0,0.0,0.0,273.0,9.3,20.4,1012.9,31.0,2.0,2025-12-13 09:38:49.740769+00:00
18.2,7.9,51.0,0.0,0.0,266.0,9.3,18.5,1012.6,21.0,2.0,2025-12-13 09:38:49.740769+00:00
16.4,8.1,58.0,0.0,0.0,257.0,11.1,18.5,1012.5,8.0,2.0,2025-12-13 09:38:49.740769+00:00
14.6,8.5,67.0,0.0,0.0,259.0,11.1,18.5,1012.5,0.0,2.0,2025-12-13 09:38:49.740769+00:00
13.6,8.9,73.0,0.0,0.0,251.0,11.1,18.5,1012.3,0.0,2.0,2025-12-13 09:38:49.740769+00:00
13.2,9.3,77.0,0.0,0.0,254.0,11.1,18.5,1012.1,0.0,2.0,2025-12-13 09:38:49.740769+00:00
12.9,9.3,79.0,0.0,0.0,258.0,11.1,18.5,1012.0,0.0,2.0,2025-12-13 09:38:49.740769+00:00
12.4,9.6,83.0,0.0,0.0,267.0,11.1,18.5,1011.5,0.0,2.0,2025-12-13 09:38:49.740769+00:00
11.9,9.3,84.0,0.0,0.0,270.0,11.1,18.5,1011.3,0.0,2.0,2025-12-13 09:38:49.740769+00:00
11.4,9.1,86.0,0.0,0.0,275.0,11.1,20.4,1011.1,0.0,2.0,2025-12-13 09:38:49.740769+00:00
11.5,9.1,85.0,0.0,0.0,281.0,13.0,22.2,1011.0,6.0,2.0,2025-12-13 09:38:49.740769+00:00
12.6,8.9,78.0,0.0,0.0,280.0,13.0,22.2,1011.0,16.0,2.0,2025-12-13 09:38:49.740769+00:00
13.4,8.5,72.0,0.0,0.0,280.0,13.0,24.1,1011.0,28.0,2.0,2025-12-13 09:38:49.740769+00:00
14.9,7.9,63.0,0.0,0.0,280.0,14.8,27.8,1010.8,32.0,2.0,2025-12-13 09:38:49.740769+00:00
16.6,7.0,53.0,0.0,0.0,273.0,14.8,31.5,1010.5,31.0,2.0,2025-12-13 09:38:49.740769+00:00
18.2,6.4,46.0,0.0,0.0,270.0,16.7,35.2,1010.1,31.0,2.0,2025-12-13 09:38:49.740769+00:00
19.1,5.2,40.0,0.0,0.0,271.0,18.5,38.9,1010.3,29.0,2.0,2025-12-13 09:38:49.740769+00:00
19.8,5.4,39.0,0.0,0.0,268.0,18.5,42.6,1009.7,30.0,2.0,2025-12-13 09:38:49.740769+00:00
20.3,5.5,38.0,0.0,0.0,269.0,20.4,44.5,1009.0,31.0,2.0,2025-12-13 09:38:49.740769+00:00
20.6,5.4,37.0,0.0,0.0,269.0,20.4,44.5,1008.4,33.0,2.0,2025-12-13 09:38:49.740769+00:00
20.8,5.6,37.0,0.0,0.0,273.0,20.4,46.3,1007.9,32.0,2.0,2025-12-13 09:38:49.740769+00:00
20.4,5.6,38.0,0.0,0.0,274.0,22.2,46.3,1007.6,35.0,2.0,2025-12-13 09:38:49.740769+00:00
20.8,5.6,37.0,0.0,0.0,279.0,20.4,44.5,1007.1,41.0,2.0,2025-12-13 09:38:49.740769+00:00
19.2,5.3,40.0,0.0,0.0,278.0,18.5,42.6,1006.8,35.0,2.0,2025-12-13 09:38:49.740769+00:00
18.1,5.3,43.0,0.0,0.0,279.0,16.7,35.2,1006.6,24.0,2.0,2025-12-13 09:38:49.740769+00:00
16.8,5.1,46.0,0.0,0.0,279.0,14.8,31.5,1006.8,14.0,2.0,2025-12-13 09:38:49.740769+00:00
15.3,5.5,52.0,0.0,0.0,282.0,14.8,29.6,1007.0,6.0,2.0,2025-12-13 09:38:49.740769+00:00
14.1,5.5,56.0,0.0,0.0,288.0,14.8,27.8,1007.2,0.0,2.0,2025-12-13 09:38:49.740769+00:00
14.0,5.6,57.0,0.0,0.0,295.0,14.8,29.6,1007.5,0.0,2.0,2025-12-13 09:38:49.740769+00:00
12.6,5.3,61.0,0.0,0.0,292.0,14.8,29.6,1007.7,0.0,3.0,2025-12-13 09:38:49.740769+00:00
11.5,5.1,65.0,0.0,0.0,292.0,14.8,29.6,1007.9,0.0,3.0,2025-12-13 09:38:49.740769+00:00
10.6,4.9,68.0,0.0,0.0,291.0,14.8,29.6,1007.7,0.0,3.0,2025-12-13 09:38:49.740769+00:00
9.9,5.1,72.0,0.0,0.0,293.0,14.8,29.6,1007.6,0.0,3.0,2025-12-13 09:38:49.740769+00:00
9.4,5.4,76.0,0.0,0.0,292.0,16.7,29.6,1007.4,0.0,3.0,2025-12-13 09:38:49.740769+00:00
9.4,5.6,77.0,0.0,0.0,295.0,14.8,31.5,1008.0,3.0,3.0,2025-12-13 09:38:49.740769+00:00
9.9,5.7,75.0,0.0,0.0,293.0,14.8,31.5,1008.2,7.0,3.0,2025-12-13 09:38:49.740769+00:00
10.4,5.4,71.0,0.0,0.0,290.0,16.7,33.3,1008.5,9.0,3.0,2025-12-13 09:38:49.740769+00:00
11.3,5.0,65.0,0.0,0.0,283.0,16.7,35.2,1008.5,9.0,3.0,2025-12-13 09:38:49.740769+00:00
12.0,4.5,60.0,0.0,0.0,278.0,18.5,38.9,1008.5,10.0,3.0,2025-12-13 09:38:49.740769+00:00
12.6,3.8,55.0,0.0,0.0,272.0,18.5,40.8,1008.4,11.0,4.0,2025-12-13 09:38:49.740769+00:00
13.4,3.2,50.0,0.0,0.0,272.0,18.5,40.8,1008.6,7.0,4.0,2025-12-13 09:38:49.740769+00:00
13.6,3.1,49.0,0.0,0.0,272.0,20.4,42.6,1008.6,7.0,3.0,2025-12-13 09:38:49.740769+00:00
13.9,2.8,47.0,0.0,0.0,270.0,20.4,46.3,1008.5,10.0,3.0,2025-12-13 09:38:49.740769+00:00
14.2,2.1,44.0,0.0,0.0,272.0,20.4,46.3,1008.5,11.0,3.0,2025-12-13 09:38:49.740769+00:00
14.6,1.8,42.0,0.0,0.0,277.0,22.2,50.0,1008.4,13.0,3.0,2025-12-13 09:38:49.740769+00:00
13.8,1.8,44.0,0.0,0.0,283.0,24.1,51.8,1008.5,17.0,2.0,2025-12-13 09:38:49.740769+00:00
13.6,1.3,43.0,0.0,0.0,285.0,24.1,50.0,1009.0,26.0,2.0,2025-12-13 09:38:49.740769+00:00
11.8,0.9,47.0,0.0,0.0,289.0,24.1,50.0,1009.5,27.0,2.0,2025-12-13 09:38:49.740769+00:00
10.5,0.8,51.0,0.0,0.0,289.0,20.4,46.3,1010.1,23.0,2.0,2025-12-13 09:38:49.740769+00:00
9.4,1.3,57.0,0.0,0.0,290.0,18.5,40.8,1010.8,16.0,2.0,2025-12-13 09:38:49.740769+00:00
8.1,1.7,64.0,0.0,0.0,285.0,16.7,37.0,1011.3,8.0,2.0,2025-12-13 09:38:49.740769+00:00
7.3,2.4,71.0,0.0,0.0,284.0,14.8,31.5,1011.8,0.0,2.0,2025-12-13 09:38:49.740769+00:00
8.2,1.8,64.0,0.0,0.0,275.0,14.8,27.8,1012.3,0.0,2.0,2025-12-13 09:38:49.740769+00:00
7.6,1.9,67.0,0.0,0.0,271.0,13.0,25.9,1012.4,0.0,2.0,2025-12-13 09:38:49.740769+00:00
7.1,2.0,70.0,0.0,0.0,264.0,13.0,24.1,1012.4,0.0,2.0,2025-12-13 09:38:49.740769+00:00
6.6,2.1,73.0,0.0,0.0,258.0,13.0,24.1,1012.4,0.0,2.0,2025-12-13 09:38:49.740769+00:00
6.0,1.9,75.0,0.0,0.0,258.0,13.0,24.1,1012.3,0.0,1.0,2025-12-13 09:38:49.740769+00:00
5.6,2.1,78.0,0.0,0.0,254.0,13.0,24.1,1012.3,0.0,2.0,2025-12-13 09:38:49.740769+00:00
6.2,1.9,74.0,0.0,0.0,251.0,13.0,25.9,1012.5,12.0,2.0,2025-12-13 09:38:49.740769+00:00
7.5,2.6,71.0,0.0,0.0,250.0,13.0,25.9,1012.6,24.0,2.0,2025-12-13 09:38:49.740769+00:00
8.6,2.8,67.0,0.0,0.0,254.0,13.0,29.6,1012.8,25.0,2.0,2025-12-13 09:38:49.740769+00:00
9.5,2.8,63.0,0.0,0.0,257.0,14.8,31.5,1012.8,21.0,2.0,2025-12-13 09:38:49.740769+00:00
10.0,3.3,63.0,0.0,0.0,260.0,14.8,33.3,1012.8,16.0,3.0,2025-12-13 09:38:49.740769+00:00
10.2,3.5,63.0,0.0,0.0,262.0,14.8,35.2,1012.9,13.0,3.0,2025-12-13 09:38:49.740769+00:00
10.4,3.2,61.0,0.1,0.0,266.0,16.7,37.0,1013.4,3.0,4.0,2025-12-13 09:38:49.740769+00:00
10.4,3.2,61.0,0.0,0.0,263.0,16.7,37.0,1013.4,3.0,17.0,2025-12-13 09:38:49.740769+00:00
10.6,3.4,61.0,0.0,0.0,263.0,14.8,37.0,1013.6,3.0,17.0,2025-12-13 09:38:49.740769+00:00
10.8,3.3,60.0,0.3,0.0,263.0,14.8,37.0,1013.6,6.0,17.0,2025-12-13 09:38:49.740769+00:00
11.2,3.7,60.0,0.0,0.0,267.0,14.8,35.2,1013.6,11.0,17.0,2025-12-13 09:38:49.740769+00:00
11.2,3.7,60.0,0.0,0.0,269.0,13.0,35.2,1013.7,17.0,17.0,2025-12-13 09:38:49.740769+00:00
11.5,3.8,59.0,0.1,0.0,271.0,13.0,31.5,1013.9,17.0,17.0,2025-12-13 09:38:49.740769+00:00
11.4,3.7,59.0,0.1,0.0,265.0,11.1,29.6,1014.2,22.0,2.0,2025-12-13 09:38:49.740769+00:00
10.8,3.8,62.0,0.0,0.0,257.0,11.1,25.9,1014.3,22.0,2.0,2025-12-13 09:38:49.740769+00:00
10.1,3.6,64.0,0.0,0.0,249.0,9.3,22.2,1014.6,17.0,2.0,2025-12-13 09:38:49.740769+00:00
9.1,3.7,69.0,0.0,0.0,239.0,9.3,20.4,1015.0,8.0,2.0,2025-12-13 09:38:49.740769+00:00
8.0,4.0,76.0,0.0,0.0,232.0,11.1,18.5,1015.1,0.0,2.0,2025-12-13 09:38:49.740769+00:00
7.6,5.1,84.0,0.0,0.0,240.0,11.1,16.7,1015.2,0.0,2.0,2025-12-13 09:38:49.740769+00:00
7.1,5.1,87.0,0.0,0.0,239.0,11.1,18.5,1015.4,0.0,2.0,2025-12-13 09:38:49.740769+00:00
6.8,5.3,90.0,0.0,0.0,240.0,11.1,20.4,1015.4,0.0,2.0,2025-12-13 09:38:49.740769+00:00
6.4,5.4,93.0,0.0,0.0,243.0,11.1,20.4,1015.5,0.0,3.0,2025-12-13 09:38:49.740769+00:00
6.2,5.3,94.0,0.0,0.0,249.0,11.1,20.4,1015.6,0.0,3.0,2025-12-13 09:38:49.740769+00:00
6.0,5.4,96.0,0.0,0.0,248.0,11.1,20.4,1015.7,0.0,2.0,2025-12-13 09:38:49.740769+00:00
6.5,5.5,93.0,0.0,0.0,244.0,11.1,20.4,1015.9,7.0,3.0,2025-12-13 09:38:49.740769+00:00
7.9,5.9,87.0,0.0,0.0,250.0,11.1,20.4,1016.1,14.0,3.0,2025-12-13 09:38:49.740769+00:00
9.3,5.8,79.0,0.0,0.0,253.0,11.1,22.2,1016.4,19.0,3.0,2025-12-13 09:38:49.740769+00:00
10.8,5.5,70.0,0.0,0.0,254.0,13.0,24.1,1016.4,20.0,3.0,2025-12-13 09:38:49.740769+00:00
11.7,5.1,64.0,0.0,0.0,256.0,13.0,27.8,1016.4,20.0,3.0,2025-12-13 09:38:49.740769+00:00
12.8,4.5,57.0,0.0,0.0,257.0,14.8,29.6,1016.4,22.0,3.0,2025-12-13 09:38:49.740769+00:00
13.2,3.8,53.0,0.0,0.0,255.0,14.8,31.5,1016.3,16.0,3.0,2025-12-13 09:38:49.740769+00:00
13.8,3.6,50.0,0.0,0.0,250.0,14.8,33.3,1016.1,12.0,3.0,2025-12-13 09:38:49.740769+00:00
14.5,3.6,48.0,0.0,0.0,245.0,14.8,33.3,1015.8,11.0,3.0,2025-12-13 09:38:49.740769+00:00
15.0,3.5,46.0,0.0,0.0,243.0,14.8,33.3,1015.6,12.0,3.0,2025-12-13 09:38:49.740769+00:00
15.6,3.4,44.0,0.0,0.0,240.0,14.8,33.3,1015.2,15.0,3.0,2025-12-13 09:38:49.740769+00:00
15.8,3.2,43.0,0.0,0.0,236.0,13.0,31.5,1014.9,15.0,3.0,2025-12-13 09:38:49.740769+00:00
16.4,3.1,41.0,0.0,0.0,230.0,13.0,29.6,1014.7,18.0,3.0,2025-12-13 09:38:49.740769+00:00
15.6,3.4,44.0,0.0,0.0,225.0,13.0,29.6,1014.6,16.0,3.0,2025-12-13 09:38:49.740769+00:00
15.1,3.9,47.0,0.0,0.0,218.0,13.0,25.9,1014.5,10.0,3.0,2025-12-13 09:38:49.740769+00:00
14.3,4.3,51.0,0.0,0.0,214.0,11.1,24.1,1014.5,6.0,3.0,2025-12-13 09:38:49.740769+00:00
13.1,5.0,58.0,0.0,0.0,210.0,11.1,22.2,1014.7,2.0,3.0,2025-12-13 09:38:49.740769+00:00
12.0,5.4,64.0,0.0,0.0,201.0,11.1,18.5,1014.7,0.0,3.0,2025-12-13 09:38:49.740769+00:00
12.9,5.6,61.0,0.0,0.0,194.0,11.1,20.4,1014.3,0.0,4.0,2025-12-13 09:38:49.740769+00:00
12.2,5.6,64.0,0.0,0.0,193.0,11.1,20.4,1014.1,0.0,3.0,2025-12-13 09:38:49.740769+00:00
11.6,5.9,68.0,0.0,0.0,188.0,13.0,20.4,1013.8,0.0,3.0,2025-12-13 09:38:49.740769+00:00
11.3,5.8,69.0,0.0,0.0,186.0,13.0,20.4,1013.4,0.0,3.0,2025-12-13 09:38:49.740769+00:00
11.0,5.7,70.0,0.0,0.0,185.0,13.0,22.2,1013.0,0.0,4.0,2025-12-13 09:38:49.740769+00:00
10.9,5.8,71.0,0.0,0.0,182.0,14.8,24.1,1012.6,0.0,4.0,2025-12-13 09:38:49.740769+00:00
11.3,6.0,70.0,0.0,0.0,184.0,14.8,25.9,1012.2,0.0,4.0,2025-12-13 09:38:49.740769+00:00
12.1,6.6,69.0,0.0,0.0,190.0,14.8,27.8,1011.7,1.0,4.0,2025-12-13 09:38:49.740769+00:00
12.9,6.9,67.0,0.0,0.0,192.0,14.8,29.6,1011.4,1.0,7.0,2025-12-13 09:38:49.740769+00:00
13.4,7.4,67.0,0.0,0.0,194.0,14.8,31.5,1011.1,0.0,7.0,2025-12-13 09:38:49.740769+00:00
13.2,8.1,71.0,0.0,0.0,197.0,16.7,33.3,1011.1,0.0,7.0,2025-12-13 09:38:49.740769+00:00
13.4,9.1,75.0,0.0,0.0,199.0,16.7,33.3,1010.9,0.0,7.0,2025-12-13 09:38:49.740769+00:00
13.6,9.8,78.0,0.0,0.0,202.0,16.7,33.3,1010.8,0.0,7.0,2025-12-13 09:38:49.740769+00:00
13.9,10.3,79.0,0.0,0.0,207.0,16.7,33.3,1010.7,0.0,7.0,2025-12-13 09:38:49.740769+00:00
14.3,11.1,81.0,0.3,0.0,208.0,16.7,33.3,1010.2,0.0,7.0,2025-12-13 09:38:49.740769+00:00
14.4,11.5,83.0,0.6,0.0,207.0,16.7,31.5,1010.3,0.0,7.0,2025-12-13 09:38:49.740769+00:00
14.5,12.4,87.0,0.4,0.0,207.0,14.8,31.5,1010.2,0.0,7.0,2025-12-13 09:38:49.740769+00:00
14.6,12.6,88.0,0.3,0.0,206.0,14.8,29.6,1009.9,0.0,8.0,2025-12-13 09:38:49.740769+00:00
14.5,12.9,90.0,0.2,0.0,204.0,14.8,29.6,1009.9,0.0,7.0,2025-12-13 09:38:49.740769+00:00
14.6,13.0,90.0,1.2,0.0,201.0,14.8,27.8,1009.6,0.0,7.0,2025-12-13 09:38:49.740769+00:00
14.4,13.3,93.0,0.0,0.0,201.0,13.0,27.8,1009.6,1.0,7.0,2025-12-13 09:38:49.740769+00:00
14.4,13.4,94.0,0.0,0.0,203.0,13.0,25.9,1009.8,1.0,7.0,2025-12-13 09:38:49.740769+00:00
13.7,13.4,98.0,0.0,0.0,206.0,13.0,24.1,1010.0,1.0,7.0,2025-12-13 09:38:49.740769+00:00
13.3,13.3,100.0,0.0,0.0,217.0,13.0,24.1,1010.3,0.0,7.0,2025-12-13 09:38:49.740769+00:00
13.6,13.6,100.0,0.0,0.0,232.0,13.0,22.2,1010.2,0.0,3.0,2025-12-13 09:38:49.740769+00:00
13.3,13.3,100.0,0.0,0.0,245.0,11.1,22.2,1010.3,0.0,3.0,2025-12-13 09:38:49.740769+00:00
13.0,13.0,100.0,0.0,0.0,258.0,11.1,22.2,1010.4,0.0,3.0,2025-12-13 09:38:49.740769+00:00
12.7,12.7,100.0,0.0,0.0,270.0,11.1,20.4,1010.8,0.0,3.0,2025-12-13 09:38:49.740769+00:00
12.4,12.2,99.0,2.4,0.0,282.0,11.1,20.4,1011.2,0.0,3.0,2025-12-13 09:38:49.740769+00:00
12.2,12.0,99.0,0.0,0.0,284.0,11.1,20.4,1011.7,1.0,3.0,2025-12-13 09:38:49.740769+00:00
11.8,11.8,100.0,0.0,0.0,290.0,11.1,20.4,1012.0,2.0,3.0,2025-12-13 09:38:49.740769+00:00
12.5,11.6,94.0,0.0,0.0,294.0,11.1,22.2,1012.6,6.0,3.0,2025-12-13 09:38:49.740769+00:00
13.1,11.3,89.0,0.0,0.0,297.0,11.1,24.1,1013.3,14.0,4.0,2025-12-13 09:38:49.740769+00:00
14.0,10.6,80.0,0.0,0.0,298.0,13.0,24.1,1013.8,16.0,3.0,2025-12-13 09:38:49.740769+00:00
15.0,9.8,71.0,0.0,0.0,297.0,13.0,25.9,1014.2,17.0,3.0,2025-12-13 09:38:49.740769+00:00
15.9,9.1,64.0,0.0,0.0,294.0,13.0,27.8,1014.6,19.0,3.0,2025-12-13 09:38:49.740769+00:00
16.4,7.9,57.0,0.0,0.0,295.0,14.8,29.6,1014.8,15.0,3.0,2025-12-13 09:38:49.740769+00:00
17.1,7.4,53.0,0.0,0.0,293.0,14.8,31.5,1014.8,13.0,3.0,2025-12-13 09:38:49.740769+00:00
17.7,7.1,50.0,0.0,0.0,290.0,14.8,31.5,1014.8,13.0,3.0,2025-12-13 09:38:49.740769+00:00
18.2,6.7,47.0,0.0,0.0,284.0,14.8,31.5,1014.9,14.0,3.0,2025-12-13 09:38:49.740769+00:00
18.4,6.9,47.0,0.0,0.0,284.0,14.8,31.5,1014.9,16.0,3.0,2025-12-13 09:38:49.740769+00:00
18.4,6.9,47.0,0.0,0.0,282.0,14.8,31.5,1014.9,20.0,3.0,2025-12-13 09:38:49.740769+00:00
18.7,7.2,47.0,0.0,0.0,281.0,14.8,31.5,1014.9,23.0,3.0,2025-12-13 09:38:49.740769+00:00
17.7,7.1,50.0,0.0,0.0,286.0,13.0,29.6,1015.2,21.0,2.0,2025-12-13 09:38:49.740769+00:00
16.7,7.6,55.0,0.0,0.0,288.0,11.1,25.9,1015.6,18.0,2.0,2025-12-13 09:38:49.740769+00:00
15.6,8.1,61.0,0.0,0.0,286.0,9.3,22.2,1016.2,12.0,2.0,2025-12-13 09:38:49.740769+00:00
14.2,8.6,69.0,0.0,0.0,280.0,9.3,18.5,1016.8,6.0,2.0,2025-12-13 09:38:49.740769+00:00
12.8,9.1,78.0,0.0,0.0,276.0,9.3,16.7,1017.2,0.0,2.0,2025-12-13 09:38:49.740769+00:00
12.8,9.1,78.0,0.0,0.0,272.0,9.3,14.8,1017.4,0.0,3.0,2025-12-13 09:38:49.740769+00:00
11.8,9.2,84.0,0.0,0.0,260.0,7.4,13.0,1017.6,0.0,2.0,2025-12-13 09:38:49.740769+00:00
11.0,9.1,88.0,0.0,0.0,242.0,9.3,13.0,1017.6,0.0,2.0,2025-12-13 09:38:49.740769+00:00
10.2,9.0,92.0,0.0,0.0,231.0,9.3,13.0,1017.6,0.0,2.0,2025-12-13 09:38:49.740769+00:00
9.5,8.7,95.0,0.0,0.0,222.0,9.3,14.8,1017.4,0.0,2.0,2025-12-13 09:38:49.740769+00:00
9.2,8.7,97.0,0.0,0.0,215.0,9.3,14.8,1017.3,0.0,2.0,2025-12-13 09:38:49.740769+00:00
10.1,8.5,90.0,0.0,0.0,204.0,9.3,14.8,1017.4,12.0,2.0,2025-12-13 09:38:49.740769+00:00
12.0,8.8,81.0,0.0,0.0,206.0,9.3,16.7,1017.4,23.0,2.0,2025-12-13 09:38:49.740769+00:00
14.1,8.9,71.0,0.0,0.0,213.0,11.1,20.4,1017.5,28.0,2.0,2025-12-13 09:38:49.740769+00:00
15.8,8.8,63.0,0.0,0.0,217.0,13.0,24.1,1017.4,29.0,2.0,2025-12-13 09:38:49.740769+00:00
17.1,8.2,56.0,0.0,0.0,225.0,14.8,29.6,1017.2,28.0,3.0,2025-12-13 09:38:49.740769+00:00
18.2,7.6,50.0,0.0,0.0,229.0,16.7,33.3,1017.0,24.0,3.0,2025-12-13 09:38:49.740769+00:00
19.4,7.5,46.0,0.0,0.0,229.0,16.7,35.2,1016.9,16.0,3.0,2025-12-13 09:38:49.740769+00:00
19.4,7.5,46.0,0.0,0.0,227.0,18.5,37.0,1016.8,8.0,3.0,2025-12-13 09:38:49.740769+00:00
19.5,7.6,46.0,0.0,0.0,225.0,18.5,38.9,1016.6,5.0,3.0,2025-12-13 09:38:49.740769+00:00
19.7,7.7,46.0,0.0,0.0,225.0,18.5,38.9,1016.5,4.0,3.0,2025-12-13 09:38:49.740769+00:00
19.9,7.9,46.0,0.0,0.0,225.0,18.5,40.8,1016.3,6.0,3.0,2025-12-13 09:38:49.740769+00:00
19.9,7.9,46.0,0.0,0.0,229.0,18.5,40.8,1016.1,8.0,3.0,2025-12-13 09:38:49.740769+00:00
20.0,7.7,45.0,0.0,0.0,228.0,18.5,38.9,1015.9,9.0,3.0,2025-12-13 09:38:49.740769+00:00
19.1,8.1,49.0,0.0,0.0,230.0,16.7,35.2,1015.6,6.0,3.0,2025-12-13 09:38:49.740769+00:00
18.4,8.6,53.0,0.0,0.0,226.0,14.8,31.5,1015.4,2.0,3.0,2025-12-13 09:38:49.740769+00:00
17.8,8.9,56.0,0.0,0.0,222.0,13.0,29.6,1015.1,0.0,4.0,2025-12-13 09:38:49.740769+00:00
17.0,9.4,61.0,0.0,0.0,216.0,13.0,27.8,1014.9,0.0,4.0,2025-12-13 09:38:49.740769+00:00
16.5,9.9,65.0,0.0,0.0,206.0,14.8,25.9,1014.6,0.0,4.0,2025-12-13 09:38:49.740769+00:00
16.6,10.2,66.0,0.0,0.0,204.0,14.8,27.8,1014.1,0.0,4.0,2025-12-13 09:38:49.740769+00:00
16.1,10.4,69.0,0.0,0.0,199.0,14.8,27.8,1013.6,0.0,7.0,2025-12-13 09:38:49.740769+00:00
15.7,10.7,72.0,0.0,0.0,199.0,14.8,27.8,1013.0,0.0,7.0,2025-12-13 09:38:49.740769+00:00
15.4,11.2,76.0,0.0,0.0,200.0,14.8,27.8,1012.4,0.0,7.0,2025-12-13 09:38:49.740769+00:00
15.0,11.6,80.0,0.1,0.0,205.0,16.7,29.6,1011.8,0.0,7.0,2025-12-13 09:38:49.740769+00:00
14.7,12.0,84.0,1.1,0.0,208.0,16.7,29.6,1011.3,0.0,7.0,2025-12-13 09:38:49.740769+00:00
14.7,12.6,87.0,0.3,0.0,209.0,16.7,29.6,1010.8,0.0,7.0,2025-12-13 09:38:49.740769+00:00
15.0,12.9,87.0,0.0,0.0,215.0,16.7,31.5,1010.6,0.0,7.0,2025-12-13 09:38:49.740769+00:00
15.2,12.9,86.0,0.0,0.0,220.0,16.7,31.5,1010.3,0.0,7.0,2025-12-13 09:38:49.740769+00:00
15.5,12.8,84.0,0.0,0.0,227.0,16.7,31.5,1010.0,0.0,7.0,2025-12-13 09:38:49.740769+00:00
16.1,12.8,81.0,1.5,0.0,234.0,16.7,33.3,1009.9,0.0,7.0,2025-12-13 09:38:49.740769+00:00
16.6,12.9,79.0,0.7,0.0,242.0,16.7,33.3,1009.8,0.0,7.0,2025-12-13 09:38:49.740769+00:00
17.0,12.9,77.0,0.0,0.0,243.0,16.7,35.2,1009.5,0.0,7.0,2025-12-13 09:38:49.740769+00:00
17.3,12.8,75.0,0.9,0.0,252.0,16.7,37.0,1009.5,0.0,7.0,2025-12-13 09:38:49.740769+00:00
17.6,12.7,73.0,0.1,0.0,259.0,16.7,38.9,1009.4,0.0,18.0,2025-12-13 09:38:49.740769+00:00
17.8,12.5,71.0,2.8,0.0,264.0,18.5,38.9,1009.3,0.0,18.0,2025-12-13 09:38:49.740769+00:00
17.7,12.8,73.0,0.2,0.0,272.0,18.5,40.8,1009.3,3.0,18.0,2025-12-13 09:38:49.740769+00:00
17.3,12.8,75.0,0.0,0.0,279.0,18.5,40.8,1009.4,6.0,18.0,2025-12-13 09:38:49.740769+00:00
16.8,12.9,78.0,0.0,0.0,287.0,16.7,40.8,1009.7,8.0,18.0,2025-12-13 09:38:49.740769+00:00
15.8,12.7,82.0,0.0,0.0,287.0,16.7,38.9,1010.1,8.0,18.0,2025-12-13 09:38:49.740769+00:00
15.0,12.5,85.0,0.0,0.0,290.0,16.7,37.0,1010.7,6.0,18.0,2025-12-13 09:38:49.740769+00:00
14.5,12.4,87.0,0.0,0.0,294.0,14.8,33.3,1011.5,4.0,7.0,2025-12-13 09:38:49.740769+00:00
13.8,12.2,90.0,0.0,0.0,301.0,14.8,31.5,1012.3,2.0,7.0,2025-12-13 09:38:49.740769+00:00
13.2,11.8,91.0,0.0,0.0,307.0,14.8,29.6,1013.1,0.0,7.0,2025-12-13 09:38:49.740769+00:00
13.1,11.5,90.0,0.0,0.0,311.0,16.7,29.6,1013.9,0.0,3.0,2025-12-13 09:38:49.740769+00:00
12.4,11.1,92.0,0.0,0.0,312.0,16.7,29.6,1014.6,0.0,3.0,2025-12-13 09:38:49.740769+00:00
11.8,10.5,92.0,0.0,0.0,312.0,16.7,31.5,1015.2,0.0,3.0,2025-12-13 09:38:49.740769+00:00
11.2,10.3,94.0,0.0,0.0,309.0,14.8,29.6,1016.0,0.0,2.0,2025-12-13 09:38:49.740769+00:00
10.7,9.8,94.0,0.0,0.0,307.0,14.8,29.6,1016.7,0.0,2.0,2025-12-13 09:38:49.740769+00:00
10.5,9.6,94.0,0.0,0.0,304.0,14.8,29.6,1017.4,4.0,2.0,2025-12-13 09:38:49.740769+00:00
10.6,9.4,92.0,0.0,0.0,304.0,14.8,27.8,1017.9,8.0,2.0,2025-12-13 09:38:49.740769+00:00
11.4,9.7,89.0,0.0,0.0,303.0,14.8,29.6,1018.8,17.0,2.0,2025-12-13 09:38:49.740769+00:00
12.2,9.4,83.0,0.0,0.0,304.0,16.7,29.6,1019.6,22.0,2.0,2025-12-13 09:38:49.740769+00:00
13.0,8.9,76.0,0.0,0.0,302.0,16.7,31.5,1020.1,22.0,2.0,2025-12-13 09:38:49.740769+00:00
13.8,8.2,69.0,0.0,0.0,299.0,16.7,33.3,1020.4,21.0,3.0,2025-12-13 09:38:49.740769+00:00
14.6,7.9,64.0,0.0,0.0,295.0,16.7,35.2,1020.6,19.0,3.0,2025-12-13 09:38:49.740769+00:00
15.1,7.4,60.0,0.0,0.0,296.0,16.7,35.2,1020.8,16.0,3.0,2025-12-13 09:38:49.740769+00:00
15.6,7.1,57.0,0.0,0.0,292.0,16.7,35.2,1020.7,13.0,3.0,2025-12-13 09:38:49.740769+00:00
16.1,6.8,54.0,0.0,0.0,290.0,16.7,35.2,1020.7,13.0,3.0,2025-12-13 09:38:49.740769+00:00
16.5,6.6,52.0,0.0,0.0,288.0,16.7,35.2,1020.5,14.0,3.0,2025-12-13 09:38:49.740769+00:00
16.8,6.3,50.0,0.0,0.0,287.0,14.8,35.2,1020.4,18.0,3.0,2025-12-13 09:38:49.740769+00:00
17.0,6.2,49.0,0.0,0.0,285.0,14.8,33.3,1020.2,19.0,3.0,2025-12-13 09:38:49.740769+00:00
17.5,6.1,47.0,0.0,0.0,283.0,14.8,31.5,1019.7,18.0,3.0,2025-12-13 09:38:49.740769+00:00
16.9,6.1,49.0,0.0,0.0,281.0,13.0,27.8,1019.5,16.0,3.0,2025-12-13 09:38:49.740769+00:00
16.2,6.6,53.0,0.0,0.0,274.0,11.1,24.1,1019.4,9.0,3.0,2025-12-13 09:38:49.740769+00:00
15.6,7.1,57.0,0.0,0.0,268.0,11.1,22.2,1019.3,3.0,3.0,2025-12-13 09:38:49.740769+00:00
14.9,7.9,63.0,0.0,0.0,257.0,11.1,22.2,1019.3,1.0,3.0,2025-12-13 09:38:49.740769+00:00
14.4,8.6,68.0,0.0,0.0,249.0,13.0,22.2,1019.2,0.0,4.0,2025-12-13 09:38:49.740769+00:00
14.4,9.4,72.0,0.0,0.0,239.0,9.3,18.5,1019.0,0.0,4.0,2025-12-13 09:38:49.740769+00:00
14.3,9.9,75.0,0.0,0.0,220.0,11.1,18.5,1018.6,0.0,7.0,2025-12-13 09:38:49.740769+00:00
14.2,10.4,78.0,0.1,0.0,217.0,11.1,20.4,1018.2,0.0,7.0,2025-12-13 09:38:49.740769+00:00
14.0,11.2,83.0,0.7,0.0,220.0,11.1,22.2,1017.8,0.0,7.0,2025-12-13 09:38:49.740769+00:00
13.9,11.8,87.0,1.2,0.0,230.0,11.1,22.2,1017.4,0.0,7.0,2025-12-13 09:38:49.740769+00:00
14.2,12.6,90.0,0.3,0.0,240.0,13.0,24.1,1017.2,1.0,7.0,2025-12-13 09:38:49.740769+00:00
14.3,13.0,92.0,0.0,0.0,248.0,14.8,27.8,1017.0,0.0,7.0,2025-12-13 09:38:49.740769+00:00
15.4,13.4,88.0,0.1,0.0,262.0,14.8,31.5,1017.2,0.0,7.0,2025-12-13 09:38:49.740769+00:00
16.3,13.8,85.0,0.0,0.0,268.0,16.7,33.3,1017.4,0.0,7.0,2025-12-13 09:38:49.740769+00:00
17.1,13.8,81.0,0.0,0.0,273.0,16.7,35.2,1017.5,0.0,4.0,2025-12-13 09:38:49.740769+00:00
18.1,13.8,76.0,0.0,0.0,273.0,18.5,37.0,1017.7,3.0,4.0,2025-12-13 09:38:49.740769+00:00
18.8,13.9,73.0,0.0,0.0,271.0,18.5,37.0,1017.8,4.0,4.0,2025-12-13 09:38:49.740769+00:00
19.7,13.8,69.0,0.0,0.0,273.0,18.5,38.9,1017.8,3.0,4.0,2025-12-13 09:38:49.740769+00:00
20.6,14.0,66.0,0.0,0.0,274.0,18.5,38.9,1017.7,4.0,4.0,2025-12-13 09:38:49.740769+00:00
21.4,13.8,62.0,0.0,0.0,273.0,18.5,40.8,1017.6,5.0,3.0,2025-12-13 09:38:49.740769+00:00
22.0,13.6,59.0,0.0,0.0,273.0,18.5,38.9,1017.4,10.0,3.0,2025-12-13 09:38:49.740769+00:00
22.4,13.7,58.0,0.0,0.0,273.0,18.5,38.9,1017.2,17.0,3.0,2025-12-13 09:38:49.740769+00:00
22.8,13.3,55.0,0.0,0.0,273.0,18.5,38.9,1017.1,20.0,3.0,2025-12-13 09:38:49.740769+00:00
22.7,13.2,55.0,0.0,0.0,276.0,16.7,37.0,1017.0,20.0,2.0,2025-12-13 09:38:49.740769+00:00
22.3,13.1,56.0,0.0,0.0,277.0,14.8,35.2,1017.0,24.0,2.0,2025-12-13 09:38:49.740769+00:00
21.5,13.1,59.0,0.0,0.0,278.0,13.0,31.5,1017.2,22.0,2.0,2025-12-13 09:38:49.740769+00:00
20.4,13.6,65.0,0.0,0.0,280.0,13.0,27.8,1017.3,15.0,2.0,2025-12-13 09:38:49.740769+00:00
19.2,13.8,71.0,0.0,0.0,280.0,13.0,24.1,1017.5,7.0,2.0,2025-12-13 09:38:49.740769+00:00
17.9,13.8,77.0,0.0,0.0,280.0,11.1,22.2,1017.7,0.0,2.0,2025-12-13 09:38:49.740769+00:00
17.3,14.2,82.0,0.0,0.0,277.0,11.1,18.5,1017.9,0.0,2.0,2025-12-13 09:38:49.740769+00:00
16.5,14.1,86.0,0.0,0.0,281.0,9.3,16.7,1018.1,0.0,2.0,2025-12-13 09:38:49.740769+00:00
15.8,14.0,89.0,0.0,0.0,281.0,9.3,14.8,1018.2,0.0,2.0,2025-12-13 09:38:49.740769+00:00
15.0,13.9,93.0,0.0,0.0,281.0,9.3,14.8,1018.4,0.0,2.0,2025-12-13 09:38:49.740769+00:00
14.3,13.7,96.0,0.0,0.0,281.0,7.4,13.0,1018.5,0.0,2.0,2025-12-13 09:38:49.740769+00:00
14.1,13.6,97.0,0.0,0.0,273.0,7.4,13.0,1018.7,3.0,2.0,2025-12-13 09:38:49.740769+00:00
14.1,13.3,95.0,0.0,0.0,278.0,5.5,11.1,1018.8,7.0,2.0,2025-12-13 09:38:49.740769+00:00
15.7,13.9,89.0,0.0,0.0,266.0,5.5,11.1,1018.9,15.0,2.0,2025-12-13 09:38:49.740769+00:00
17.4,13.9,80.0,0.0,0.0,268.0,5.5,11.1,1018.9,19.0,3.0,2025-12-13 09:38:49.740769+00:00
18.9,13.9,73.0,0.0,0.0,260.0,5.5,13.0,1018.8,20.0,3.0,2025-12-13 09:38:49.740769+00:00
19.9,13.4,66.0,0.0,0.0,264.0,5.5,14.8,1018.7,23.0,3.0,2025-12-13 09:38:49.740769+00:00
21.0,13.2,61.0,0.0,0.0,271.0,7.4,18.5,1018.6,24.0,3.0,2025-12-13 09:38:49.740769+00:00
22.0,13.6,59.0,0.0,0.0,272.0,7.4,18.5,1018.2,21.0,3.0,2025-12-13 09:38:49.740769+00:00
22.6,13.4,56.0,0.0,0.0,279.0,9.3,22.2,1017.9,17.0,3.0,2025-12-13 09:38:49.740769+00:00
23.3,13.7,55.0,0.0,0.0,279.0,9.3,24.1,1017.5,17.0,3.0,2025-12-13 09:38:49.740769+00:00
23.7,13.5,53.0,0.0,0.0,282.0,9.3,24.1,1017.2,20.0,3.0,2025-12-13 09:38:49.740769+00:00
24.0,13.8,53.0,0.0,0.0,287.0,9.3,24.1,1016.9,24.0,3.0,2025-12-13 09:38:49.740769+00:00
24.1,13.6,52.0,0.0,0.0,293.0,9.3,22.2,1016.6,26.0,3.0,2025-12-13 09:38:49.740769+00:00
24.2,13.4,51.0,0.0,0.0,304.0,7.4,20.4,1016.5,25.0,3.0,2025-12-13 09:38:49.740769+00:00
23.2,13.4,54.0,0.0,0.0,317.0,7.4,18.5,1016.6,21.0,3.0,2025-12-13 09:38:49.740769+00:00
22.0,13.9,60.0,0.0,0.0,326.0,7.4,18.5,1016.7,13.0,3.0,2025-12-13 09:38:49.740769+00:00
20.7,14.1,66.0,0.0,0.0,358.0,9.3,16.7,1016.6,7.0,3.0,2025-12-13 09:38:49.740769+00:00
19.1,14.4,74.0,0.0,0.0,67.0,7.4,14.8,1016.5,2.0,3.0,2025-12-13 09:38:49.740769+00:00
18.0,14.5,80.0,0.0,0.0,93.0,9.3,16.7,1016.4,0.0,2.0,2025-12-13 09:38:49.740769+00:00
17.7,14.2,80.0,0.0,0.0,101.0,11.1,18.5,1016.5,0.0,3.0,2025-12-13 09:38:49.740769+00:00
17.0,14.1,83.0,0.0,0.0,108.0,11.1,18.5,1016.3,0.0,3.0,2025-12-13 09:38:49.740769+00:00
16.5,14.0,85.0,0.0,0.0,112.0,11.1,18.5,1015.9,0.0,2.0,2025-12-13 09:38:49.740769+00:00
16.1,13.8,86.0,0.0,0.0,118.0,9.3,18.5,1015.6,0.0,2.0,2025-12-13 09:38:49.740769+00:00
15.7,13.7,88.0,0.0,0.0,117.0,9.3,18.5,1015.2,0.0,2.0,2025-12-13 09:38:49.740769+00:00
15.7,13.9,89.0,0.0,0.0,129.0,9.3,18.5,1014.9,1.0,3.0,2025-12-13 09:38:49.740769+00:00
15.4,13.9,91.0,0.0,0.0,136.0,9.3,18.5,1014.7,3.0,3.0,2025-12-13 09:38:49.740769+00:00
16.9,14.9,88.0,0.0,0.0,145.0,9.3,18.5,1014.4,10.0,3.0,2025-12-13 09:38:49.740769+00:00
18.4,15.3,82.0,0.0,0.0,163.0,9.3,18.5,1014.1,13.0,3.0,2025-12-13 09:38:49.740769+00:00
19.4,15.7,79.0,0.0,0.0,180.0,7.4,18.5,1013.9,15.0,3.0,2025-12-13 09:38:49.740769+00:00
20.2,15.8,76.0,0.0,0.0,202.0,7.4,18.5,1013.6,16.0,3.0,2025-12-13 09:38:49.740769+00:00
21.1,16.1,73.0,0.0,0.0,223.0,9.3,20.4,1013.4,15.0,3.0,2025-12-13 09:38:49.740769+00:00
23.1,15.7,63.0,0.0,0.0,232.0,9.3,24.1,1013.3,12.0,3.0,2025-12-13 09:38:49.740769+00:00
24.2,15.4,58.0,0.0,0.0,230.0,11.1,27.8,1012.7,10.0,3.0,2025-12-13 09:38:49.740769+00:00
24.3,15.2,57.0,0.0,0.0,227.0,13.0,29.6,1012.0,10.0,3.0,2025-12-13 09:38:49.740769+00:00
24.1,15.0,57.0,0.0,0.0,234.0,14.8,31.5,1011.9,10.0,18.0,2025-12-13 09:38:49.740769+00:00
23.4,15.2,60.0,0.0,0.0,242.0,13.0,33.3,1011.8,13.0,17.0,2025-12-13 09:38:49.740769+00:00
22.4,15.5,65.0,0.0,0.0,249.0,14.8,33.3,1011.7,14.0,25.0,2025-12-13 09:38:49.740769+00:00
22.8,15.4,63.0,0.0,0.0,245.0,14.8,33.3,1011.2,12.0,25.0,2025-12-13 09:38:49.740769+00:00
21.1,15.6,71.0,0.0,0.0,244.0,13.0,31.5,1011.1,8.0,25.0,2025-12-13 09:38:49.740769+00:00
19.9,16.1,79.0,0.0,0.0,241.0,13.0,29.6,1011.0,3.0,25.0,2025-12-13 09:38:49.740769+00:00
19.2,16.4,84.0,0.0,0.0,249.0,13.0,27.8,1011.2,0.0,7.0,2025-12-13 09:38:49.740769+00:00
18.3,16.6,90.0,0.0,0.0,258.0,13.0,27.8,1011.6,0.0,7.0,2025-12-13 09:38:49.740769+00:00
17.6,16.5,93.0,0.0,0.0,265.0,13.0,27.8,1012.1,0.0,7.0,2025-12-13 09:38:49.740769+00:00
17.1,15.6,91.0,0.0,0.0,269.0,13.0,25.9,1012.3,0.0,3.0,2025-12-13 09:38:49.740769+00:00
16.5,15.2,92.0,0.0,0.0,279.0,11.1,24.1,1012.8,0.0,3.0,2025-12-13 09:38:49.740769+00:00
16.0,14.9,93.0,0.0,0.0,286.0,11.1,20.4,1013.1,0.0,3.0,2025-12-13 09:38:49.740769+00:00
15.5,14.4,93.0,0.0,0.0,290.0,9.3,20.4,1013.4,0.0,3.0,2025-12-13 09:38:49.740769+00:00
15.0,13.5,91.0,0.0,0.0,290.0,9.3,18.5,1013.7,0.0,3.0,2025-12-13 09:38:49.740769+00:00
14.6,13.1,91.0,0.0,0.0,284.0,9.3,16.7,1013.9,1.0,3.0,2025-12-13 09:38:49.740769+00:00
14.7,13.1,90.0,0.0,0.0,282.0,7.4,16.7,1014.2,2.0,3.0,2025-12-13 09:38:49.740769+00:00
15.4,12.9,85.0,0.0,0.0,277.0,7.4,16.7,1014.5,6.0,3.0,2025-12-13 09:38:49.740769+00:00
16.1,12.6,80.0,0.0,0.0,272.0,7.4,16.7,1014.8,11.0,3.0,2025-12-13 09:38:49.740769+00:00
16.9,12.2,74.0,0.0,0.0,265.0,7.4,18.5,1015.0,13.0,3.0,2025-12-13 09:38:49.740769+00:00
17.8,11.8,68.0,0.0,0.0,261.0,9.3,22.2,1015.2,17.0,3.0,2025-12-13 09:38:49.740769+00:00
18.7,11.5,63.0,0.0,0.0,262.0,11.1,24.1,1015.3,19.0,3.0,2025-12-13 09:38:49.740769+00:00
19.0,11.1,60.0,0.0,0.0,258.0,11.1,25.9,1015.0,11.0,4.0,2025-12-13 09:38:49.740769+00:00
19.5,11.3,59.0,0.0,0.0,255.0,11.1,27.8,1014.7,9.0,3.0,2025-12-13 09:38:49.740769+00:00
20.1,11.3,57.0,0.0,0.0,254.0,13.0,29.6,1014.4,10.0,3.0,2025-12-13 09:38:49.740769+00:00
20.6,11.0,54.0,0.0,0.0,258.0,13.0,29.6,1014.0,13.0,3.0,2025-12-13 09:38:49.740769+00:00
20.9,10.7,52.0,1.4,0.0,264.0,13.0,29.6,1013.6,17.0,3.0,2025-12-13 09:38:49.740769+00:00
21.1,10.0,49.0,0.0,0.0,267.0,13.0,29.6,1013.4,21.0,3.0,2025-12-13 09:38:49.740769+00:00
21.2,10.1,49.0,0.0,0.0,267.0,13.0,29.6,1013.2,28.0,2.0,2025-12-13 09:38:49.740769+00:00
20.6,9.8,50.0,0.0,0.0,275.0,11.1,27.8,1013.3,28.0,2.0,2025-12-13 09:38:49.740769+00:00
19.6,9.8,53.0,0.0,0.0,283.0,11.1,24.1,1013.5,25.0,2.0,2025-12-13 09:38:49.740769+00:00
18.3,9.6,57.0,0.0,0.0,291.0,11.1,22.2,1014.0,17.0,2.0,2025-12-13 09:38:49.740769+00:00
16.6,9.8,64.0,0.0,0.0,295.0,11.1,20.4,1014.3,9.0,2.0,2025-12-13 09:38:49.740769+00:00
15.0,10.4,74.0,0.0,0.0,303.0,9.3,18.5,1014.6,0.0,2.0,2025-12-13 09:38:49.740769+00:00
15.0,10.8,76.0,0.0,0.0,307.0,9.3,16.7,1014.9,0.0,2.0,2025-12-13 09:38:49.740769+00:00
14.0,10.8,81.0,0.0,0.0,310.0,7.4,14.8,1015.0,0.0,2.0,2025-12-13 09:38:49.740769+00:00
13.3,10.8,85.0,0.0,0.0,301.0,9.3,14.8,1015.1,0.0,2.0,2025-12-13 09:38:49.740769+00:00
12.7,10.8,88.0,0.0,0.0,296.0,9.3,14.8,1015.1,0.0,2.0,2025-12-13 09:38:49.740769+00:00
12.1,10.7,91.0,0.0,0.0,299.0,9.3,14.8,1015.2,0.0,2.0,2025-12-13 09:38:49.740769+00:00
11.8,10.9,94.0,0.0,0.0,297.0,9.3,14.8,1015.3,6.0,2.0,2025-12-13 09:38:49.740769+00:00
12.0,10.7,92.0,0.0,0.0,298.0,7.4,14.8,1015.5,17.0,2.0,2025-12-13 09:38:49.740769+00:00
13.5,11.2,86.0,0.0,0.0,293.0,7.4,14.8,1015.6,30.0,2.0,2025-12-13 09:38:49.740769+00:00
15.1,11.1,77.0,0.0,0.0,287.0,7.4,14.8,1015.7,37.0,2.0,2025-12-13 09:38:49.740769+00:00
16.6,10.9,69.0,0.0,0.0,275.0,7.4,16.7,1015.6,39.0,2.0,2025-12-13 09:38:49.740769+00:00
17.9,10.0,60.0,0.0,0.0,265.0,7.4,18.5,1015.4,39.0,2.0,2025-12-13 09:38:49.740769+00:00
19.2,9.7,54.0,0.0,0.0,255.0,9.3,20.4,1015.2,39.0,2.0,2025-12-13 09:38:49.740769+00:00
20.6,8.9,47.0,0.0,0.0,244.0,9.3,24.1,1015.0,31.0,2.0,2025-12-13 09:38:49.740769+00:00
21.4,8.6,44.0,0.0,0.0,239.0,11.1,27.8,1014.5,27.0,2.0,2025-12-13 09:38:49.740769+00:00
22.3,8.4,41.0,0.0,0.0,235.0,11.1,27.8,1014.0,27.0,2.0,2025-12-13 09:38:49.740769+00:00
23.1,8.0,38.0,0.0,0.0,231.0,11.1,29.6,1013.3,27.0,2.0,2025-12-13 09:38:49.740769+00:00
23.5,8.0,37.0,0.0,0.0,225.0,11.1,29.6,1012.8,31.0,2.0,2025-12-13 09:38:49.740769+00:00
23.6,7.6,36.0,0.0,0.0,222.0,11.1,29.6,1012.3,33.0,2.0,2025-12-13 09:38:49.740769+00:00
23.9,7.5,35.0,0.0,0.0,214.0,13.0,27.8,1011.6,38.0,2.0,2025-12-13 09:38:49.740769+00:00
23.1,7.6,37.0,0.0,0.0,214.0,11.1,27.8,1011.2,39.0,2.0,2025-12-13 09:38:49.740769+00:00
21.8,8.3,42.0,0.0,0.0,207.0,11.1,24.1,1011.0,33.0,2.0,2025-12-13 09:38:49.740769+00:00
20.5,8.8,47.0,0.0,0.0,195.0,11.1,20.4,1010.9,22.0,2.0,2025-12-13 09:38:49.740769+00:00
18.6,9.4,55.0,0.0,0.0,179.0,9.3,18.5,1011.0,11.0,2.0,2025-12-13 09:38:49.740769+00:00
17.0,10.1,64.0,0.0,0.0,163.0,11.1,18.5,1010.9,0.0,2.0,2025-12-13 09:38:49.740769+00:00
17.1,10.2,64.0,0.0,0.0,162.0,11.1,18.5,1011.0,0.0,2.0,2025-12-13 09:38:49.740769+00:00
16.4,10.7,69.0,0.0,0.0,168.0,11.1,18.5,1010.8,0.0,2.0,2025-12-13 09:38:49.740769+00:00
15.7,11.1,74.0,0.0,0.0,173.0,11.1,18.5,1010.6,0.0,2.0,2025-12-13 09:38:49.740769+00:00
15.1,11.5,79.0,0.0,0.0,175.0,11.1,18.5,1010.3,0.0,2.0,2025-12-13 09:38:49.740769+00:00
14.7,11.7,82.0,0.0,0.0,177.0,13.0,18.5,1010.0,0.0,2.0,2025-12-13 09:38:49.740769+00:00
14.6,12.1,85.0,0.0,0.0,182.0,11.1,20.4,1009.8,5.0,2.0,2025-12-13 09:38:49.740769+00:00
14.9,12.2,84.0,0.0,0.0,181.0,11.1,20.4,1009.7,15.0,2.0,2025-12-13 09:38:49.740769+00:00
16.5,12.8,79.0,0.0,0.0,191.0,11.1,20.4,1009.6,26.0,2.0,2025-12-13 09:38:49.740769+00:00
18.3,13.4,73.0,0.0,0.0,200.0,11.1,22.2,1009.5,31.0,2.0,2025-12-13 09:38:49.740769+00:00
20.0,13.4,66.0,0.0,0.0,207.0,13.0,25.9,1009.2,32.0,2.0,2025-12-13 09:38:49.740769+00:00
21.6,13.5,60.0,0.0,0.0,213.0,14.8,29.6,1009.0,34.0,2.0,2025-12-13 09:38:49.740769+00:00
22.7,13.7,57.0,0.0,0.0,217.0,14.8,31.5,1008.7,31.0,3.0,2025-12-13 09:38:49.740769+00:00
24.4,13.3,50.0,0.0,0.0,220.0,14.8,33.3,1008.5,23.0,3.0,2025-12-13 09:38:49.740769+00:00
24.6,13.2,49.0,0.0,0.0,222.0,16.7,37.0,1008.2,15.0,3.0,2025-12-13 09:38:49.740769+00:00
24.2,13.7,52.0,0.0,0.0,221.0,16.7,37.0,1007.8,7.0,3.0,2025-12-13 09:38:49.740769+00:00
23.8,13.9,54.0,0.0,0.0,217.0,16.7,37.0,1007.7,5.0,7.0,2025-12-13 09:38:49.740769+00:00
23.0,14.5,59.0,0.0,0.0,211.0,14.8,35.2,1007.7,4.0,7.0,2025-12-13 09:38:49.740769+00:00
22.2,15.1,64.0,0.0,0.0,208.0,14.8,35.2,1007.6,4.0,7.0,2025-12-13 09:38:49.740769+00:00
21.7,15.3,67.0,0.0,0.0,210.0,13.0,33.3,1007.4,4.0,7.0,2025-12-13 09:38:49.740769+00:00
21.0,15.8,72.0,0.0,0.0,207.0,13.0,31.5,1007.2,2.0,7.0,2025-12-13 09:38:49.740769+00:00
20.2,16.0,77.0,0.0,0.0,202.0,11.1,27.8,1007.2,1.0,7.0,2025-12-13 09:38:49.740769+00:00
19.6,16.2,81.0,0.0,0.0,207.0,11.1,25.9,1007.2,0.0,7.0,2025-12-13 09:38:49.740769+00:00
18.7,16.5,87.0,0.0,0.0,212.0,11.1,22.2,1007.4,0.0,7.0,2025-12-13 09:38:49.740769+00:00
18.1,16.4,90.0,0.0,0.0,219.0,11.1,20.4,1007.6,0.0,7.0,2025-12-13 09:38:49.740769+00:00
17.6,16.5,93.0,0.0,0.0,226.0,11.1,22.2,1008.1,0.0,7.0,2025-12-13 09:38:49.740769+00:00
17.3,16.3,94.0,0.0,0.0,236.0,11.1,20.4,1008.4,0.0,7.0,2025-12-13 09:38:49.740769+00:00
17.2,16.1,93.0,0.0,0.0,248.0,9.3,20.4,1008.6,0.0,4.0,2025-12-13 09:38:49.740769+00:00
16.9,15.9,94.0,0.0,0.0,259.0,9.3,18.5,1008.8,0.0,4.0,2025-12-13 09:38:49.740769+00:00
16.5,15.5,94.0,0.0,0.0,276.0,9.3,18.5,1009.1,0.0,3.0,2025-12-13 09:38:49.740769+00:00
16.1,15.3,95.0,0.0,0.0,278.0,9.3,16.7,1009.5,0.0,3.0,2025-12-13 09:38:49.740769+00:00
15.9,15.1,95.0,0.0,0.0,277.0,7.4,14.8,1009.8,2.0,3.0,2025-12-13 09:38:49.740769+00:00
16.9,15.2,90.0,0.0,0.0,266.0,7.4,14.8,1010.1,5.0,3.0,2025-12-13 09:38:49.740769+00:00
17.6,15.0,85.0,0.0,0.0,260.0,7.4,16.7,1010.4,8.0,3.0,2025-12-13 09:38:49.740769+00:00
17.9,14.8,82.0,0.0,0.0,257.0,9.3,18.5,1010.5,10.0,3.0,2025-12-13 09:38:49.740769+00:00
18.2,14.3,78.0,0.0,0.0,247.0,9.3,22.2,1010.7,11.0,3.0,2025-12-13 09:38:49.740769+00:00
18.5,14.2,76.0,0.0,0.0,241.0,9.3,24.1,1010.8,10.0,3.0,2025-12-13 09:38:49.740769+00:00
19.4,13.6,69.0,0.0,0.0,242.0,11.1,25.9,1011.1,6.0,4.0,2025-12-13 09:38:49.740769+00:00
19.1,13.7,71.0,0.2,0.0,248.0,13.0,27.8,1010.8,5.0,3.0,2025-12-13 09:38:49.740769+00:00
19.6,13.8,69.0,0.0,0.0,245.0,13.0,29.6,1010.7,7.0,3.0,2025-12-13 09:38:49.740769+00:00
20.1,13.5,66.0,0.0,0.0,240.0,13.0,31.5,1010.2,8.0,3.0,2025-12-13 09:38:49.740769+00:00
20.4,13.4,64.0,0.5,0.0,232.0,13.0,31.5,1009.9,12.0,3.0,2025-12-13 09:38:49.740769+00:00
20.6,12.8,61.0,0.7,0.0,234.0,13.0,33.3,1009.7,13.0,3.0,2025-12-13 09:38:49.740769+00:00
21.0,12.4,58.0,0.0,0.0,235.0,14.8,33.3,1009.4,14.0,3.0,2025-12-13 09:38:49.740769+00:00
20.3,12.0,59.0,0.0,0.0,242.0,13.0,31.5,1009.4,11.0,3.0,2025-12-13 09:38:49.740769+00:00
19.5,11.8,61.0,0.0,0.0,244.0,13.0,29.6,1009.5,8.0,3.0,2025-12-13 09:38:49.740769+00:00
18.7,11.7,64.0,0.0,0.0,243.0,11.1,27.8,1009.6,4.0,3.0,2025-12-13 09:38:49.740769+00:00
17.5,11.5,68.0,0.0,0.0,240.0,11.1,24.1,1009.8,2.0,3.0,2025-12-13 09:38:49.740769+00:00
16.4,11.8,74.0,0.0,0.0,226.0,11.1,20.4,1009.8,0.0,3.0,2025-12-13 09:38:49.740769+00:00
16.4,11.5,73.0,0.0,0.0,220.0,11.1,20.4,1010.1,0.0,3.0,2025-12-13 09:38:49.740769+00:00
15.6,11.4,76.0,0.0,0.0,206.0,11.1,20.4,1009.8,0.0,2.0,2025-12-13 09:38:49.740769+00:00
15.1,11.5,79.0,0.0,0.0,198.0,11.1,20.4,1009.5,0.0,3.0,2025-12-13 09:38:49.740769+00:00
14.8,11.4,80.0,0.0,0.0,192.0,13.0,22.2,1008.9,0.0,3.0,2025-12-13 09:38:49.740769+00:00
14.8,11.6,81.0,0.0,0.0,194.0,14.8,22.2,1008.4,0.0,3.0,2025-12-13 09:38:49.740769+00:00
14.9,11.7,81.0,0.0,0.0,190.0,14.8,25.9,1007.9,0.0,7.0,2025-12-13 09:38:49.740769+00:00
15.1,11.7,80.0,0.0,0.0,189.0,14.8,25.9,1007.5,0.0,7.0,2025-12-13 09:38:49.740769+00:00
15.5,12.3,81.0,0.0,0.0,189.0,14.8,27.8,1007.0,0.0,7.0,2025-12-13 09:38:49.740769+00:00
16.0,12.7,81.0,0.1,0.0,201.0,16.7,31.5,1006.6,1.0,7.0,2025-12-13 09:38:49.740769+00:00
16.9,12.8,77.0,0.0,0.0,208.0,18.5,37.0,1006.5,2.0,7.0,2025-12-13 09:38:49.740769+00:00
17.9,13.0,73.0,0.0,0.0,219.0,20.4,40.8,1006.6,4.0,7.0,2025-12-13 09:38:49.740769+00:00
18.8,13.2,70.0,0.0,0.0,225.0,20.4,42.6,1006.7,4.0,7.0,2025-12-13 09:38:49.740769+00:00
18.9,13.3,70.0,0.0,0.0,236.0,22.2,44.5,1006.4,4.0,4.0,2025-12-13 09:38:49.740769+00:00
19.6,13.3,67.0,0.0,0.0,243.0,20.4,46.3,1006.9,3.0,7.0,2025-12-13 09:38:49.740769+00:00
20.0,13.2,65.0,0.0,0.0,248.0,20.4,46.3,1007.3,4.0,17.0,2025-12-13 09:38:49.740769+00:00
20.3,12.8,62.0,0.0,0.0,251.0,20.4,46.3,1007.9,7.0,17.0,2025-12-13 09:38:49.740769+00:00
20.2,12.4,61.0,0.0,0.0,254.0,20.4,46.3,1008.4,12.0,3.0,2025-12-13 09:38:49.740769+00:00
20.3,12.0,59.0,0.0,0.0,256.0,20.4,46.3,1009.0,16.0,3.0,2025-12-13 09:38:49.740769+00:00
20.4,11.3,56.0,0.0,0.0,258.0,18.5,42.6,1009.3,24.0,3.0,2025-12-13 09:38:49.740769+00:00
19.7,10.9,57.0,0.0,0.0,258.0,16.7,40.8,1009.8,27.0,2.0,2025-12-13 09:38:49.740769+00:00
18.8,11.1,61.0,0.0,0.0,253.0,14.8,35.2,1010.2,25.0,2.0,2025-12-13 09:38:49.740769+00:00
18.0,11.3,65.0,0.0,0.0,248.0,13.0,29.6,1010.4,17.0,2.0,2025-12-13 09:38:49.740769+00:00
16.8,11.3,70.0,0.0,0.0,237.0,11.1,24.1,1010.8,9.0,2.0,2025-12-13 09:38:49.740769+00:00
15.5,11.5,77.0,0.0,0.0,222.0,11.1,20.4,1011.0,0.0,2.0,2025-12-13 09:38:49.740769+00:00
15.2,11.4,78.0,0.0,0.0,217.0,11.1,18.5,1011.3,0.0,2.0,2025-12-13 09:38:49.740769+00:00
14.6,11.4,81.0,0.0,0.0,210.0,11.1,20.4,1011.3,0.0,2.0,2025-12-13 09:38:49.740769+00:00
14.2,11.5,84.0,0.0,0.0,203.0,13.0,20.4,1011.1,0.0,2.0,2025-12-13 09:38:49.740769+00:00
13.8,11.7,87.0,0.0,0.0,201.0,13.0,20.4,1010.8,0.0,2.0,2025-12-13 09:38:49.740769+00:00
13.6,12.0,90.0,0.0,0.0,202.0,13.0,20.4,1010.6,0.0,2.0,2025-12-13 09:38:49.740769+00:00
13.8,12.2,90.0,0.0,0.0,202.0,13.0,20.4,1010.5,3.0,2.0,2025-12-13 09:38:49.740769+00:00
14.4,12.4,88.0,0.0,0.0,204.0,11.1,20.4,1010.3,5.0,3.0,2025-12-13 09:38:49.740769+00:00
15.3,13.0,86.0,0.0,0.0,211.0,13.0,22.2,1010.2,9.0,3.0,2025-12-13 09:38:49.740769+00:00
16.3,13.2,82.0,0.0,0.0,217.0,13.0,24.1,1010.1,12.0,3.0,2025-12-13 09:38:49.740769+00:00
17.2,13.1,77.0,0.0,0.0,226.0,13.0,25.9,1009.8,14.0,3.0,2025-12-13 09:38:49.740769+00:00
18.4,13.3,72.0,0.0,0.0,233.0,13.0,27.8,1009.6,19.0,3.0,2025-12-13 09:38:49.740769+00:00
19.0,13.0,68.0,0.0,0.0,237.0,13.0,29.6,1009.6,17.0,3.0,2025-12-13 09:38:49.740769+00:00
19.0,12.7,67.0,0.0,0.0,239.0,14.8,31.5,1009.4,14.0,3.0,2025-12-13 09:38:49.740769+00:00
19.2,12.7,66.0,0.0,0.0,235.0,14.8,33.3,1009.2,11.0,3.0,2025-12-13 09:38:49.740769+00:00
19.1,12.6,66.0,0.1,0.0,237.0,14.8,35.2,1009.1,7.0,3.0,2025-12-13 09:38:49.740769+00:00
19.3,12.6,65.0,0.0,0.0,239.0,16.7,37.0,1008.8,7.0,17.0,2025-12-13 09:38:49.740769+00:00
19.2,12.5,65.0,3.1,0.0,243.0,16.7,37.0,1008.4,8.0,18.0,2025-12-13 09:38:49.740769+00:00
19.1,12.6,66.0,0.0,0.0,244.0,14.8,37.0,1008.1,9.0,18.0,2025-12-13 09:38:49.740769+00:00
17.0,12.7,76.0,0.0,0.0,261.0,14.8,33.3,1007.8,15.0,18.0,2025-12-13 09:38:49.740769+00:00
16.8,12.5,76.0,0.0,0.0,261.0,14.8,33.3,1007.7,16.0,18.0,2025-12-13 09:38:49.740769+00:00
16.4,12.7,79.0,1.8,0.0,256.0,13.0,29.6,1008.0,15.0,17.0,2025-12-13 09:38:49.740769+00:00
16.0,12.5,80.0,0.0,0.0,254.0,13.0,29.6,1008.1,11.0,3.0,2025-12-13 09:38:49.740769+00:00
15.2,12.5,84.0,0.0,0.0,245.0,11.1,25.9,1008.4,6.0,2.0,2025-12-13 09:38:49.740769+00:00
14.3,12.3,88.0,0.0,0.0,234.0,11.1,24.1,1008.6,0.0,2.0,2025-12-13 09:38:49.740769+00:00
14.9,12.0,83.0,0.0,0.0,231.0,13.0,22.2,1008.7,0.0,2.0,2025-12-13 09:38:49.740769+00:00
14.1,12.0,87.0,0.0,0.0,222.0,13.0,22.2,1008.7,0.0,2.0,2025-12-13 09:38:49.740769+00:00
13.7,11.7,88.0,0.0,0.0,212.0,13.0,22.2,1008.6,0.0,2.0,2025-12-13 09:38:49.740769+00:00
13.2,11.6,90.0,0.0,0.0,208.0,13.0,22.2,1008.4,0.0,2.0,2025-12-13 09:38:49.740769+00:00
12.9,11.5,91.0,0.0,0.0,206.0,13.0,22.2,1008.2,0.0,2.0,2025-12-13 09:38:49.740769+00:00
12.9,11.6,92.0,0.0,0.0,201.0,13.0,22.2,1008.0,2.0,3.0,2025-12-13 09:38:49.740769+00:00
13.3,11.5,89.0,0.0,0.0,197.0,13.0,22.2,1007.8,6.0,3.0,2025-12-13 09:38:49.740769+00:00
14.4,12.1,86.0,0.0,0.0,197.0,13.0,24.1,1007.4,6.0,3.0,2025-12-13 09:38:49.740769+00:00
15.3,12.1,81.0,0.0,0.0,203.0,13.0,27.8,1007.0,6.0,7.0,2025-12-13 09:38:49.740769+00:00
15.9,12.1,78.0,0.0,0.0,207.0,14.8,31.5,1006.4,5.0,7.0,2025-12-13 09:38:49.740769+00:00
16.4,12.0,75.0,0.0,0.0,214.0,16.7,35.2,1006.1,6.0,7.0,2025-12-13 09:38:49.740769+00:00
16.9,11.6,71.0,4.9,0.0,224.0,18.5,38.9,1006.0,3.0,7.0,2025-12-13 09:38:49.740769+00:00
17.6,11.2,66.0,0.1,0.0,237.0,20.4,40.8,1005.6,4.0,17.0,2025-12-13 09:38:49.740769+00:00
18.3,10.4,60.0,0.0,0.0,245.0,22.2,48.2,1005.6,4.0,18.0,2025-12-13 09:38:49.740769+00:00
17.9,10.0,60.0,0.0,0.0,253.0,24.1,53.7,1005.6,7.0,18.0,2025-12-13 09:38:49.740769+00:00
17.8,9.2,57.0,0.0,0.0,260.0,24.1,55.5,1006.1,8.0,18.0,2025-12-13 09:38:49.740769+00:00
17.1,9.0,59.0,0.0,0.0,266.0,25.9,59.3,1006.8,12.0,18.0,2025-12-13 09:38:49.740769+00:00
16.7,8.4,58.0,0.0,0.0,274.0,25.9,61.1,1007.8,14.0,18.0,2025-12-13 09:38:49.740769+00:00
16.1,8.8,62.0,0.0,0.0,276.0,25.9,57.4,1008.4,17.0,18.0,2025-12-13 09:38:49.740769+00:00
15.1,8.3,64.0,0.0,0.0,279.0,24.1,57.4,1009.5,16.0,18.0,2025-12-13 09:38:49.740769+00:00
14.3,8.7,69.0,0.0,0.0,277.0,22.2,53.7,1010.5,9.0,17.0,2025-12-13 09:38:49.740769+00:00
14.0,8.6,70.0,0.1,0.0,278.0,22.2,50.0,1011.6,4.0,17.0,2025-12-13 09:38:49.740769+00:00
13.4,8.9,74.0,0.0,0.0,274.0,20.4,46.3,1012.6,1.0,7.0,2025-12-13 09:38:49.740769+00:00
12.8,8.9,77.0,0.0,0.0,274.0,20.4,42.6,1013.3,0.0,7.0,2025-12-13 09:38:49.740769+00:00
13.1,9.2,77.0,0.0,0.0,272.0,20.4,42.6,1014.2,0.0,4.0,2025-12-13 09:38:49.740769+00:00
12.6,9.2,80.0,0.0,0.0,272.0,20.4,40.8,1014.9,0.0,4.0,2025-12-13 09:38:49.740769+00:00
12.3,9.1,81.0,0.0,0.0,273.0,20.4,40.8,1015.6,0.0,7.0,2025-12-13 09:38:49.740769+00:00
12.0,9.0,82.0,0.0,0.0,274.0,18.5,38.9,1016.4,0.0,7.0,2025-12-13 09:38:49.740769+00:00
11.8,9.0,83.0,0.0,0.0,277.0,18.5,37.0,1017.0,0.0,7.0,2025-12-13 09:38:49.740769+00:00
11.7,8.9,83.0,0.0,0.0,277.0,18.5,38.9,1017.8,0.0,7.0,2025-12-13 09:38:49.740769+00:00
11.3,8.9,85.0,0.0,0.0,278.0,18.5,37.0,1018.3,0.0,7.0,2025-12-13 09:38:49.740769+00:00
11.6,8.6,82.0,0.0,0.0,279.0,18.5,38.9,1019.0,1.0,7.0,2025-12-13 09:38:49.740769+00:00
12.0,8.3,78.0,0.0,0.0,278.0,18.5,40.8,1019.7,5.0,4.0,2025-12-13 09:38:49.740769+00:00
12.5,7.8,73.0,0.0,0.0,277.0,18.5,40.8,1020.2,6.0,4.0,2025-12-13 09:38:49.740769+00:00
13.0,7.2,68.0,0.0,0.0,276.0,20.4,40.8,1020.7,8.0,3.0,2025-12-13 09:38:49.740769+00:00
13.6,7.1,65.0,0.0,0.0,272.0,18.5,40.8,1021.2,10.0,3.0,2025-12-13 09:38:49.740769+00:00
13.7,7.0,64.0,0.0,0.0,275.0,18.5,40.8,1021.4,8.0,3.0,2025-12-13 09:38:49.740769+00:00
14.3,7.1,62.0,0.0,0.0,272.0,18.5,40.8,1021.6,9.0,3.0,2025-12-13 09:38:49.740769+00:00
15.0,7.1,59.0,0.0,0.0,272.0,16.7,40.8,1021.6,10.0,17.0,2025-12-13 09:38:49.740769+00:00
15.6,6.9,56.0,0.0,0.0,273.0,16.7,40.8,1021.7,14.0,17.0,2025-12-13 09:38:49.740769+00:00
16.0,7.2,56.0,0.0,0.0,276.0,14.8,38.9,1021.7,21.0,3.0,2025-12-13 09:38:49.740769+00:00
16.5,7.2,54.0,0.0,0.0,278.0,14.8,35.2,1021.6,25.0,2.0,2025-12-13 09:38:49.740769+00:00
17.2,6.7,50.0,0.0,0.0,280.0,13.0,31.5,1021.6,32.0,2.0,2025-12-13 09:38:49.740769+00:00
17.0,6.5,50.0,0.0,0.0,279.0,11.1,29.6,1021.6,32.0,2.0,2025-12-13 09:38:49.740769+00:00
16.4,7.1,54.0,0.0,0.0,273.0,11.1,25.9,1021.5,25.0,2.0,2025-12-13 09:38:49.740769+00:00
15.5,7.5,59.0,0.0,0.0,266.0,9.3,22.2,1021.5,17.0,2.0,2025-12-13 09:38:49.740769+00:00
14.1,7.8,66.0,0.0,0.0,248.0,9.3,18.5,1021.7,9.0,2.0,2025-12-13 09:38:49.740769+00:00
12.8,8.5,75.0,0.0,0.0,226.0,9.3,16.7,1021.7,0.0,2.0,2025-12-13 09:38:49.740769+00:00
11.6,8.6,82.0,0.0,0.0,209.0,9.3,14.8,1021.5,0.0,2.0,2025-12-13 09:38:49.740769+00:00
11.2,8.9,86.0,0.0,0.0,204.0,9.3,16.7,1021.3,0.0,3.0,2025-12-13 09:38:49.740769+00:00
11.1,9.2,88.0,0.0,0.0,195.0,11.1,16.7,1021.0,0.0,3.0,2025-12-13 09:38:49.740769+00:00
11.0,9.3,89.0,0.0,0.0,194.0,11.1,16.7,1020.5,0.0,3.0,2025-12-13 09:38:49.740769+00:00
10.9,9.3,90.0,0.0,0.0,197.0,11.1,18.5,1020.0,0.0,3.0,2025-12-13 09:38:49.740769+00:00
11.1,9.7,91.0,0.0,0.0,198.0,11.1,18.5,1019.6,0.0,3.0,2025-12-13 09:38:49.740769+00:00
11.4,9.1,86.0,0.0,0.0,190.0,11.1,18.5,1019.4,2.0,3.0,2025-12-13 09:38:49.740769+00:00
12.6,9.4,81.0,0.0,0.0,192.0,11.1,20.4,1018.8,2.0,3.0,2025-12-13 09:38:49.740769+00:00
13.8,9.6,76.0,0.0,0.0,192.0,11.1,22.2,1018.2,5.0,4.0,2025-12-13 09:38:49.740769+00:00
14.8,9.8,72.0,0.0,0.0,192.0,13.0,24.1,1017.3,4.0,4.0,2025-12-13 09:38:49.740769+00:00
15.6,9.7,68.0,0.0,0.0,194.0,13.0,27.8,1016.5,6.0,4.0,2025-12-13 09:38:49.740769+00:00
16.4,10.0,66.0,0.0,0.0,201.0,14.8,29.6,1015.7,6.0,4.0,2025-12-13 09:38:49.740769+00:00
16.7,9.9,64.0,0.0,0.0,208.0,14.8,31.5,1015.2,5.0,4.0,2025-12-13 09:38:49.740769+00:00
17.0,9.9,63.0,0.0,0.0,217.0,16.7,35.2,1014.5,0.0,7.0,2025-12-13 09:38:49.740769+00:00
17.1,10.2,64.0,0.0,0.0,225.0,14.8,35.2,1013.7,0.0,7.0,2025-12-13 09:38:49.740769+00:00
17.0,10.6,66.0,0.0,0.0,230.0,14.8,35.2,1013.1,0.0,7.0,2025-12-13 09:38:49.740769+00:00
16.7,11.0,69.0,0.5,0.0,230.0,14.8,33.3,1012.6,0.0,7.0,2025-12-13 09:38:49.740769+00:00
16.5,11.2,71.0,0.4,0.0,235.0,13.0,33.3,1012.3,0.0,7.0,2025-12-13 09:38:49.740769+00:00
16.2,11.1,72.0,0.1,0.0,232.0,13.0,33.3,1011.9,0.0,7.0,2025-12-13 09:38:49.740769+00:00
15.8,12.0,78.0,1.0,0.0,234.0,13.0,33.3,1011.4,0.0,7.0,2025-12-13 09:38:49.740769+00:00
15.2,12.3,83.0,0.2,0.0,244.0,13.0,31.5,1011.3,0.0,7.0,2025-12-13 09:38:49.740769+00:00
15.0,12.7,86.0,0.0,0.0,251.0,13.0,31.5,1011.4,0.0,7.0,2025-12-13 09:38:49.740769+00:00
14.5,12.5,88.0,0.1,0.0,255.0,14.8,31.5,1011.6,0.0,7.0,2025-12-13 09:38:49.740769+00:00
14.1,12.5,90.0,2.0,0.0,266.0,16.7,35.2,1012.0,0.0,7.0,2025-12-13 09:38:49.740769+00:00
13.9,11.9,88.0,0.0,0.0,272.0,18.5,35.2,1012.0,0.0,4.0,2025-12-13 09:38:49.740769+00:00
13.3,11.7,90.0,0.0,0.0,277.0,18.5,38.9,1012.3,0.0,7.0,2025-12-13 09:38:49.740769+00:00
13.1,11.7,91.0,0.0,0.0,280.0,20.4,42.6,1012.6,0.0,7.0,2025-12-13 09:38:49.740769+00:00
12.7,11.4,92.0,0.0,0.0,284.0,20.4,40.8,1013.6,0.0,7.0,2025-12-13 09:38:49.740769+00:00
12.5,11.2,92.0,0.0,0.0,286.0,20.4,40.8,1014.6,0.0,7.0,2025-12-13 09:38:49.740769+00:00
12.4,10.6,89.0,0.0,0.0,289.0,20.4,40.8,1015.5,0.0,7.0,2025-12-13 09:38:49.740769+00:00
12.2,10.4,89.0,0.0,0.0,294.0,20.4,40.8,1015.8,2.0,4.0,2025-12-13 09:38:49.740769+00:00
12.6,10.1,85.0,0.0,0.0,298.0,20.4,40.8,1016.8,5.0,4.0,2025-12-13 09:38:49.740769+00:00
12.9,9.9,82.0,0.0,0.0,300.0,20.4,40.8,1017.5,10.0,4.0,2025-12-13 09:38:49.740769+00:00
13.4,9.3,76.0,0.0,0.0,302.0,20.4,40.8,1018.3,10.0,4.0,2025-12-13 09:38:49.740769+00:00
14.0,8.8,71.0,0.0,0.0,302.0,20.4,40.8,1019.0,11.0,4.0,2025-12-13 09:38:49.740769+00:00
14.6,8.5,67.0,0.0,0.0,301.0,18.5,38.9,1019.5,13.0,3.0,2025-12-13 09:38:49.740769+00:00
15.2,8.0,62.0,0.0,0.0,305.0,18.5,37.0,1019.9,16.0,3.0,2025-12-13 09:38:49.740769+00:00
16.2,7.7,57.0,0.0,0.0,303.0,18.5,38.9,1020.2,17.0,3.0,2025-12-13 09:38:49.740769+00:00
17.1,7.4,53.0,0.0,0.0,301.0,16.7,38.9,1020.6,21.0,3.0,2025-12-13 09:38:49.740769+00:00
17.9,7.3,50.0,0.0,0.0,301.0,16.7,37.0,1020.7,25.0,2.0,2025-12-13 09:38:49.740769+00:00
18.3,7.4,49.0,0.0,0.0,300.0,16.7,37.0,1020.7,32.0,2.0,2025-12-13 09:38:49.740769+00:00
18.7,7.2,47.0,0.0,0.0,301.0,16.7,35.2,1020.6,38.0,2.0,2025-12-13 09:38:49.740769+00:00
19.0,6.5,44.0,0.0,0.0,307.0,14.8,33.3,1020.5,42.0,2.0,2025-12-13 09:38:49.740769+00:00
18.6,6.4,45.0,0.0,0.0,308.0,14.8,31.5,1020.7,43.0,2.0,2025-12-13 09:38:49.740769+00:00
17.7,7.1,50.0,0.0,0.0,310.0,13.0,25.9,1020.9,36.0,2.0,2025-12-13 09:38:49.740769+00:00
16.8,7.2,53.0,0.0,0.0,315.0,11.1,24.1,1021.2,25.0,2.0,2025-12-13 09:38:49.740769+00:00
15.3,7.6,60.0,0.0,0.0,318.0,11.1,20.4,1021.5,13.0,2.0,2025-12-13 09:38:49.740769+00:00
13.9,8.1,68.0,0.0,0.0,321.0,9.3,18.5,1021.9,0.0,2.0,2025-12-13 09:38:49.740769+00:00
13.5,8.1,70.0,0.0,0.0,330.0,9.3,18.5,1022.4,0.0,2.0,2025-12-13 09:38:49.740769+00:00
12.4,8.3,76.0,0.0,0.0,340.0,9.3,14.8,1022.8,0.0,1.0,2025-12-13 09:38:49.740769+00:00
11.4,8.3,81.0,0.0,0.0,346.0,7.4,13.0,1023.0,0.0,1.0,2025-12-13 09:38:49.740769+00:00
10.7,8.3,85.0,0.0,0.0,348.0,7.4,13.0,1023.3,0.0,1.0,2025-12-13 09:38:49.740769+00:00
10.0,8.3,89.0,0.0,0.0,351.0,7.4,13.0,1023.4,0.0,1.0,2025-12-13 09:38:49.740769+00:00
9.5,8.6,94.0,0.0,0.0,6.0,7.4,11.1,1023.5,10.0,1.0,2025-12-13 09:38:49.740769+00:00
9.5,8.3,92.0,0.0,0.0,32.0,5.5,9.3,1023.7,27.0,1.0,2025-12-13 09:38:49.740769+00:00
11.7,8.7,82.0,0.0,0.0,43.0,5.5,9.3,1023.8,40.0,1.0,2025-12-13 09:38:49.740769+00:00
13.7,8.9,73.0,0.0,0.0,55.0,5.5,13.0,1023.9,46.0,1.0,2025-12-13 09:38:49.740769+00:00
15.3,8.8,65.0,0.0,0.0,73.0,5.5,14.8,1024.0,42.0,1.0,2025-12-13 09:38:49.740769+00:00
16.8,8.5,58.0,0.0,0.0,73.0,5.5,14.8,1024.1,40.0,1.0,2025-12-13 09:38:49.740769+00:00
18.0,8.3,53.0,0.0,0.0,74.0,5.5,16.7,1024.1,38.0,2.0,2025-12-13 09:38:49.740769+00:00
19.3,8.0,48.0,0.0,0.0,75.0,7.4,18.5,1024.0,40.0,2.0,2025-12-13 09:38:49.740769+00:00
19.7,7.4,45.0,0.0,0.0,72.0,7.4,20.4,1023.8,39.0,2.0,2025-12-13 09:38:49.740769+00:00
20.9,7.5,42.0,0.0,0.0,77.0,7.4,22.2,1023.5,44.0,2.0,2025-12-13 09:38:49.740769+00:00
21.8,7.2,39.0,0.0,0.0,74.0,9.3,22.2,1023.3,43.0,2.0,2025-12-13 09:38:49.740769+00:00
21.7,7.5,40.0,0.0,0.0,74.0,9.3,25.9,1023.1,47.0,2.0,2025-12-13 09:38:49.740769+00:00
21.6,7.8,41.0,0.0,0.0,77.0,11.1,25.9,1022.8,50.0,2.0,2025-12-13 09:38:49.740769+00:00
22.2,6.8,37.0,0.0,0.0,79.0,13.0,25.9,1022.6,55.0,1.0,2025-12-13 09:38:49.740769+00:00
21.5,6.6,38.0,0.0,0.0,82.0,13.0,27.8,1022.7,56.0,1.0,2025-12-13 09:38:49.740769+00:00
20.1,6.8,42.0,0.0,0.0,78.0,14.8,29.6,1022.8,50.0,1.0,2025-12-13 09:38:49.740769+00:00
19.1,6.6,44.0,0.0,0.0,74.0,14.8,29.6,1023.3,35.0,1.0,2025-12-13 09:38:49.740769+00:00
17.8,6.3,47.0,0.0,0.0,73.0,16.7,29.6,1024.0,20.0,1.0,2025-12-13 09:38:49.740769+00:00
16.3,6.1,51.0,0.0,0.0,74.0,16.7,31.5,1024.5,0.0,1.0,2025-12-13 09:38:49.740769+00:00
16.1,6.0,51.0,0.0,0.0,79.0,16.7,31.5,1024.8,0.0,1.0,2025-12-13 09:38:49.740769+00:00
15.0,6.0,55.0,0.0,0.0,82.0,16.7,31.5,1025.4,0.0,1.0,2025-12-13 09:38:49.740769+00:00
14.1,6.0,58.0,0.0,0.0,85.0,16.7,29.6,1025.7,0.0,1.0,2025-12-13 09:38:49.740769+00:00
13.3,5.9,61.0,0.0,0.0,87.0,16.7,29.6,1026.0,0.0,1.0,2025-12-13 09:38:49.740769+00:00
12.6,5.5,62.0,0.0,0.0,91.0,14.8,27.8,1026.2,0.0,1.0,2025-12-13 09:38:49.740769+00:00
11.9,5.5,65.0,0.0,0.0,93.0,14.8,27.8,1026.4,12.0,1.0,2025-12-13 09:38:49.740769+00:00
11.5,5.4,66.0,0.0,0.0,95.0,14.8,25.9,1026.7,31.0,1.0,2025-12-13 09:38:49.740769+00:00
12.9,6.0,63.0,0.0,0.0,98.0,13.0,25.9,1027.1,43.0,1.0,2025-12-13 09:38:49.740769+00:00
14.2,6.8,61.0,0.0,0.0,99.0,14.8,27.8,1027.4,49.0,1.0,2025-12-13 09:38:49.740769+00:00
15.3,7.3,59.0,0.0,0.0,105.0,13.0,27.8,1027.6,45.0,1.0,2025-12-13 09:38:49.740769+00:00
17.0,8.2,56.0,0.0,0.0,111.0,13.0,27.8,1027.6,43.0,1.0,2025-12-13 09:38:49.740769+00:00
18.8,8.4,51.0,0.0,0.0,114.0,13.0,29.6,1027.6,42.0,1.0,2025-12-13 09:38:49.740769+00:00
20.8,7.8,43.0,0.0,0.0,107.0,13.0,29.6,1027.2,43.0,2.0,2025-12-13 09:38:49.740769+00:00
21.9,6.9,38.0,0.0,0.0,107.0,13.0,31.5,1027.0,44.0,1.0,2025-12-13 09:38:49.740769+00:00
22.8,6.9,36.0,0.0,0.0,105.0,13.0,31.5,1026.6,48.0,1.0,2025-12-13 09:38:49.740769+00:00
23.8,7.0,34.0,0.0,0.0,102.0,13.0,31.5,1026.5,46.0,1.0,2025-12-13 09:38:49.740769+00:00
24.0,7.6,35.0,0.0,0.0,100.0,13.0,31.5,1026.1,49.0,1.0,2025-12-13 09:38:49.740769+00:00
24.2,7.3,34.0,0.0,0.0,96.0,13.0,31.5,1025.8,52.0,1.0,2025-12-13 09:38:49.740769+00:00
24.3,7.0,33.0,0.0,0.0,102.0,14.8,29.6,1025.4,55.0,2.0,2025-12-13 09:38:49.740769+00:00
23.6,6.8,34.0,0.0,0.0,104.0,14.8,31.5,1025.1,57.0,1.0,2025-12-13 09:38:49.740769+00:00
22.0,7.4,39.0,0.0,0.0,103.0,14.8,31.5,1024.9,53.0,1.0,2025-12-13 09:38:49.740769+00:00
20.9,7.5,42.0,0.0,0.0,100.0,14.8,29.6,1024.9,37.0,1.0,2025-12-13 09:38:49.740769+00:00
19.6,7.7,46.0,0.0,0.0,104.0,14.8,29.6,1025.0,21.0,1.0,2025-12-13 09:38:49.740769+00:00
18.2,8.2,52.0,0.0,0.0,107.0,14.8,27.8,1025.1,0.0,1.0,2025-12-13 09:38:49.740769+00:00
18.1,8.4,53.0,0.0,0.0,109.0,14.8,29.6,1025.1,0.0,1.0,2025-12-13 09:38:49.740769+00:00
17.1,8.5,57.0,0.0,0.0,112.0,14.8,27.8,1025.1,0.0,1.0,2025-12-13 09:38:49.740769+00:00
16.2,8.9,62.0,0.0,0.0,112.0,14.8,25.9,1025.0,0.0,1.0,2025-12-13 09:38:49.740769+00:00
15.5,9.2,66.0,0.0,0.0,112.0,13.0,25.9,1024.8,0.0,1.0,2025-12-13 09:38:49.740769+00:00
14.9,9.7,71.0,0.0,0.0,108.0,13.0,25.9,1024.6,0.0,1.0,2025-12-13 09:38:49.740769+00:00
14.3,9.9,75.0,0.0,0.0,109.0,14.8,25.9,1024.5,12.0,1.0,2025-12-13 09:38:49.740769+00:00
13.8,9.8,77.0,0.0,0.0,112.0,14.8,25.9,1024.5,31.0,1.0,2025-12-13 09:38:49.740769+00:00
15.6,10.6,72.0,0.0,0.0,114.0,14.8,27.8,1024.3,44.0,1.0,2025-12-13 09:38:49.740769+00:00
17.1,10.9,67.0,0.0,0.0,115.0,14.8,29.6,1024.1,50.0,1.0,2025-12-13 09:38:49.740769+00:00
18.4,11.2,63.0,0.0,0.0,124.0,14.8,29.6,1023.7,46.0,1.0,2025-12-13 09:38:49.740769+00:00
20.3,11.5,57.0,0.0,0.0,129.0,14.8,31.5,1023.4,43.0,1.0,2025-12-13 09:38:49.740769+00:00
22.3,11.7,51.0,0.0,0.0,131.0,14.8,31.5,1023.1,42.0,1.0,2025-12-13 09:38:49.740769+00:00
24.3,11.3,44.0,0.0,0.0,130.0,16.7,33.3,1022.3,44.0,1.0,2025-12-13 09:38:49.740769+00:00
25.8,10.8,39.0,0.0,0.0,131.0,14.8,33.3,1021.7,45.0,1.0,2025-12-13 09:38:49.740769+00:00
27.1,10.7,36.0,0.0,0.0,131.0,14.8,33.3,1021.1,49.0,1.0,2025-12-13 09:38:49.740769+00:00
28.3,10.9,34.0,0.0,0.0,131.0,14.8,33.3,1020.6,47.0,1.0,2025-12-13 09:38:49.740769+00:00
28.6,11.2,34.0,0.0,0.0,132.0,13.0,31.5,1019.9,51.0,1.0,2025-12-13 09:38:49.740769+00:00
28.9,10.5,32.0,0.0,0.0,131.0,13.0,29.6,1019.4,53.0,1.0,2025-12-13 09:38:49.740769+00:00
28.8,10.0,31.0,0.0,0.0,132.0,13.0,29.6,1018.9,55.0,1.0,2025-12-13 09:38:49.740769+00:00
28.0,10.2,33.0,0.0,0.0,129.0,13.0,29.6,1018.7,56.0,1.0,2025-12-13 09:38:49.740769+00:00
26.1,10.3,37.0,0.0,0.0,124.0,14.8,27.8,1018.6,49.0,1.0,2025-12-13 09:38:49.740769+00:00
24.7,10.2,40.0,0.0,0.0,118.0,14.8,27.8,1018.7,34.0,1.0,2025-12-13 09:38:49.740769+00:00
23.0,10.1,44.0,0.0,0.0,118.0,14.8,27.8,1018.8,19.0,1.0,2025-12-13 09:38:49.740769+00:00
21.3,10.7,51.0,0.0,0.0,118.0,14.8,27.8,1018.8,0.0,1.0,2025-12-13 09:38:49.740769+00:00
20.2,10.6,54.0,0.0,0.0,123.0,14.8,27.8,1018.8,0.0,1.0,2025-12-13 09:38:49.740769+00:00
19.5,11.0,58.0,0.0,0.0,122.0,14.8,25.9,1018.8,0.0,1.0,2025-12-13 09:38:49.740769+00:00
18.6,11.4,63.0,0.0,0.0,122.0,14.8,25.9,1018.8,0.0,1.0,2025-12-13 09:38:49.740769+00:00
17.9,11.5,66.0,0.0,0.0,124.0,13.0,25.9,1018.3,0.0,1.0,2025-12-13 09:38:49.740769+00:00
17.1,11.8,71.0,0.0,0.0,119.0,13.0,24.1,1017.9,0.0,1.0,2025-12-13 09:38:49.740769+00:00
16.8,11.7,72.0,0.0,0.0,118.0,13.0,22.2,1017.7,9.0,1.0,2025-12-13 09:38:49.740769+00:00
17.0,11.7,71.0,0.0,0.0,122.0,11.1,22.2,1017.4,26.0,1.0,2025-12-13 09:38:49.740769+00:00
18.6,12.3,67.0,0.0,0.0,123.0,11.1,22.2,1017.3,37.0,1.0,2025-12-13 09:38:49.740769+00:00
20.0,12.5,62.0,0.0,0.0,131.0,9.3,18.5,1017.2,41.0,2.0,2025-12-13 09:38:49.740769+00:00
21.3,13.0,59.0,0.0,0.0,136.0,7.4,16.7,1017.1,40.0,2.0,2025-12-13 09:38:49.740769+00:00
22.9,13.4,55.0,0.0,0.0,148.0,5.5,14.8,1017.0,40.0,2.0,2025-12-13 09:38:49.740769+00:00
24.9,14.1,51.0,0.0,0.0,167.0,5.5,14.8,1016.9,38.0,2.0,2025-12-13 09:38:49.740769+00:00
26.8,13.2,43.0,0.0,0.0,194.0,5.5,16.7,1016.6,38.0,2.0,2025-12-13 09:38:49.740769+00:00
28.1,14.0,42.0,0.0,0.0,240.0,5.5,16.7,1016.1,36.0,2.0,2025-12-13 09:38:49.740769+00:00
29.2,14.6,41.0,0.0,0.0,262.0,7.4,18.5,1015.7,39.0,2.0,2025-12-13 09:38:49.740769+00:00
29.7,14.6,40.0,0.0,0.0,276.0,9.3,20.4,1015.3,35.0,2.0,2025-12-13 09:38:49.740769+00:00
29.4,15.1,42.0,0.0,0.0,290.0,13.0,25.9,1014.8,32.0,2.0,2025-12-13 09:38:49.740769+00:00
27.9,15.5,47.0,0.0,0.0,300.0,14.8,29.6,1014.8,28.0,2.0,2025-12-13 09:38:49.740769+00:00
26.1,15.2,51.0,1.3,0.0,302.0,18.5,35.2,1014.7,18.0,3.0,2025-12-13 09:38:49.740769+00:00
23.3,15.6,62.0,0.0,0.0,308.0,20.4,38.9,1015.3,14.0,7.0,2025-12-13 09:38:49.740769+00:00
21.0,16.4,75.0,0.0,0.0,312.0,20.4,37.0,1016.1,7.0,17.0,2025-12-13 09:38:49.740769+00:00
20.8,16.4,76.0,0.0,0.0,314.0,18.5,38.9,1016.7,0.0,7.0,2025-12-13 09:38:49.740769+00:00
19.7,16.5,82.0,0.0,0.0,318.0,18.5,37.0,1017.5,0.0,7.0,2025-12-13 09:38:49.740769+00:00
18.8,16.0,84.0,0.2,0.0,314.0,16.7,35.2,1017.9,0.0,7.0,2025-12-13 09:38:49.740769+00:00
18.5,15.0,80.0,0.0,0.0,315.0,18.5,37.0,1018.7,0.0,7.0,2025-12-13 09:38:49.740769+00:00
17.9,14.8,82.0,0.0,0.0,311.0,16.7,37.0,1018.9,0.0,7.0,2025-12-13 09:38:49.740769+00:00
17.7,14.4,81.0,0.0,0.0,306.0,16.7,35.2,1019.2,0.0,7.0,2025-12-13 09:38:49.740769+00:00
17.3,14.4,83.0,0.0,0.0,303.0,16.7,33.3,1019.5,0.0,7.0,2025-12-13 09:38:49.740769+00:00
17.2,14.1,82.0,0.0,0.0,301.0,16.7,33.3,1019.7,0.0,7.0,2025-12-13 09:38:49.740769+00:00
16.8,13.9,83.0,0.0,0.0,301.0,16.7,33.3,1020.1,0.0,7.0,2025-12-13 09:38:49.740769+00:00
16.4,13.7,84.0,0.0,0.0,302.0,16.7,33.3,1020.7,0.0,7.0,2025-12-13 09:38:49.740769+00:00
16.3,13.4,83.0,0.0,0.0,303.0,16.7,33.3,1021.3,0.0,7.0,2025-12-13 09:38:49.740769+00:00
16.1,13.0,82.0,0.0,0.0,304.0,18.5,35.2,1021.9,3.0,4.0,2025-12-13 09:38:49.740769+00:00
15.7,12.4,81.0,0.0,0.0,302.0,18.5,37.0,1022.5,4.0,4.0,2025-12-13 09:38:49.740769+00:00
16.1,12.1,77.0,0.0,0.0,301.0,18.5,38.9,1023.0,6.0,4.0,2025-12-13 09:38:49.740769+00:00
16.7,11.8,73.0,0.0,0.0,300.0,18.5,38.9,1023.5,6.0,3.0,2025-12-13 09:38:49.740769+00:00
17.0,11.3,69.0,0.0,0.0,302.0,18.5,38.9,1023.9,6.0,4.0,2025-12-13 09:38:49.740769+00:00
17.8,11.1,65.0,0.0,0.0,302.0,18.5,38.9,1024.0,6.0,3.0,2025-12-13 09:38:49.740769+00:00
19.1,10.9,59.0,0.0,0.0,303.0,18.5,38.9,1024.0,10.0,3.0,2025-12-13 09:38:49.740769+00:00
20.0,11.2,57.0,0.0,0.0,304.0,18.5,38.9,1024.0,13.0,3.0,2025-12-13 09:38:49.740769+00:00
20.5,10.9,54.0,0.0,0.0,303.0,18.5,38.9,1023.8,20.0,3.0,2025-12-13 09:38:49.740769+00:00
21.0,10.8,52.0,0.0,0.0,305.0,18.5,37.0,1023.8,24.0,3.0,2025-12-13 09:38:49.740769+00:00
20.9,10.1,50.0,0.0,0.0,304.0,16.7,35.2,1023.6,28.0,3.0,2025-12-13 09:38:49.740769+00:00
20.7,10.2,51.0,0.0,0.0,303.0,14.8,33.3,1023.6,34.0,2.0,2025-12-13 09:38:49.740769+00:00
20.1,10.5,54.0,0.0,0.0,305.0,14.8,29.6,1023.8,33.0,2.0,2025-12-13 09:38:49.740769+00:00
19.6,10.6,56.0,0.0,0.0,302.0,13.0,27.8,1024.0,24.0,2.0,2025-12-13 09:38:49.740769+00:00
18.5,10.6,60.0,0.0,0.0,300.0,13.0,25.9,1024.3,14.0,2.0,2025-12-13 09:38:49.740769+00:00
17.3,11.1,67.0,0.0,0.0,299.0,13.0,24.1,1024.7,0.0,2.0,2025-12-13 09:38:49.740769+00:00
16.8,10.9,68.0,0.0,0.0,300.0,13.0,24.1,1025.0,0.0,2.0,2025-12-13 09:38:49.740769+00:00
16.1,11.3,73.0,0.0,0.0,301.0,13.0,24.1,1025.1,0.0,1.0,2025-12-13 09:38:49.740769+00:00
15.5,11.5,77.0,0.0,0.0,299.0,13.0,24.1,1025.3,0.0,1.0,2025-12-13 09:38:49.740769+00:00
14.9,11.7,81.0,0.0,0.0,297.0,13.0,22.2,1025.3,0.0,1.0,2025-12-13 09:38:49.740769+00:00
14.4,11.7,84.0,0.0,0.0,296.0,13.0,20.4,1025.2,0.0,1.0,2025-12-13 09:38:49.740769+00:00
14.1,12.0,87.0,0.0,0.0,293.0,11.1,20.4,1025.3,9.0,1.0,2025-12-13 09:38:49.740769+00:00
13.8,11.8,88.0,0.0,0.0,288.0,11.1,18.5,1025.5,24.0,2.0,2025-12-13 09:38:49.740769+00:00
14.9,12.2,84.0,0.0,0.0,290.0,9.3,18.5,1025.6,33.0,2.0,2025-12-13 09:38:49.740769+00:00
16.0,12.2,78.0,0.0,0.0,291.0,9.3,20.4,1025.6,36.0,2.0,2025-12-13 09:38:49.740769+00:00
16.8,12.1,74.0,0.0,0.0,289.0,9.3,22.2,1025.8,36.0,2.0,2025-12-13 09:38:49.740769+00:00
17.9,12.1,69.0,0.0,0.0,283.0,11.1,24.1,1025.8,38.0,2.0,2025-12-13 09:38:49.740769+00:00
19.0,12.3,65.0,0.0,0.0,280.0,11.1,25.9,1025.8,37.0,2.0,2025-12-13 09:38:49.740769+00:00
20.6,12.0,58.0,0.0,0.0,282.0,11.1,25.9,1025.6,38.0,2.0,2025-12-13 09:38:49.740769+00:00
21.4,12.0,55.0,0.0,0.0,281.0,13.0,27.8,1025.4,37.0,2.0,2025-12-13 09:38:49.740769+00:00
22.8,11.8,50.0,0.0,0.0,283.0,13.0,27.8,1025.0,38.0,2.0,2025-12-13 09:38:49.740769+00:00
23.9,11.6,46.0,0.0,0.0,284.0,11.1,27.8,1024.6,37.0,2.0,2025-12-13 09:38:49.740769+00:00
24.0,11.7,46.0,0.0,0.0,284.0,11.1,27.8,1024.2,40.0,2.0,2025-12-13 09:38:49.740769+00:00
24.4,11.7,45.0,0.0,0.0,284.0,11.1,25.9,1023.7,41.0,2.0,2025-12-13 09:38:49.740769+00:00
24.7,11.6,44.0,0.0,0.0,286.0,11.1,25.9,1023.0,36.0,2.0,2025-12-13 09:38:49.740769+00:00
24.7,11.6,44.0,0.0,0.0,285.0,11.1,24.1,1022.7,34.0,2.0,2025-12-13 09:38:49.740769+00:00
23.4,11.8,48.0,0.0,0.0,285.0,9.3,22.2,1022.6,28.0,2.0,2025-12-13 09:38:49.740769+00:00
22.7,12.0,51.0,0.0,0.0,284.0,9.3,18.5,1022.3,19.0,2.0,2025-12-13 09:38:49.740769+00:00
20.9,12.6,59.0,0.0,0.0,267.0,9.3,16.7,1022.3,10.0,2.0,2025-12-13 09:38:49.740769+00:00
19.3,13.0,67.0,0.0,0.0,268.0,9.3,14.8,1022.2,0.0,2.0,2025-12-13 09:38:49.740769+00:00
18.8,13.6,72.0,0.0,0.0,249.0,9.3,13.0,1021.7,0.0,2.0,2025-12-13 09:38:49.740769+00:00
18.1,13.8,76.0,0.0,0.0,256.0,9.3,14.8,1021.6,0.0,2.0,2025-12-13 09:38:49.740769+00:00
17.5,13.8,79.0,0.0,0.0,260.0,9.3,16.7,1021.5,0.0,2.0,2025-12-13 09:38:49.740769+00:00
16.9,13.8,82.0,0.0,0.0,268.0,9.3,16.7,1021.3,0.0,2.0,2025-12-13 09:38:49.740769+00:00
16.3,13.8,85.0,0.0,0.0,277.0,9.3,14.8,1021.2,0.0,2.0,2025-12-13 09:38:49.740769+00:00
16.2,13.7,85.0,0.0,0.0,285.0,9.3,14.8,1021.1,4.0,2.0,2025-12-13 09:38:49.740769+00:00
16.0,13.7,86.0,0.0,0.0,279.0,9.3,14.8,1021.1,15.0,2.0,2025-12-13 09:38:49.740769+00:00
17.9,13.8,77.0,0.0,0.0,285.0,9.3,18.5,1021.2,23.0,2.0,2025-12-13 09:38:49.740769+00:00
19.6,14.0,70.0,0.0,0.0,292.0,11.1,22.2,1021.3,32.0,2.0,2025-12-13 09:38:49.740769+00:00
20.5,13.5,64.0,0.0,0.0,297.0,13.0,24.1,1021.3,34.0,2.0,2025-12-13 09:38:49.740769+00:00
21.2,13.1,60.0,0.0,0.0,297.0,14.8,29.6,1021.3,37.0,2.0,2025-12-13 09:38:49.740769+00:00
21.8,12.9,57.0,0.0,0.0,295.0,14.8,31.5,1021.3,36.0,2.0,2025-12-13 09:38:49.740769+00:00
23.3,12.0,49.0,0.0,0.0,293.0,16.7,35.2,1021.3,35.0,2.0,2025-12-13 09:38:49.740769+00:00
23.7,11.4,46.0,0.0,0.0,295.0,18.5,37.0,1021.1,32.0,2.0,2025-12-13 09:38:49.740769+00:00
24.4,11.3,44.0,0.0,0.0,296.0,18.5,38.9,1021.1,33.0,2.0,2025-12-13 09:38:49.740769+00:00
24.8,11.4,43.0,0.0,0.0,298.0,18.5,38.9,1020.7,31.0,2.0,2025-12-13 09:38:49.740769+00:00
24.8,11.4,43.0,0.0,0.0,297.0,18.5,38.9,1020.4,32.0,2.0,2025-12-13 09:38:49.740769+00:00
24.7,11.3,43.0,0.0,0.0,299.0,18.5,38.9,1020.3,32.0,3.0,2025-12-13 09:38:49.740769+00:00
24.8,11.4,43.0,0.0,0.0,306.0,16.7,37.0,1019.8,30.0,3.0,2025-12-13 09:38:49.740769+00:00
24.0,11.3,45.0,0.0,0.0,309.0,14.8,35.2,1019.8,26.0,3.0,2025-12-13 09:38:49.740769+00:00
23.0,12.0,50.0,0.0,0.0,317.0,14.8,31.5,1019.9,19.0,3.0,2025-12-13 09:38:49.740769+00:00
22.4,12.3,53.0,0.0,0.0,320.0,13.0,27.8,1019.9,10.0,2.0,2025-12-13 09:38:49.740769+00:00
21.3,12.4,57.0,0.0,0.0,320.0,11.1,25.9,1020.0,5.0,2.0,2025-12-13 09:38:49.740769+00:00
20.2,12.9,63.0,0.0,0.0,315.0,11.1,24.1,1020.1,0.0,2.0,2025-12-13 09:38:49.740769+00:00
19.4,13.1,67.0,0.0,0.0,323.0,11.1,20.4,1020.2,0.0,3.0,2025-12-13 09:38:49.740769+00:00
18.8,13.2,70.0,0.0,0.0,316.0,11.1,22.2,1020.4,0.0,3.0,2025-12-13 09:38:49.740769+00:00
18.1,13.2,73.0,0.0,0.0,313.0,13.0,22.2,1020.7,0.0,3.0,2025-12-13 09:38:49.740769+00:00
17.7,13.0,74.0,0.0,0.0,311.0,13.0,24.1,1020.8,0.0,2.0,2025-12-13 09:38:49.740769+00:00
17.1,12.8,76.0,0.0,0.0,311.0,13.0,25.9,1021.0,0.0,2.0,2025-12-13 09:38:49.740769+00:00
16.3,12.3,77.0,0.0,0.0,310.0,13.0,25.9,1021.2,5.0,2.0,2025-12-13 09:38:49.740769+00:00
15.8,12.0,78.0,0.0,0.0,310.0,14.8,27.8,1021.6,15.0,2.0,2025-12-13 09:38:49.740769+00:00
16.3,11.7,74.0,0.0,0.0,312.0,14.8,31.5,1022.0,23.0,2.0,2025-12-13 09:38:49.740769+00:00
16.2,10.7,70.0,0.0,0.0,312.0,16.7,33.3,1022.3,26.0,2.0,2025-12-13 09:38:49.740769+00:00
16.4,10.3,67.0,0.0,0.0,308.0,16.7,35.2,1022.6,27.0,2.0,2025-12-13 09:38:49.740769+00:00
16.6,9.8,64.0,0.0,0.0,306.0,18.5,38.9,1022.8,27.0,2.0,2025-12-13 09:38:49.740769+00:00
17.0,9.2,60.0,0.0,0.0,307.0,20.4,38.9,1023.0,27.0,2.0,2025-12-13 09:38:49.740769+00:00
17.7,8.3,54.0,0.0,0.0,309.0,18.5,40.8,1023.1,27.0,2.0,2025-12-13 09:38:49.740769+00:00
18.6,7.7,49.0,0.0,0.0,309.0,20.4,44.5,1023.1,25.0,2.0,2025-12-13 09:38:49.740769+00:00
19.4,7.5,46.0,0.0,0.0,311.0,22.2,46.3,1023.2,25.0,2.0,2025-12-13 09:38:49.740769+00:00
20.2,7.6,44.0,0.0,0.0,310.0,22.2,46.3,1023.1,26.0,2.0,2025-12-13 09:38:49.740769+00:00
20.4,7.1,42.0,0.0,0.0,310.0,20.4,46.3,1022.9,31.0,2.0,2025-12-13 09:38:49.740769+00:00
20.7,7.0,41.0,0.0,0.0,313.0,20.4,44.5,1023.0,36.0,2.0,2025-12-13 09:38:49.740769+00:00
20.8,6.3,39.0,0.0,0.0,317.0,20.4,44.5,1022.9,39.0,2.0,2025-12-13 09:38:49.740769+00:00
20.3,6.3,40.0,0.0,0.0,321.0,18.5,40.8,1023.1,42.0,2.0,2025-12-13 09:38:49.740769+00:00
19.4,6.5,43.0,0.0,0.0,323.0,16.7,37.0,1023.3,39.0,2.0,2025-12-13 09:38:49.740769+00:00
18.8,6.3,44.0,0.0,0.0,326.0,14.8,33.3,1023.7,29.0,2.0,2025-12-13 09:38:49.740769+00:00
17.3,6.5,49.0,0.0,0.0,326.0,13.0,29.6,1024.2,17.0,2.0,2025-12-13 09:38:49.740769+00:00
15.9,6.6,54.0,0.0,0.0,325.0,13.0,25.9,1024.7,0.0,2.0,2025-12-13 09:38:49.740769+00:00
14.8,7.1,60.0,0.0,0.0,324.0,11.1,22.2,1025.0,0.0,1.0,2025-12-13 09:38:49.740769+00:00
14.2,7.5,64.0,0.0,0.0,320.0,11.1,18.5,1025.4,0.0,1.0,2025-12-13 09:38:49.740769+00:00
13.5,7.9,69.0,0.0,0.0,317.0,11.1,18.5,1025.6,0.0,1.0,2025-12-13 09:38:49.740769+00:00
12.8,7.9,72.0,0.0,0.0,314.0,11.1,18.5,1025.8,0.0,1.0,2025-12-13 09:38:49.740769+00:00
12.1,8.2,77.0,0.0,0.0,311.0,11.1,18.5,1025.9,0.0,1.0,2025-12-13 09:38:49.740769+00:00
11.9,8.6,80.0,0.0,0.0,311.0,11.1,18.5,1026.1,9.0,1.0,2025-12-13 09:38:49.740769+00:00
12.3,8.8,79.0,0.0,0.0,310.0,9.3,18.5,1026.4,19.0,2.0,2025-12-13 09:38:49.740769+00:00
13.2,9.1,76.0,0.0,0.0,312.0,9.3,18.5,1026.7,28.0,2.0,2025-12-13 09:38:49.740769+00:00
14.3,9.3,72.0,0.0,0.0,312.0,9.3,18.5,1026.8,35.0,2.0,2025-12-13 09:38:49.740769+00:00
15.3,9.0,66.0,0.0,0.0,310.0,9.3,20.4,1026.8,34.0,2.0,2025-12-13 09:38:49.740769+00:00
16.8,9.0,60.0,0.0,0.0,307.0,11.1,24.1,1026.6,38.0,2.0,2025-12-13 09:38:49.740769+00:00
17.9,8.2,53.0,0.0,0.0,306.0,11.1,25.9,1026.4,38.0,2.0,2025-12-13 09:38:49.740769+00:00
17.9,8.2,53.0,0.0,0.0,308.0,11.1,27.8,1026.2,38.0,2.0,2025-12-13 09:38:49.740769+00:00
19.0,8.0,49.0,0.0,0.0,311.0,11.1,25.9,1025.8,36.0,2.0,2025-12-13 09:38:49.740769+00:00
20.1,8.1,46.0,0.0,0.0,312.0,9.3,25.9,1025.5,40.0,2.0,2025-12-13 09:38:49.740769+00:00
20.8,7.8,43.0,0.0,0.0,313.0,9.3,25.9,1025.2,40.0,2.0,2025-12-13 09:38:49.740769+00:00
21.3,7.9,42.0,0.0,0.0,319.0,9.3,25.9,1024.8,45.0,2.0,2025-12-13 09:38:49.740769+00:00
21.6,7.8,41.0,0.0,0.0,327.0,9.3,24.1,1024.8,48.0,2.0,2025-12-13 09:38:49.740769+00:00
21.8,7.2,39.0,0.0,0.0,338.0,9.3,24.1,1024.4,50.0,2.0,2025-12-13 09:38:49.740769+00:00
21.5,7.0,39.0,0.0,0.0,338.0,9.3,24.1,1024.4,53.0,2.0,2025-12-13 09:38:49.740769+00:00
20.5,7.5,43.0,0.0,0.0,340.0,11.1,22.2,1024.3,48.0,2.0,2025-12-13 09:38:49.740769+00:00
19.6,7.3,45.0,0.0,0.0,343.0,9.3,20.4,1024.5,36.0,1.0,2025-12-13 09:38:49.740769+00:00
17.5,7.5,52.0,0.0,0.0,344.0,9.3,18.5,1024.7,21.0,1.0,2025-12-13 09:38:49.740769+00:00
15.9,8.1,60.0,0.0,0.0,352.0,9.3,16.7,1025.0,0.0,1.0,2025-12-13 09:38:49.740769+00:00
15.9,8.6,62.0,0.0,0.0,5.0,7.4,14.8,1025.1,0.0,1.0,2025-12-13 09:38:49.740769+00:00
14.8,8.5,66.0,0.0,0.0,13.0,7.4,14.8,1025.1,0.0,1.0,2025-12-13 09:38:49.740769+00:00
14.0,8.6,70.0,0.0,0.0,9.0,9.3,13.0,1025.0,0.0,1.0,2025-12-13 09:38:49.740769+00:00
13.3,8.6,73.0,0.0,0.0,6.0,7.4,13.0,1025.0,0.0,1.0,2025-12-13 09:38:49.740769+00:00
12.7,9.0,78.0,0.0,0.0,348.0,7.4,11.1,1024.7,0.0,1.0,2025-12-13 09:38:49.740769+00:00
12.0,8.8,81.0,0.0,0.0,342.0,7.4,11.1,1024.6,12.0,1.0,2025-12-13 09:38:49.740769+00:00
12.4,9.0,80.0,0.0,0.0,50.0,3.7,7.4,1024.7,31.0,1.0,2025-12-13 09:38:49.740769+00:00
14.9,9.7,71.0,0.0,0.0,203.0,3.7,9.3,1024.7,43.0,1.0,2025-12-13 09:38:49.740769+00:00
17.1,9.8,62.0,0.0,0.0,226.0,5.5,11.1,1024.6,46.0,1.0,2025-12-13 09:38:49.740769+00:00
18.5,9.6,56.0,0.0,0.0,236.0,5.5,13.0,1024.5,42.0,1.0,2025-12-13 09:38:49.740769+00:00
20.3,9.2,49.0,0.0,0.0,253.0,5.5,14.8,1024.3,41.0,1.0,2025-12-13 09:38:49.740769+00:00
21.8,9.0,44.0,0.0,0.0,261.0,7.4,18.5,1024.0,40.0,2.0,2025-12-13 09:38:49.740769+00:00
23.7,8.1,37.0,0.0,0.0,261.0,7.4,20.4,1023.8,42.0,2.0,2025-12-13 09:38:49.740769+00:00
24.8,8.3,35.0,0.0,0.0,264.0,7.4,22.2,1023.2,42.0,2.0,2025-12-13 09:38:49.740769+00:00
25.8,7.8,32.0,0.0,0.0,266.0,7.4,24.1,1022.6,45.0,2.0,2025-12-13 09:38:49.740769+00:00
26.6,8.1,31.0,0.0,0.0,268.0,7.4,24.1,1022.0,43.0,2.0,2025-12-13 09:38:49.740769+00:00
26.9,8.3,31.0,0.0,0.0,273.0,7.4,22.2,1021.4,46.0,2.0,2025-12-13 09:38:49.740769+00:00
27.1,8.0,30.0,0.0,0.0,281.0,7.4,24.1,1021.0,48.0,2.0,2025-12-13 09:38:49.740769+00:00
27.3,7.2,28.0,0.0,0.0,283.0,7.4,24.1,1020.4,49.0,2.0,2025-12-13 09:38:49.740769+00:00
26.6,7.1,29.0,0.0,0.0,287.0,9.3,22.2,1020.1,51.0,2.0,2025-12-13 09:38:49.740769+00:00
25.3,8.3,34.0,0.0,0.0,295.0,9.3,18.5,1020.1,46.0,2.0,2025-12-13 09:38:49.740769+00:00
24.0,8.8,38.0,0.0,0.0,293.0,9.3,16.7,1020.0,34.0,2.0,2025-12-13 09:38:49.740769+00:00
21.5,9.1,45.0,0.0,0.0,285.0,9.3,16.7,1020.2,20.0,1.0,2025-12-13 09:38:49.740769+00:00
19.4,9.8,54.0,0.0,0.0,269.0,9.3,14.8,1020.3,0.0,1.0,2025-12-13 09:38:49.740769+00:00
19.1,9.8,55.0,0.0,0.0,263.0,7.4,13.0,1020.1,0.0,1.0,2025-12-13 09:38:49.740769+00:00
18.2,9.8,58.0,0.0,0.0,254.0,9.3,13.0,1020.0,0.0,1.0,2025-12-13 09:38:49.740769+00:00
17.5,9.9,61.0,0.0,0.0,252.0,9.3,13.0,1019.9,0.0,1.0,2025-12-13 09:38:49.740769+00:00
16.9,10.0,64.0,0.0,0.0,244.0,9.3,13.0,1019.7,0.0,1.0,2025-12-13 09:38:49.740769+00:00
15.7,10.2,70.0,0.0,0.0,237.0,9.3,13.0,1019.6,0.0,1.0,2025-12-13 09:38:49.740769+00:00
15.3,10.1,71.0,0.0,0.0,226.0,9.3,13.0,1019.4,10.0,1.0,2025-12-13 09:38:49.740769+00:00
15.7,10.0,69.0,0.0,0.0,214.0,7.4,13.0,1019.3,25.0,2.0,2025-12-13 09:38:49.740769+00:00
18.7,10.5,59.0,0.0,0.0,208.0,7.4,13.0,1019.3,36.0,2.0,2025-12-13 09:38:49.740769+00:00
21.0,11.0,53.0,0.0,0.0,200.0,7.4,14.8,1019.3,41.0,2.0,2025-12-13 09:38:49.740769+00:00
22.8,10.6,46.0,0.0,0.0,199.0,7.4,14.8,1018.9,41.0,2.0,2025-12-13 09:38:49.740769+00:00
25.1,10.2,39.0,0.0,0.0,196.0,7.4,16.7,1018.5,41.0,2.0,2025-12-13 09:38:49.740769+00:00
27.0,10.6,36.0,0.0,0.0,200.0,9.3,20.4,1018.0,42.0,2.0,2025-12-13 09:38:49.740769+00:00
29.0,10.6,32.0,0.0,0.0,195.0,11.1,24.1,1017.3,45.0,2.0,2025-12-13 09:38:49.740769+00:00
29.9,9.9,29.0,0.0,0.0,202.0,13.0,27.8,1016.7,45.0,2.0,2025-12-13 09:38:49.740769+00:00
31.6,9.7,26.0,0.0,0.0,201.0,13.0,31.5,1016.0,48.0,2.0,2025-12-13 09:38:49.740769+00:00
32.5,9.3,24.0,0.0,0.0,202.0,14.8,33.3,1015.0,45.0,2.0,2025-12-13 09:38:49.740769+00:00
32.2,9.0,24.0,0.0,0.0,205.0,13.0,33.3,1014.2,48.0,2.0,2025-12-13 09:38:49.740769+00:00
32.2,9.0,24.0,0.0,0.0,207.0,14.8,33.3,1013.4,50.0,2.0,2025-12-13 09:38:49.740769+00:00
32.1,9.6,25.0,0.0,0.0,215.0,13.0,33.3,1012.6,45.0,2.0,2025-12-13 09:38:49.740769+00:00
31.3,9.5,26.0,0.0,0.0,212.0,13.0,31.5,1011.9,42.0,2.0,2025-12-13 09:38:49.740769+00:00
29.4,9.5,29.0,0.0,0.0,213.0,13.0,27.8,1011.6,33.0,2.0,2025-12-13 09:38:49.740769+00:00
28.3,9.5,31.0,0.0,0.0,207.0,11.1,24.1,1011.2,20.0,2.0,2025-12-13 09:38:49.740769+00:00
25.7,9.9,37.0,0.0,0.0,198.0,11.1,24.1,1011.1,10.0,2.0,2025-12-13 09:38:49.740769+00:00
23.6,10.6,44.0,0.0,0.0,194.0,11.1,22.2,1010.7,0.0,2.0,2025-12-13 09:38:49.740769+00:00
23.0,11.4,48.0,0.0,0.0,195.0,13.0,24.1,1009.9,0.0,2.0,2025-12-13 09:38:49.740769+00:00
22.6,11.3,49.0,0.0,0.0,202.0,13.0,24.1,1009.3,0.0,2.0,2025-12-13 09:38:49.740769+00:00
22.0,11.7,52.0,0.0,0.0,207.0,13.0,24.1,1009.0,0.0,2.0,2025-12-13 09:38:49.740769+00:00
21.5,12.1,55.0,0.0,0.0,220.0,13.0,22.2,1008.8,0.0,3.0,2025-12-13 09:38:49.740769+00:00
20.9,13.6,63.0,0.0,0.0,239.0,11.1,22.2,1008.9,0.0,3.0,2025-12-13 09:38:49.740769+00:00
20.7,14.6,68.0,0.0,0.0,258.0,13.0,24.1,1009.1,1.0,3.0,2025-12-13 09:38:49.740769+00:00
20.0,15.2,74.0,0.0,0.0,255.0,11.1,24.1,1008.7,8.0,3.0,2025-12-13 09:38:49.740769+00:00
21.0,15.8,72.0,0.0,0.0,259.0,13.0,29.6,1009.0,16.0,3.0,2025-12-13 09:38:49.740769+00:00
21.8,16.1,70.0,0.0,0.0,258.0,14.8,33.3,1009.0,22.0,2.0,2025-12-13 09:38:49.740769+00:00
22.2,15.5,66.0,0.0,0.0,259.0,16.7,35.2,1008.6,27.0,2.0,2025-12-13 09:38:49.740769+00:00
23.2,15.0,60.0,0.0,0.0,256.0,18.5,40.8,1008.1,29.0,3.0,2025-12-13 09:38:49.740769+00:00
23.8,14.2,55.0,0.0,0.0,253.0,22.2,42.6,1007.5,29.0,3.0,2025-12-13 09:38:49.740769+00:00
24.5,13.4,50.0,0.0,0.0,256.0,22.2,48.2,1007.6,24.0,3.0,2025-12-13 09:38:49.740769+00:00
24.6,12.8,48.0,0.0,0.0,256.0,24.1,51.8,1007.1,16.0,3.0,2025-12-13 09:38:49.740769+00:00
24.7,12.6,47.0,0.0,0.0,260.0,25.9,55.5,1006.7,13.0,3.0,2025-12-13 09:38:49.740769+00:00
24.6,12.2,46.0,0.0,0.0,263.0,25.9,57.4,1006.2,10.0,3.0,2025-12-13 09:38:49.740769+00:00
23.9,11.9,47.0,0.0,0.0,268.0,25.9,57.4,1006.0,13.0,3.0,2025-12-13 09:38:49.740769+00:00
23.0,11.1,47.0,0.1,0.0,276.0,27.8,57.4,1006.3,15.0,3.0,2025-12-13 09:38:49.740769+00:00
21.6,11.0,51.0,0.0,0.0,281.0,27.8,57.4,1006.5,19.0,3.0,2025-12-13 09:38:49.740769+00:00
20.0,10.4,54.0,0.0,0.0,287.0,25.9,57.4,1007.2,22.0,3.0,2025-12-13 09:38:49.740769+00:00
18.5,10.6,60.0,0.0,0.0,288.0,25.9,55.5,1008.1,23.0,2.0,2025-12-13 09:38:49.740769+00:00
18.0,10.1,60.0,0.0,0.0,290.0,22.2,51.8,1008.9,17.0,2.0,2025-12-13 09:38:49.740769+00:00
17.1,9.8,62.0,0.0,0.0,286.0,20.4,46.3,1009.9,11.0,2.0,2025-12-13 09:38:49.740769+00:00
16.1,9.5,65.0,0.0,0.0,285.0,20.4,42.6,1010.5,0.0,2.0,2025-12-13 09:38:49.740769+00:00
16.2,9.1,63.0,0.0,0.0,283.0,20.4,40.8,1010.9,0.0,2.0,2025-12-13 09:38:49.740769+00:00
15.5,9.2,66.0,0.0,0.0,282.0,18.5,38.9,1011.3,0.0,2.0,2025-12-13 09:38:49.740769+00:00
15.1,9.0,67.0,0.0,0.0,275.0,18.5,37.0,1011.4,0.0,2.0,2025-12-13 09:38:49.740769+00:00
14.6,9.2,70.0,0.0,0.0,267.0,18.5,35.2,1011.4,0.0,2.0,2025-12-13 09:38:49.740769+00:00
14.1,8.7,70.0,0.0,0.0,263.0,16.7,35.2,1011.4,0.0,2.0,2025-12-13 09:38:49.740769+00:00
13.6,8.9,73.0,0.0,0.0,260.0,16.7,35.2,1011.4,6.0,2.0,2025-12-13 09:38:49.740769+00:00
13.8,8.8,72.0,0.0,0.0,253.0,16.7,31.5,1011.3,18.0,2.0,2025-12-13 09:38:49.740769+00:00
15.2,9.1,67.0,0.0,0.0,249.0,16.7,33.3,1011.3,24.0,2.0,2025-12-13 09:38:49.740769+00:00
16.4,9.1,62.0,0.0,0.0,252.0,18.5,37.0,1011.3,26.0,2.0,2025-12-13 09:38:49.740769+00:00
17.3,8.7,57.0,0.0,0.0,255.0,20.4,40.8,1011.1,25.0,2.0,2025-12-13 09:38:49.740769+00:00
18.1,8.1,52.0,0.0,0.0,258.0,22.2,44.5,1010.8,21.0,2.0,2025-12-13 09:38:49.740769+00:00
18.6,8.3,51.0,0.0,0.0,262.0,22.2,46.3,1010.7,17.0,3.0,2025-12-13 09:38:49.740769+00:00
18.9,8.5,51.0,0.0,0.0,267.0,22.2,48.2,1010.6,8.0,4.0,2025-12-13 09:38:49.740769+00:00
19.0,8.6,51.0,0.0,0.0,267.0,22.2,48.2,1010.4,4.0,3.0,2025-12-13 09:38:49.740769+00:00
19.4,9.0,51.0,0.3,0.0,267.0,22.2,48.2,1010.2,2.0,4.0,2025-12-13 09:38:49.740769+00:00
19.6,8.9,50.0,0.0,0.0,272.0,20.4,48.2,1010.1,1.0,4.0,2025-12-13 09:38:49.740769+00:00
19.7,9.0,50.0,0.0,0.0,275.0,18.5,44.5,1009.9,6.0,7.0,2025-12-13 09:38:49.740769+00:00
19.9,9.2,50.0,0.0,0.0,274.0,18.5,42.6,1009.8,8.0,7.0,2025-12-13 09:38:49.740769+00:00
19.9,9.7,52.0,0.0,0.0,278.0,16.7,38.9,1009.6,10.0,7.0,2025-12-13 09:38:49.740769+00:00
19.8,9.9,53.0,0.0,0.0,277.0,14.8,37.0,1009.5,12.0,7.0,2025-12-13 09:38:49.740769+00:00
19.4,10.4,56.0,0.0,0.0,278.0,14.8,33.3,1009.4,10.0,3.0,2025-12-13 09:38:49.740769+00:00
19.0,11.1,60.0,0.0,0.0,274.0,14.8,29.6,1009.3,7.0,3.0,2025-12-13 09:38:49.740769+00:00
18.7,11.5,63.0,0.0,0.0,264.0,13.0,29.6,1009.2,4.0,3.0,2025-12-13 09:38:49.740769+00:00
18.2,11.7,66.0,0.0,0.0,261.0,14.8,29.6,1009.1,0.0,3.0,2025-12-13 09:38:49.740769+00:00
18.1,12.3,69.0,0.0,0.0,265.0,16.7,31.5,1009.1,0.0,3.0,2025-12-13 09:38:49.740769+00:00
17.8,12.7,72.0,0.0,0.0,265.0,16.7,31.5,1008.9,0.0,3.0,2025-12-13 09:38:49.740769+00:00
17.8,13.1,74.0,0.0,0.0,261.0,16.7,33.3,1008.9,0.0,3.0,2025-12-13 09:38:49.740769+00:00
17.6,13.3,76.0,0.0,0.0,258.0,16.7,33.3,1008.9,0.0,3.0,2025-12-13 09:38:49.740769+00:00
17.5,13.6,78.0,0.0,0.0,256.0,16.7,33.3,1008.9,0.0,4.0,2025-12-13 09:38:49.740769+00:00
17.8,14.3,80.0,0.8,0.0,254.0,16.7,33.3,1008.9,0.0,7.0,2025-12-13 09:38:49.740769+00:00
18.1,14.6,80.0,5.3,0.0,255.0,14.8,31.5,1008.9,0.0,7.0,2025-12-13 09:38:49.740769+00:00
18.6,14.9,79.0,0.7,0.0,255.0,14.8,33.3,1009.0,0.0,7.0,2025-12-13 09:38:49.740769+00:00
18.9,15.0,78.0,2.0,0.0,256.0,16.7,33.3,1009.0,0.0,7.0,2025-12-13 09:38:49.740769+00:00
19.6,15.0,75.0,0.0,0.0,260.0,16.7,35.2,1009.1,0.0,7.0,2025-12-13 09:38:49.740769+00:00
20.4,15.4,73.0,0.2,0.0,265.0,18.5,38.9,1009.4,4.0,7.0,2025-12-13 09:38:49.740769+00:00
21.1,15.0,68.0,0.0,0.0,270.0,20.4,40.8,1009.5,5.0,7.0,2025-12-13 09:38:49.740769+00:00
21.4,15.5,69.0,0.0,0.0,276.0,20.4,38.9,1009.5,9.0,3.0,2025-12-13 09:38:49.740769+00:00
21.7,15.3,67.0,0.0,0.0,280.0,20.4,42.6,1009.8,10.0,7.0,2025-12-13 09:38:49.740769+00:00
22.3,14.9,63.0,0.0,0.0,283.0,20.4,44.5,1010.0,11.0,17.0,2025-12-13 09:38:49.740769+00:00
22.9,15.0,61.0,0.0,0.0,289.0,20.4,44.5,1010.4,14.0,17.0,2025-12-13 09:38:49.740769+00:00
22.9,14.7,60.0,0.0,0.0,292.0,20.4,44.5,1010.6,22.0,3.0,2025-12-13 09:38:49.740769+00:00
23.3,14.3,57.0,0.0,0.0,296.0,20.4,42.6,1010.8,27.0,3.0,2025-12-13 09:38:49.740769+00:00
23.6,14.3,56.0,0.0,0.0,300.0,18.5,38.9,1010.7,30.0,2.0,2025-12-13 09:38:49.740769+00:00
23.3,14.0,56.0,0.0,0.0,305.0,16.7,37.0,1011.2,32.0,2.0,2025-12-13 09:38:49.740769+00:00
22.7,13.7,57.0,0.0,0.0,310.0,14.8,33.3,1011.8,30.0,2.0,2025-12-13 09:38:49.740769+00:00
21.6,13.7,61.0,0.0,0.0,317.0,13.0,27.8,1012.1,23.0,2.0,2025-12-13 09:38:49.740769+00:00
20.2,13.9,67.0,0.0,0.0,322.0,11.1,22.2,1012.4,13.0,2.0,2025-12-13 09:38:49.740769+00:00
19.0,13.8,72.0,0.0,0.0,328.0,9.3,18.5,1012.7,0.0,2.0,2025-12-13 09:38:49.740769+00:00
17.8,14.3,80.0,0.0,0.0,334.0,9.3,16.7,1013.1,0.0,2.0,2025-12-13 09:38:49.740769+00:00
16.8,14.1,84.0,0.0,0.0,339.0,7.4,14.8,1013.5,0.0,2.0,2025-12-13 09:38:49.740769+00:00
16.2,13.9,86.0,0.0,0.0,340.0,7.4,13.0,1013.7,0.0,2.0,2025-12-13 09:38:49.740769+00:00
15.5,13.7,89.0,0.0,0.0,354.0,7.4,13.0,1014.0,0.0,2.0,2025-12-13 09:38:49.740769+00:00
15.0,13.4,90.0,0.0,0.0,116.0,7.4,11.1,1014.0,0.0,2.0,2025-12-13 09:38:49.740769+00:00
14.8,13.3,91.0,0.0,0.0,132.0,7.4,11.1,1014.2,7.0,2.0,2025-12-13 09:38:49.740769+00:00
14.6,13.3,92.0,0.0,0.0,125.0,7.4,11.1,1014.2,17.0,2.0,2025-12-13 09:38:49.740769+00:00
16.5,13.8,84.0,0.0,0.0,131.0,7.4,14.8,1014.0,28.0,2.0,2025-12-13 09:38:49.740769+00:00
18.6,13.9,74.0,0.0,0.0,138.0,7.4,16.7,1013.8,36.0,2.0,2025-12-13 09:38:49.740769+00:00
20.5,13.9,66.0,0.0,0.0,149.0,7.4,18.5,1013.3,43.0,2.0,2025-12-13 09:38:49.740769+00:00
22.6,13.9,58.0,0.0,0.0,156.0,7.4,18.5,1012.7,43.0,3.0,2025-12-13 09:38:49.740769+00:00
24.2,14.0,53.0,0.0,0.0,156.0,9.3,22.2,1012.3,41.0,3.0,2025-12-13 09:38:49.740769+00:00
26.0,14.4,49.0,0.0,0.0,164.0,9.3,24.1,1011.8,38.0,3.0,2025-12-13 09:38:49.740769+00:00
27.0,14.7,47.0,0.0,0.0,161.0,11.1,25.9,1011.1,34.0,3.0,2025-12-13 09:38:49.740769+00:00
27.8,15.1,46.0,0.0,0.0,170.0,11.1,27.8,1010.6,31.0,3.0,2025-12-13 09:38:49.740769+00:00
28.4,15.3,45.0,0.0,0.0,173.0,11.1,27.8,1010.0,30.0,3.0,2025-12-13 09:38:49.740769+00:00
28.8,15.7,45.0,0.0,0.0,190.0,13.0,29.6,1009.5,31.0,3.0,2025-12-13 09:38:49.740769+00:00
27.9,15.9,48.0,0.0,0.0,207.0,13.0,29.6,1009.2,27.0,18.0,2025-12-13 09:38:49.740769+00:00
27.2,15.9,50.0,0.0,0.0,220.0,13.0,31.5,1008.5,25.0,18.0,2025-12-13 09:38:49.740769+00:00
25.0,16.7,60.0,5.5,0.0,240.0,13.0,33.3,1009.0,21.0,25.0,2025-12-13 09:38:49.740769+00:00
22.6,17.1,71.0,0.0,0.0,262.0,14.8,31.5,1009.9,13.0,25.0,2025-12-13 09:38:49.740769+00:00
21.6,17.4,77.0,0.0,0.0,269.0,14.8,33.3,1010.9,7.0,25.0,2025-12-13 09:38:49.740769+00:00
20.5,17.3,82.0,0.0,0.0,269.0,14.8,33.3,1011.8,3.0,25.0,2025-12-13 09:38:49.740769+00:00
19.9,16.9,83.0,0.0,0.0,271.0,16.7,37.0,1012.4,0.0,7.0,2025-12-13 09:38:49.740769+00:00
18.7,17.0,90.0,0.0,0.0,273.0,18.5,38.9,1013.0,0.0,7.0,2025-12-13 09:38:49.740769+00:00
18.3,17.0,92.0,0.0,0.0,270.0,16.7,38.9,1013.5,0.0,7.0,2025-12-13 09:38:49.740769+00:00
18.3,17.0,92.0,0.0,0.0,267.0,16.7,35.2,1014.0,0.0,7.0,2025-12-13 09:38:49.740769+00:00
18.0,16.8,93.0,0.0,0.0,265.0,16.7,33.3,1014.4,0.0,3.0,2025-12-13 09:38:49.740769+00:00
18.0,16.7,92.0,0.0,0.0,264.0,14.8,31.5,1014.6,0.0,3.0,2025-12-13 09:38:49.740769+00:00
18.2,16.7,91.0,0.0,0.0,266.0,14.8,31.5,1014.9,1.0,3.0,2025-12-13 09:38:49.740769+00:00
17.7,16.4,92.0,0.0,0.0,263.0,14.8,29.6,1015.0,3.0,3.0,2025-12-13 09:38:49.740769+00:00
18.5,16.3,87.0,0.0,0.0,269.0,16.7,31.5,1015.4,6.0,3.0,2025-12-13 09:38:49.740769+00:00
19.3,15.8,80.0,0.0,0.0,275.0,16.7,35.2,1015.7,11.0,3.0,2025-12-13 09:38:49.740769+00:00
19.7,15.3,76.0,0.0,0.0,276.0,18.5,37.0,1016.2,14.0,4.0,2025-12-13 09:38:49.740769+00:00
20.3,14.9,71.0,0.0,0.0,279.0,20.4,40.8,1016.7,14.0,4.0,2025-12-13 09:38:49.740769+00:00
20.0,13.7,67.0,0.0,0.0,283.0,20.4,42.6,1017.1,11.0,4.0,2025-12-13 09:38:49.740769+00:00
20.3,14.2,68.0,0.0,0.0,284.0,20.4,42.6,1017.3,11.0,4.0,2025-12-13 09:38:49.740769+00:00
18.7,14.2,75.0,0.3,0.0,284.0,20.4,42.6,1018.1,9.0,7.0,2025-12-13 09:38:49.740769+00:00
18.6,13.9,74.0,0.5,0.0,284.0,18.5,42.6,1018.8,14.0,7.0,2025-12-13 09:38:49.740769+00:00
18.5,13.6,73.0,0.0,0.0,285.0,18.5,42.6,1019.4,15.0,7.0,2025-12-13 09:38:49.740769+00:00
18.9,13.1,69.0,0.0,0.0,289.0,18.5,42.6,1019.8,19.0,7.0,2025-12-13 09:38:49.740769+00:00
19.3,12.6,65.0,0.0,0.0,292.0,18.5,40.8,1019.9,24.0,4.0,2025-12-13 09:38:49.740769+00:00
19.6,12.1,62.0,0.0,0.0,292.0,16.7,38.9,1020.3,26.0,3.0,2025-12-13 09:38:49.740769+00:00
19.6,11.4,59.0,0.0,0.0,291.0,16.7,37.0,1020.4,27.0,3.0,2025-12-13 09:38:49.740769+00:00
19.4,11.4,60.0,0.0,0.0,291.0,14.8,35.2,1020.5,22.0,3.0,2025-12-13 09:38:49.740769+00:00
18.4,11.7,65.0,0.0,0.0,291.0,14.8,31.5,1020.9,17.0,3.0,2025-12-13 09:38:49.740769+00:00
17.4,11.9,70.0,0.0,0.0,289.0,13.0,27.8,1021.3,10.0,2.0,2025-12-13 09:38:49.740769+00:00
16.5,11.8,74.0,0.0,0.0,289.0,13.0,25.9,1021.7,0.0,2.0,2025-12-13 09:38:49.740769+00:00
15.4,11.8,79.0,0.0,0.0,280.0,13.0,24.1,1022.3,0.0,3.0,2025-12-13 09:38:49.740769+00:00
14.9,12.0,83.0,0.0,0.0,278.0,11.1,20.4,1022.6,0.0,2.0,2025-12-13 09:38:49.740769+00:00
14.5,12.2,86.0,0.0,0.0,270.0,11.1,20.4,1022.7,0.0,2.0,2025-12-13 09:38:49.740769+00:00
14.2,12.2,88.0,0.0,0.0,257.0,11.1,18.5,1022.7,0.0,2.0,2025-12-13 09:38:49.740769+00:00
14.1,12.1,88.0,0.0,0.0,246.0,11.1,18.5,1022.6,0.0,2.0,2025-12-13 09:38:49.740769+00:00
14.1,12.5,90.0,0.0,0.0,239.0,11.1,18.5,1022.6,5.0,2.0,2025-12-13 09:38:49.740769+00:00
13.5,12.4,93.0,0.0,0.0,228.0,9.3,16.7,1022.6,15.0,2.0,2025-12-13 09:38:49.740769+00:00
15.3,12.8,85.0,0.0,0.0,229.0,9.3,18.5,1022.5,25.0,2.0,2025-12-13 09:38:49.740769+00:00
17.2,13.1,77.0,0.0,0.0,241.0,11.1,20.4,1022.4,27.0,2.0,2025-12-13 09:38:49.740769+00:00
19.1,13.5,70.0,0.0,0.0,248.0,11.1,24.1,1022.2,31.0,2.0,2025-12-13 09:38:49.740769+00:00
21.0,13.7,63.0,0.0,0.0,257.0,13.0,25.9,1022.0,33.0,2.0,2025-12-13 09:38:49.740769+00:00
22.5,13.8,58.0,0.0,0.0,258.0,14.8,31.5,1022.0,31.0,3.0,2025-12-13 09:38:49.740769+00:00
23.6,14.0,55.0,0.0,0.0,266.0,14.8,33.3,1021.6,29.0,3.0,2025-12-13 09:38:49.740769+00:00
24.3,14.4,54.0,0.0,0.0,266.0,14.8,33.3,1021.4,27.0,3.0,2025-12-13 09:38:49.740769+00:00
25.1,14.5,52.0,0.0,0.0,268.0,16.7,35.2,1021.2,24.0,3.0,2025-12-13 09:38:49.740769+00:00
25.8,14.9,51.0,0.0,0.0,274.0,16.7,35.2,1021.0,26.0,3.0,2025-12-13 09:38:49.740769+00:00
26.0,15.1,51.0,0.0,0.0,278.0,16.7,37.0,1020.8,29.0,3.0,2025-12-13 09:38:49.740769+00:00
26.5,14.9,49.0,0.0,0.0,282.0,16.7,37.0,1020.6,32.0,3.0,2025-12-13 09:38:49.740769+00:00
26.7,14.8,48.0,0.0,0.0,286.0,16.7,35.2,1020.3,32.0,3.0,2025-12-13 09:38:49.740769+00:00
26.1,14.9,50.0,0.0,0.0,289.0,16.7,33.3,1020.1,33.0,3.0,2025-12-13 09:38:49.740769+00:00
25.2,15.5,55.0,0.0,0.0,291.0,14.8,31.5,1020.3,26.0,3.0,2025-12-13 09:38:49.740769+00:00
24.5,15.7,58.0,0.0,0.0,293.0,14.8,29.6,1020.4,16.0,3.0,2025-12-13 09:38:49.740769+00:00
23.7,16.5,64.0,0.0,0.0,292.0,14.8,29.6,1020.6,8.0,3.0,2025-12-13 09:38:49.740769+00:00
22.6,16.8,70.0,0.0,0.0,293.0,13.0,29.6,1020.8,0.0,3.0,2025-12-13 09:38:49.740769+00:00
21.7,16.4,72.0,0.0,0.0,290.0,14.8,29.6,1020.9,0.0,3.0,2025-12-13 09:38:49.740769+00:00
20.9,16.7,77.0,0.0,0.0,292.0,13.0,27.8,1021.2,0.0,2.0,2025-12-13 09:38:49.740769+00:00
20.4,16.8,80.0,0.0,0.0,289.0,13.0,25.9,1021.3,0.0,2.0,2025-12-13 09:38:49.740769+00:00
19.9,17.1,84.0,0.0,0.0,285.0,13.0,24.1,1021.3,0.0,2.0,2025-12-13 09:38:49.740769+00:00
19.4,17.0,86.0,0.0,0.0,280.0,13.0,24.1,1021.3,0.0,2.0,2025-12-13 09:38:49.740769+00:00
19.1,17.2,89.0,0.0,0.0,277.0,13.0,24.1,1021.4,6.0,2.0,2025-12-13 09:38:49.740769+00:00
18.5,17.3,93.0,0.0,0.0,270.0,11.1,22.2,1021.2,16.0,2.0,2025-12-13 09:38:49.740769+00:00
20.0,17.6,86.0,0.0,0.0,269.0,13.0,24.1,1021.1,28.0,2.0,2025-12-13 09:38:49.740769+00:00
21.5,17.7,79.0,0.0,0.0,271.0,14.8,27.8,1021.0,35.0,2.0,2025-12-13 09:38:49.740769+00:00
22.9,17.6,72.0,0.0,0.0,272.0,14.8,31.5,1020.7,39.0,2.0,2025-12-13 09:38:49.740769+00:00
24.1,17.3,66.0,0.0,0.0,275.0,16.7,35.2,1020.5,40.0,2.0,2025-12-13 09:38:49.740769+00:00
24.9,17.1,62.0,0.0,0.0,279.0,18.5,38.9,1020.4,37.0,2.0,2025-12-13 09:38:49.740769+00:00
25.9,17.0,58.0,0.0,0.0,281.0,20.4,42.6,1020.2,37.0,2.0,2025-12-13 09:38:49.740769+00:00
25.7,16.8,58.0,0.0,0.0,290.0,22.2,46.3,1020.1,32.0,2.0,2025-12-13 09:38:49.740769+00:00
25.9,16.7,57.0,0.1,0.0,295.0,22.2,48.2,1020.1,27.0,2.0,2025-12-13 09:38:49.740769+00:00
26.1,16.9,57.0,0.0,0.0,300.0,22.2,48.2,1020.0,27.0,3.0,2025-12-13 09:38:49.740769+00:00
26.4,16.3,54.0,0.0,0.0,301.0,22.2,48.2,1019.8,32.0,3.0,2025-12-13 09:38:49.740769+00:00
26.4,15.4,51.0,0.0,0.0,306.0,22.2,48.2,1019.8,38.0,2.0,2025-12-13 09:38:49.740769+00:00
26.1,14.5,49.0,0.0,0.0,313.0,22.2,46.3,1020.0,42.0,2.0,2025-12-13 09:38:49.740769+00:00
25.4,13.9,49.0,0.0,0.0,310.0,22.2,44.5,1019.8,41.0,2.0,2025-12-13 09:38:49.740769+00:00
24.4,12.3,47.0,0.0,0.0,313.0,20.4,42.6,1020.0,34.0,2.0,2025-12-13 09:38:49.740769+00:00
22.9,11.6,49.0,0.0,0.0,317.0,18.5,38.9,1020.1,25.0,2.0,2025-12-13 09:38:49.740769+00:00
21.5,10.9,51.0,0.0,0.0,320.0,16.7,35.2,1020.8,14.0,2.0,2025-12-13 09:38:49.740769+00:00
19.8,10.2,54.0,0.0,0.0,319.0,16.7,33.3,1021.3,0.0,2.0,2025-12-13 09:38:49.740769+00:00
18.1,10.0,59.0,0.0,0.0,319.0,16.7,33.3,1021.7,0.0,2.0,2025-12-13 09:38:49.740769+00:00
16.9,9.3,61.0,0.0,0.0,319.0,14.8,29.6,1022.0,0.0,2.0,2025-12-13 09:38:49.740769+00:00
15.9,9.6,66.0,0.0,0.0,316.0,14.8,25.9,1022.4,0.0,2.0,2025-12-13 09:38:49.740769+00:00
15.0,9.4,69.0,0.0,0.0,313.0,13.0,24.1,1022.4,0.0,2.0,2025-12-13 09:38:49.740769+00:00
14.4,9.8,74.0,0.0,0.0,311.0,13.0,24.1,1022.4,0.0,2.0,2025-12-13 09:38:49.740769+00:00
13.7,9.9,78.0,0.0,0.0,308.0,13.0,22.2,1022.4,13.0,2.0,2025-12-13 09:38:49.740769+00:00
13.6,10.0,79.0,0.0,0.0,310.0,13.0,22.2,1022.6,31.0,1.0,2025-12-13 09:38:49.740769+00:00
14.1,10.1,77.0,0.0,0.0,310.0,11.1,22.2,1022.8,49.0,1.0,2025-12-13 09:38:49.740769+00:00
15.0,10.2,73.0,0.0,0.0,311.0,11.1,22.2,1022.8,56.0,1.0,2025-12-13 09:38:49.740769+00:00
16.7,10.1,65.0,0.0,0.0,308.0,11.1,22.2,1022.8,59.0,1.0,2025-12-13 09:38:49.740769+00:00
18.2,9.5,57.0,0.0,0.0,304.0,11.1,25.9,1022.8,60.0,1.0,2025-12-13 09:38:49.740769+00:00
19.7,9.0,50.0,0.0,0.0,304.0,11.1,27.8,1022.7,59.0,1.0,2025-12-13 09:38:49.740769+00:00
21.0,8.6,45.0,0.0,0.0,306.0,11.1,27.8,1022.8,59.0,2.0,2025-12-13 09:38:49.740769+00:00
22.2,7.9,40.0,0.0,0.0,309.0,13.0,29.6,1022.4,60.0,2.0,2025-12-13 09:38:49.740769+00:00
23.3,7.8,37.0,0.0,0.0,312.0,11.1,29.6,1022.1,60.0,2.0,2025-12-13 09:38:49.740769+00:00
24.2,7.3,34.0,0.0,0.0,313.0,11.1,29.6,1021.5,60.0,2.0,2025-12-13 09:38:49.740769+00:00
24.9,7.5,33.0,0.0,0.0,320.0,11.1,27.8,1021.0,60.0,2.0,2025-12-13 09:38:49.740769+00:00
25.5,7.1,31.0,0.0,0.0,334.0,9.3,27.8,1020.6,60.0,2.0,2025-12-13 09:38:49.740769+00:00
25.7,6.8,30.0,0.0,0.0,341.0,11.1,25.9,1020.1,60.0,2.0,2025-12-13 09:38:49.740769+00:00
25.1,6.8,31.0,0.0,0.0,347.0,11.1,24.1,1019.7,60.0,2.0,2025-12-13 09:38:49.740769+00:00
23.9,6.6,33.0,0.0,0.0,3.0,11.1,24.1,1019.5,54.0,1.0,2025-12-13 09:38:49.740769+00:00
22.5,6.7,36.0,0.0,0.0,18.0,11.1,22.2,1019.6,41.0,1.0,2025-12-13 09:38:49.740769+00:00
20.8,7.1,41.0,0.0,0.0,33.0,11.1,22.2,1019.9,22.0,1.0,2025-12-13 09:38:49.740769+00:00
19.3,8.0,48.0,0.0,0.0,46.0,11.1,22.2,1020.1,0.0,1.0,2025-12-13 09:38:49.740769+00:00
18.0,8.3,53.0,0.0,0.0,61.0,11.1,22.2,1020.2,0.0,1.0,2025-12-13 09:38:49.740769+00:00
17.3,9.0,58.0,0.0,0.0,73.0,13.0,22.2,1020.4,0.0,1.0,2025-12-13 09:38:49.740769+00:00
16.7,9.4,62.0,0.0,0.0,83.0,11.1,22.2,1020.4,0.0,1.0,2025-12-13 09:38:49.740769+00:00
16.0,9.9,67.0,0.0,0.0,91.0,11.1,20.4,1020.4,0.0,1.0,2025-12-13 09:38:49.740769+00:00
15.6,10.1,70.0,0.0,0.0,98.0,11.1,20.4,1020.3,0.0,1.0,2025-12-13 09:38:49.740769+00:00
15.1,10.5,74.0,0.0,0.0,102.0,11.1,20.4,1020.3,13.0,1.0,2025-12-13 09:38:49.740769+00:00
14.3,11.1,81.0,0.0,0.0,102.0,9.3,16.7,1020.3,33.0,1.0,2025-12-13 09:38:49.740769+00:00
16.2,11.6,74.0,0.0,0.0,115.0,9.3,16.7,1020.3,53.0,1.0,2025-12-13 09:38:49.740769+00:00
18.1,11.4,65.0,0.0,0.0,125.0,9.3,16.7,1020.3,60.0,1.0,2025-12-13 09:38:49.740769+00:00
20.1,11.3,57.0,0.0,0.0,135.0,7.4,16.7,1020.1,60.0,1.0,2025-12-13 09:38:49.740769+00:00
22.8,11.2,48.0,0.0,0.0,148.0,7.4,18.5,1019.8,60.0,1.0,2025-12-13 09:38:49.740769+00:00
25.2,10.6,40.0,0.0,0.0,153.0,7.4,20.4,1019.4,60.0,1.0,2025-12-13 09:38:49.740769+00:00
27.2,10.4,35.0,0.0,0.0,150.0,7.4,20.4,1019.0,60.0,1.0,2025-12-13 09:38:49.740769+00:00
28.7,10.4,32.0,0.0,0.0,152.0,5.5,20.4,1018.7,60.0,1.0,2025-12-13 09:38:49.740769+00:00
29.9,10.4,30.0,0.0,0.0,152.0,5.5,20.4,1018.3,60.0,1.0,2025-12-13 09:38:49.740769+00:00
30.9,10.2,28.0,0.0,0.0,143.0,5.5,20.4,1017.9,60.0,1.0,2025-12-13 09:38:49.740769+00:00
31.5,10.2,27.0,0.0,0.0,135.0,5.5,20.4,1017.4,60.0,1.0,2025-12-13 09:38:49.740769+00:00
31.9,10.0,26.0,0.0,0.0,111.0,7.4,22.2,1016.9,60.0,1.0,2025-12-13 09:38:49.740769+00:00
32.0,9.5,25.0,0.0,0.0,113.0,7.4,22.2,1016.6,60.0,1.0,2025-12-13 09:38:49.740769+00:00
31.1,9.3,26.0,0.0,0.0,109.0,9.3,22.2,1016.2,60.0,1.0,2025-12-13 09:38:49.740769+00:00
29.0,9.7,30.0,0.0,0.0,101.0,9.3,22.2,1016.2,59.0,1.0,2025-12-13 09:38:49.740769+00:00
26.8,9.6,34.0,0.0,0.0,97.0,11.1,22.2,1016.4,43.0,1.0,2025-12-13 09:38:49.740769+00:00
24.5,9.6,39.0,0.0,0.0,97.0,11.1,22.2,1016.8,24.0,1.0,2025-12-13 09:38:49.740769+00:00
22.5,10.3,46.0,0.0,0.0,98.0,11.1,22.2,1017.0,0.0,1.0,2025-12-13 09:38:49.740769+00:00
21.6,10.4,49.0,0.0,0.0,105.0,13.0,22.2,1017.0,0.0,1.0,2025-12-13 09:38:49.740769+00:00
20.7,10.5,52.0,0.0,0.0,113.0,13.0,22.2,1017.0,0.0,1.0,2025-12-13 09:38:49.740769+00:00
19.9,11.1,57.0,0.0,0.0,121.0,11.1,20.4,1017.0,0.0,1.0,2025-12-13 09:38:49.740769+00:00
19.1,11.1,60.0,0.0,0.0,125.0,11.1,20.4,1017.0,0.0,1.0,2025-12-13 09:38:49.740769+00:00
18.3,11.4,64.0,0.0,0.0,129.0,11.1,18.5,1016.9,0.0,1.0,2025-12-13 09:38:49.740769+00:00
17.6,11.6,68.0,0.0,0.0,133.0,11.1,18.5,1016.8,13.0,1.0,2025-12-13 09:38:49.740769+00:00
17.2,11.5,69.0,0.0,0.0,140.0,9.3,18.5,1016.8,33.0,1.0,2025-12-13 09:38:49.740769+00:00
19.4,12.4,64.0,0.0,0.0,146.0,9.3,18.5,1016.7,54.0,1.0,2025-12-13 09:38:49.740769+00:00
22.0,12.5,55.0,0.0,0.0,154.0,9.3,16.7,1016.5,60.0,1.0,2025-12-13 09:38:49.740769+00:00
24.8,12.4,46.0,0.0,0.0,162.0,7.4,16.7,1016.4,60.0,1.0,2025-12-13 09:38:49.740769+00:00
28.0,12.3,38.0,0.0,0.0,166.0,7.4,18.5,1016.2,60.0,1.0,2025-12-13 09:38:49.740769+00:00
31.0,11.9,31.0,0.0,0.0,170.0,9.3,18.5,1016.0,60.0,1.0,2025-12-13 09:38:49.740769+00:00
32.6,11.1,27.0,0.0,0.0,166.0,7.4,22.2,1015.5,60.0,1.0,2025-12-13 09:38:49.740769+00:00
34.1,11.2,25.0,0.0,0.0,174.0,7.4,24.1,1015.1,60.0,1.0,2025-12-13 09:38:49.740769+00:00
35.4,11.1,23.0,0.0,0.0,184.0,7.4,24.1,1014.6,60.0,1.0,2025-12-13 09:38:49.740769+00:00
36.2,11.1,22.0,0.0,0.0,187.0,7.4,24.1,1014.0,60.0,1.0,2025-12-13 09:38:49.740769+00:00
36.5,10.6,21.0,0.0,0.0,190.0,7.4,24.1,1013.4,60.0,1.0,2025-12-13 09:38:49.740769+00:00
36.8,10.1,20.0,0.0,0.0,194.0,7.4,24.1,1012.8,60.0,1.0,2025-12-13 09:38:49.740769+00:00
36.4,9.8,20.0,0.0,0.0,202.0,9.3,24.1,1012.1,60.0,1.0,2025-12-13 09:38:49.740769+00:00
35.5,9.1,20.0,0.0,0.0,200.0,9.3,22.2,1011.7,60.0,1.0,2025-12-13 09:38:49.740769+00:00
33.2,9.9,24.0,0.0,0.0,175.0,11.1,20.4,1011.3,55.0,1.0,2025-12-13 09:38:49.740769+00:00
30.8,9.6,27.0,0.0,0.0,158.0,11.1,20.4,1011.2,39.0,1.0,2025-12-13 09:38:49.740769+00:00
28.1,10.3,33.0,0.0,0.0,147.0,11.1,22.2,1011.5,21.0,1.0,2025-12-13 09:38:49.740769+00:00
25.6,11.0,40.0,0.0,0.0,156.0,13.0,22.2,1011.3,0.0,1.0,2025-12-13 09:38:49.740769+00:00
24.3,11.9,46.0,0.0,0.0,146.0,13.0,24.1,1011.2,0.0,1.0,2025-12-13 09:38:49.740769+00:00
23.7,11.7,47.0,0.0,0.0,160.0,13.0,24.1,1011.1,0.0,1.0,2025-12-13 09:38:49.740769+00:00
23.4,12.4,50.0,0.0,0.0,177.0,14.8,25.9,1011.2,0.0,1.0,2025-12-13 09:38:49.740769+00:00
22.9,12.5,52.0,0.0,0.0,223.0,13.0,25.9,1011.4,0.0,1.0,2025-12-13 09:38:49.740769+00:00
22.5,13.3,56.0,0.0,0.0,297.0,14.8,31.5,1011.7,0.0,1.0,2025-12-13 09:38:49.740769+00:00
21.8,13.9,61.0,0.0,0.0,305.0,14.8,33.3,1012.2,5.0,2.0,2025-12-13 09:38:49.740769+00:00
20.9,13.8,64.0,0.0,0.0,299.0,14.8,33.3,1012.9,12.0,2.0,2025-12-13 09:38:49.740769+00:00
21.4,14.3,64.0,0.0,0.0,303.0,16.7,37.0,1014.4,19.0,2.0,2025-12-13 09:38:49.740769+00:00
21.3,14.9,67.0,0.0,0.0,305.0,18.5,38.9,1015.6,18.0,3.0,2025-12-13 09:38:49.740769+00:00
21.0,15.3,70.0,0.1,0.0,303.0,18.5,38.9,1017.2,20.0,3.0,2025-12-13 09:38:49.740769+00:00
20.9,15.4,71.0,0.3,0.0,301.0,18.5,38.9,1018.4,19.0,3.0,2025-12-13 09:38:49.740769+00:00
20.6,14.7,69.0,0.0,0.0,300.0,18.5,38.9,1019.3,14.0,3.0,2025-12-13 09:38:49.740769+00:00
21.5,14.6,65.0,0.0,0.0,300.0,16.7,37.0,1020.0,19.0,4.0,2025-12-13 09:38:49.740769+00:00
22.3,13.6,58.0,0.0,0.0,306.0,18.5,40.8,1020.7,22.0,4.0,2025-12-13 09:38:49.740769+00:00
22.5,12.4,53.0,0.0,0.0,307.0,18.5,40.8,1021.3,29.0,3.0,2025-12-13 09:38:49.740769+00:00
22.7,12.3,52.0,0.0,0.0,306.0,18.5,40.8,1021.8,34.0,3.0,2025-12-13 09:38:49.740769+00:00
22.9,11.6,49.0,0.0,0.0,307.0,18.5,40.8,1022.1,37.0,3.0,2025-12-13 09:38:49.740769+00:00
23.2,11.3,47.0,0.0,0.0,310.0,18.5,38.9,1022.2,42.0,2.0,2025-12-13 09:38:49.740769+00:00
23.4,10.1,43.0,0.0,0.0,313.0,18.5,38.9,1022.6,46.0,2.0,2025-12-13 09:38:49.740769+00:00
22.6,9.7,44.0,0.0,0.0,317.0,16.7,37.0,1022.9,48.0,2.0,2025-12-13 09:38:49.740769+00:00
21.4,9.3,46.0,0.0,0.0,321.0,14.8,33.3,1023.3,44.0,2.0,2025-12-13 09:38:49.740769+00:00
20.2,8.8,48.0,0.0,0.0,327.0,14.8,31.5,1023.8,33.0,2.0,2025-12-13 09:38:49.740769+00:00
18.7,8.6,52.0,0.0,0.0,331.0,13.0,27.8,1024.3,19.0,2.0,2025-12-13 09:38:49.740769+00:00
17.6,8.4,55.0,0.0,0.0,334.0,11.1,25.9,1024.7,0.0,2.0,2025-12-13 09:38:49.740769+00:00
15.9,9.1,64.0,0.0,0.0,332.0,11.1,20.4,1025.4,0.0,2.0,2025-12-13 09:38:49.740769+00:00
15.1,9.0,67.0,0.0,0.0,338.0,9.3,20.4,1025.7,0.0,1.0,2025-12-13 09:38:49.740769+00:00
14.4,9.2,71.0,0.0,0.0,340.0,9.3,18.5,1025.9,0.0,1.0,2025-12-13 09:38:49.740769+00:00
13.7,9.1,74.0,0.0,0.0,336.0,9.3,14.8,1026.0,0.0,1.0,2025-12-13 09:38:49.740769+00:00
13.3,9.4,77.0,0.0,0.0,331.0,7.4,14.8,1026.0,0.0,2.0,2025-12-13 09:38:49.740769+00:00
12.9,9.5,80.0,0.0,0.0,326.0,7.4,14.8,1026.1,9.0,2.0,2025-12-13 09:38:49.740769+00:00
12.6,10.0,84.0,0.0,0.0,319.0,7.4,13.0,1026.4,19.0,2.0,2025-12-13 09:38:49.740769+00:00
14.0,10.2,78.0,0.0,0.0,313.0,7.4,13.0,1026.5,29.0,2.0,2025-12-13 09:38:49.740769+00:00
15.5,10.0,70.0,0.0,0.0,312.0,7.4,16.7,1026.6,38.0,2.0,2025-12-13 09:38:49.740769+00:00
16.9,9.8,63.0,0.0,0.0,307.0,9.3,20.4,1026.6,43.0,2.0,2025-12-13 09:38:49.740769+00:00
18.1,9.2,56.0,0.0,0.0,299.0,11.1,24.1,1026.6,45.0,2.0,2025-12-13 09:38:49.740769+00:00
19.1,8.4,50.0,0.0,0.0,296.0,11.1,25.9,1026.5,45.0,2.0,2025-12-13 09:38:49.740769+00:00
19.9,7.9,46.0,0.0,0.0,289.0,13.0,29.6,1026.5,44.0,2.0,2025-12-13 09:38:49.740769+00:00
20.8,7.4,42.0,0.0,0.0,292.0,13.0,31.5,1026.1,43.0,2.0,2025-12-13 09:38:49.740769+00:00
21.7,7.1,39.0,0.0,0.0,292.0,13.0,31.5,1025.7,43.0,2.0,2025-12-13 09:38:49.740769+00:00
22.4,6.6,36.0,0.0,0.0,294.0,14.8,33.3,1025.3,46.0,2.0,2025-12-13 09:38:49.740769+00:00
22.7,6.4,35.0,0.0,0.0,296.0,13.0,33.3,1024.8,50.0,2.0,2025-12-13 09:38:49.740769+00:00
23.3,6.1,33.0,0.0,0.0,300.0,13.0,31.5,1024.4,50.0,2.0,2025-12-13 09:38:49.740769+00:00
23.8,6.1,32.0,0.0,0.0,299.0,11.1,29.6,1023.9,52.0,2.0,2025-12-13 09:38:49.740769+00:00
23.3,6.1,33.0,0.0,0.0,297.0,11.1,27.8,1023.2,49.0,2.0,2025-12-13 09:38:49.740769+00:00
22.3,6.1,35.0,0.0,0.0,303.0,9.3,24.1,1022.8,40.0,2.0,2025-12-13 09:38:49.740769+00:00
20.7,6.2,39.0,0.0,0.0,297.0,9.3,20.4,1022.5,28.0,2.0,2025-12-13 09:38:49.740769+00:00
18.8,6.6,45.0,0.0,0.0,279.0,9.3,18.5,1022.6,15.0,2.0,2025-12-13 09:38:49.740769+00:00
17.2,7.5,53.0,0.0,0.0,257.0,9.3,16.7,1022.6,0.0,2.0,2025-12-13 09:38:49.740769+00:00
15.4,8.2,62.0,0.0,0.0,226.0,9.3,14.8,1022.2,0.0,2.0,2025-12-13 09:38:49.740769+00:00
14.9,8.6,66.0,0.0,0.0,217.0,9.3,14.8,1021.9,0.0,2.0,2025-12-13 09:38:49.740769+00:00
14.3,8.9,70.0,0.0,0.0,207.0,9.3,14.8,1021.5,0.0,1.0,2025-12-13 09:38:49.740769+00:00
13.8,9.0,73.0,0.0,0.0,200.0,11.1,14.8,1020.9,0.0,1.0,2025-12-13 09:38:49.740769+00:00
13.5,9.0,74.0,0.0,0.0,200.0,11.1,16.7,1020.4,0.0,2.0,2025-12-13 09:38:49.740769+00:00
13.1,9.0,76.0,0.0,0.0,193.0,11.1,16.7,1019.9,9.0,2.0,2025-12-13 09:38:49.740769+00:00
13.9,8.9,72.0,0.0,0.0,190.0,9.3,16.7,1019.3,21.0,2.0,2025-12-13 09:38:49.740769+00:00
15.3,9.0,66.0,0.0,0.0,191.0,9.3,16.7,1018.8,34.0,2.0,2025-12-13 09:38:49.740769+00:00
17.3,9.2,59.0,0.0,0.0,195.0,9.3,18.5,1018.4,41.0,2.0,2025-12-13 09:38:49.740769+00:00
19.8,9.1,50.0,0.0,0.0,206.0,9.3,20.4,1017.6,47.0,2.0,2025-12-13 09:38:49.740769+00:00
22.2,8.7,42.0,0.0,0.0,214.0,11.1,24.1,1017.1,50.0,2.0,2025-12-13 09:38:49.740769+00:00
24.0,8.8,38.0,0.0,0.0,223.0,13.0,27.8,1016.3,47.0,3.0,2025-12-13 09:38:49.740769+00:00
25.6,8.6,34.0,0.0,0.0,233.0,13.0,29.6,1015.8,49.0,2.0,2025-12-13 09:38:49.740769+00:00
26.1,8.6,33.0,0.0,0.0,244.0,13.0,33.3,1015.0,38.0,2.0,2025-12-13 09:38:49.740769+00:00
26.2,9.1,34.0,0.0,0.0,249.0,14.8,35.2,1014.2,33.0,3.0,2025-12-13 09:38:49.740769+00:00
26.3,8.7,33.0,0.0,0.0,254.0,13.0,35.2,1013.6,29.0,3.0,2025-12-13 09:38:49.740769+00:00
26.1,8.6,33.0,0.0,0.0,262.0,13.0,35.2,1013.1,30.0,3.0,2025-12-13 09:38:49.740769+00:00
26.0,8.5,33.0,0.0,0.0,266.0,13.0,33.3,1012.8,32.0,3.0,2025-12-13 09:38:49.740769+00:00
26.1,8.6,33.0,0.0,0.0,269.0,13.0,31.5,1012.1,35.0,3.0,2025-12-13 09:38:49.740769+00:00
25.6,8.6,34.0,0.0,0.0,277.0,13.0,29.6,1011.7,35.0,3.0,2025-12-13 09:38:49.740769+00:00
24.4,8.8,37.0,0.0,0.0,287.0,11.1,25.9,1011.6,29.0,2.0,2025-12-13 09:38:49.740769+00:00
23.1,8.8,40.0,0.0,0.0,291.0,11.1,22.2,1011.4,19.0,2.0,2025-12-13 09:38:49.740769+00:00
21.6,9.1,45.0,0.0,0.0,295.0,11.1,22.2,1011.6,10.0,2.0,2025-12-13 09:38:49.740769+00:00
20.2,9.4,50.0,0.0,0.0,297.0,11.1,20.4,1011.6,0.0,3.0,2025-12-13 09:38:49.740769+00:00
19.0,9.5,54.0,0.0,0.0,285.0,11.1,22.2,1011.4,0.0,2.0,2025-12-13 09:38:49.740769+00:00
18.5,9.8,57.0,0.0,0.0,282.0,11.1,22.2,1011.3,0.0,2.0,2025-12-13 09:38:49.740769+00:00
18.2,10.1,59.0,0.0,0.0,268.0,11.1,20.4,1011.1,0.0,2.0,2025-12-13 09:38:49.740769+00:00
17.8,10.4,62.0,0.0,0.0,255.0,9.3,18.5,1010.9,0.0,2.0,2025-12-13 09:38:49.740769+00:00
17.5,10.6,64.0,0.0,0.0,239.0,11.1,20.4,1010.6,0.0,3.0,2025-12-13 09:38:49.740769+00:00
17.3,10.9,66.0,0.0,0.0,232.0,9.3,18.5,1010.3,1.0,3.0,2025-12-13 09:38:49.740769+00:00
16.6,11.1,70.0,0.0,0.0,222.0,7.4,14.8,1010.2,4.0,3.0,2025-12-13 09:38:49.740769+00:00
17.7,11.3,66.0,0.0,0.0,221.0,9.3,16.7,1010.0,10.0,3.0,2025-12-13 09:38:49.740769+00:00
18.9,11.2,61.0,0.0,0.0,226.0,9.3,18.5,1009.9,19.0,3.0,2025-12-13 09:38:49.740769+00:00
20.2,11.1,56.0,0.0,0.0,240.0,9.3,20.4,1009.5,26.0,3.0,2025-12-13 09:38:49.740769+00:00
22.0,10.8,49.0,0.0,0.0,244.0,11.1,24.1,1008.9,33.0,3.0,2025-12-13 09:38:49.740769+00:00
23.7,10.7,44.0,0.0,0.0,242.0,11.1,27.8,1008.4,37.0,2.0,2025-12-13 09:38:49.740769+00:00
24.9,10.7,41.0,0.0,0.0,244.0,13.0,31.5,1008.2,42.0,3.0,2025-12-13 09:38:49.740769+00:00
25.9,10.9,39.0,0.0,0.0,243.0,14.8,33.3,1007.4,40.0,2.0,2025-12-13 09:38:49.740769+00:00
26.5,11.0,38.0,0.0,0.0,243.0,14.8,35.2,1006.7,37.0,2.0,2025-12-13 09:38:49.740769+00:00
26.7,11.2,38.0,0.0,0.0,244.0,14.8,37.0,1006.2,35.0,3.0,2025-12-13 09:38:49.740769+00:00
26.3,11.2,39.0,0.0,0.0,247.0,14.8,37.0,1005.8,34.0,3.0,2025-12-13 09:38:49.740769+00:00
25.8,10.8,39.0,0.0,0.0,246.0,16.7,38.9,1005.6,27.0,3.0,2025-12-13 09:38:49.740769+00:00
25.6,10.6,39.0,0.0,0.0,245.0,14.8,37.0,1005.2,20.0,3.0,2025-12-13 09:38:49.740769+00:00
24.6,10.8,42.0,0.0,0.0,251.0,14.8,35.2,1005.1,14.0,3.0,2025-12-13 09:38:49.740769+00:00
23.2,10.6,45.0,0.0,0.0,252.0,13.0,29.6,1005.1,7.0,4.0,2025-12-13 09:38:49.740769+00:00
22.0,10.8,49.0,0.0,0.0,254.0,11.1,25.9,1004.7,2.0,4.0,2025-12-13 09:38:49.740769+00:00
20.6,11.0,54.0,0.0,0.0,241.0,9.3,20.4,1004.6,1.0,7.0,2025-12-13 09:38:49.740769+00:00
19.7,10.9,57.0,0.0,0.0,237.0,9.3,18.5,1004.3,0.0,7.0,2025-12-13 09:38:49.740769+00:00
18.9,12.4,66.0,0.0,0.0,244.0,7.4,14.8,1004.1,0.0,3.0,2025-12-13 09:38:49.740769+00:00
18.7,12.2,66.0,0.0,0.0,247.0,9.3,16.7,1003.8,0.0,3.0,2025-12-13 09:38:49.740769+00:00
18.6,12.3,67.0,0.0,0.0,247.0,9.3,18.5,1003.5,0.0,3.0,2025-12-13 09:38:49.740769+00:00
18.3,12.3,68.0,0.0,0.0,246.0,9.3,18.5,1003.2,0.0,3.0,2025-12-13 09:38:49.740769+00:00
18.0,12.4,70.0,0.0,0.0,243.0,9.3,18.5,1003.0,0.0,4.0,2025-12-13 09:38:49.740769+00:00
17.8,12.7,72.0,0.0,0.0,245.0,9.3,20.4,1002.8,0.0,4.0,2025-12-13 09:38:49.740769+00:00
17.2,12.9,76.0,0.1,0.0,249.0,9.3,20.4,1002.6,0.0,4.0,2025-12-13 09:38:49.740769+00:00
17.3,13.2,77.0,0.1,0.0,253.0,9.3,20.4,1002.4,1.0,7.0,2025-12-13 09:38:49.740769+00:00
17.5,13.2,76.0,0.1,0.0,253.0,9.3,20.4,1002.3,5.0,7.0,2025-12-13 09:38:49.740769+00:00
18.1,13.4,74.0,0.0,0.0,258.0,9.3,22.2,1002.2,10.0,7.0,2025-12-13 09:38:49.740769+00:00
18.9,13.3,70.0,0.1,0.0,259.0,11.1,22.2,1002.1,13.0,4.0,2025-12-13 09:38:49.740769+00:00
19.5,13.4,68.0,0.0,0.0,256.0,9.3,22.2,1002.0,16.0,4.0,2025-12-13 09:38:49.740769+00:00
19.9,13.1,65.0,0.2,0.0,254.0,11.1,25.9,1002.0,19.0,3.0,2025-12-13 09:38:49.740769+00:00
20.8,13.2,62.0,0.3,0.0,254.0,11.1,25.9,1001.7,18.0,3.0,2025-12-13 09:38:49.740769+00:00
21.4,13.3,60.0,0.3,0.0,256.0,11.1,25.9,1001.6,16.0,3.0,2025-12-13 09:38:49.740769+00:00
21.7,13.1,58.0,0.1,0.0,258.0,9.3,25.9,1001.3,17.0,18.0,2025-12-13 09:38:49.740769+00:00
21.6,13.2,59.0,0.1,0.0,264.0,9.3,25.9,1001.1,21.0,25.0,2025-12-13 09:38:49.740769+00:00
21.4,13.3,60.0,0.2,0.0,266.0,9.3,24.1,1001.0,19.0,17.0,2025-12-13 09:38:49.740769+00:00
21.0,13.4,62.0,1.0,0.0,275.0,9.3,24.1,1001.0,19.0,25.0,2025-12-13 09:38:49.740769+00:00
20.3,13.5,65.0,1.0,0.0,277.0,11.1,25.9,1001.2,15.0,25.0,2025-12-13 09:38:49.740769+00:00
19.1,13.7,71.0,0.9,0.0,280.0,11.1,24.1,1001.5,9.0,17.0,2025-12-13 09:38:49.740769+00:00
17.9,14.0,78.0,0.7,0.0,283.0,9.3,24.1,1001.9,5.0,7.0,2025-12-13 09:38:49.740769+00:00
17.2,14.3,83.0,0.7,0.0,278.0,9.3,22.2,1002.3,2.0,7.0,2025-12-13 09:38:49.740769+00:00
16.4,14.4,88.0,0.4,0.0,286.0,11.1,24.1,1002.7,0.0,7.0,2025-12-13 09:38:49.740769+00:00
15.9,14.4,91.0,2.0,0.0,292.0,11.1,24.1,1003.2,0.0,7.0,2025-12-13 09:38:49.740769+00:00
15.7,14.2,91.0,0.6,0.0,296.0,13.0,25.9,1003.7,0.0,7.0,2025-12-13 09:38:49.740769+00:00
15.8,14.0,89.0,0.4,0.0,296.0,13.0,25.9,1004.1,0.0,7.0,2025-12-13 09:38:49.740769+00:00
15.6,13.8,89.0,0.4,0.0,299.0,13.0,25.9,1004.6,0.0,7.0,2025-12-13 09:38:49.740769+00:00
15.2,13.7,91.0,0.3,0.0,297.0,13.0,27.8,1004.8,0.0,7.0,2025-12-13 09:38:49.740769+00:00
15.4,13.4,88.0,0.1,0.0,300.0,13.0,27.8,1005.2,1.0,7.0,2025-12-13 09:38:49.740769+00:00
14.7,13.1,90.0,0.1,0.0,300.0,14.8,29.6,1005.6,0.0,7.0,2025-12-13 09:38:49.740769+00:00
14.6,12.6,88.0,0.0,0.0,300.0,14.8,29.6,1006.1,1.0,7.0,2025-12-13 09:38:49.740769+00:00
14.8,11.9,83.0,0.0,0.0,299.0,14.8,29.6,1006.7,9.0,4.0,2025-12-13 09:38:49.740769+00:00
15.1,11.3,78.0,0.0,0.0,298.0,14.8,31.5,1007.1,15.0,4.0,2025-12-13 09:38:49.740769+00:00
16.0,10.5,70.0,0.0,0.0,295.0,14.8,31.5,1007.5,19.0,4.0,2025-12-13 09:38:49.740769+00:00
16.6,10.0,65.0,0.0,0.0,291.0,14.8,31.5,1007.9,21.0,4.0,2025-12-13 09:38:49.740769+00:00
17.3,9.2,59.0,0.0,0.0,293.0,14.8,31.5,1008.3,23.0,3.0,2025-12-13 09:38:49.740769+00:00
18.4,8.9,54.0,0.0,0.0,292.0,14.8,31.5,1008.4,21.0,3.0,2025-12-13 09:38:49.740769+00:00
18.9,8.8,52.0,0.0,0.0,291.0,14.8,31.5,1008.7,19.0,3.0,2025-12-13 09:38:49.740769+00:00
19.3,8.6,50.0,0.0,0.0,290.0,14.8,31.5,1009.0,21.0,3.0,2025-12-13 09:38:49.740769+00:00
19.4,9.0,51.0,0.0,0.0,289.0,14.8,31.5,1009.2,24.0,3.0,2025-12-13 09:38:49.740769+00:00
19.7,8.7,49.0,0.0,0.0,289.0,14.8,31.5,1009.4,24.0,3.0,2025-12-13 09:38:49.740769+00:00
19.8,8.8,49.0,0.0,0.0,291.0,14.8,31.5,1009.5,24.0,3.0,2025-12-13 09:38:49.740769+00:00
19.4,8.7,50.0,0.0,0.0,292.0,14.8,31.5,1009.9,23.0,3.0,2025-12-13 09:38:49.740769+00:00
18.6,9.1,54.0,0.0,0.0,294.0,13.0,29.6,1010.3,20.0,3.0,2025-12-13 09:38:49.740769+00:00
17.8,9.4,58.0,0.0,0.0,291.0,13.0,25.9,1010.8,15.0,3.0,2025-12-13 09:38:49.740769+00:00
17.1,10.0,63.0,0.0,0.0,287.0,13.0,25.9,1011.2,8.0,3.0,2025-12-13 09:38:49.740769+00:00
16.3,10.4,68.0,0.0,0.0,289.0,13.0,24.1,1011.6,0.0,3.0,2025-12-13 09:38:49.740769+00:00
15.1,10.5,74.0,0.0,0.0,292.0,13.0,25.9,1012.0,0.0,3.0,2025-12-13 09:38:49.740769+00:00
14.9,11.1,78.0,0.0,0.0,291.0,13.0,24.1,1012.3,0.0,3.0,2025-12-13 09:38:49.740769+00:00
14.7,11.5,81.0,0.0,0.0,287.0,14.8,25.9,1012.6,0.0,3.0,2025-12-13 09:38:49.740769+00:00
14.5,11.6,83.0,0.0,0.0,286.0,14.8,25.9,1012.7,0.0,3.0,2025-12-13 09:38:49.740769+00:00
14.7,12.0,84.0,0.0,0.0,286.0,14.8,27.8,1012.8,0.0,4.0,2025-12-13 09:38:49.740769+00:00
14.7,12.0,84.0,0.0,0.0,286.0,14.8,27.8,1013.0,1.0,4.0,2025-12-13 09:38:49.740769+00:00
14.4,12.4,88.0,0.0,0.0,290.0,14.8,27.8,1013.1,0.0,4.0,2025-12-13 09:38:49.740769+00:00
15.1,12.6,85.0,0.0,0.0,293.0,14.8,27.8,1013.3,1.0,4.0,2025-12-13 09:38:49.740769+00:00
15.4,12.5,83.0,0.0,0.0,297.0,14.8,29.6,1013.6,2.0,4.0,2025-12-13 09:38:49.740769+00:00
15.8,12.5,81.0,0.0,0.0,300.0,14.8,29.6,1013.9,3.0,4.0,2025-12-13 09:38:49.740769+00:00
16.4,12.7,79.0,0.0,0.0,301.0,14.8,31.5,1014.3,4.0,4.0,2025-12-13 09:38:49.740769+00:00
17.0,12.7,76.0,0.0,0.0,304.0,14.8,31.5,1014.7,4.0,4.0,2025-12-13 09:38:49.740769+00:00
17.6,12.3,71.0,0.0,0.0,306.0,13.0,29.6,1014.4,4.0,4.0,2025-12-13 09:38:49.740769+00:00
18.5,12.0,66.0,0.0,0.0,307.0,14.8,33.3,1014.8,8.0,17.0,2025-12-13 09:38:49.740769+00:00
19.0,11.8,63.0,0.2,0.0,308.0,16.7,35.2,1015.2,9.0,17.0,2025-12-13 09:38:49.740769+00:00
19.5,12.0,62.0,0.4,0.0,308.0,16.7,35.2,1015.5,11.0,17.0,2025-12-13 09:38:49.740769+00:00
19.7,12.0,61.0,0.4,0.0,310.0,16.7,37.0,1015.7,15.0,7.0,2025-12-13 09:38:49.740769+00:00
20.0,12.0,60.0,0.2,0.0,313.0,16.7,37.0,1015.9,16.0,17.0,2025-12-13 09:38:49.740769+00:00
19.8,11.8,60.0,0.3,0.0,318.0,16.7,37.0,1016.1,20.0,17.0,2025-12-13 09:38:49.740769+00:00
19.5,12.0,62.0,0.0,0.0,320.0,18.5,37.0,1016.4,21.0,3.0,2025-12-13 09:38:49.740769+00:00
18.9,12.2,65.0,0.0,0.0,319.0,16.7,35.2,1016.8,18.0,3.0,2025-12-13 09:38:49.740769+00:00
18.3,12.1,67.0,0.0,0.0,321.0,14.8,33.3,1017.2,13.0,3.0,2025-12-13 09:38:49.740769+00:00
17.7,12.2,70.0,0.0,0.0,322.0,14.8,29.6,1017.7,7.0,3.0,2025-12-13 09:38:49.740769+00:00
17.0,12.1,73.0,0.0,0.0,321.0,13.0,25.9,1018.0,0.0,3.0,2025-12-13 09:38:49.740769+00:00
16.3,12.6,79.0,0.0,0.0,322.0,13.0,25.9,1018.5,0.0,3.0,2025-12-13 09:38:49.740769+00:00
15.8,12.5,81.0,0.0,0.0,316.0,13.0,24.1,1018.6,0.0,3.0,2025-12-13 09:38:49.740769+00:00
15.5,12.6,83.0,0.0,0.0,314.0,13.0,24.1,1018.6,0.0,3.0,2025-12-13 09:38:49.740769+00:00
15.2,12.7,85.0,0.0,0.0,309.0,11.1,22.2,1018.7,0.0,3.0,2025-12-13 09:38:49.740769+00:00
15.0,12.9,87.0,0.0,0.0,310.0,11.1,22.2,1018.6,0.0,3.0,2025-12-13 09:38:49.740769+00:00
14.8,13.2,90.0,0.0,0.0,308.0,11.1,22.2,1018.7,2.0,3.0,2025-12-13 09:38:49.740769+00:00
15.0,13.4,90.0,0.0,0.0,308.0,11.1,22.2,1018.9,5.0,3.0,2025-12-13 09:38:49.740769+00:00
15.2,13.4,89.0,0.0,0.0,308.0,11.1,22.2,1019.0,11.0,4.0,2025-12-13 09:38:49.740769+00:00
15.6,13.3,86.0,0.0,0.0,308.0,11.1,24.1,1019.1,19.0,4.0,2025-12-13 09:38:49.740769+00:00
16.6,13.1,80.0,0.0,0.0,307.0,11.1,24.1,1019.2,25.0,3.0,2025-12-13 09:38:49.740769+00:00
17.9,12.8,72.0,0.0,0.0,306.0,13.0,25.9,1019.3,30.0,3.0,2025-12-13 09:38:49.740769+00:00
19.0,12.5,66.0,0.0,0.0,309.0,13.0,27.8,1019.3,31.0,3.0,2025-12-13 09:38:49.740769+00:00
19.8,12.3,62.0,0.0,0.0,311.0,13.0,29.6,1019.1,29.0,3.0,2025-12-13 09:38:49.740769+00:00
20.2,11.9,59.0,0.0,0.0,315.0,13.0,29.6,1018.7,26.0,3.0,2025-12-13 09:38:49.740769+00:00
20.6,12.0,58.0,0.0,0.0,315.0,14.8,31.5,1018.6,21.0,3.0,2025-12-13 09:38:49.740769+00:00
20.7,12.1,58.0,0.0,0.0,319.0,14.8,31.5,1018.5,23.0,3.0,2025-12-13 09:38:49.740769+00:00
20.8,12.2,58.0,0.0,0.0,320.0,14.8,31.5,1018.5,25.0,3.0,2025-12-13 09:38:49.740769+00:00
20.6,12.3,59.0,0.0,0.0,319.0,13.0,31.5,1018.5,28.0,17.0,2025-12-13 09:38:49.740769+00:00
20.2,12.4,61.0,0.3,0.0,329.0,13.0,31.5,1017.9,26.0,18.0,2025-12-13 09:38:49.740769+00:00
19.6,12.6,64.0,0.2,0.0,332.0,11.1,29.6,1017.9,26.0,18.0,2025-12-13 09:38:49.740769+00:00
18.9,12.4,66.0,0.0,0.0,331.0,11.1,25.9,1018.1,24.0,3.0,2025-12-13 09:38:49.740769+00:00
17.9,12.6,71.0,0.0,0.0,327.0,9.3,22.2,1018.0,19.0,2.0,2025-12-13 09:38:49.740769+00:00
16.8,12.7,77.0,0.0,0.0,322.0,9.3,20.4,1017.8,11.0,2.0,2025-12-13 09:38:49.740769+00:00
16.0,12.7,81.0,0.0,0.0,318.0,9.3,18.5,1017.8,0.0,2.0,2025-12-13 09:38:49.740769+00:00
15.2,12.9,86.0,0.0,0.0,319.0,9.3,16.7,1017.9,0.0,2.0,2025-12-13 09:38:49.740769+00:00
14.6,12.6,88.0,0.0,0.0,315.0,11.1,16.7,1017.7,0.0,2.0,2025-12-13 09:38:49.740769+00:00
14.2,12.2,88.0,0.0,0.0,318.0,11.1,18.5,1017.5,0.0,2.0,2025-12-13 09:38:49.740769+00:00
13.7,12.1,90.0,0.0,0.0,314.0,11.1,16.7,1017.1,0.0,1.0,2025-12-13 09:38:49.740769+00:00
13.3,11.7,90.0,0.0,0.0,312.0,11.1,18.5,1016.9,0.0,2.0,2025-12-13 09:38:49.740769+00:00
13.1,11.7,91.0,0.0,0.0,312.0,13.0,20.4,1016.7,7.0,2.0,2025-12-13 09:38:49.740769+00:00
12.7,11.3,91.0,0.0,0.0,305.0,13.0,20.4,1016.6,16.0,2.0,2025-12-13 09:38:49.740769+00:00
14.2,11.9,86.0,0.0,0.0,301.0,11.1,22.2,1016.4,26.0,2.0,2025-12-13 09:38:49.740769+00:00
15.7,11.9,78.0,0.0,0.0,299.0,13.0,24.1,1016.4,30.0,3.0,2025-12-13 09:38:49.740769+00:00
17.1,12.0,72.0,0.0,0.0,303.0,13.0,27.8,1016.1,34.0,3.0,2025-12-13 09:38:49.740769+00:00
18.3,12.3,68.0,0.0,0.0,299.0,14.8,29.6,1015.6,34.0,3.0,2025-12-13 09:38:49.740769+00:00
19.4,12.6,65.0,0.0,0.0,303.0,16.7,33.3,1015.2,31.0,3.0,2025-12-13 09:38:49.740769+00:00
20.6,12.0,58.0,0.0,0.0,305.0,14.8,33.3,1015.0,26.0,3.0,2025-12-13 09:38:49.740769+00:00
20.4,12.1,59.0,0.0,0.0,311.0,18.5,38.9,1014.6,18.0,3.0,2025-12-13 09:38:49.740769+00:00
19.9,12.4,62.0,0.0,0.0,311.0,16.7,38.9,1014.3,10.0,7.0,2025-12-13 09:38:49.740769+00:00
19.6,12.4,63.0,0.0,0.0,315.0,16.7,38.9,1014.1,9.0,7.0,2025-12-13 09:38:49.740769+00:00
19.0,12.5,66.0,0.0,0.0,313.0,14.8,37.0,1013.7,9.0,7.0,2025-12-13 09:38:49.740769+00:00
18.5,12.7,69.0,0.0,0.0,313.0,14.8,37.0,1013.5,8.0,7.0,2025-12-13 09:38:49.740769+00:00
18.6,12.3,67.0,0.5,0.0,324.0,16.7,37.0,1013.2,6.0,8.0,2025-12-13 09:38:49.740769+00:00
17.8,12.7,72.0,0.4,0.0,326.0,14.8,35.2,1013.0,3.0,7.0,2025-12-13 09:38:49.740769+00:00
17.3,12.6,74.0,0.4,0.0,326.0,13.0,33.3,1013.1,0.0,7.0,2025-12-13 09:38:49.740769+00:00
16.7,12.8,78.0,0.8,0.0,322.0,13.0,29.6,1012.8,0.0,7.0,2025-12-13 09:38:49.740769+00:00
16.2,12.7,80.0,0.6,0.0,318.0,13.0,27.8,1012.7,0.0,7.0,2025-12-13 09:38:49.740769+00:00
15.9,13.4,85.0,0.4,0.0,310.0,13.0,27.8,1012.6,0.0,7.0,2025-12-13 09:38:49.740769+00:00
15.1,12.0,82.0,0.7,0.0,309.0,14.8,31.5,1012.6,0.0,8.0,2025-12-13 09:38:49.740769+00:00
14.9,12.8,87.0,0.6,0.0,304.0,13.0,27.8,1012.1,0.0,8.0,2025-12-13 09:38:49.740769+00:00
14.8,13.2,90.0,0.7,0.0,300.0,13.0,25.9,1011.5,0.0,8.0,2025-12-13 09:38:49.740769+00:00
14.8,13.7,93.0,0.4,0.0,293.0,13.0,25.9,1011.0,0.0,8.0,2025-12-13 09:38:49.740769+00:00
15.1,14.0,93.0,0.3,0.0,293.0,13.0,24.1,1010.5,0.0,8.0,2025-12-13 09:38:49.740769+00:00
15.0,14.2,95.0,0.4,0.0,291.0,13.0,24.1,1010.2,0.0,8.0,2025-12-13 09:38:49.740769+00:00
15.1,14.3,95.0,0.7,0.0,290.0,13.0,25.9,1009.8,0.0,8.0,2025-12-13 09:38:49.740769+00:00
15.2,14.6,96.0,0.7,0.0,292.0,13.0,25.9,1009.4,0.0,8.0,2025-12-13 09:38:49.740769+00:00
15.1,14.6,97.0,0.8,0.0,295.0,13.0,27.8,1009.2,0.0,8.0,2025-12-13 09:38:49.740769+00:00
15.2,14.7,97.0,1.3,0.0,294.0,13.0,27.8,1008.8,0.0,8.0,2025-12-13 09:38:49.740769+00:00
15.5,14.9,96.0,1.5,0.0,294.0,13.0,27.8,1008.8,0.0,8.0,2025-12-13 09:38:49.740769+00:00
15.9,14.9,94.0,0.9,0.0,298.0,13.0,27.8,1008.8,0.0,8.0,2025-12-13 09:38:49.740769+00:00
16.5,15.4,93.0,1.4,0.0,294.0,9.3,22.2,1008.5,0.0,8.0,2025-12-13 09:38:49.740769+00:00
16.6,15.5,93.0,1.0,0.0,286.0,9.3,22.2,1008.4,0.0,8.0,2025-12-13 09:38:49.740769+00:00
16.5,15.4,93.0,0.8,0.0,280.0,9.3,22.2,1008.3,0.0,8.0,2025-12-13 09:38:49.740769+00:00
16.6,15.5,93.0,0.9,0.0,273.0,7.4,20.4,1008.1,0.0,8.0,2025-12-13 09:38:49.740769+00:00
16.7,15.6,93.0,1.1,0.0,266.0,9.3,22.2,1008.0,0.0,8.0,2025-12-13 09:38:49.740769+00:00
16.7,15.7,94.0,1.2,0.0,267.0,7.4,20.4,1007.7,1.0,8.0,2025-12-13 09:38:49.740769+00:00
16.7,15.6,93.0,0.8,0.0,297.0,7.4,18.5,1007.7,0.0,8.0,2025-12-13 09:38:49.740769+00:00
16.5,16.2,98.0,0.7,0.0,262.0,7.4,18.5,1007.6,0.0,8.0,2025-12-13 09:38:49.740769+00:00
16.4,16.4,100.0,0.6,0.0,244.0,7.4,18.5,1007.6,0.0,8.0,2025-12-13 09:38:49.740769+00:00
16.3,16.3,100.0,0.6,0.0,241.0,7.4,16.7,1007.7,0.0,8.0,2025-12-13 09:38:49.740769+00:00
16.2,16.2,100.0,0.5,0.0,238.0,5.5,14.8,1007.9,0.0,8.0,2025-12-13 09:38:49.740769+00:00
16.3,16.3,100.0,0.3,0.0,216.0,5.5,14.8,1008.0,0.0,7.0,2025-12-13 09:38:49.740769+00:00
16.4,16.4,100.0,0.4,0.0,224.0,7.4,13.0,1008.0,0.0,7.0,2025-12-13 09:38:49.740769+00:00
16.3,16.3,100.0,0.7,0.0,201.0,7.4,13.0,1008.2,0.0,7.0,2025-12-13 09:38:49.740769+00:00
16.3,16.3,100.0,0.5,0.0,204.0,7.4,13.0,1008.2,0.0,7.0,2025-12-13 09:38:49.740769+00:00
16.2,16.2,100.0,0.5,0.0,222.0,7.4,13.0,1007.8,0.0,7.0,2025-12-13 09:38:49.740769+00:00
16.2,16.2,100.0,0.5,0.0,200.0,7.4,13.0,1007.7,0.0,7.0,2025-12-13 09:38:49.740769+00:00
16.3,16.1,99.0,0.5,0.0,221.0,7.4,13.0,1007.9,0.0,7.0,2025-12-13 09:38:49.740769+00:00
15.9,15.9,100.0,0.4,0.0,219.0,5.5,13.0,1008.0,0.0,7.0,2025-12-13 09:38:49.740769+00:00
16.1,16.1,100.0,0.3,0.0,220.0,3.7,13.0,1008.1,0.0,8.0,2025-12-13 09:38:49.740769+00:00
16.2,16.2,100.0,0.6,0.0,224.0,5.5,14.8,1008.1,0.0,8.0,2025-12-13 09:38:49.740769+00:00
16.5,16.5,100.0,0.7,0.0,243.0,5.5,14.8,1008.3,0.0,8.0,2025-12-13 09:38:49.740769+00:00
16.8,16.5,98.0,1.0,0.0,254.0,5.5,14.8,1008.6,0.0,8.0,2025-12-13 09:38:49.740769+00:00
16.9,16.3,96.0,1.0,0.0,238.0,7.4,14.8,1009.1,0.0,8.0,2025-12-13 09:38:49.740769+00:00
17.9,15.3,85.0,2.5,0.0,226.0,7.4,18.5,1009.3,0.0,9.0,2025-12-13 09:38:49.740769+00:00
18.5,15.6,83.0,1.9,0.0,223.0,7.4,18.5,1009.6,0.0,8.0,2025-12-13 09:38:49.740769+00:00
19.1,15.6,80.0,0.7,0.0,212.0,9.3,20.4,1009.8,3.0,8.0,2025-12-13 09:38:49.740769+00:00
19.6,15.2,76.0,0.7,0.0,213.0,9.3,20.4,1009.8,9.0,8.0,2025-12-13 09:38:49.740769+00:00
19.9,15.3,75.0,0.8,0.0,217.0,9.3,22.2,1009.9,15.0,8.0,2025-12-13 09:38:49.740769+00:00
19.8,15.4,76.0,0.6,0.0,216.0,7.4,20.4,1009.9,17.0,7.0,2025-12-13 09:38:49.740769+00:00
20.5,15.5,73.0,0.6,0.0,213.0,9.3,22.2,1010.0,20.0,7.0,2025-12-13 09:38:49.740769+00:00
20.1,15.7,76.0,0.5,0.0,214.0,9.3,22.2,1010.2,18.0,18.0,2025-12-13 09:38:49.740769+00:00
19.1,15.8,81.0,0.5,0.0,206.0,9.3,22.2,1010.4,15.0,17.0,2025-12-13 09:38:49.740769+00:00
18.2,16.0,87.0,0.5,0.0,204.0,7.4,18.5,1010.8,11.0,7.0,2025-12-13 09:38:49.740769+00:00
17.3,16.0,92.0,0.0,0.0,195.0,7.4,16.7,1011.0,6.0,3.0,2025-12-13 09:38:49.740769+00:00
16.8,16.2,96.0,0.0,0.0,194.0,7.4,16.7,1011.2,0.0,3.0,2025-12-13 09:38:49.740769+00:00
16.2,15.2,94.0,0.0,0.0,204.0,9.3,16.7,1011.5,0.0,2.0,2025-12-13 09:38:49.740769+00:00
15.8,15.2,96.0,0.0,0.0,206.0,9.3,14.8,1011.5,0.0,2.0,2025-12-13 09:38:49.740769+00:00
15.7,14.9,95.0,0.0,0.0,209.0,9.3,14.8,1011.6,0.0,2.0,2025-12-13 09:38:49.740769+00:00
15.5,14.9,96.0,0.0,0.0,207.0,9.3,14.8,1011.6,0.0,2.0,2025-12-13 09:38:49.740769+00:00
15.0,14.7,98.0,0.0,0.0,207.0,9.3,13.0,1011.6,0.0,2.0,2025-12-13 09:38:49.740769+00:00
14.8,14.6,99.0,0.0,0.0,207.0,9.3,13.0,1011.7,4.0,2.0,2025-12-13 09:38:49.740769+00:00
14.8,14.5,98.0,0.0,0.0,212.0,7.4,13.0,1011.8,10.0,2.0,2025-12-13 09:38:49.740769+00:00
16.3,14.8,91.0,0.0,0.0,221.0,7.4,14.8,1011.9,22.0,2.0,2025-12-13 09:38:49.740769+00:00
18.0,15.3,84.0,0.0,0.0,232.0,7.4,14.8,1012.0,29.0,2.0,2025-12-13 09:38:49.740769+00:00
19.4,15.3,77.0,0.0,0.0,242.0,7.4,16.7,1012.1,34.0,2.0,2025-12-13 09:38:49.740769+00:00
20.9,14.8,68.0,0.0,0.0,256.0,9.3,20.4,1012.3,38.0,2.0,2025-12-13 09:38:49.740769+00:00
22.2,14.8,63.0,0.0,0.0,264.0,9.3,22.2,1012.4,39.0,2.0,2025-12-13 09:38:49.740769+00:00
23.5,14.5,57.0,0.0,0.0,255.0,9.3,24.1,1012.3,32.0,3.0,2025-12-13 09:38:49.740769+00:00
23.7,14.7,57.0,0.0,0.0,257.0,11.1,27.8,1012.4,30.0,3.0,2025-12-13 09:38:49.740769+00:00
24.2,14.6,55.0,0.0,0.0,262.0,11.1,29.6,1012.6,27.0,3.0,2025-12-13 09:38:49.740769+00:00
24.6,14.4,53.0,0.0,0.0,265.0,11.1,29.6,1012.5,29.0,3.0,2025-12-13 09:38:49.740769+00:00
24.7,14.5,53.0,0.0,0.0,274.0,11.1,29.6,1012.3,31.0,3.0,2025-12-13 09:38:49.740769+00:00
24.8,14.6,53.0,0.0,0.0,281.0,11.1,27.8,1012.2,34.0,3.0,2025-12-13 09:38:49.740769+00:00
24.8,14.8,54.0,0.0,0.0,282.0,9.3,25.9,1012.2,33.0,3.0,2025-12-13 09:38:49.740769+00:00
24.0,14.9,57.0,0.0,0.0,291.0,9.3,24.1,1012.4,31.0,3.0,2025-12-13 09:38:49.740769+00:00
22.9,15.5,63.0,0.0,0.0,291.0,9.3,22.2,1012.7,26.0,2.0,2025-12-13 09:38:49.740769+00:00
21.7,15.8,69.0,0.0,0.0,290.0,9.3,20.4,1013.0,18.0,2.0,2025-12-13 09:38:49.740769+00:00
20.4,16.2,77.0,0.0,0.0,279.0,7.4,18.5,1013.3,9.0,2.0,2025-12-13 09:38:49.740769+00:00
19.1,16.7,86.0,0.0,0.0,278.0,7.4,16.7,1013.6,0.0,2.0,2025-12-13 09:38:49.740769+00:00
18.3,16.8,91.0,0.0,0.0,279.0,9.3,14.8,1013.9,0.0,2.0,2025-12-13 09:38:49.740769+00:00
17.6,16.8,95.0,0.0,0.0,279.0,9.3,14.8,1014.2,0.0,2.0,2025-12-13 09:38:49.740769+00:00
17.5,16.4,93.0,0.0,0.0,275.0,9.3,16.7,1014.4,0.0,2.0,2025-12-13 09:38:49.740769+00:00
17.1,16.1,94.0,0.0,0.0,269.0,9.3,16.7,1014.5,0.0,2.0,2025-12-13 09:38:49.740769+00:00
16.9,16.1,95.0,0.0,0.0,268.0,9.3,18.5,1014.6,0.0,2.0,2025-12-13 09:38:49.740769+00:00
17.0,16.0,94.0,0.0,0.0,268.0,9.3,18.5,1014.8,3.0,2.0,2025-12-13 09:38:49.740769+00:00
16.3,15.7,96.0,0.0,0.0,269.0,9.3,18.5,1015.0,6.0,3.0,2025-12-13 09:38:49.740769+00:00
17.3,16.0,92.0,0.0,0.0,274.0,9.3,18.5,1015.0,13.0,3.0,2025-12-13 09:38:49.740769+00:00
18.3,16.1,87.0,0.0,0.0,283.0,9.3,18.5,1015.0,18.0,3.0,2025-12-13 09:38:49.740769+00:00
19.2,16.0,82.0,0.0,0.0,288.0,9.3,20.4,1014.9,23.0,3.0,2025-12-13 09:38:49.740769+00:00
20.1,15.5,75.0,0.0,0.0,285.0,9.3,22.2,1014.9,27.0,7.0,2025-12-13 09:38:49.740769+00:00
20.9,15.2,70.0,0.0,0.0,283.0,11.1,24.1,1014.9,29.0,7.0,2025-12-13 09:38:49.740769+00:00
21.2,15.1,68.0,0.0,0.0,279.0,13.0,25.9,1014.9,22.0,7.0,2025-12-13 09:38:49.740769+00:00
20.7,15.0,70.0,0.3,0.0,279.0,13.0,29.6,1014.8,15.0,17.0,2025-12-13 09:38:49.740769+00:00
20.1,14.9,72.0,0.9,0.0,284.0,14.8,31.5,1014.8,10.0,7.0,2025-12-13 09:38:49.740769+00:00
19.8,14.6,72.0,0.6,0.0,283.0,14.8,31.5,1014.8,12.0,7.0,2025-12-13 09:38:49.740769+00:00
19.4,14.8,75.0,0.4,0.0,283.0,14.8,33.3,1014.8,13.0,7.0,2025-12-13 09:38:49.740769+00:00
19.1,14.4,74.0,0.3,0.0,285.0,14.8,33.3,1014.7,14.0,7.0,2025-12-13 09:38:49.740769+00:00
19.4,13.6,69.0,0.9,0.0,291.0,14.8,33.3,1014.9,22.0,7.0,2025-12-13 09:38:49.740769+00:00
19.1,13.5,70.0,0.8,0.0,294.0,14.8,31.5,1014.7,23.0,17.0,2025-12-13 09:38:49.740769+00:00
18.7,13.1,70.0,1.0,0.0,286.0,13.0,29.6,1014.8,22.0,2.0,2025-12-13 09:38:49.740769+00:00
17.9,13.2,74.0,0.0,0.0,283.0,11.1,25.9,1014.8,17.0,2.0,2025-12-13 09:38:49.740769+00:00
16.9,13.0,78.0,0.0,0.0,279.0,11.1,24.1,1014.9,9.0,2.0,2025-12-13 09:38:49.740769+00:00
16.0,13.3,84.0,0.0,0.0,279.0,11.1,22.2,1015.0,0.0,2.0,2025-12-13 09:38:49.740769+00:00
15.4,13.2,87.0,0.0,0.0,281.0,13.0,22.2,1015.3,0.0,2.0,2025-12-13 09:38:49.740769+00:00
14.9,13.1,89.0,0.0,0.0,280.0,13.0,22.2,1015.2,0.0,2.0,2025-12-13 09:38:49.740769+00:00
14.6,12.8,89.0,0.0,0.0,280.0,13.0,22.2,1015.1,0.0,2.0,2025-12-13 09:38:49.740769+00:00
14.1,12.7,91.0,0.0,0.0,277.0,11.1,20.4,1014.9,0.0,2.0,2025-12-13 09:38:49.740769+00:00
13.8,12.7,93.0,0.0,0.0,273.0,11.1,20.4,1014.7,0.0,2.0,2025-12-13 09:38:49.740769+00:00
13.5,12.7,95.0,0.0,0.0,264.0,11.1,18.5,1014.5,0.0,2.0,2025-12-13 09:38:49.740769+00:00
13.3,12.5,95.0,0.0,0.0,264.0,9.3,14.8,1014.6,11.0,2.0,2025-12-13 09:38:49.740769+00:00
14.5,12.7,89.0,0.0,0.0,250.0,7.4,14.8,1014.3,22.0,2.0,2025-12-13 09:38:49.740769+00:00
15.8,12.5,81.0,0.0,0.0,245.0,7.4,14.8,1014.0,24.0,2.0,2025-12-13 09:38:49.740769+00:00
17.0,12.1,73.0,0.0,0.0,242.0,7.4,14.8,1013.6,27.0,3.0,2025-12-13 09:38:49.740769+00:00
18.2,11.5,65.0,0.0,0.0,245.0,7.4,16.7,1013.3,27.0,3.0,2025-12-13 09:38:49.740769+00:00
18.9,11.2,61.0,0.0,0.0,246.0,7.4,18.5,1013.0,26.0,3.0,2025-12-13 09:38:49.740769+00:00
19.7,10.9,57.0,0.0,0.0,247.0,9.3,22.2,1012.7,24.0,7.0,2025-12-13 09:38:49.740769+00:00
19.1,10.9,59.0,0.7,0.0,247.0,9.3,24.1,1012.3,21.0,17.0,2025-12-13 09:38:49.740769+00:00
19.0,11.1,60.0,0.8,0.0,249.0,9.3,24.1,1011.7,17.0,18.0,2025-12-13 09:38:49.740769+00:00
19.0,11.3,61.0,0.5,0.0,255.0,9.3,24.1,1011.3,19.0,18.0,2025-12-13 09:38:49.740769+00:00
19.1,11.4,61.0,0.3,0.0,253.0,9.3,24.1,1010.9,24.0,18.0,2025-12-13 09:38:49.740769+00:00
19.3,11.3,60.0,0.3,0.0,261.0,7.4,22.2,1010.6,25.0,17.0,2025-12-13 09:38:49.740769+00:00
20.0,11.5,58.0,0.4,0.0,275.0,5.5,20.4,1010.1,27.0,18.0,2025-12-13 09:38:49.740769+00:00
19.9,11.6,59.0,0.5,0.0,266.0,5.5,20.4,1009.8,25.0,18.0,2025-12-13 09:38:49.740769+00:00
19.1,12.1,64.0,0.0,0.0,274.0,7.4,20.4,1009.9,23.0,18.0,2025-12-13 09:38:49.740769+00:00
17.8,12.5,71.0,0.0,0.0,274.0,7.4,16.7,1010.0,17.0,3.0,2025-12-13 09:38:49.740769+00:00
16.6,12.9,79.0,0.0,0.0,275.0,7.4,14.8,1010.3,9.0,3.0,2025-12-13 09:38:49.740769+00:00
15.5,13.3,87.0,0.0,0.0,279.0,9.3,14.8,1010.6,0.0,2.0,2025-12-13 09:38:49.740769+00:00
14.9,13.4,91.0,0.0,0.0,278.0,11.1,16.7,1010.4,0.0,2.0,2025-12-13 09:38:49.740769+00:00
14.3,13.3,94.0,0.0,0.0,278.0,11.1,16.7,1010.5,0.0,2.0,2025-12-13 09:38:49.740769+00:00
14.1,13.3,95.0,0.0,0.0,282.0,11.1,18.5,1010.5,0.0,2.0,2025-12-13 09:38:49.740769+00:00
13.8,13.2,96.0,0.0,0.0,283.0,11.1,18.5,1010.6,0.0,2.0,2025-12-13 09:38:49.740769+00:00
13.6,13.0,96.0,0.0,0.0,283.0,11.1,18.5,1010.8,0.0,3.0,2025-12-13 09:38:49.740769+00:00
13.4,12.9,97.0,0.0,0.0,283.0,13.0,22.2,1010.8,0.0,3.0,2025-12-13 09:38:49.740769+00:00
13.2,12.7,97.0,0.0,0.0,282.0,13.0,20.4,1010.8,4.0,3.0,2025-12-13 09:38:49.740769+00:00
14.4,13.3,93.0,0.0,0.0,278.0,13.0,22.2,1011.1,10.0,3.0,2025-12-13 09:38:49.740769+00:00
15.4,13.2,87.0,0.0,0.0,275.0,13.0,25.9,1011.4,13.0,3.0,2025-12-13 09:38:49.740769+00:00
16.1,13.4,84.0,0.1,0.0,273.0,14.8,29.6,1011.8,14.0,7.0,2025-12-13 09:38:49.740769+00:00
16.6,13.3,81.0,0.2,0.0,267.0,16.7,33.3,1011.8,13.0,7.0,2025-12-13 09:38:49.740769+00:00
16.8,13.5,81.0,0.4,0.0,266.0,16.7,35.2,1011.9,8.0,7.0,2025-12-13 09:38:49.740769+00:00
18.3,13.6,74.0,0.6,0.0,274.0,18.5,37.0,1012.5,1.0,7.0,2025-12-13 09:38:49.740769+00:00
17.8,14.3,80.0,0.8,0.0,267.0,16.7,35.2,1012.4,1.0,7.0,2025-12-13 09:38:49.740769+00:00
17.7,14.6,82.0,0.8,0.0,262.0,14.8,33.3,1012.2,1.0,7.0,2025-12-13 09:38:49.740769+00:00
17.9,15.0,83.0,0.7,0.0,261.0,14.8,31.5,1011.9,2.0,7.0,2025-12-13 09:38:49.740769+00:00
17.8,15.2,85.0,0.6,0.0,261.0,13.0,29.6,1011.7,5.0,7.0,2025-12-13 09:38:49.740769+00:00
18.2,15.6,85.0,0.6,0.0,261.0,11.1,27.8,1011.3,7.0,7.0,2025-12-13 09:38:49.740769+00:00
18.8,15.8,83.0,0.5,0.0,276.0,13.0,27.8,1010.9,8.0,7.0,2025-12-13 09:38:49.740769+00:00
19.2,16.2,83.0,0.3,0.0,271.0,11.1,25.9,1010.8,8.0,7.0,2025-12-13 09:38:49.740769+00:00
18.9,16.7,87.0,0.2,0.0,278.0,11.1,25.9,1010.7,8.0,7.0,2025-12-13 09:38:49.740769+00:00
18.2,16.9,92.0,0.3,0.0,286.0,9.3,24.1,1010.9,6.0,7.0,2025-12-13 09:38:49.740769+00:00
17.7,16.9,95.0,0.2,0.0,301.0,9.3,20.4,1011.2,4.0,7.0,2025-12-13 09:38:49.740769+00:00
17.3,17.0,98.0,0.0,0.0,308.0,9.3,18.5,1011.5,0.0,3.0,2025-12-13 09:38:49.740769+00:00
16.9,16.6,98.0,0.0,0.0,316.0,9.3,18.5,1011.6,0.0,3.0,2025-12-13 09:38:49.740769+00:00
16.7,16.5,99.0,0.0,0.0,326.0,9.3,18.5,1011.9,0.0,3.0,2025-12-13 09:38:49.740769+00:00
16.5,16.2,98.0,0.0,0.0,336.0,9.3,16.7,1012.1,0.0,3.0,2025-12-13 09:38:49.740769+00:00
16.3,16.0,98.0,0.0,0.0,338.0,9.3,18.5,1012.2,0.0,3.0,2025-12-13 09:38:49.740769+00:00
16.2,15.9,98.0,0.0,0.0,332.0,9.3,16.7,1012.4,0.0,3.0,2025-12-13 09:38:49.740769+00:00
16.4,15.8,96.0,0.0,0.0,332.0,9.3,16.7,1012.6,0.0,3.0,2025-12-13 09:38:49.740769+00:00
16.5,16.0,97.0,0.0,0.0,339.0,9.3,18.5,1012.6,0.0,4.0,2025-12-13 09:38:49.740769+00:00
16.8,16.2,96.0,0.0,0.0,339.0,9.3,18.5,1012.7,5.0,4.0,2025-12-13 09:38:49.740769+00:00
17.3,16.2,93.0,0.0,0.0,337.0,7.4,16.7,1012.9,11.0,4.0,2025-12-13 09:38:49.740769+00:00
18.1,15.7,86.0,0.0,0.0,336.0,7.4,16.7,1013.1,15.0,4.0,2025-12-13 09:38:49.740769+00:00
18.9,15.2,79.0,0.0,0.0,333.0,7.4,18.5,1013.4,18.0,4.0,2025-12-13 09:38:49.740769+00:00
19.9,14.9,73.0,0.0,0.0,329.0,7.4,18.5,1013.4,19.0,4.0,2025-12-13 09:38:49.740769+00:00
20.7,14.3,67.0,0.0,0.0,328.0,5.5,18.5,1013.5,20.0,3.0,2025-12-13 09:38:49.740769+00:00
21.3,14.4,65.0,0.0,0.0,322.0,7.4,18.5,1013.5,23.0,3.0,2025-12-13 09:38:49.740769+00:00
21.9,14.3,62.0,0.0,0.0,322.0,7.4,18.5,1013.4,22.0,3.0,2025-12-13 09:38:49.740769+00:00
22.3,14.2,60.0,0.0,0.0,314.0,7.4,18.5,1013.2,25.0,3.0,2025-12-13 09:38:49.740769+00:00
22.9,14.2,58.0,0.0,0.0,319.0,7.4,18.5,1013.0,30.0,3.0,2025-12-13 09:38:49.740769+00:00
23.4,14.1,56.0,0.0,0.0,328.0,7.4,18.5,1012.7,32.0,2.0,2025-12-13 09:38:49.740769+00:00
23.4,14.1,56.0,0.0,0.0,318.0,5.5,16.7,1012.6,36.0,2.0,2025-12-13 09:38:49.740769+00:00
23.2,14.5,58.0,0.0,0.0,325.0,5.5,16.7,1012.5,35.0,2.0,2025-12-13 09:38:49.740769+00:00
22.3,14.9,63.0,0.0,0.0,321.0,5.5,14.8,1012.6,30.0,2.0,2025-12-13 09:38:49.740769+00:00
20.9,15.4,71.0,0.0,0.0,322.0,5.5,13.0,1012.7,21.0,2.0,2025-12-13 09:38:49.740769+00:00
19.5,15.8,79.0,0.0,0.0,320.0,5.5,11.1,1012.8,10.0,2.0,2025-12-13 09:38:49.740769+00:00
18.2,16.0,87.0,0.0,0.0,344.0,5.5,11.1,1013.0,0.0,2.0,2025-12-13 09:38:49.740769+00:00
17.0,16.2,95.0,0.0,0.0,188.0,3.7,7.4,1013.2,0.0,2.0,2025-12-13 09:38:49.740769+00:00
16.3,16.0,98.0,0.0,0.0,203.0,5.5,7.4,1013.2,0.0,2.0,2025-12-13 09:38:49.740769+00:00
15.9,15.7,99.0,0.0,0.0,283.0,7.4,11.1,1013.1,0.0,2.0,2025-12-13 09:38:49.740769+00:00
15.4,15.4,100.0,0.0,0.0,279.0,7.4,11.1,1013.0,0.0,1.0,2025-12-13 09:38:49.740769+00:00
15.2,15.2,100.0,0.0,0.0,303.0,7.4,9.3,1012.8,0.0,1.0,2025-12-13 09:38:49.740769+00:00
15.0,15.0,100.0,0.0,0.0,336.0,7.4,9.3,1012.7,0.0,2.0,2025-12-13 09:38:49.740769+00:00
14.9,14.9,100.0,0.0,0.0,243.0,3.7,7.4,1012.7,11.0,2.0,2025-12-13 09:38:49.740769+00:00
16.0,16.0,100.0,0.0,0.0,252.0,3.7,7.4,1012.7,28.0,2.0,2025-12-13 09:38:49.740769+00:00
17.8,16.3,91.0,0.0,0.0,261.0,3.7,7.4,1012.7,41.0,2.0,2025-12-13 09:38:49.740769+00:00
19.9,16.1,79.0,0.0,0.0,275.0,3.7,9.3,1012.6,46.0,2.0,2025-12-13 09:38:49.740769+00:00
21.5,15.3,68.0,0.0,0.0,264.0,3.7,11.1,1012.4,49.0,2.0,2025-12-13 09:38:49.740769+00:00
23.1,14.9,60.0,0.0,0.0,244.0,3.7,13.0,1012.1,48.0,2.0,2025-12-13 09:38:49.740769+00:00
24.4,14.8,55.0,0.0,0.0,7.0,5.5,14.8,1012.0,45.0,2.0,2025-12-13 09:38:49.740769+00:00
25.0,14.7,53.0,0.0,0.0,17.0,5.5,14.8,1011.5,43.0,2.0,2025-12-13 09:38:49.740769+00:00
25.8,14.3,49.0,0.0,0.0,39.0,3.7,16.7,1011.1,43.0,2.0,2025-12-13 09:38:49.740769+00:00
26.4,14.2,47.0,0.0,0.0,59.0,5.5,16.7,1010.7,44.0,2.0,2025-12-13 09:38:49.740769+00:00
26.8,13.9,45.0,0.0,0.0,62.0,5.5,18.5,1010.2,48.0,2.0,2025-12-13 09:38:49.740769+00:00
27.1,13.8,44.0,0.0,0.0,67.0,5.5,16.7,1010.0,48.0,2.0,2025-12-13 09:38:49.740769+00:00
27.0,14.0,45.0,0.0,0.0,122.0,5.5,16.7,1009.4,51.0,2.0,2025-12-13 09:38:49.740769+00:00
26.5,13.9,46.0,0.0,0.0,89.0,7.4,16.7,1009.1,51.0,2.0,2025-12-13 09:38:49.740769+00:00
25.1,14.2,51.0,0.0,0.0,74.0,7.4,14.8,1009.1,46.0,2.0,2025-12-13 09:38:49.740769+00:00
23.6,14.6,57.0,0.0,0.0,69.0,9.3,16.7,1009.2,32.0,2.0,2025-12-13 09:38:49.740769+00:00
22.0,14.9,64.0,0.0,0.0,71.0,9.3,16.7,1009.5,11.0,2.0,2025-12-13 09:38:49.740769+00:00
20.6,15.4,72.0,0.0,0.0,76.0,9.3,16.7,1009.6,0.0,1.0,2025-12-13 09:38:49.740769+00:00
19.6,15.0,75.0,0.0,0.0,84.0,11.1,18.5,1009.6,0.0,1.0,2025-12-13 09:38:49.740769+00:00
18.8,15.5,81.0,0.0,0.0,86.0,11.1,18.5,1009.5,0.0,1.0,2025-12-13 09:38:49.740769+00:00
18.4,15.6,84.0,0.0,0.0,91.0,9.3,16.7,1009.3,0.0,1.0,2025-12-13 09:38:49.740769+00:00
17.8,15.8,88.0,0.0,0.0,94.0,9.3,16.7,1009.0,0.0,1.0,2025-12-13 09:38:49.740769+00:00
17.4,15.7,90.0,0.0,0.0,95.0,9.3,16.7,1008.8,0.0,1.0,2025-12-13 09:38:49.740769+00:00
17.1,16.1,94.0,0.0,0.0,100.0,9.3,16.7,1008.6,0.0,1.0,2025-12-13 09:38:49.740769+00:00
16.6,16.0,96.0,0.0,,98.0,9.3,16.7,1008.6,15.0,2.0,2025-12-13 09:38:49.740769+00:00
18.2,16.5,90.0,0.0,0.0,101.0,9.3,16.7,1008.4,33.0,2.0,2025-12-13 09:38:49.740769+00:00
20.3,17.1,82.0,0.0,0.0,107.0,7.4,16.7,1008.2,45.0,2.0,2025-12-13 09:38:49.740769+00:00
22.3,17.0,72.0,0.0,0.0,111.0,7.4,16.7,1007.9,54.0,2.0,2025-12-13 09:38:49.740769+00:00
24.3,16.5,62.0,0.0,0.0,112.0,9.3,18.5,1007.9,58.0,2.0,2025-12-13 09:38:49.740769+00:00
25.9,16.2,55.0,0.0,0.0,115.0,9.3,22.2,1007.7,58.0,2.0,2025-12-13 09:38:49.740769+00:00
27.1,15.8,50.0,0.0,0.0,119.0,9.3,22.2,1007.4,55.0,2.0,2025-12-13 09:38:49.740769+00:00
27.8,15.8,48.0,0.0,0.0,120.0,9.3,24.1,1006.9,51.0,2.0,2025-12-13 09:38:49.740769+00:00
28.3,15.6,46.0,0.0,0.0,124.0,9.3,24.1,1006.5,47.0,2.0,2025-12-13 09:38:49.740769+00:00
28.8,15.7,45.0,0.0,0.0,128.0,9.3,24.1,1006.2,46.0,2.0,2025-12-13 09:38:49.740769+00:00
29.3,15.8,44.0,0.0,0.0,131.0,9.3,22.2,1005.9,45.0,2.0,2025-12-13 09:38:49.740769+00:00
29.5,15.6,43.0,0.0,0.0,131.0,9.3,22.2,1005.5,45.0,2.0,2025-12-13 09:38:49.740769+00:00
29.8,15.1,41.0,0.0,0.0,122.0,9.3,24.1,1005.3,47.0,2.0,2025-12-13 09:38:49.740769+00:00
29.1,15.2,43.0,0.0,0.0,114.0,9.3,22.2,1005.0,39.0,2.0,2025-12-13 09:38:49.740769+00:00
27.6,15.6,48.0,0.0,0.0,112.0,9.3,22.2,1005.0,29.0,2.0,2025-12-13 09:38:49.740769+00:00
26.0,16.0,54.0,0.0,0.0,104.0,11.1,22.2,1004.9,18.0,2.0,2025-12-13 09:38:49.740769+00:00
24.5,16.0,59.0,0.0,0.0,100.0,11.1,22.2,1004.9,7.0,2.0,2025-12-13 09:38:49.740769+00:00
23.2,16.2,65.0,0.0,0.0,103.0,13.0,22.2,1004.9,0.0,2.0,2025-12-13 09:38:49.740769+00:00
22.8,16.6,68.0,0.0,0.0,107.0,11.1,22.2,1004.8,0.0,2.0,2025-12-13 09:38:49.740769+00:00
22.0,16.7,72.0,0.0,0.0,113.0,11.1,22.2,1004.8,0.0,2.0,2025-12-13 09:38:49.740769+00:00
21.5,16.9,75.0,0.0,0.0,123.0,11.1,22.2,1004.8,0.0,2.0,2025-12-13 09:38:49.740769+00:00
20.9,16.9,78.0,0.0,0.0,132.0,11.1,22.2,1004.7,0.0,3.0,2025-12-13 09:38:49.740769+00:00
20.3,17.1,82.0,0.0,0.0,134.0,11.1,20.4,1004.7,0.0,3.0,2025-12-13 09:38:49.740769+00:00
20.2,17.0,82.0,0.0,0.0,123.0,9.3,18.5,1004.6,0.0,3.0,2025-12-13 09:38:49.740769+00:00
19.4,17.2,87.0,0.0,0.0,144.0,5.5,13.0,1004.6,1.0,3.0,2025-12-13 09:38:49.740769+00:00
20.1,17.5,85.0,0.0,0.0,179.0,5.5,13.0,1004.7,7.0,3.0,2025-12-13 09:38:49.740769+00:00
21.0,17.6,81.0,0.0,0.0,249.0,5.5,13.0,1004.8,12.0,7.0,2025-12-13 09:38:49.740769+00:00
22.0,17.8,77.0,0.0,0.0,277.0,7.4,16.7,1005.1,15.0,7.0,2025-12-13 09:38:49.740769+00:00
22.6,17.7,74.0,0.1,0.0,281.0,9.3,20.4,1005.5,12.0,7.0,2025-12-13 09:38:49.740769+00:00
22.8,17.9,74.0,0.2,0.0,283.0,9.3,20.4,1005.8,9.0,7.0,2025-12-13 09:38:49.740769+00:00
22.2,17.6,75.0,0.6,0.0,282.0,11.1,22.2,1006.2,8.0,8.0,2025-12-13 09:38:49.740769+00:00
21.6,17.8,79.0,1.1,0.0,284.0,11.1,22.2,1006.3,3.0,8.0,2025-12-13 09:38:49.740769+00:00
21.3,17.9,81.0,1.6,0.0,288.0,11.1,22.2,1006.4,1.0,9.0,2025-12-13 09:38:49.740769+00:00
20.7,17.9,84.0,1.5,0.0,290.0,9.3,20.4,1006.2,1.0,9.0,2025-12-13 09:38:49.740769+00:00
20.5,17.9,85.0,2.2,0.0,296.0,11.1,22.2,1006.1,0.0,9.0,2025-12-13 09:38:49.740769+00:00
19.1,17.9,93.0,2.8,0.0,289.0,11.1,24.1,1006.0,0.0,9.0,2025-12-13 09:38:49.740769+00:00
18.4,17.7,96.0,3.2,0.0,300.0,13.0,29.6,1005.8,0.0,9.0,2025-12-13 09:38:49.740769+00:00
17.4,17.4,100.0,3.2,0.0,296.0,13.0,27.8,1005.5,0.0,9.0,2025-12-13 09:38:49.740769+00:00
16.7,16.7,100.0,4.7,0.0,291.0,13.0,24.1,1005.5,1.0,9.0,2025-12-13 09:38:49.740769+00:00
16.4,16.4,100.0,4.3,0.0,279.0,11.1,22.2,1005.5,1.0,9.0,2025-12-13 09:38:49.740769+00:00
16.1,16.1,100.0,2.9,0.0,280.0,11.1,25.9,1005.5,2.0,9.0,2025-12-13 09:38:49.740769+00:00
16.4,16.4,100.0,1.7,0.0,275.0,11.1,25.9,1005.5,0.0,8.0,2025-12-13 09:38:49.740769+00:00
14.8,14.8,100.0,0.6,0.0,267.0,13.0,24.1,1005.9,0.0,8.0,2025-12-13 09:38:49.740769+00:00
14.9,14.9,100.0,0.3,0.0,256.0,11.1,22.2,1005.6,0.0,8.0,2025-12-13 09:38:49.740769+00:00
15.2,14.9,98.0,0.4,0.0,245.0,9.3,18.5,1005.4,0.0,8.0,2025-12-13 09:38:49.740769+00:00
15.2,14.9,98.0,0.2,0.0,231.0,9.3,18.5,1005.1,0.0,7.0,2025-12-13 09:38:49.740769+00:00
15.3,15.1,99.0,0.0,0.0,227.0,11.1,18.5,1004.7,0.0,7.0,2025-12-13 09:38:49.740769+00:00
15.3,15.1,99.0,0.0,0.0,233.0,11.1,20.4,1004.6,0.0,3.0,2025-12-13 09:38:49.740769+00:00
15.1,14.9,99.0,0.0,0.0,233.0,11.1,20.4,1004.8,0.0,3.0,2025-12-13 09:38:49.740769+00:00
15.4,15.2,99.0,0.0,0.0,241.0,11.1,20.4,1004.6,7.0,3.0,2025-12-13 09:38:49.740769+00:00
16.3,15.2,93.0,0.0,0.0,251.0,13.0,24.1,1004.8,15.0,3.0,2025-12-13 09:38:49.740769+00:00
17.4,14.8,85.0,0.0,0.0,256.0,13.0,27.8,1005.0,19.0,3.0,2025-12-13 09:38:49.740769+00:00
18.7,14.4,76.0,0.0,0.0,259.0,14.8,31.5,1005.3,22.0,3.0,2025-12-13 09:38:49.740769+00:00
19.6,14.2,71.0,0.0,0.0,258.0,16.7,33.3,1005.8,20.0,3.0,2025-12-13 09:38:49.740769+00:00
20.2,14.1,68.0,0.0,0.0,263.0,14.8,33.3,1005.7,17.0,3.0,2025-12-13 09:38:49.740769+00:00
20.0,14.1,69.0,0.0,0.0,260.0,14.8,35.2,1006.1,14.0,17.0,2025-12-13 09:38:49.740769+00:00
19.9,14.0,69.0,0.9,0.0,260.0,14.8,35.2,1006.4,12.0,18.0,2025-12-13 09:38:49.740769+00:00
20.0,13.9,68.0,0.6,0.0,260.0,14.8,35.2,1006.5,16.0,18.0,2025-12-13 09:38:49.740769+00:00
19.9,13.8,68.0,0.4,0.0,260.0,14.8,35.2,1006.8,20.0,18.0,2025-12-13 09:38:49.740769+00:00
19.8,13.7,68.0,0.2,0.0,261.0,14.8,37.0,1006.9,21.0,18.0,2025-12-13 09:38:49.740769+00:00
19.7,14.1,70.0,0.4,0.0,262.0,14.8,35.2,1007.3,19.0,18.0,2025-12-13 09:38:49.740769+00:00
19.1,14.1,73.0,0.4,0.0,254.0,14.8,35.2,1007.3,15.0,18.0,2025-12-13 09:38:49.740769+00:00
18.5,14.4,77.0,0.2,0.0,248.0,14.8,33.3,1007.4,9.0,18.0,2025-12-13 09:38:49.740769+00:00
18.1,14.4,79.0,1.3,0.0,243.0,14.8,33.3,1007.5,5.0,17.0,2025-12-13 09:38:49.740769+00:00
17.5,14.6,83.0,0.0,0.0,237.0,13.0,29.6,1007.6,2.0,18.0,2025-12-13 09:38:49.740769+00:00
17.2,14.7,85.0,0.0,0.0,236.0,13.0,27.8,1007.7,0.0,7.0,2025-12-13 09:38:49.740769+00:00
16.9,14.7,87.0,0.4,0.0,234.0,13.0,27.8,1007.8,0.0,7.0,2025-12-13 09:38:49.740769+00:00
16.4,14.8,90.0,0.5,0.0,237.0,13.0,27.8,1007.9,0.0,7.0,2025-12-13 09:38:49.740769+00:00
16.7,15.0,90.0,0.5,0.0,234.0,13.0,25.9,1007.8,0.0,7.0,2025-12-13 09:38:49.740769+00:00
16.7,15.2,91.0,1.1,0.0,235.0,13.0,24.1,1007.9,0.0,7.0,2025-12-13 09:38:49.740769+00:00
16.7,15.0,90.0,1.0,0.0,234.0,13.0,24.1,1008.0,0.0,7.0,2025-12-13 09:38:49.740769+00:00
16.8,15.1,90.0,1.1,0.0,231.0,13.0,25.9,1008.0,0.0,8.0,2025-12-13 09:38:49.740769+00:00
16.9,15.2,90.0,1.0,0.0,230.0,14.8,25.9,1008.1,0.0,8.0,2025-12-13 09:38:49.740769+00:00
17.1,15.3,89.0,0.7,0.0,231.0,14.8,27.8,1008.1,0.0,8.0,2025-12-13 09:38:49.740769+00:00
17.0,15.2,89.0,0.9,0.0,231.0,14.8,29.6,1008.2,0.0,8.0,2025-12-13 09:38:49.740769+00:00
17.5,14.9,85.0,1.0,0.0,233.0,16.7,31.5,1008.3,4.0,8.0,2025-12-13 09:38:49.740769+00:00
17.9,14.6,81.0,1.5,0.0,233.0,16.7,33.3,1008.5,4.0,8.0,2025-12-13 09:38:49.740769+00:00
18.3,14.6,79.0,1.5,0.0,234.0,16.7,33.3,1008.6,4.0,8.0,2025-12-13 09:38:49.740769+00:00
18.1,15.0,82.0,1.2,0.0,239.0,16.7,35.2,1007.7,0.0,8.0,2025-12-13 09:38:49.740769+00:00
18.4,15.3,82.0,1.8,0.0,246.0,18.5,37.0,1007.9,1.0,8.0,2025-12-13 09:38:49.740769+00:00
18.6,15.3,81.0,1.3,0.0,249.0,16.7,37.0,1008.1,2.0,8.0,2025-12-13 09:38:49.740769+00:00
19.0,15.3,79.0,1.4,0.0,253.0,16.7,35.2,1008.1,1.0,8.0,2025-12-13 09:38:49.740769+00:00
18.9,15.4,80.0,0.6,0.0,252.0,16.7,35.2,1008.1,4.0,7.0,2025-12-13 09:38:49.740769+00:00
19.1,15.2,78.0,0.6,0.0,257.0,14.8,37.0,1008.0,4.0,7.0,2025-12-13 09:38:49.740769+00:00
19.2,15.5,79.0,0.8,0.0,261.0,14.8,35.2,1008.0,5.0,8.0,2025-12-13 09:38:49.740769+00:00
19.3,15.8,80.0,0.5,0.0,257.0,14.8,37.0,1007.7,6.0,7.0,2025-12-13 09:38:49.740769+00:00
19.0,16.0,83.0,0.6,0.0,256.0,14.8,35.2,1008.0,5.0,7.0,2025-12-13 09:38:49.740769+00:00
18.5,16.1,86.0,0.6,0.0,255.0,14.8,33.3,1008.1,3.0,7.0,2025-12-13 09:38:49.740769+00:00
18.0,16.0,88.0,0.2,0.0,254.0,14.8,33.3,1008.5,2.0,7.0,2025-12-13 09:38:49.740769+00:00
17.8,16.1,90.0,0.2,0.0,259.0,14.8,31.5,1008.9,0.0,7.0,2025-12-13 09:38:49.740769+00:00
17.5,15.5,88.0,0.0,0.0,266.0,14.8,29.6,1009.0,0.0,3.0,2025-12-13 09:38:49.740769+00:00
17.3,15.5,89.0,0.0,0.0,270.0,14.8,27.8,1009.2,0.0,3.0,2025-12-13 09:38:49.740769+00:00
17.3,15.6,90.0,0.0,0.0,270.0,13.0,27.8,1009.5,0.0,3.0,2025-12-13 09:38:49.740769+00:00
17.2,15.5,90.0,0.0,0.0,275.0,13.0,25.9,1009.6,0.0,3.0,2025-12-13 09:38:49.740769+00:00
16.9,15.6,92.0,0.0,0.0,277.0,13.0,25.9,1009.7,0.0,3.0,2025-12-13 09:38:49.740769+00:00
16.9,15.6,92.0,0.0,0.0,277.0,13.0,24.1,1009.9,0.0,3.0,2025-12-13 09:38:49.740769+00:00
16.2,15.4,95.0,0.0,0.0,278.0,11.1,22.2,1010.3,0.0,4.0,2025-12-13 09:38:49.740769+00:00
16.6,15.6,94.0,0.0,0.0,282.0,11.1,22.2,1010.6,2.0,4.0,2025-12-13 09:38:49.740769+00:00
17.2,15.5,90.0,0.0,0.0,285.0,11.1,22.2,1010.9,7.0,4.0,2025-12-13 09:38:49.740769+00:00
18.1,15.4,84.0,0.0,0.0,285.0,9.3,22.2,1011.2,9.0,4.0,2025-12-13 09:38:49.740769+00:00
19.0,15.1,78.0,0.0,0.0,284.0,11.1,24.1,1011.5,14.0,4.0,2025-12-13 09:38:49.740769+00:00
19.7,14.9,74.0,0.0,0.0,278.0,11.1,22.2,1011.9,14.0,4.0,2025-12-13 09:38:49.740769+00:00
20.6,14.9,70.0,0.0,0.0,278.0,9.3,22.2,1011.8,16.0,4.0,2025-12-13 09:38:49.740769+00:00
21.4,15.0,67.0,0.0,0.0,273.0,11.1,24.1,1011.9,18.0,3.0,2025-12-13 09:38:49.740769+00:00
22.1,14.7,63.0,0.0,0.0,274.0,11.1,25.9,1012.0,18.0,3.0,2025-12-13 09:38:49.740769+00:00
22.7,14.5,60.0,0.0,0.0,275.0,11.1,25.9,1011.9,22.0,3.0,2025-12-13 09:38:49.740769+00:00
23.1,14.6,59.0,0.0,0.0,278.0,11.1,24.1,1011.7,28.0,3.0,2025-12-13 09:38:49.740769+00:00
23.5,14.5,57.0,0.0,0.0,283.0,11.1,24.1,1011.5,31.0,3.0,2025-12-13 09:38:49.740769+00:00
23.6,14.6,57.0,0.0,0.0,291.0,9.3,22.2,1011.5,32.0,3.0,2025-12-13 09:38:49.740769+00:00
23.0,14.8,60.0,0.0,0.0,293.0,9.3,20.4,1011.6,28.0,3.0,2025-12-13 09:38:49.740769+00:00
22.1,15.4,66.0,0.0,0.0,295.0,9.3,18.5,1011.8,20.0,3.0,2025-12-13 09:38:49.740769+00:00
21.0,15.8,72.0,0.0,0.0,292.0,7.4,16.7,1012.2,12.0,3.0,2025-12-13 09:38:49.740769+00:00
19.8,16.2,80.0,0.0,0.0,286.0,7.4,13.0,1012.5,0.0,3.0,2025-12-13 09:38:49.740769+00:00
18.9,16.5,86.0,0.0,0.0,289.0,7.4,13.0,1012.8,0.0,3.0,2025-12-13 09:38:49.740769+00:00
17.9,16.8,93.0,0.0,0.0,280.0,7.4,11.1,1012.8,0.0,3.0,2025-12-13 09:38:49.740769+00:00
17.7,16.9,95.0,0.0,0.0,277.0,7.4,13.0,1012.9,0.0,3.0,2025-12-13 09:38:49.740769+00:00
18.0,16.8,93.0,0.0,0.0,271.0,7.4,14.8,1012.9,0.0,3.0,2025-12-13 09:38:49.740769+00:00
17.9,16.8,93.0,0.0,0.0,265.0,9.3,14.8,1012.9,0.0,4.0,2025-12-13 09:38:49.740769+00:00
17.9,16.8,93.0,0.0,0.0,260.0,9.3,14.8,1012.7,0.0,4.0,2025-12-13 09:38:49.740769+00:00
17.9,16.9,94.0,0.0,0.0,265.0,9.3,16.7,1012.6,0.0,4.0,2025-12-13 09:38:49.740769+00:00
17.4,16.8,96.0,0.0,0.0,269.0,9.3,16.7,1013.0,0.0,4.0,2025-12-13 09:38:49.740769+00:00
17.7,17.1,96.0,0.0,0.0,265.0,9.3,14.8,1013.1,3.0,7.0,2025-12-13 09:38:49.740769+00:00
18.4,17.1,92.0,0.0,0.0,272.0,9.3,16.7,1013.3,6.0,4.0,2025-12-13 09:38:49.740769+00:00
19.4,17.0,86.0,0.0,0.0,274.0,9.3,18.5,1013.5,10.0,4.0,2025-12-13 09:38:49.740769+00:00
20.1,16.5,80.0,0.0,0.0,275.0,11.1,22.2,1013.6,14.0,4.0,2025-12-13 09:38:49.740769+00:00
20.9,16.5,76.0,0.0,0.0,274.0,11.1,24.1,1013.9,15.0,4.0,2025-12-13 09:38:49.740769+00:00
21.4,16.4,73.0,0.0,0.0,274.0,11.1,25.9,1013.8,16.0,4.0,2025-12-13 09:38:49.740769+00:00
22.1,16.4,70.0,0.0,0.0,270.0,11.1,25.9,1013.7,16.0,4.0,2025-12-13 09:38:49.740769+00:00
22.2,16.5,70.0,0.2,0.0,271.0,13.0,27.8,1013.5,15.0,7.0,2025-12-13 09:38:49.740769+00:00
22.5,16.3,68.0,0.6,0.0,275.0,13.0,27.8,1013.5,19.0,7.0,2025-12-13 09:38:49.740769+00:00
22.7,16.5,68.0,0.6,0.0,280.0,13.0,27.8,1013.3,23.0,7.0,2025-12-13 09:38:49.740769+00:00
22.3,16.6,70.0,0.8,0.0,287.0,13.0,25.9,1013.1,23.0,7.0,2025-12-13 09:38:49.740769+00:00
22.4,16.7,70.0,0.8,0.0,294.0,11.1,25.9,1013.2,23.0,7.0,2025-12-13 09:38:49.740769+00:00
21.9,16.8,73.0,0.8,0.0,293.0,11.1,25.9,1013.3,19.0,17.0,2025-12-13 09:38:49.740769+00:00
21.1,16.9,77.0,0.8,0.0,293.0,11.1,22.2,1013.5,12.0,17.0,2025-12-13 09:38:49.740769+00:00
20.0,17.0,83.0,0.4,0.0,291.0,9.3,22.2,1013.8,7.0,3.0,2025-12-13 09:38:49.740769+00:00
19.4,17.2,87.0,0.2,0.0,291.0,9.3,18.5,1014.1,0.0,3.0,2025-12-13 09:38:49.740769+00:00
18.8,17.3,91.0,0.2,0.0,295.0,9.3,18.5,1014.4,0.0,3.0,2025-12-13 09:38:49.740769+00:00
17.9,17.6,98.0,0.0,0.0,301.0,11.1,18.5,1014.4,0.0,3.0,2025-12-13 09:38:49.740769+00:00
17.7,17.5,99.0,0.0,0.0,307.0,9.3,18.5,1014.6,0.0,3.0,2025-12-13 09:38:49.740769+00:00
17.9,17.3,96.0,0.0,0.0,305.0,9.3,16.7,1014.6,0.0,3.0,2025-12-13 09:38:49.740769+00:00
17.7,17.2,97.0,0.0,0.0,306.0,9.3,18.5,1014.6,0.0,4.0,2025-12-13 09:38:49.740769+00:00
17.9,17.1,95.0,0.0,0.0,310.0,9.3,18.5,1014.6,0.0,4.0,2025-12-13 09:38:49.740769+00:00
17.8,16.7,93.0,0.0,0.0,307.0,9.3,18.5,1014.6,0.0,4.0,2025-12-13 09:38:49.740769+00:00
17.1,16.6,97.0,0.0,0.0,309.0,9.3,16.7,1014.9,0.0,4.0,2025-12-13 09:38:49.740769+00:00
17.0,16.5,97.0,0.0,0.0,306.0,9.3,18.5,1015.0,2.0,4.0,2025-12-13 09:38:49.740769+00:00
17.3,16.0,92.0,0.0,0.0,304.0,9.3,18.5,1015.0,5.0,4.0,2025-12-13 09:38:49.740769+00:00
17.9,15.5,86.0,0.0,0.0,303.0,9.3,18.5,1015.1,9.0,4.0,2025-12-13 09:38:49.740769+00:00
18.6,14.9,79.0,0.0,0.0,304.0,9.3,20.4,1015.2,13.0,4.0,2025-12-13 09:38:49.740769+00:00
19.1,14.4,74.0,0.0,0.0,303.0,9.3,20.4,1015.2,14.0,4.0,2025-12-13 09:38:49.740769+00:00
20.1,14.5,70.0,0.0,0.0,301.0,7.4,20.4,1015.1,19.0,3.0,2025-12-13 09:38:49.740769+00:00
20.4,14.3,68.0,0.0,0.0,295.0,9.3,22.2,1015.1,21.0,3.0,2025-12-13 09:38:49.740769+00:00
20.8,14.2,66.0,0.0,0.0,294.0,9.3,22.2,1015.1,21.0,3.0,2025-12-13 09:38:49.740769+00:00
21.0,13.9,64.0,0.0,0.0,293.0,9.3,22.2,1014.8,26.0,3.0,2025-12-13 09:38:49.740769+00:00
21.3,14.0,63.0,0.0,0.0,295.0,9.3,22.2,1014.4,31.0,3.0,2025-12-13 09:38:49.740769+00:00
21.8,13.9,61.0,0.0,0.0,296.0,9.3,20.4,1014.0,33.0,3.0,2025-12-13 09:38:49.740769+00:00
21.8,14.2,62.0,0.0,0.0,305.0,9.3,20.4,1014.0,30.0,3.0,2025-12-13 09:38:49.740769+00:00
21.5,14.2,63.0,0.0,0.0,311.0,9.3,18.5,1013.6,28.0,3.0,2025-12-13 09:38:49.740769+00:00
20.6,14.5,68.0,0.0,0.0,312.0,7.4,16.7,1013.7,23.0,3.0,2025-12-13 09:38:49.740769+00:00
19.5,14.5,73.0,0.0,0.0,313.0,7.4,14.8,1013.6,16.0,3.0,2025-12-13 09:38:49.740769+00:00
18.2,14.9,81.0,0.0,0.0,312.0,5.5,11.1,1013.6,0.0,2.0,2025-12-13 09:38:49.740769+00:00
17.4,15.2,87.0,0.0,0.0,310.0,5.5,9.3,1013.7,0.0,2.0,2025-12-13 09:38:49.740769+00:00
16.3,15.2,93.0,0.0,0.0,313.0,5.5,7.4,1013.6,0.0,2.0,2025-12-13 09:38:49.740769+00:00
15.9,15.3,96.0,0.0,0.0,269.0,5.5,9.3,1013.4,0.0,2.0,2025-12-13 09:38:49.740769+00:00
15.9,15.3,96.0,0.0,0.0,263.0,7.4,11.1,1013.1,0.0,3.0,2025-12-13 09:38:49.740769+00:00
15.6,15.3,98.0,0.0,0.0,258.0,7.4,11.1,1012.8,0.0,3.0,2025-12-13 09:38:49.740769+00:00
15.3,15.1,99.0,0.0,0.0,258.0,7.4,9.3,1012.5,0.0,3.0,2025-12-13 09:38:49.740769+00:00
15.4,15.1,98.0,0.0,0.0,265.0,7.4,9.3,1012.3,0.0,3.0,2025-12-13 09:38:49.740769+00:00
14.8,14.6,99.0,0.0,0.0,258.0,5.5,9.3,1012.3,2.0,3.0,2025-12-13 09:38:49.740769+00:00
15.6,15.0,96.0,0.0,0.0,251.0,3.7,7.4,1012.0,9.0,3.0,2025-12-13 09:38:49.740769+00:00
17.1,15.1,88.0,0.0,0.0,261.0,3.7,9.3,1011.8,19.0,3.0,2025-12-13 09:38:49.740769+00:00
18.8,14.9,78.0,0.0,0.0,255.0,3.7,9.3,1011.5,26.0,3.0,2025-12-13 09:38:49.740769+00:00
20.2,13.9,67.0,0.0,0.0,272.0,3.7,13.0,1011.2,32.0,3.0,2025-12-13 09:38:49.740769+00:00
21.3,13.5,61.0,0.0,0.0,292.0,5.5,14.8,1011.0,35.0,3.0,2025-12-13 09:38:49.740769+00:00
22.0,12.8,56.0,0.0,0.0,315.0,5.5,14.8,1010.7,33.0,3.0,2025-12-13 09:38:49.740769+00:00
22.3,12.8,55.0,0.0,0.0,312.0,5.5,14.8,1010.4,27.0,3.0,2025-12-13 09:38:49.740769+00:00
22.8,12.7,53.0,0.0,0.0,309.0,5.5,16.7,1010.1,24.0,3.0,2025-12-13 09:38:49.740769+00:00
23.1,12.4,51.0,0.0,0.0,309.0,5.5,16.7,1009.6,24.0,3.0,2025-12-13 09:38:49.740769+00:00
23.4,12.7,51.0,0.0,0.0,318.0,7.4,18.5,1009.1,28.0,3.0,2025-12-13 09:38:49.740769+00:00
23.3,12.9,52.0,0.0,0.0,325.0,7.4,18.5,1008.9,27.0,3.0,2025-12-13 09:38:49.740769+00:00
23.2,13.1,53.0,0.0,0.0,330.0,7.4,18.5,1008.5,30.0,3.0,2025-12-13 09:38:49.740769+00:00
22.4,13.5,57.0,0.0,0.0,330.0,7.4,16.7,1008.4,26.0,2.0,2025-12-13 09:38:49.740769+00:00
21.3,13.7,62.0,0.0,0.0,337.0,9.3,16.7,1008.5,21.0,2.0,2025-12-13 09:38:49.740769+00:00
20.3,14.2,68.0,0.0,0.0,335.0,9.3,20.4,1008.7,13.0,3.0,2025-12-13 09:38:49.740769+00:00
19.5,14.5,73.0,0.0,0.0,339.0,9.3,20.4,1008.9,0.0,3.0,2025-12-13 09:38:49.740769+00:00
18.8,14.9,78.0,0.0,0.0,345.0,9.3,20.4,1009.0,0.0,3.0,2025-12-13 09:38:49.740769+00:00
18.5,15.4,82.0,0.0,0.0,339.0,9.3,20.4,1009.0,0.0,3.0,2025-12-13 09:38:49.740769+00:00
18.0,15.4,85.0,0.0,0.0,342.0,9.3,20.4,1009.0,0.0,3.0,2025-12-13 09:38:49.740769+00:00
17.7,15.5,87.0,0.0,0.0,338.0,11.1,20.4,1008.9,0.0,7.0,2025-12-13 09:38:49.740769+00:00
17.3,15.5,89.0,0.0,0.0,335.0,11.1,20.4,1008.8,0.0,7.0,2025-12-13 09:38:49.740769+00:00
17.2,15.4,89.0,0.1,0.0,331.0,11.1,20.4,1008.8,0.0,7.0,2025-12-13 09:38:49.740769+00:00
17.2,15.5,90.0,0.2,0.0,326.0,11.1,22.2,1008.8,0.0,7.0,2025-12-13 09:38:49.740769+00:00
17.0,15.7,92.0,0.2,0.0,328.0,11.1,20.4,1008.9,3.0,7.0,2025-12-13 09:38:49.740769+00:00
17.0,15.3,90.0,0.2,0.0,331.0,11.1,22.2,1009.0,3.0,7.0,2025-12-13 09:38:49.740769+00:00
16.9,15.2,90.0,0.2,0.0,326.0,11.1,22.2,1009.2,5.0,7.0,2025-12-13 09:38:49.740769+00:00
17.4,15.0,86.0,0.2,0.0,326.0,11.1,24.1,1009.4,9.0,7.0,2025-12-13 09:38:49.740769+00:00
17.9,14.6,81.0,0.3,0.0,323.0,13.0,25.9,1009.7,8.0,7.0,2025-12-13 09:38:49.740769+00:00
18.2,14.5,79.0,0.3,0.0,320.0,13.0,27.8,1009.8,8.0,7.0,2025-12-13 09:38:49.740769+00:00
19.1,15.2,78.0,0.2,0.0,320.0,13.0,27.8,1009.5,5.0,7.0,2025-12-13 09:38:49.740769+00:00
18.9,15.2,79.0,0.4,0.0,319.0,14.8,31.5,1009.7,5.0,7.0,2025-12-13 09:38:49.740769+00:00
19.1,14.8,76.0,0.2,0.0,316.0,16.7,33.3,1009.9,7.0,7.0,2025-12-13 09:38:49.740769+00:00
19.3,14.3,73.0,0.4,0.0,310.0,16.7,33.3,1010.0,12.0,7.0,2025-12-13 09:38:49.740769+00:00
19.6,14.0,70.0,0.0,0.0,311.0,16.7,35.2,1010.1,16.0,7.0,2025-12-13 09:38:49.740769+00:00
20.0,13.4,66.0,0.0,0.0,311.0,16.7,37.0,1010.2,20.0,7.0,2025-12-13 09:38:49.740769+00:00
20.5,13.2,63.0,0.5,0.0,319.0,18.5,37.0,1010.2,22.0,7.0,2025-12-13 09:38:49.740769+00:00
20.2,12.7,62.0,0.0,0.0,314.0,16.7,35.2,1010.1,20.0,3.0,2025-12-13 09:38:49.740769+00:00
19.7,12.5,63.0,0.0,0.0,312.0,14.8,31.5,1010.4,18.0,3.0,2025-12-13 09:38:49.740769+00:00
19.0,12.5,66.0,0.0,0.0,307.0,14.8,29.6,1010.7,13.0,3.0,2025-12-13 09:38:49.740769+00:00
18.2,12.4,69.0,0.0,0.0,302.0,14.8,29.6,1011.3,0.0,2.0,2025-12-13 09:38:49.740769+00:00
17.0,12.5,75.0,0.0,0.0,300.0,14.8,27.8,1011.7,0.0,2.0,2025-12-13 09:38:49.740769+00:00
16.6,11.5,72.0,0.0,0.0,303.0,16.7,29.6,1011.9,0.0,2.0,2025-12-13 09:38:49.740769+00:00
15.9,11.9,77.0,0.0,0.0,299.0,16.7,29.6,1012.1,0.0,2.0,2025-12-13 09:38:49.740769+00:00
15.3,11.9,80.0,0.0,0.0,297.0,16.7,29.6,1012.2,0.0,2.0,2025-12-13 09:38:49.740769+00:00
14.8,11.9,83.0,0.0,0.0,293.0,16.7,29.6,1012.4,0.0,2.0,2025-12-13 09:38:49.740769+00:00
14.6,11.9,84.0,0.0,0.0,293.0,16.7,29.6,1012.5,0.0,2.0,2025-12-13 09:38:49.740769+00:00
14.3,12.2,87.0,0.0,0.0,290.0,16.7,31.5,1012.6,0.0,2.0,2025-12-13 09:38:49.740769+00:00
13.8,12.2,90.0,0.0,0.0,293.0,14.8,29.6,1012.9,8.0,2.0,2025-12-13 09:38:49.740769+00:00
14.4,12.4,88.0,0.0,0.0,292.0,14.8,31.5,1013.1,18.0,2.0,2025-12-13 09:38:49.740769+00:00
15.2,12.3,83.0,0.0,0.0,290.0,14.8,31.5,1013.3,24.0,3.0,2025-12-13 09:38:49.740769+00:00
16.1,12.1,77.0,0.0,0.0,290.0,16.7,33.3,1013.4,29.0,3.0,2025-12-13 09:38:49.740769+00:00
17.1,11.8,71.0,0.0,0.0,287.0,16.7,35.2,1013.6,32.0,3.0,2025-12-13 09:38:49.740769+00:00
18.0,11.3,65.0,0.0,0.0,284.0,16.7,35.2,1013.8,31.0,3.0,2025-12-13 09:38:49.740769+00:00
18.9,11.0,60.0,0.0,0.0,286.0,16.7,37.0,1013.7,29.0,3.0,2025-12-13 09:38:49.740769+00:00
19.5,10.5,56.0,0.0,0.0,282.0,16.7,37.0,1013.5,28.0,3.0,2025-12-13 09:38:49.740769+00:00
19.7,10.4,55.0,0.0,0.0,281.0,16.7,37.0,1013.4,28.0,3.0,2025-12-13 09:38:49.740769+00:00
20.1,10.5,54.0,0.0,0.0,281.0,16.7,37.0,1013.4,32.0,3.0,2025-12-13 09:38:49.740769+00:00
20.2,10.3,53.0,0.0,0.0,280.0,14.8,35.2,1013.3,36.0,2.0,2025-12-13 09:38:49.740769+00:00
20.4,10.2,52.0,0.0,0.0,279.0,14.8,33.3,1013.3,37.0,2.0,2025-12-13 09:38:49.740769+00:00
20.6,10.1,51.0,0.0,0.0,283.0,13.0,31.5,1013.3,39.0,2.0,2025-12-13 09:38:49.740769+00:00
20.1,10.2,53.0,0.0,0.0,286.0,13.0,29.6,1013.1,38.0,2.0,2025-12-13 09:38:49.740769+00:00
19.2,10.2,56.0,0.0,0.0,281.0,13.0,27.8,1013.2,31.0,2.0,2025-12-13 09:38:49.740769+00:00
18.1,10.7,62.0,0.0,0.0,274.0,11.1,25.9,1013.4,21.0,2.0,2025-12-13 09:38:49.740769+00:00
16.9,11.2,69.0,0.0,0.0,270.0,11.1,22.2,1013.6,0.0,2.0,2025-12-13 09:38:49.740769+00:00
15.7,11.5,76.0,0.0,0.0,272.0,9.3,20.4,1013.8,0.0,2.0,2025-12-13 09:38:49.740769+00:00
14.7,11.5,81.0,0.0,0.0,270.0,11.1,18.5,1013.9,0.0,2.0,2025-12-13 09:38:49.740769+00:00
14.1,11.8,86.0,0.0,0.0,266.0,11.1,18.5,1014.0,0.0,2.0,2025-12-13 09:38:49.740769+00:00
13.9,11.8,87.0,0.0,0.0,261.0,11.1,18.5,1014.1,0.0,2.0,2025-12-13 09:38:49.740769+00:00
13.4,11.8,90.0,0.0,0.0,255.0,9.3,16.7,1014.0,0.0,2.0,2025-12-13 09:38:49.740769+00:00
13.1,11.8,92.0,0.0,0.0,250.0,9.3,16.7,1014.0,0.0,2.0,2025-12-13 09:38:49.740769+00:00
12.9,11.8,93.0,0.0,0.0,248.0,9.3,16.7,1014.0,0.0,2.0,2025-12-13 09:38:49.740769+00:00
12.7,11.8,94.0,0.0,0.0,242.0,9.3,16.7,1014.3,9.0,2.0,2025-12-13 09:38:49.740769+00:00
13.5,11.9,90.0,0.0,0.0,239.0,9.3,16.7,1014.4,23.0,2.0,2025-12-13 09:38:49.740769+00:00
14.7,11.7,82.0,0.0,0.0,247.0,9.3,16.7,1014.5,33.0,2.0,2025-12-13 09:38:49.740769+00:00
16.1,11.5,74.0,0.0,0.0,251.0,9.3,20.4,1014.5,42.0,2.0,2025-12-13 09:38:49.740769+00:00
17.4,11.0,66.0,0.0,0.0,253.0,11.1,22.2,1014.3,45.0,2.0,2025-12-13 09:38:49.740769+00:00
18.5,10.6,60.0,0.0,0.0,251.0,11.1,25.9,1014.2,44.0,2.0,2025-12-13 09:38:49.740769+00:00
19.5,9.9,54.0,0.0,0.0,254.0,13.0,27.8,1014.2,42.0,2.0,2025-12-13 09:38:49.740769+00:00
20.1,9.6,51.0,0.0,0.0,251.0,13.0,29.6,1013.9,38.0,2.0,2025-12-13 09:38:49.740769+00:00
20.7,9.3,48.0,0.0,0.0,253.0,13.0,31.5,1013.5,37.0,2.0,2025-12-13 09:38:49.740769+00:00
21.2,8.8,45.0,0.0,0.0,254.0,13.0,31.5,1013.4,38.0,2.0,2025-12-13 09:38:49.740769+00:00
21.3,8.9,45.0,0.0,0.0,257.0,13.0,31.5,1013.3,40.0,2.0,2025-12-13 09:38:49.740769+00:00
21.4,8.6,44.0,0.0,0.0,259.0,11.1,29.6,1013.2,41.0,2.0,2025-12-13 09:38:49.740769+00:00
21.2,8.8,45.0,0.0,0.0,261.0,11.1,27.8,1013.1,38.0,2.0,2025-12-13 09:38:49.740769+00:00
20.6,8.6,46.0,0.0,0.0,265.0,11.1,25.9,1013.0,32.0,2.0,2025-12-13 09:38:49.740769+00:00
19.6,9.5,52.0,0.0,0.0,264.0,9.3,22.2,1013.0,23.0,2.0,2025-12-13 09:38:49.740769+00:00
18.2,9.8,58.0,0.0,0.0,258.0,9.3,20.4,1013.0,15.0,2.0,2025-12-13 09:38:49.740769+00:00
16.9,10.5,66.0,0.0,0.0,245.0,9.3,18.5,1013.3,0.0,2.0,2025-12-13 09:38:49.740769+00:00
15.6,11.2,75.0,0.0,0.0,241.0,9.3,16.7,1013.3,0.0,2.0,2025-12-13 09:38:49.740769+00:00
15.3,11.3,77.0,0.0,0.0,253.0,9.3,18.5,1013.6,0.0,2.0,2025-12-13 09:38:49.740769+00:00
14.6,11.6,82.0,0.0,0.0,241.0,9.3,18.5,1013.5,0.0,2.0,2025-12-13 09:38:49.740769+00:00
14.5,11.6,83.0,0.0,0.0,230.0,11.1,18.5,1013.2,0.0,2.0,2025-12-13 09:38:49.740769+00:00
14.1,11.8,86.0,0.0,0.0,224.0,9.3,16.7,1012.9,0.0,3.0,2025-12-13 09:38:49.740769+00:00
14.0,11.7,86.0,0.0,0.0,219.0,11.1,18.5,1012.7,0.0,3.0,2025-12-13 09:38:49.740769+00:00
13.9,11.9,88.0,0.0,0.0,218.0,11.1,20.4,1012.5,0.0,3.0,2025-12-13 09:38:49.740769+00:00
13.7,11.7,88.0,0.0,0.0,206.0,11.1,20.4,1012.5,2.0,3.0,2025-12-13 09:38:49.740769+00:00
14.1,12.1,88.0,0.0,0.0,204.0,11.1,22.2,1012.3,5.0,3.0,2025-12-13 09:38:49.740769+00:00
14.8,12.3,85.0,0.0,0.0,213.0,13.0,24.1,1012.1,5.0,7.0,2025-12-13 09:38:49.740769+00:00
15.7,12.3,80.0,0.2,0.0,215.0,13.0,27.8,1011.9,9.0,7.0,2025-12-13 09:38:49.740769+00:00
16.4,12.2,76.0,0.6,0.0,223.0,14.8,29.6,1011.8,10.0,7.0,2025-12-13 09:38:49.740769+00:00
16.6,11.9,74.0,0.8,0.0,226.0,14.8,31.5,1011.7,8.0,7.0,2025-12-13 09:38:49.740769+00:00
16.7,12.0,74.0,0.9,0.0,235.0,14.8,33.3,1011.4,5.0,7.0,2025-12-13 09:38:49.740769+00:00
17.0,12.1,73.0,0.5,0.0,231.0,16.7,37.0,1011.4,4.0,7.0,2025-12-13 09:38:49.740769+00:00
17.5,12.2,71.0,0.2,0.0,231.0,14.8,35.2,1011.2,6.0,7.0,2025-12-13 09:38:49.740769+00:00
18.0,12.0,68.0,0.3,0.0,234.0,16.7,35.2,1011.0,8.0,7.0,2025-12-13 09:38:49.740769+00:00
18.3,12.1,67.0,0.2,0.0,241.0,14.8,33.3,1010.8,12.0,7.0,2025-12-13 09:38:49.740769+00:00
18.3,12.1,67.0,0.2,0.0,247.0,13.0,31.5,1010.6,15.0,18.0,2025-12-13 09:38:49.740769+00:00
18.7,12.0,65.0,0.2,0.0,247.0,14.8,33.3,1010.7,14.0,18.0,2025-12-13 09:38:49.740769+00:00
18.3,12.3,68.0,0.2,0.0,245.0,13.0,31.5,1010.5,13.0,17.0,2025-12-13 09:38:49.740769+00:00
17.7,12.6,72.0,0.2,0.0,247.0,11.1,29.6,1010.5,9.0,7.0,2025-12-13 09:38:49.740769+00:00
17.1,12.8,76.0,0.4,0.0,245.0,11.1,27.8,1010.6,5.0,7.0,2025-12-13 09:38:49.740769+00:00
16.5,13.0,80.0,0.0,0.0,237.0,11.1,24.1,1010.7,0.0,3.0,2025-12-13 09:38:49.740769+00:00
16.1,13.4,84.0,0.0,0.0,232.0,11.1,22.2,1010.6,0.0,3.0,2025-12-13 09:38:49.740769+00:00
15.7,13.2,85.0,0.0,0.0,236.0,11.1,22.2,1010.6,0.0,3.0,2025-12-13 09:38:49.740769+00:00
15.4,13.4,88.0,0.0,0.0,228.0,11.1,20.4,1010.4,0.0,3.0,2025-12-13 09:38:49.740769+00:00
15.5,13.7,89.0,0.0,0.0,227.0,9.3,18.5,1010.2,0.0,3.0,2025-12-13 09:38:49.740769+00:00
15.4,13.6,89.0,0.0,0.0,227.0,9.3,18.5,1009.8,0.0,3.0,2025-12-13 09:38:49.740769+00:00
15.3,13.7,90.0,0.0,0.0,225.0,9.3,18.5,1009.5,0.0,3.0,2025-12-13 09:38:49.740769+00:00
15.3,13.7,90.0,0.0,0.0,228.0,9.3,16.7,1009.2,0.0,4.0,2025-12-13 09:38:49.740769+00:00
14.8,13.8,94.0,0.0,0.0,229.0,9.3,16.7,1009.2,1.0,4.0,2025-12-13 09:38:49.740769+00:00
15.1,14.0,93.0,0.0,0.0,238.0,9.3,16.7,1008.9,4.0,4.0,2025-12-13 09:38:49.740769+00:00
15.6,14.0,90.0,0.0,0.0,249.0,9.3,16.7,1008.8,8.0,4.0,2025-12-13 09:38:49.740769+00:00
16.3,14.0,86.0,0.0,0.0,256.0,9.3,18.5,1008.7,13.0,4.0,2025-12-13 09:38:49.740769+00:00
17.3,13.6,79.0,0.0,0.0,261.0,9.3,20.4,1008.8,18.0,4.0,2025-12-13 09:38:49.740769+00:00
18.1,13.4,74.0,0.0,0.0,261.0,9.3,22.2,1008.8,19.0,4.0,2025-12-13 09:38:49.740769+00:00
19.1,13.3,69.0,0.0,0.0,255.0,11.1,24.1,1008.5,19.0,3.0,2025-12-13 09:38:49.740769+00:00
19.1,13.5,70.0,0.4,0.0,253.0,13.0,27.8,1008.4,18.0,17.0,2025-12-13 09:38:49.740769+00:00
19.1,13.5,70.0,0.3,0.0,256.0,13.0,27.8,1008.2,15.0,7.0,2025-12-13 09:38:49.740769+00:00
19.0,13.2,69.0,0.3,0.0,259.0,13.0,27.8,1008.1,20.0,18.0,2025-12-13 09:38:49.740769+00:00
19.1,13.3,69.0,0.2,0.0,268.0,13.0,27.8,1008.1,23.0,18.0,2025-12-13 09:38:49.740769+00:00
19.3,13.2,68.0,0.2,0.0,272.0,11.1,27.8,1008.1,24.0,18.0,2025-12-13 09:38:49.740769+00:00
19.4,13.3,68.0,0.3,0.0,271.0,11.1,27.8,1008.0,22.0,17.0,2025-12-13 09:38:49.740769+00:00
19.0,13.4,70.0,0.2,0.0,269.0,11.1,25.9,1007.7,19.0,17.0,2025-12-13 09:38:49.740769+00:00
18.4,13.9,75.0,0.2,0.0,261.0,9.3,22.2,1007.6,15.0,17.0,2025-12-13 09:38:49.740769+00:00
17.6,14.1,80.0,0.0,0.0,252.0,9.3,20.4,1007.8,10.0,3.0,2025-12-13 09:38:49.740769+00:00
16.7,14.3,86.0,0.0,0.0,239.0,9.3,16.7,1008.1,0.0,3.0,2025-12-13 09:38:49.740769+00:00
16.0,14.4,90.0,0.0,0.0,231.0,9.3,16.7,1008.4,0.0,3.0,2025-12-13 09:38:49.740769+00:00
15.1,14.8,98.0,0.0,0.0,231.0,9.3,16.7,1008.1,0.0,3.0,2025-12-13 09:38:49.740769+00:00
14.8,14.6,99.0,0.0,0.0,229.0,9.3,16.7,1008.2,0.0,3.0,2025-12-13 09:38:49.740769+00:00
14.6,14.3,98.0,0.0,0.0,235.0,9.3,16.7,1008.3,0.0,3.0,2025-12-13 09:38:49.740769+00:00
14.4,14.1,98.0,0.0,0.0,241.0,9.3,16.7,1008.3,0.0,3.0,2025-12-13 09:38:49.740769+00:00
14.4,13.9,97.0,0.0,0.0,243.0,9.3,18.5,1008.4,0.0,3.0,2025-12-13 09:38:49.740769+00:00
14.4,13.8,96.0,0.0,0.0,241.0,11.1,18.5,1008.6,0.0,3.0,2025-12-13 09:38:49.740769+00:00
14.3,13.7,96.0,0.0,0.0,242.0,11.1,20.4,1008.8,3.0,4.0,2025-12-13 09:38:49.740769+00:00
14.5,13.5,94.0,0.0,0.0,246.0,11.1,20.4,1009.0,7.0,4.0,2025-12-13 09:38:49.740769+00:00
15.0,13.5,91.0,0.0,0.0,250.0,9.3,20.4,1009.3,9.0,4.0,2025-12-13 09:38:49.740769+00:00
16.0,13.1,83.0,0.0,0.0,252.0,11.1,22.2,1009.5,15.0,4.0,2025-12-13 09:38:49.740769+00:00
17.2,12.7,75.0,0.0,0.0,251.0,11.1,24.1,1009.8,21.0,4.0,2025-12-13 09:38:49.740769+00:00
18.3,12.5,69.0,0.0,0.0,248.0,11.1,24.1,1009.8,23.0,4.0,2025-12-13 09:38:49.740769+00:00
19.7,12.5,63.0,0.0,0.0,250.0,11.1,25.9,1009.9,25.0,3.0,2025-12-13 09:38:49.740769+00:00
20.4,12.4,60.0,0.0,0.0,247.0,11.1,25.9,1010.0,26.0,3.0,2025-12-13 09:38:49.740769+00:00
20.9,12.3,58.0,0.0,0.0,247.0,11.1,27.8,1009.9,27.0,3.0,2025-12-13 09:38:49.740769+00:00
21.4,12.0,55.0,0.0,0.0,247.0,11.1,27.8,1010.0,31.0,3.0,2025-12-13 09:38:49.740769+00:00
21.7,12.0,54.0,0.0,0.0,250.0,9.3,25.9,1010.1,36.0,3.0,2025-12-13 09:38:49.740769+00:00
21.9,11.9,53.0,0.0,0.0,252.0,9.3,24.1,1010.0,37.0,2.0,2025-12-13 09:38:49.740769+00:00
22.0,12.0,53.0,0.0,0.0,245.0,9.3,24.1,1010.2,37.0,2.0,2025-12-13 09:38:49.740769+00:00
21.2,12.1,56.0,0.0,0.0,251.0,9.3,24.1,1010.4,33.0,2.0,2025-12-13 09:38:49.740769+00:00
20.1,12.3,61.0,0.0,0.0,253.0,9.3,20.4,1010.8,26.0,2.0,2025-12-13 09:38:49.740769+00:00
18.9,12.9,68.0,0.0,0.0,247.0,7.4,18.5,1011.3,17.0,2.0,2025-12-13 09:38:49.740769+00:00
17.4,13.3,77.0,0.0,0.0,239.0,7.4,14.8,1011.7,0.0,2.0,2025-12-13 09:38:49.740769+00:00
16.1,13.8,86.0,0.0,0.0,249.0,7.4,13.0,1012.0,0.0,2.0,2025-12-13 09:38:49.740769+00:00
15.3,13.7,90.0,0.0,0.0,247.0,9.3,14.8,1012.3,0.0,2.0,2025-12-13 09:38:49.740769+00:00
14.8,13.7,93.0,0.0,0.0,250.0,9.3,14.8,1012.6,0.0,2.0,2025-12-13 09:38:49.740769+00:00
14.8,13.7,93.0,0.0,0.0,253.0,9.3,16.7,1012.8,0.0,2.0,2025-12-13 09:38:49.740769+00:00
14.4,13.6,95.0,0.0,0.0,258.0,9.3,16.7,1013.1,0.0,2.0,2025-12-13 09:38:49.740769+00:00
14.1,13.5,96.0,0.0,0.0,262.0,9.3,18.5,1013.3,0.0,3.0,2025-12-13 09:38:49.740769+00:00
14.0,13.4,96.0,0.0,0.0,266.0,11.1,18.5,1013.7,0.0,3.0,2025-12-13 09:38:49.740769+00:00
13.7,13.4,98.0,0.0,0.0,274.0,11.1,18.5,1013.9,2.0,3.0,2025-12-13 09:38:49.740769+00:00
14.3,13.7,96.0,0.0,0.0,279.0,9.3,18.5,1014.1,7.0,4.0,2025-12-13 09:38:49.740769+00:00
15.1,13.5,90.0,0.0,0.0,281.0,11.1,20.4,1014.3,9.0,4.0,2025-12-13 09:38:49.740769+00:00
15.8,13.3,85.0,0.0,0.0,280.0,11.1,22.2,1014.6,12.0,4.0,2025-12-13 09:38:49.740769+00:00
16.6,12.9,79.0,0.0,0.0,279.0,11.1,25.9,1014.9,15.0,4.0,2025-12-13 09:38:49.740769+00:00
17.2,12.5,74.0,0.0,0.0,275.0,13.0,27.8,1015.3,15.0,4.0,2025-12-13 09:38:49.740769+00:00
18.6,12.3,67.0,0.0,0.0,272.0,13.0,29.6,1015.2,14.0,3.0,2025-12-13 09:38:49.740769+00:00
18.8,12.3,66.0,0.0,0.0,268.0,14.8,31.5,1015.3,15.0,3.0,2025-12-13 09:38:49.740769+00:00
18.8,12.1,65.0,0.0,0.0,268.0,14.8,33.3,1015.3,13.0,3.0,2025-12-13 09:38:49.740769+00:00
19.0,11.8,63.0,0.0,0.0,268.0,14.8,33.3,1015.4,16.0,3.0,2025-12-13 09:38:49.740769+00:00
19.1,11.6,62.0,0.0,0.0,271.0,14.8,33.3,1015.5,20.0,3.0,2025-12-13 09:38:49.740769+00:00
18.8,11.6,63.0,0.0,0.0,272.0,14.8,33.3,1015.6,19.0,3.0,2025-12-13 09:38:49.740769+00:00
18.0,11.8,67.0,0.0,0.0,271.0,14.8,33.3,1015.7,14.0,7.0,2025-12-13 09:38:49.740769+00:00
17.4,11.9,70.0,0.0,0.0,269.0,13.0,29.6,1015.8,13.0,7.0,2025-12-13 09:38:49.740769+00:00
16.8,12.3,75.0,0.3,0.0,259.0,13.0,27.8,1016.1,8.0,7.0,2025-12-13 09:38:49.740769+00:00
16.5,12.6,78.0,0.1,0.0,250.0,11.1,24.1,1016.3,4.0,7.0,2025-12-13 09:38:49.740769+00:00
16.1,12.8,81.0,0.1,0.0,240.0,11.1,22.2,1016.4,0.0,7.0,2025-12-13 09:38:49.740769+00:00
15.9,13.4,85.0,0.1,0.0,228.0,11.1,22.2,1016.2,0.0,7.0,2025-12-13 09:38:49.740769+00:00
15.6,13.3,86.0,0.1,0.0,235.0,11.1,20.4,1016.3,0.0,4.0,2025-12-13 09:38:49.740769+00:00
15.5,13.3,87.0,0.2,0.0,219.0,11.1,20.4,1016.1,0.0,7.0,2025-12-13 09:38:49.740769+00:00
15.7,13.5,87.0,0.2,0.0,214.0,11.1,20.4,1015.7,0.0,7.0,2025-12-13 09:38:49.740769+00:00
15.6,13.8,89.0,0.2,0.0,214.0,11.1,20.4,1015.3,0.0,7.0,2025-12-13 09:38:49.740769+00:00
15.5,13.7,89.0,0.2,0.0,217.0,11.1,20.4,1014.9,0.0,7.0,2025-12-13 09:38:49.740769+00:00
15.3,13.7,90.0,0.2,0.0,213.0,11.1,22.2,1014.7,0.0,7.0,2025-12-13 09:38:49.740769+00:00
15.0,13.4,90.0,0.1,0.0,213.0,13.0,22.2,1014.9,0.0,7.0,2025-12-13 09:38:49.740769+00:00
14.9,13.8,93.0,0.1,0.0,209.0,13.0,24.1,1014.9,0.0,7.0,2025-12-13 09:38:49.740769+00:00
15.0,13.7,92.0,0.1,0.0,217.0,13.0,25.9,1014.9,0.0,7.0,2025-12-13 09:38:49.740769+00:00
15.7,13.9,89.0,0.3,0.0,219.0,13.0,25.9,1015.0,0.0,7.0,2025-12-13 09:38:49.740769+00:00
16.6,13.7,83.0,0.2,0.0,233.0,13.0,27.8,1015.0,6.0,7.0,2025-12-13 09:38:49.740769+00:00
18.0,13.5,75.0,0.1,0.0,242.0,13.0,27.8,1014.9,11.0,7.0,2025-12-13 09:38:49.740769+00:00
19.6,13.3,67.0,0.0,0.0,249.0,13.0,27.8,1015.2,18.0,3.0,2025-12-13 09:38:49.740769+00:00
19.8,13.3,66.0,0.0,0.0,253.0,13.0,31.5,1015.2,20.0,3.0,2025-12-13 09:38:49.740769+00:00
20.4,13.1,63.0,0.0,0.0,254.0,13.0,31.5,1015.1,23.0,3.0,2025-12-13 09:38:49.740769+00:00
21.2,13.1,60.0,0.0,0.0,257.0,13.0,31.5,1015.1,29.0,3.0,2025-12-13 09:38:49.740769+00:00
21.7,12.8,57.0,0.0,0.0,262.0,13.0,31.5,1014.9,36.0,3.0,2025-12-13 09:38:49.740769+00:00
22.2,12.7,55.0,0.0,0.0,262.0,13.0,31.5,1014.8,41.0,3.0,2025-12-13 09:38:49.740769+00:00
22.7,12.6,53.0,0.0,0.0,266.0,11.1,29.6,1014.9,42.0,3.0,2025-12-13 09:38:49.740769+00:00
22.3,12.0,52.0,0.0,0.0,266.0,11.1,27.8,1014.8,37.0,2.0,2025-12-13 09:38:49.740769+00:00
21.3,12.2,56.0,0.0,0.0,258.0,9.3,24.1,1014.9,26.0,2.0,2025-12-13 09:38:49.740769+00:00
20.2,12.7,62.0,0.0,0.0,241.0,9.3,20.4,1014.8,14.0,3.0,2025-12-13 09:38:49.740769+00:00
19.1,13.3,69.0,0.0,0.0,228.0,9.3,18.5,1014.8,0.0,3.0,2025-12-13 09:38:49.740769+00:00
18.4,13.7,74.0,0.0,0.0,216.0,11.1,18.5,1014.7,0.0,3.0,2025-12-13 09:38:49.740769+00:00
17.5,14.0,80.0,0.0,0.0,204.0,11.1,18.5,1014.7,0.0,4.0,2025-12-13 09:38:49.740769+00:00
17.4,14.3,82.0,0.0,0.0,196.0,11.1,20.4,1014.2,0.0,4.0,2025-12-13 09:38:49.740769+00:00
17.5,14.4,82.0,0.0,0.0,197.0,13.0,22.2,1013.7,0.0,4.0,2025-12-13 09:38:49.740769+00:00
17.3,14.6,84.0,0.0,0.0,201.0,13.0,22.2,1013.4,0.0,4.0,2025-12-13 09:38:49.740769+00:00
17.5,14.8,84.0,0.0,0.0,205.0,14.8,24.1,1013.1,0.0,7.0,2025-12-13 09:38:49.740769+00:00
17.6,15.2,86.0,0.2,0.0,206.0,13.0,24.1,1012.9,0.0,7.0,2025-12-13 09:38:49.740769+00:00
17.2,15.4,89.0,0.1,0.0,207.0,13.0,25.9,1012.7,0.0,7.0,2025-12-13 09:38:49.740769+00:00
17.4,15.7,90.0,0.1,0.0,210.0,13.0,25.9,1012.7,0.0,7.0,2025-12-13 09:38:49.740769+00:00
17.8,16.0,89.0,0.2,0.0,225.0,13.0,25.9,1012.8,0.0,7.0,2025-12-13 09:38:49.740769+00:00
18.2,16.4,89.0,0.5,0.0,237.0,13.0,25.9,1013.2,0.0,7.0,2025-12-13 09:38:49.740769+00:00
18.5,16.3,87.0,0.5,0.0,250.0,13.0,27.8,1013.6,0.0,7.0,2025-12-13 09:38:49.740769+00:00
18.7,15.9,84.0,0.6,0.0,260.0,11.1,25.9,1013.9,0.0,7.0,2025-12-13 09:38:49.740769+00:00
18.9,15.9,83.0,0.5,0.0,265.0,13.0,25.9,1014.3,0.0,7.0,2025-12-13 09:38:49.740769+00:00
18.2,15.3,83.0,0.2,0.0,268.0,13.0,29.6,1014.6,0.0,7.0,2025-12-13 09:38:49.740769+00:00
18.1,14.8,81.0,0.2,0.0,274.0,13.0,29.6,1014.9,4.0,7.0,2025-12-13 09:38:49.740769+00:00
17.9,14.2,79.0,0.4,0.0,272.0,13.0,29.6,1015.1,5.0,7.0,2025-12-13 09:38:49.740769+00:00
18.1,13.4,74.0,0.2,0.0,277.0,11.1,27.8,1015.4,12.0,7.0,2025-12-13 09:38:49.740769+00:00
18.4,12.8,70.0,0.0,0.0,273.0,11.1,27.8,1015.6,17.0,7.0,2025-12-13 09:38:49.740769+00:00
18.6,12.3,67.0,0.0,0.0,272.0,11.1,25.9,1015.9,26.0,3.0,2025-12-13 09:38:49.740769+00:00
18.2,12.4,69.0,0.0,0.0,265.0,11.1,25.9,1016.3,28.0,3.0,2025-12-13 09:38:49.740769+00:00
17.6,11.8,69.0,0.0,0.0,262.0,11.1,25.9,1016.7,24.0,2.0,2025-12-13 09:38:49.740769+00:00
16.6,11.7,73.0,0.0,0.0,261.0,13.0,25.9,1017.4,16.0,2.0,2025-12-13 09:38:49.740769+00:00
15.9,11.5,75.0,0.0,0.0,265.0,13.0,27.8,1017.9,0.0,2.0,2025-12-13 09:38:49.740769+00:00
14.9,11.5,80.0,0.0,0.0,271.0,13.0,27.8,1018.3,0.0,2.0,2025-12-13 09:38:49.740769+00:00
14.1,10.9,81.0,0.0,0.0,277.0,14.8,27.8,1019.0,0.0,2.0,2025-12-13 09:38:49.740769+00:00
13.6,10.8,83.0,0.0,0.0,278.0,14.8,29.6,1019.6,0.0,2.0,2025-12-13 09:38:49.740769+00:00
13.1,10.3,83.0,0.0,0.0,275.0,14.8,29.6,1020.1,0.0,2.0,2025-12-13 09:38:49.740769+00:00
12.6,10.1,85.0,0.0,0.0,270.0,14.8,27.8,1020.4,0.0,2.0,2025-12-13 09:38:49.740769+00:00
12.3,10.0,86.0,0.0,0.0,267.0,14.8,27.8,1020.7,0.0,2.0,2025-12-13 09:38:49.740769+00:00
12.0,10.2,89.0,0.0,0.0,264.0,14.8,27.8,1021.0,0.0,2.0,2025-12-13 09:38:49.740769+00:00
11.6,10.2,91.0,0.0,0.0,259.0,13.0,25.9,1021.4,9.0,2.0,2025-12-13 09:38:49.740769+00:00
12.1,10.3,89.0,0.0,0.0,256.0,13.0,25.9,1021.6,22.0,2.0,2025-12-13 09:38:49.740769+00:00
13.2,10.4,83.0,0.0,0.0,260.0,14.8,27.8,1021.8,32.0,2.0,2025-12-13 09:38:49.740769+00:00
14.8,10.2,74.0,0.0,0.0,263.0,14.8,29.6,1021.9,39.0,2.0,2025-12-13 09:38:49.740769+00:00
16.1,10.0,67.0,0.0,0.0,267.0,16.7,33.3,1022.1,38.0,2.0,2025-12-13 09:38:49.740769+00:00
17.2,9.6,61.0,0.0,0.0,269.0,16.7,35.2,1022.4,35.0,2.0,2025-12-13 09:38:49.740769+00:00
17.9,9.5,58.0,0.0,0.0,274.0,16.7,37.0,1022.3,32.0,2.0,2025-12-13 09:38:49.740769+00:00
18.6,9.1,54.0,0.0,0.0,272.0,16.7,37.0,1022.3,31.0,2.0,2025-12-13 09:38:49.740769+00:00
19.3,8.9,51.0,0.0,0.0,271.0,16.7,37.0,1022.3,30.0,2.0,2025-12-13 09:38:49.740769+00:00
19.9,8.9,49.0,0.0,0.0,273.0,16.7,37.0,1022.3,33.0,2.0,2025-12-13 09:38:49.740769+00:00
20.1,8.7,48.0,0.0,0.0,273.0,14.8,37.0,1022.2,35.0,2.0,2025-12-13 09:38:49.740769+00:00
20.2,8.5,47.0,0.0,0.0,273.0,14.8,35.2,1022.0,37.0,2.0,2025-12-13 09:38:49.740769+00:00
20.7,8.7,46.0,0.0,0.0,271.0,13.0,31.5,1021.8,39.0,2.0,2025-12-13 09:38:49.740769+00:00
20.2,8.5,47.0,0.0,0.0,269.0,11.1,27.8,1021.5,38.0,2.0,2025-12-13 09:38:49.740769+00:00
19.3,9.2,52.0,0.0,0.0,269.0,9.3,24.1,1021.5,31.0,2.0,2025-12-13 09:38:49.740769+00:00
17.9,9.8,59.0,0.0,0.0,264.0,9.3,20.4,1021.5,19.0,2.0,2025-12-13 09:38:49.740769+00:00
16.4,10.3,67.0,0.0,0.0,255.0,9.3,16.7,1021.6,0.0,2.0,2025-12-13 09:38:49.740769+00:00
15.2,10.6,74.0,0.0,0.0,252.0,9.3,14.8,1021.6,0.0,2.0,2025-12-13 09:38:49.740769+00:00
13.8,11.1,84.0,0.0,0.0,244.0,7.4,11.1,1021.7,0.0,2.0,2025-12-13 09:38:49.740769+00:00
13.0,11.2,89.0,0.0,0.0,229.0,9.3,13.0,1021.6,0.0,2.0,2025-12-13 09:38:49.740769+00:00
12.6,11.2,91.0,0.0,0.0,222.0,9.3,13.0,1021.4,0.0,2.0,2025-12-13 09:38:49.740769+00:00
12.1,11.2,94.0,0.0,0.0,219.0,9.3,13.0,1021.3,0.0,2.0,2025-12-13 09:38:49.740769+00:00
11.7,11.1,96.0,0.0,0.0,218.0,9.3,13.0,1021.2,0.0,2.0,2025-12-13 09:38:49.740769+00:00
11.6,11.0,96.0,0.0,0.0,205.0,9.3,13.0,1021.1,0.0,2.0,2025-12-13 09:38:49.740769+00:00
11.8,11.3,97.0,0.0,0.0,200.0,7.4,13.0,1020.9,7.0,2.0,2025-12-13 09:38:49.740769+00:00
12.5,11.2,92.0,0.0,0.0,193.0,7.4,13.0,1020.8,16.0,2.0,2025-12-13 09:38:49.740769+00:00
14.1,11.3,83.0,0.0,0.0,184.0,7.4,13.0,1020.6,26.0,3.0,2025-12-13 09:38:49.740769+00:00
16.6,11.1,70.0,0.0,0.0,182.0,5.5,13.0,1020.4,34.0,3.0,2025-12-13 09:38:49.740769+00:00
18.9,10.7,59.0,0.0,0.0,184.0,7.4,14.8,1020.3,40.0,3.0,2025-12-13 09:38:49.740769+00:00
20.7,10.5,52.0,0.0,0.0,189.0,7.4,18.5,1019.9,43.0,3.0,2025-12-13 09:38:49.740769+00:00
22.1,9.9,46.0,0.0,0.0,192.0,9.3,22.2,1019.5,40.0,3.0,2025-12-13 09:38:49.740769+00:00
23.0,9.7,43.0,0.0,0.0,194.0,11.1,25.9,1018.9,36.0,3.0,2025-12-13 09:38:49.740769+00:00
23.8,9.4,40.0,0.0,0.0,198.0,11.1,25.9,1018.4,37.0,3.0,2025-12-13 09:38:49.740769+00:00
24.6,9.3,38.0,0.0,0.0,199.0,11.1,27.8,1018.0,40.0,3.0,2025-12-13 09:38:49.740769+00:00
24.9,9.2,37.0,0.0,0.0,201.0,9.3,27.8,1017.5,46.0,3.0,2025-12-13 09:38:49.740769+00:00
25.0,9.3,37.0,0.0,0.0,204.0,9.3,25.9,1017.1,48.0,2.0,2025-12-13 09:38:49.740769+00:00
24.9,9.2,37.0,0.0,0.0,200.0,11.1,25.9,1016.6,46.0,2.0,2025-12-13 09:38:49.740769+00:00
23.9,9.8,41.0,0.0,0.0,200.0,9.3,22.2,1016.2,42.0,2.0,2025-12-13 09:38:49.740769+00:00
22.1,10.3,47.0,0.0,0.0,195.0,7.4,18.5,1016.2,30.0,2.0,2025-12-13 09:38:49.740769+00:00
20.1,10.8,55.0,0.0,0.0,185.0,9.3,14.8,1016.1,16.0,2.0,2025-12-13 09:38:49.740769+00:00
18.2,11.3,64.0,0.0,0.0,171.0,9.3,14.8,1016.0,0.0,2.0,2025-12-13 09:38:49.740769+00:00
16.8,11.9,73.0,0.0,0.0,171.0,9.3,14.8,1016.0,0.0,2.0,2025-12-13 09:38:49.740769+00:00
16.2,12.2,77.0,0.0,0.0,181.0,9.3,14.8,1015.8,0.0,2.0,2025-12-13 09:38:49.740769+00:00
15.7,12.4,81.0,0.0,0.0,196.0,9.3,16.7,1015.8,0.0,2.0,2025-12-13 09:38:49.740769+00:00
15.7,12.8,83.0,0.0,0.0,210.0,9.3,16.7,1015.7,0.0,2.0,2025-12-13 09:38:49.740769+00:00
15.5,13.0,85.0,0.0,0.0,219.0,9.3,14.8,1015.8,0.0,2.0,2025-12-13 09:38:49.740769+00:00
15.3,13.1,87.0,0.0,0.0,226.0,9.3,14.8,1016.0,0.0,3.0,2025-12-13 09:38:49.740769+00:00
15.3,13.3,88.0,0.0,0.0,230.0,9.3,14.8,1016.1,0.0,3.0,2025-12-13 09:38:49.740769+00:00
14.6,13.0,90.0,0.0,0.0,234.0,9.3,14.8,1015.9,2.0,3.0,2025-12-13 09:38:49.740769+00:00
15.5,12.8,84.0,0.0,0.0,230.0,7.4,14.8,1016.1,10.0,3.0,2025-12-13 09:38:49.740769+00:00
17.0,12.9,77.0,0.0,0.0,233.0,7.4,14.8,1016.4,19.0,3.0,2025-12-13 09:38:49.740769+00:00
18.9,12.9,68.0,0.0,0.0,235.0,7.4,16.7,1016.5,28.0,3.0,2025-12-13 09:38:49.740769+00:00
20.9,12.6,59.0,0.0,0.0,234.0,7.4,18.5,1016.6,35.0,3.0,2025-12-13 09:38:49.740769+00:00
22.5,12.4,53.0,0.0,0.0,239.0,9.3,20.4,1016.6,39.0,3.0,2025-12-13 09:38:49.740769+00:00
24.2,11.5,45.0,0.0,0.0,235.0,9.3,24.1,1016.4,39.0,3.0,2025-12-13 09:38:49.740769+00:00
24.8,10.6,41.0,0.0,0.0,239.0,11.1,27.8,1016.4,36.0,3.0,2025-12-13 09:38:49.740769+00:00
25.2,10.6,40.0,0.0,0.0,246.0,13.0,29.6,1016.5,35.0,3.0,2025-12-13 09:38:49.740769+00:00
25.4,10.8,40.0,0.0,0.0,256.0,13.0,29.6,1016.6,37.0,3.0,2025-12-13 09:38:49.740769+00:00
25.5,10.5,39.0,0.0,0.0,269.0,13.0,29.6,1016.7,38.0,3.0,2025-12-13 09:38:49.740769+00:00
25.4,10.8,40.0,0.0,0.0,276.0,13.0,29.6,1016.9,41.0,3.0,2025-12-13 09:38:49.740769+00:00
25.5,11.3,41.0,0.0,0.0,272.0,9.3,27.8,1016.9,40.0,3.0,2025-12-13 09:38:49.740769+00:00
24.5,12.1,46.0,0.0,0.0,277.0,9.3,24.1,1017.4,35.0,3.0,2025-12-13 09:38:49.740769+00:00
23.3,12.9,52.0,0.0,0.0,287.0,9.3,20.4,1017.9,25.0,2.0,2025-12-13 09:38:49.740769+00:00
21.7,13.3,59.0,0.0,0.0,289.0,9.3,18.5,1018.5,13.0,2.0,2025-12-13 09:38:49.740769+00:00
19.8,13.9,69.0,0.0,0.0,289.0,9.3,14.8,1018.9,0.0,2.0,2025-12-13 09:38:49.740769+00:00
18.6,14.5,77.0,0.0,0.0,292.0,9.3,14.8,1019.5,0.0,2.0,2025-12-13 09:38:49.740769+00:00
17.3,15.1,87.0,0.0,0.0,285.0,7.4,13.0,1019.8,0.0,2.0,2025-12-13 09:38:49.740769+00:00
16.4,15.1,92.0,0.0,0.0,299.0,7.4,14.8,1020.1,0.0,2.0,2025-12-13 09:38:49.740769+00:00
15.9,14.8,93.0,0.0,0.0,308.0,7.4,13.0,1020.3,0.0,2.0,2025-12-13 09:38:49.740769+00:00
15.1,14.8,98.0,0.0,0.0,324.0,7.4,13.0,1020.6,0.0,1.0,2025-12-13 09:38:49.740769+00:00
14.5,14.3,99.0,0.0,0.0,333.0,7.4,13.0,1020.7,0.0,1.0,2025-12-13 09:38:49.740769+00:00
14.2,14.2,100.0,0.0,0.0,353.0,7.4,11.1,1020.8,0.0,2.0,2025-12-13 09:38:49.740769+00:00
14.0,13.8,99.0,0.0,0.0,37.0,5.5,9.3,1020.9,8.0,2.0,2025-12-13 09:38:49.740769+00:00
15.3,14.2,93.0,0.0,0.0,59.0,5.5,11.1,1021.2,26.0,2.0,2025-12-13 09:38:49.740769+00:00
17.3,14.0,81.0,0.0,0.0,88.0,5.5,13.0,1021.4,43.0,2.0,2025-12-13 09:38:49.740769+00:00
19.5,14.1,71.0,0.0,0.0,107.0,5.5,13.0,1021.3,54.0,2.0,2025-12-13 09:38:49.740769+00:00
21.7,13.6,60.0,0.0,0.0,119.0,5.5,14.8,1021.1,60.0,2.0,2025-12-13 09:38:49.740769+00:00
23.6,13.2,52.0,0.0,0.0,134.0,5.5,16.7,1020.9,60.0,2.0,2025-12-13 09:38:49.740769+00:00
25.4,12.9,46.0,0.0,0.0,142.0,5.5,18.5,1020.6,57.0,2.0,2025-12-13 09:38:49.740769+00:00
26.4,12.8,43.0,0.0,0.0,155.0,7.4,22.2,1020.0,55.0,2.0,2025-12-13 09:38:49.740769+00:00
27.4,12.6,40.0,0.0,0.0,170.0,7.4,24.1,1019.3,52.0,2.0,2025-12-13 09:38:49.740769+00:00
28.3,12.6,38.0,0.0,0.0,174.0,7.4,24.1,1018.7,53.0,2.0,2025-12-13 09:38:49.740769+00:00
28.9,12.3,36.0,0.0,0.0,190.0,7.4,24.1,1018.1,55.0,2.0,2025-12-13 09:38:49.740769+00:00
29.0,12.8,37.0,0.0,0.0,198.0,7.4,22.2,1017.7,53.0,2.0,2025-12-13 09:38:49.740769+00:00
28.7,13.0,38.0,0.0,0.0,203.0,9.3,22.2,1017.4,48.0,2.0,2025-12-13 09:38:49.740769+00:00
27.8,13.7,42.0,0.0,0.0,204.0,7.4,20.4,1017.1,40.0,2.0,2025-12-13 09:38:49.740769+00:00
26.3,14.1,47.0,0.0,0.0,227.0,7.4,18.5,1017.1,28.0,2.0,2025-12-13 09:38:49.740769+00:00
24.1,14.5,55.0,0.0,0.0,248.0,7.4,14.8,1017.4,14.0,2.0,2025-12-13 09:38:49.740769+00:00
22.3,15.2,64.0,0.0,0.0,254.0,9.3,16.7,1017.6,0.0,2.0,2025-12-13 09:38:49.740769+00:00
20.6,15.4,72.0,0.0,0.0,283.0,9.3,16.7,1017.9,0.0,2.0,2025-12-13 09:38:49.740769+00:00
19.8,15.4,76.0,0.0,0.0,292.0,11.1,18.5,1018.3,0.0,2.0,2025-12-13 09:38:49.740769+00:00
19.0,15.3,79.0,0.0,0.0,295.0,11.1,20.4,1018.7,0.0,2.0,2025-12-13 09:38:49.740769+00:00
18.7,15.0,79.0,0.0,0.0,303.0,13.0,24.1,1019.3,0.0,2.0,2025-12-13 09:38:49.740769+00:00
18.1,14.6,80.0,0.0,0.0,305.0,13.0,24.1,1020.0,0.0,2.0,2025-12-13 09:38:49.740769+00:00
17.0,14.5,85.0,0.0,0.0,306.0,13.0,25.9,1020.6,0.0,2.0,2025-12-13 09:38:49.740769+00:00
16.4,14.0,86.0,0.0,0.0,312.0,13.0,25.9,1021.2,0.0,2.0,2025-12-13 09:38:49.740769+00:00
15.3,13.7,90.0,0.0,0.0,308.0,14.8,27.8,1021.5,9.0,2.0,2025-12-13 09:38:49.740769+00:00
15.5,13.2,86.0,0.0,0.0,308.0,14.8,31.5,1022.5,25.0,2.0,2025-12-13 09:38:49.740769+00:00
16.0,13.1,83.0,0.0,0.0,308.0,16.7,33.3,1023.3,38.0,2.0,2025-12-13 09:38:49.740769+00:00
16.8,12.5,76.0,0.0,0.0,306.0,16.7,33.3,1024.1,44.0,2.0,2025-12-13 09:38:49.740769+00:00
17.8,12.0,69.0,0.0,0.0,306.0,16.7,35.2,1024.6,46.0,2.0,2025-12-13 09:38:49.740769+00:00
19.1,11.4,61.0,0.0,0.0,308.0,16.7,37.0,1025.0,43.0,2.0,2025-12-13 09:38:49.740769+00:00
19.9,10.3,54.0,0.0,0.0,311.0,16.7,37.0,1025.3,41.0,2.0,2025-12-13 09:38:49.740769+00:00
20.8,9.7,49.0,0.0,0.0,307.0,16.7,38.9,1025.5,39.0,2.0,2025-12-13 09:38:49.740769+00:00
21.5,9.7,47.0,0.0,0.0,307.0,18.5,38.9,1025.6,38.0,2.0,2025-12-13 09:38:49.740769+00:00
22.2,9.4,44.0,0.0,0.0,306.0,16.7,38.9,1025.7,41.0,2.0,2025-12-13 09:38:49.740769+00:00
22.6,9.4,43.0,0.0,0.0,305.0,16.7,38.9,1025.6,45.0,2.0,2025-12-13 09:38:49.740769+00:00
22.9,8.9,41.0,0.0,0.0,308.0,16.7,35.2,1025.5,49.0,2.0,2025-12-13 09:38:49.740769+00:00
23.2,8.5,39.0,0.0,0.0,311.0,14.8,35.2,1025.5,49.0,2.0,2025-12-13 09:38:49.740769+00:00
22.3,8.8,42.0,0.0,0.0,315.0,13.0,29.6,1025.5,46.0,2.0,2025-12-13 09:38:49.740769+00:00
21.2,9.1,46.0,0.0,0.0,319.0,11.1,25.9,1025.6,33.0,2.0,2025-12-13 09:38:49.740769+00:00
19.6,9.2,51.0,0.0,0.0,323.0,11.1,22.2,1026.0,18.0,2.0,2025-12-13 09:38:49.740769+00:00
17.6,9.7,60.0,0.0,0.0,328.0,9.3,20.4,1026.3,0.0,2.0,2025-12-13 09:38:49.740769+00:00
16.0,10.1,68.0,0.0,0.0,333.0,9.3,16.7,1026.8,0.0,2.0,2025-12-13 09:38:49.740769+00:00
14.9,10.9,77.0,0.0,0.0,339.0,9.3,14.8,1027.3,0.0,2.0,2025-12-13 09:38:49.740769+00:00
13.9,10.9,82.0,0.0,0.0,346.0,7.4,13.0,1027.5,0.0,2.0,2025-12-13 09:38:49.740769+00:00
13.2,10.7,85.0,0.0,0.0,354.0,7.4,11.1,1027.6,0.0,1.0,2025-12-13 09:38:49.740769+00:00
12.5,10.7,89.0,0.0,0.0,358.0,7.4,11.1,1027.6,0.0,1.0,2025-12-13 09:38:49.740769+00:00
11.9,10.6,92.0,0.0,0.0,3.0,7.4,9.3,1027.5,0.0,1.0,2025-12-13 09:38:49.740769+00:00
11.4,10.8,96.0,0.0,0.0,23.0,5.5,9.3,1027.4,0.0,1.0,2025-12-13 09:38:49.740769+00:00
11.3,10.5,95.0,0.0,0.0,79.0,3.7,7.4,1027.4,10.0,1.0,2025-12-13 09:38:49.740769+00:00
12.9,11.0,88.0,0.0,0.0,178.0,3.7,7.4,1027.3,28.0,1.0,2025-12-13 09:38:49.740769+00:00
14.9,11.3,79.0,0.0,0.0,203.0,3.7,9.3,1027.3,47.0,1.0,2025-12-13 09:38:49.740769+00:00
17.0,11.0,68.0,0.0,0.0,211.0,3.7,13.0,1027.0,56.0,1.0,2025-12-13 09:38:49.740769+00:00
19.4,10.4,56.0,0.0,0.0,230.0,5.5,14.8,1026.7,60.0,1.0,2025-12-13 09:38:49.740769+00:00
21.3,10.1,49.0,0.0,0.0,246.0,5.5,18.5,1026.4,60.0,1.0,2025-12-13 09:38:49.740769+00:00
23.2,9.9,43.0,0.0,0.0,247.0,5.5,20.4,1026.0,60.0,2.0,2025-12-13 09:38:49.740769+00:00
23.8,9.4,40.0,0.0,0.0,262.0,7.4,22.2,1025.5,59.0,2.0,2025-12-13 09:38:49.740769+00:00
24.5,9.2,38.0,0.0,0.0,268.0,7.4,22.2,1024.9,57.0,2.0,2025-12-13 09:38:49.740769+00:00
25.0,9.3,37.0,0.0,0.0,272.0,7.4,22.2,1024.3,59.0,2.0,2025-12-13 09:38:49.740769+00:00
25.4,8.8,35.0,0.0,0.0,282.0,5.5,22.2,1023.7,60.0,2.0,2025-12-13 09:38:49.740769+00:00
25.5,9.3,36.0,0.0,0.0,295.0,5.5,20.4,1023.4,60.0,2.0,2025-12-13 09:38:49.740769+00:00
25.6,9.0,35.0,0.0,0.0,295.0,5.5,18.5,1023.0,58.0,2.0,2025-12-13 09:38:49.740769+00:00
24.5,9.6,39.0,0.0,0.0,315.0,5.5,16.7,1022.5,50.0,2.0,2025-12-13 09:38:49.740769+00:00
22.8,10.2,45.0,0.0,0.0,348.0,5.5,14.8,1022.3,34.0,2.0,2025-12-13 09:38:49.740769+00:00
20.7,10.8,53.0,0.0,0.0,25.0,7.4,13.0,1022.2,19.0,2.0,2025-12-13 09:38:49.740769+00:00
18.9,11.2,61.0,0.0,0.0,51.0,7.4,13.0,1022.3,0.0,2.0,2025-12-13 09:38:49.740769+00:00
17.4,11.4,68.0,0.0,0.0,67.0,7.4,13.0,1022.3,0.0,2.0,2025-12-13 09:38:49.740769+00:00
16.1,12.5,79.0,0.0,0.0,84.0,7.4,11.1,1022.4,0.0,2.0,2025-12-13 09:38:49.740769+00:00
15.4,12.5,83.0,0.0,0.0,91.0,9.3,13.0,1022.2,0.0,1.0,2025-12-13 09:38:49.740769+00:00
15.0,12.5,85.0,0.0,0.0,95.0,9.3,13.0,1022.1,0.0,1.0,2025-12-13 09:38:49.740769+00:00
14.5,12.4,87.0,0.0,0.0,99.0,9.3,13.0,1022.0,0.0,1.0,2025-12-13 09:38:49.740769+00:00
14.0,12.4,90.0,0.0,0.0,100.0,9.3,13.0,1021.9,0.0,1.0,2025-12-13 09:38:49.740769+00:00
13.6,12.3,92.0,0.0,0.0,104.0,9.3,13.0,1021.8,0.0,1.0,2025-12-13 09:38:49.740769+00:00
13.8,12.7,93.0,0.0,0.0,107.0,7.4,13.0,1021.6,11.0,2.0,2025-12-13 09:38:49.740769+00:00
14.6,12.6,88.0,0.0,0.0,111.0,7.4,13.0,1021.6,26.0,2.0,2025-12-13 09:38:49.740769+00:00
16.5,12.8,79.0,0.0,0.0,120.0,7.4,14.8,1021.5,42.0,1.0,2025-12-13 09:38:49.740769+00:00
19.3,12.8,66.0,0.0,0.0,126.0,5.5,14.8,1021.5,52.0,1.0,2025-12-13 09:38:49.740769+00:00
22.0,12.5,55.0,0.0,0.0,128.0,5.5,14.8,1021.4,56.0,1.0,2025-12-13 09:38:49.740769+00:00
24.5,11.8,45.0,0.0,0.0,133.0,7.4,18.5,1021.2,57.0,1.0,2025-12-13 09:38:49.740769+00:00
25.8,11.9,42.0,0.0,0.0,135.0,7.4,20.4,1020.9,58.0,2.0,2025-12-13 09:38:49.740769+00:00
26.9,11.4,38.0,0.0,0.0,132.0,9.3,22.2,1020.6,57.0,2.0,2025-12-13 09:38:49.740769+00:00
28.0,11.5,36.0,0.0,0.0,132.0,9.3,22.2,1020.0,55.0,2.0,2025-12-13 09:38:49.740769+00:00
28.5,11.1,34.0,0.0,0.0,133.0,9.3,22.2,1019.5,56.0,2.0,2025-12-13 09:38:49.740769+00:00
29.0,11.1,33.0,0.0,0.0,125.0,9.3,24.1,1019.0,57.0,2.0,2025-12-13 09:38:49.740769+00:00
29.0,11.1,33.0,0.0,0.0,119.0,9.3,24.1,1018.4,55.0,2.0,2025-12-13 09:38:49.740769+00:00
29.1,10.2,31.0,0.0,0.0,114.0,9.3,25.9,1018.1,57.0,2.0,2025-12-13 09:38:49.740769+00:00
27.8,10.0,33.0,0.0,0.0,110.0,11.1,24.1,1017.7,50.0,2.0,2025-12-13 09:38:49.740769+00:00
26.0,10.6,38.0,0.0,0.0,102.0,11.1,24.1,1017.6,35.0,2.0,2025-12-13 09:38:49.740769+00:00
24.1,11.1,44.0,0.0,0.0,98.0,13.0,24.1,1017.7,19.0,2.0,2025-12-13 09:38:49.740769+00:00
22.5,11.2,49.0,0.0,0.0,99.0,13.0,24.1,1017.8,0.0,2.0,2025-12-13 09:38:49.740769+00:00
21.0,11.6,55.0,0.0,0.0,101.0,13.0,24.1,1017.9,0.0,2.0,2025-12-13 09:38:49.740769+00:00
19.9,11.4,58.0,0.0,0.0,96.0,14.8,25.9,1017.8,0.0,1.0,2025-12-13 09:38:49.740769+00:00
19.0,11.5,62.0,0.0,0.0,97.0,13.0,25.9,1017.7,0.0,1.0,2025-12-13 09:38:49.740769+00:00
18.3,11.6,65.0,0.0,0.0,102.0,13.0,24.1,1017.5,0.0,1.0,2025-12-13 09:38:49.740769+00:00
17.7,11.7,68.0,0.0,0.0,107.0,13.0,24.1,1017.3,0.0,1.0,2025-12-13 09:38:49.740769+00:00
17.2,12.1,72.0,0.0,0.0,106.0,13.0,24.1,1017.2,0.0,1.0,2025-12-13 09:38:49.740769+00:00
16.6,12.3,76.0,0.0,0.0,102.0,13.0,24.1,1017.1,0.0,1.0,2025-12-13 09:38:49.740769+00:00
15.9,12.1,78.0,0.0,0.0,108.0,11.1,20.4,1016.9,8.0,1.0,2025-12-13 09:38:49.740769+00:00
16.7,12.6,77.0,0.0,0.0,109.0,11.1,22.2,1016.9,24.0,1.0,2025-12-13 09:38:49.740769+00:00
18.3,13.2,72.0,0.0,0.0,109.0,11.1,22.2,1016.9,40.0,1.0,2025-12-13 09:38:49.740769+00:00
20.4,13.4,64.0,0.0,0.0,113.0,9.3,20.4,1016.9,47.0,1.0,2025-12-13 09:38:49.740769+00:00
22.7,13.7,57.0,0.0,0.0,114.0,9.3,20.4,1016.9,53.0,1.0,2025-12-13 09:38:49.740769+00:00
25.4,13.9,49.0,0.0,0.0,116.0,9.3,22.2,1016.9,53.0,1.0,2025-12-13 09:38:49.740769+00:00
27.4,13.7,43.0,0.0,0.0,111.0,9.3,24.1,1016.5,55.0,2.0,2025-12-13 09:38:49.740769+00:00
28.9,13.5,39.0,0.0,0.0,116.0,11.1,25.9,1016.4,59.0,2.0,2025-12-13 09:38:49.740769+00:00
30.0,13.3,36.0,0.0,0.0,116.0,9.3,25.9,1016.3,60.0,2.0,2025-12-13 09:38:49.740769+00:00
30.9,13.2,34.0,0.0,0.0,110.0,9.3,25.9,1016.2,60.0,2.0,2025-12-13 09:38:49.740769+00:00
31.3,13.1,33.0,0.0,0.0,104.0,9.3,25.9,1016.0,60.0,2.0,2025-12-13 09:38:49.740769+00:00
31.4,12.7,32.0,0.0,0.0,98.0,9.3,24.1,1015.7,60.0,2.0,2025-12-13 09:38:49.740769+00:00
31.3,12.6,32.0,0.0,0.0,97.0,11.1,25.9,1015.6,60.0,2.0,2025-12-13 09:38:49.740769+00:00
29.6,12.5,35.0,0.0,0.0,98.0,11.1,25.9,1015.8,54.0,1.0,2025-12-13 09:38:49.740769+00:00
27.7,12.5,39.0,0.0,0.0,88.0,11.1,24.1,1016.1,41.0,1.0,2025-12-13 09:38:49.740769+00:00
25.6,12.4,44.0,0.0,0.0,82.0,13.0,24.1,1016.6,22.0,1.0,2025-12-13 09:38:49.740769+00:00
23.7,12.7,50.0,0.0,0.0,79.0,13.0,25.9,1017.0,0.0,1.0,2025-12-13 09:38:49.740769+00:00
22.1,12.9,56.0,0.0,0.0,80.0,13.0,24.1,1017.3,0.0,1.0,2025-12-13 09:38:49.740769+00:00
20.6,12.8,61.0,0.0,0.0,84.0,13.0,22.2,1017.5,0.0,1.0,2025-12-13 09:38:49.740769+00:00
19.7,12.9,65.0,0.0,0.0,85.0,13.0,22.2,1017.6,0.0,1.0,2025-12-13 09:38:49.740769+00:00
19.1,13.5,70.0,0.0,0.0,86.0,11.1,20.4,1017.8,0.0,1.0,2025-12-13 09:38:49.740769+00:00
18.4,13.7,74.0,0.0,0.0,86.0,11.1,20.4,1017.9,0.0,1.0,2025-12-13 09:38:49.740769+00:00
17.7,13.6,77.0,0.0,0.0,88.0,11.1,18.5,1018.1,0.0,1.0,2025-12-13 09:38:49.740769+00:00
17.3,13.8,80.0,0.0,0.0,89.0,11.1,18.5,1018.2,0.0,1.0,2025-12-13 09:38:49.740769+00:00
16.8,13.9,83.0,0.0,0.0,96.0,9.3,16.7,1018.4,8.0,1.0,2025-12-13 09:38:49.740769+00:00
17.9,14.2,79.0,0.0,0.0,101.0,9.3,16.7,1018.6,27.0,1.0,2025-12-13 09:38:49.740769+00:00
20.0,14.6,71.0,0.0,0.0,108.0,7.4,16.7,1018.7,46.0,1.0,2025-12-13 09:38:49.740769+00:00
22.6,15.2,63.0,0.0,0.0,114.0,7.4,14.8,1019.0,55.0,1.0,2025-12-13 09:38:49.740769+00:00
25.3,15.3,54.0,0.0,0.0,117.0,5.5,16.7,1019.1,60.0,1.0,2025-12-13 09:38:49.740769+00:00
28.1,15.7,47.0,0.0,0.0,120.0,7.4,16.7,1019.2,60.0,1.0,2025-12-13 09:38:49.740769+00:00
30.3,15.6,41.0,0.0,0.0,109.0,7.4,20.4,1018.9,60.0,1.0,2025-12-13 09:38:49.740769+00:00
31.6,15.1,37.0,0.0,0.0,115.0,9.3,22.2,1018.7,60.0,1.0,2025-12-13 09:38:49.740769+00:00
32.8,15.3,35.0,0.0,0.0,120.0,7.4,22.2,1018.5,60.0,1.0,2025-12-13 09:38:49.740769+00:00
33.6,15.1,33.0,0.0,0.0,123.0,7.4,22.2,1018.2,60.0,1.0,2025-12-13 09:38:49.740769+00:00
33.9,14.9,32.0,0.0,0.0,125.0,7.4,22.2,1017.8,60.0,2.0,2025-12-13 09:38:49.740769+00:00
33.9,14.9,32.0,0.0,0.0,121.0,7.4,22.2,1017.6,60.0,2.0,2025-12-13 09:38:49.740769+00:00
33.4,14.4,32.0,0.0,0.0,123.0,7.4,22.2,1017.4,60.0,1.0,2025-12-13 09:38:49.740769+00:00
31.7,14.8,36.0,0.0,0.0,112.0,9.3,20.4,1017.5,56.0,1.0,2025-12-13 09:38:49.740769+00:00
29.6,14.9,41.0,0.0,0.0,99.0,9.3,20.4,1017.8,40.0,1.0,2025-12-13 09:38:49.740769+00:00
27.5,15.5,48.0,0.0,0.0,92.0,9.3,20.4,1018.2,20.0,1.0,2025-12-13 09:38:49.740769+00:00
25.3,15.6,55.0,0.0,0.0,91.0,11.1,20.4,1018.5,0.0,1.0,2025-12-13 09:38:49.740769+00:00
23.7,16.0,62.0,0.0,0.0,95.0,11.1,20.4,1018.7,0.0,1.0,2025-12-13 09:38:49.740769+00:00
22.3,16.3,69.0,0.0,0.0,100.0,11.1,20.4,1019.0,0.0,1.0,2025-12-13 09:38:49.740769+00:00
21.5,16.2,72.0,0.0,0.0,106.0,11.1,18.5,1019.1,0.0,1.0,2025-12-13 09:38:49.740769+00:00
20.8,16.0,74.0,0.0,0.0,113.0,11.1,18.5,1019.2,0.0,1.0,2025-12-13 09:38:49.740769+00:00
20.1,15.9,77.0,0.0,0.0,121.0,11.1,18.5,1019.1,0.0,1.0,2025-12-13 09:38:49.740769+00:00
19.4,16.1,81.0,0.0,0.0,122.0,9.3,18.5,1019.0,0.0,1.0,2025-12-13 09:38:49.740769+00:00
19.0,16.2,84.0,0.0,0.0,119.0,9.3,16.7,1018.9,0.0,1.0,2025-12-13 09:38:49.740769+00:00
18.6,15.8,84.0,0.0,0.0,132.0,7.4,14.8,1019.2,5.0,1.0,2025-12-13 09:38:49.740769+00:00
19.5,16.1,81.0,0.0,0.0,129.0,7.4,13.0,1019.3,22.0,2.0,2025-12-13 09:38:49.740769+00:00
21.4,16.4,73.0,0.0,0.0,140.0,5.5,13.0,1019.3,40.0,2.0,2025-12-13 09:38:49.740769+00:00
23.9,16.7,64.0,0.0,0.0,161.0,3.7,11.1,1019.4,51.0,2.0,2025-12-13 09:38:49.740769+00:00
26.5,16.4,54.0,0.0,0.0,189.0,3.7,11.1,1019.3,60.0,2.0,2025-12-13 09:38:49.740769+00:00
28.9,16.4,47.0,0.0,0.0,252.0,3.7,13.0,1019.3,60.0,2.0,2025-12-13 09:38:49.740769+00:00
30.6,15.8,41.0,0.0,0.0,293.0,3.7,14.8,1019.1,60.0,2.0,2025-12-13 09:38:49.740769+00:00
31.8,15.7,38.0,0.0,0.0,288.0,5.5,18.5,1018.8,59.0,2.0,2025-12-13 09:38:49.740769+00:00
32.3,15.7,37.0,0.0,0.0,291.0,7.4,22.2,1018.5,58.0,2.0,2025-12-13 09:38:49.740769+00:00
32.5,15.5,36.0,0.0,0.0,296.0,9.3,22.2,1018.2,56.0,2.0,2025-12-13 09:38:49.740769+00:00
32.4,15.8,37.0,0.0,0.0,302.0,11.1,25.9,1017.9,52.0,2.0,2025-12-13 09:38:49.740769+00:00
31.9,15.8,38.0,0.0,0.0,307.0,13.0,29.6,1017.9,48.0,2.0,2025-12-13 09:38:49.740769+00:00
31.0,15.8,40.0,0.0,0.0,319.0,14.8,31.5,1017.6,41.0,2.0,2025-12-13 09:38:49.740769+00:00
29.6,16.0,44.0,0.0,0.0,319.0,14.8,31.5,1017.8,35.0,2.0,2025-12-13 09:38:49.740769+00:00
28.2,16.1,48.0,0.0,0.0,326.0,14.8,31.5,1018.1,23.0,2.0,2025-12-13 09:38:49.740769+00:00
26.7,16.3,53.0,0.0,0.0,329.0,14.8,31.5,1018.5,12.0,2.0,2025-12-13 09:38:49.740769+00:00
24.8,16.2,59.0,0.0,0.0,328.0,14.8,29.6,1018.9,0.0,2.0,2025-12-13 09:38:49.740769+00:00
23.2,16.0,64.0,0.0,0.0,328.0,13.0,27.8,1019.3,0.0,2.0,2025-12-13 09:38:49.740769+00:00
22.0,16.3,70.0,0.0,0.0,329.0,13.0,25.9,1019.6,0.0,1.0,2025-12-13 09:38:49.740769+00:00
20.8,16.0,74.0,0.0,0.0,327.0,13.0,24.1,1019.8,0.0,1.0,2025-12-13 09:38:49.740769+00:00
19.8,15.6,77.0,0.0,0.0,322.0,13.0,22.2,1019.9,0.0,1.0,2025-12-13 09:38:49.740769+00:00
18.9,15.6,81.0,0.0,0.0,315.0,11.1,22.2,1019.9,0.0,1.0,2025-12-13 09:38:49.740769+00:00
18.4,15.6,84.0,0.0,0.0,314.0,11.1,22.2,1020.1,0.0,1.0,2025-12-13 09:38:49.740769+00:00
17.8,15.8,88.0,0.0,0.0,312.0,11.1,22.2,1020.2,0.0,1.0,2025-12-13 09:38:49.740769+00:00
17.3,15.8,91.0,0.0,0.0,312.0,11.1,20.4,1020.3,3.0,2.0,2025-12-13 09:38:49.740769+00:00
17.6,16.1,91.0,0.0,0.0,315.0,11.1,22.2,1020.5,12.0,2.0,2025-12-13 09:38:49.740769+00:00
18.2,16.2,88.0,0.0,0.0,315.0,11.1,22.2,1020.6,18.0,3.0,2025-12-13 09:38:49.740769+00:00
18.7,15.9,84.0,0.0,0.0,310.0,11.1,24.1,1020.7,21.0,4.0,2025-12-13 09:38:49.740769+00:00
19.2,15.9,81.0,0.0,0.0,309.0,13.0,25.9,1020.8,23.0,4.0,2025-12-13 09:38:49.740769+00:00
20.0,15.2,74.0,0.0,0.0,307.0,13.0,27.8,1020.8,24.0,3.0,2025-12-13 09:38:49.740769+00:00
21.2,15.3,69.0,0.0,0.0,306.0,13.0,27.8,1020.6,30.0,2.0,2025-12-13 09:38:49.740769+00:00
22.2,14.6,62.0,0.0,0.0,305.0,14.8,31.5,1020.4,32.0,3.0,2025-12-13 09:38:49.740769+00:00
22.6,13.9,58.0,0.0,0.0,304.0,14.8,31.5,1020.2,35.0,2.0,2025-12-13 09:38:49.740769+00:00
23.1,13.6,55.0,0.0,0.0,304.0,14.8,33.3,1019.7,42.0,2.0,2025-12-13 09:38:49.740769+00:00
23.3,12.9,52.0,0.0,0.0,305.0,16.7,35.2,1019.3,49.0,2.0,2025-12-13 09:38:49.740769+00:00
23.4,12.1,49.0,0.0,0.0,311.0,16.7,35.2,1019.0,54.0,2.0,2025-12-13 09:38:49.740769+00:00
23.1,11.2,47.0,0.0,0.0,315.0,18.5,35.2,1019.1,54.0,2.0,2025-12-13 09:38:49.740769+00:00
22.2,10.7,48.0,0.0,0.0,314.0,14.8,33.3,1018.8,50.0,2.0,2025-12-13 09:38:49.740769+00:00
20.9,10.7,52.0,0.0,0.0,317.0,13.0,27.8,1018.8,36.0,2.0,2025-12-13 09:38:49.740769+00:00
19.6,10.6,56.0,0.0,0.0,318.0,13.0,25.9,1018.9,21.0,2.0,2025-12-13 09:38:49.740769+00:00
18.4,10.5,60.0,0.0,0.0,321.0,11.1,24.1,1019.1,0.0,2.0,2025-12-13 09:38:49.740769+00:00
17.2,10.8,66.0,0.0,0.0,318.0,11.1,22.2,1019.4,0.0,1.0,2025-12-13 09:38:49.740769+00:00
15.6,11.0,74.0,0.0,0.0,317.0,11.1,20.4,1019.4,0.0,2.0,2025-12-13 09:38:49.740769+00:00
14.9,10.9,77.0,0.0,0.0,314.0,11.1,20.4,1019.5,0.0,1.0,2025-12-13 09:38:49.740769+00:00
14.4,10.8,79.0,0.0,0.0,310.0,11.1,20.4,1019.5,0.0,1.0,2025-12-13 09:38:49.740769+00:00
13.9,10.9,82.0,0.0,0.0,306.0,11.1,20.4,1019.4,0.0,1.0,2025-12-13 09:38:49.740769+00:00
13.6,10.8,83.0,0.0,0.0,304.0,11.1,20.4,1019.3,0.0,2.0,2025-12-13 09:38:49.740769+00:00
13.2,10.7,85.0,0.0,0.0,302.0,11.1,20.4,1019.3,0.0,2.0,2025-12-13 09:38:49.740769+00:00
12.3,10.5,89.0,0.0,0.0,298.0,11.1,20.4,1019.4,4.0,2.0,2025-12-13 09:38:49.740769+00:00
12.6,11.2,91.0,0.0,0.0,297.0,11.1,22.2,1019.3,16.0,2.0,2025-12-13 09:38:49.740769+00:00
13.4,10.9,85.0,0.0,0.0,295.0,11.1,20.4,1019.4,28.0,2.0,2025-12-13 09:38:49.740769+00:00
14.7,11.1,79.0,0.0,0.0,296.0,11.1,22.2,1019.3,35.0,2.0,2025-12-13 09:38:49.740769+00:00
15.8,11.2,74.0,0.0,0.0,295.0,11.1,22.2,1019.3,39.0,2.0,2025-12-13 09:38:49.740769+00:00
17.0,10.8,67.0,0.0,0.0,297.0,11.1,22.2,1019.3,39.0,2.0,2025-12-13 09:38:49.740769+00:00
18.2,10.6,61.0,0.0,0.0,302.0,11.1,24.1,1019.1,37.0,3.0,2025-12-13 09:38:49.740769+00:00
19.0,10.0,56.0,0.0,0.0,308.0,11.1,24.1,1019.0,36.0,3.0,2025-12-13 09:38:49.740769+00:00
20.1,9.6,51.0,0.0,0.0,310.0,9.3,24.1,1018.9,35.0,3.0,2025-12-13 09:38:49.740769+00:00
20.8,9.7,49.0,0.0,0.0,318.0,11.1,24.1,1018.6,37.0,2.0,2025-12-13 09:38:49.740769+00:00
21.4,9.3,46.0,0.0,0.0,321.0,11.1,25.9,1018.6,39.0,2.0,2025-12-13 09:38:49.740769+00:00
21.7,9.6,46.0,0.0,0.0,326.0,11.1,24.1,1018.3,42.0,2.0,2025-12-13 09:38:49.740769+00:00
22.2,9.4,44.0,0.0,0.0,330.0,9.3,24.1,1017.9,42.0,2.0,2025-12-13 09:38:49.740769+00:00
21.5,9.1,45.0,0.0,0.0,327.0,9.3,22.2,1017.9,39.0,2.0,2025-12-13 09:38:49.740769+00:00
20.2,9.4,50.0,0.0,0.0,335.0,9.3,20.4,1018.1,31.0,2.0,2025-12-13 09:38:49.740769+00:00
18.9,9.4,54.0,0.0,0.0,340.0,9.3,20.4,1018.7,18.0,2.0,2025-12-13 09:38:49.740769+00:00
17.4,9.8,61.0,0.0,0.0,352.0,9.3,18.5,1019.2,0.0,2.0,2025-12-13 09:38:49.740769+00:00
16.2,9.8,66.0,0.0,0.0,3.0,9.3,16.7,1019.7,0.0,2.0,2025-12-13 09:38:49.740769+00:00
15.3,10.7,74.0,0.0,0.0,15.0,7.4,14.8,1019.8,0.0,2.0,2025-12-13 09:38:49.740769+00:00
14.4,10.8,79.0,0.0,0.0,18.0,7.4,14.8,1020.0,0.0,2.0,2025-12-13 09:38:49.740769+00:00
13.6,10.6,82.0,0.0,0.0,22.0,7.4,13.0,1020.1,0.0,1.0,2025-12-13 09:38:49.740769+00:00
12.9,10.4,85.0,0.0,0.0,24.0,7.4,13.0,1020.3,0.0,1.0,2025-12-13 09:38:49.740769+00:00
12.4,10.5,88.0,0.0,0.0,26.0,7.4,11.1,1020.5,0.0,1.0,2025-12-13 09:38:49.740769+00:00
12.0,10.6,91.0,0.0,0.0,36.0,7.4,11.1,1020.6,0.0,1.0,2025-12-13 09:38:49.740769+00:00
11.6,10.3,92.0,0.0,0.0,51.0,5.5,9.3,1020.7,7.0,1.0,2025-12-13 09:38:49.740769+00:00
12.5,10.7,89.0,0.0,0.0,49.0,5.5,9.3,1021.0,25.0,1.0,2025-12-13 09:38:49.740769+00:00
14.2,10.8,80.0,0.0,0.0,64.0,5.5,11.1,1021.2,44.0,1.0,2025-12-13 09:38:49.740769+00:00
16.3,10.8,70.0,0.0,0.0,86.0,5.5,11.1,1021.6,53.0,1.0,2025-12-13 09:38:49.740769+00:00
18.4,10.2,59.0,0.0,0.0,100.0,3.7,13.0,1021.8,57.0,1.0,2025-12-13 09:38:49.740769+00:00
20.3,9.8,51.0,0.0,0.0,86.0,5.5,16.7,1021.8,55.0,2.0,2025-12-13 09:38:49.740769+00:00
21.7,9.9,47.0,0.0,0.0,84.0,5.5,18.5,1021.8,52.0,2.0,2025-12-13 09:38:49.740769+00:00
22.6,9.7,44.0,0.0,0.0,87.0,7.4,18.5,1021.5,50.0,2.0,2025-12-13 09:38:49.740769+00:00
23.4,9.7,42.0,0.0,0.0,80.0,5.5,18.5,1021.2,48.0,2.0,2025-12-13 09:38:49.740769+00:00
23.9,9.8,41.0,0.0,0.0,86.0,5.5,20.4,1020.7,49.0,2.0,2025-12-13 09:38:49.740769+00:00
24.2,9.7,40.0,0.0,0.0,85.0,5.5,18.5,1020.3,51.0,2.0,2025-12-13 09:38:49.740769+00:00
24.3,9.8,40.0,0.0,0.0,83.0,5.5,18.5,1019.9,50.0,2.0,2025-12-13 09:38:49.740769+00:00
24.4,10.3,41.0,0.0,0.0,103.0,5.5,20.4,1019.6,47.0,2.0,2025-12-13 09:38:49.740769+00:00
23.3,10.4,44.0,0.0,0.0,104.0,7.4,18.5,1019.3,43.0,2.0,2025-12-13 09:38:49.740769+00:00
21.4,10.8,51.0,0.0,0.0,99.0,7.4,16.7,1019.2,33.0,2.0,2025-12-13 09:38:49.740769+00:00
19.4,11.2,59.0,0.0,0.0,101.0,7.4,14.8,1019.2,19.0,2.0,2025-12-13 09:38:49.740769+00:00
17.6,11.6,68.0,0.0,0.0,111.0,7.4,13.0,1019.1,0.0,1.0,2025-12-13 09:38:49.740769+00:00
16.1,11.9,76.0,0.0,0.0,114.0,7.4,11.1,1019.1,0.0,1.0,2025-12-13 09:38:49.740769+00:00
15.0,12.7,86.0,0.0,0.0,127.0,7.4,11.1,1019.1,0.0,1.0,2025-12-13 09:38:49.740769+00:00
14.4,12.6,89.0,0.0,0.0,142.0,7.4,11.1,1018.9,0.0,1.0,2025-12-13 09:38:49.740769+00:00
14.0,12.6,91.0,0.0,0.0,149.0,7.4,11.1,1018.7,0.0,1.0,2025-12-13 09:38:49.740769+00:00
13.6,12.5,93.0,0.0,0.0,158.0,7.4,11.1,1018.5,0.0,1.0,2025-12-13 09:38:49.740769+00:00
13.1,12.3,95.0,0.0,0.0,158.0,7.4,11.1,1018.3,0.0,1.0,2025-12-13 09:38:49.740769+00:00
12.7,12.2,97.0,0.0,0.0,152.0,7.4,11.1,1018.1,0.0,1.0,2025-12-13 09:38:49.740769+00:00
12.7,12.2,97.0,0.0,0.0,163.0,7.4,9.3,1017.9,6.0,1.0,2025-12-13 09:38:49.740769+00:00
13.8,12.5,92.0,0.0,0.0,170.0,5.5,9.3,1017.6,22.0,1.0,2025-12-13 09:38:49.740769+00:00
15.6,12.5,82.0,0.0,0.0,174.0,5.5,9.3,1017.4,43.0,1.0,2025-12-13 09:38:49.740769+00:00
17.8,12.5,71.0,0.0,0.0,180.0,3.7,11.1,1017.1,54.0,1.0,2025-12-13 09:38:49.740769+00:00
20.3,12.0,59.0,0.0,0.0,189.0,3.7,11.1,1016.7,59.0,1.0,2025-12-13 09:38:49.740769+00:00
22.3,11.7,51.0,0.0,0.0,195.0,5.5,14.8,1016.2,60.0,2.0,2025-12-13 09:38:49.740769+00:00
24.1,11.7,46.0,0.0,0.0,193.0,5.5,16.7,1015.8,60.0,2.0,2025-12-13 09:38:49.740769+00:00
25.0,11.5,43.0,0.0,0.0,201.0,5.5,16.7,1015.0,60.0,2.0,2025-12-13 09:38:49.740769+00:00
25.7,11.4,41.0,0.0,0.0,212.0,5.5,18.5,1014.3,59.0,2.0,2025-12-13 09:38:49.740769+00:00
26.2,11.1,39.0,0.0,0.0,215.0,5.5,18.5,1013.5,60.0,2.0,2025-12-13 09:38:49.740769+00:00
26.5,11.0,38.0,0.0,0.0,223.0,5.5,18.5,1012.8,60.0,2.0,2025-12-13 09:38:49.740769+00:00
26.5,11.4,39.0,0.0,0.0,229.0,5.5,18.5,1012.5,58.0,2.0,2025-12-13 09:38:49.740769+00:00
26.4,11.3,39.0,0.0,0.0,223.0,5.5,18.5,1011.7,57.0,2.0,2025-12-13 09:38:49.740769+00:00
24.9,11.4,43.0,0.0,0.0,232.0,5.5,14.8,1011.3,51.0,1.0,2025-12-13 09:38:49.740769+00:00
22.8,12.1,51.0,0.0,0.0,241.0,5.5,13.0,1011.2,37.0,1.0,2025-12-13 09:38:49.740769+00:00
20.8,12.5,59.0,0.0,0.0,244.0,5.5,11.1,1010.9,19.0,1.0,2025-12-13 09:38:49.740769+00:00
18.9,12.9,68.0,0.0,0.0,233.0,7.4,11.1,1010.7,0.0,1.0,2025-12-13 09:38:49.740769+00:00
17.2,13.1,77.0,0.0,0.0,235.0,7.4,11.1,1010.7,0.0,1.0,2025-12-13 09:38:49.740769+00:00
16.5,13.2,81.0,0.0,0.0,265.0,7.4,13.0,1010.5,0.0,1.0,2025-12-13 09:38:49.740769+00:00
15.7,13.4,86.0,0.0,0.0,284.0,9.3,13.0,1010.5,0.0,1.0,2025-12-13 09:38:49.740769+00:00
15.2,13.0,87.0,0.0,0.0,322.0,9.3,14.8,1010.5,0.0,1.0,2025-12-13 09:38:49.740769+00:00
14.8,13.0,89.0,0.0,0.0,333.0,9.3,16.7,1010.1,0.0,1.0,2025-12-13 09:38:49.740769+00:00
14.5,13.0,91.0,0.0,0.0,332.0,9.3,18.5,1009.9,0.0,1.0,2025-12-13 09:38:49.740769+00:00
14.3,13.2,93.0,0.0,0.0,331.0,9.3,16.7,1009.8,0.0,1.0,2025-12-13 09:38:49.740769+00:00
13.9,13.4,97.0,0.0,0.0,330.0,9.3,16.7,1009.8,3.0,2.0,2025-12-13 09:38:49.740769+00:00
14.6,13.6,94.0,0.0,0.0,325.0,9.3,18.5,1009.9,17.0,2.0,2025-12-13 09:38:49.740769+00:00
15.5,13.7,89.0,0.0,0.0,324.0,9.3,18.5,1010.1,33.0,2.0,2025-12-13 09:38:49.740769+00:00
16.8,13.5,81.0,0.0,0.0,327.0,9.3,20.4,1010.2,43.0,2.0,2025-12-13 09:38:49.740769+00:00
18.3,13.4,73.0,0.0,0.0,329.0,9.3,22.2,1010.3,47.0,2.0,2025-12-13 09:38:49.740769+00:00
19.6,12.6,64.0,0.0,0.0,330.0,9.3,20.4,1010.2,45.0,2.0,2025-12-13 09:38:49.740769+00:00
20.8,12.7,60.0,0.0,0.0,338.0,9.3,22.2,1010.2,42.0,2.0,2025-12-13 09:38:49.740769+00:00
21.7,12.5,56.0,0.0,0.0,343.0,9.3,22.2,1010.0,38.0,2.0,2025-12-13 09:38:49.740769+00:00
22.5,12.4,53.0,0.0,0.0,354.0,9.3,22.2,1009.7,33.0,2.0,2025-12-13 09:38:49.740769+00:00
23.1,11.8,49.0,0.0,0.0,359.0,9.3,24.1,1009.5,34.0,2.0,2025-12-13 09:38:49.740769+00:00
23.3,12.0,49.0,0.0,0.0,5.0,11.1,25.9,1009.4,35.0,2.0,2025-12-13 09:38:49.740769+00:00
23.3,11.7,48.0,0.0,0.0,18.0,11.1,25.9,1009.5,33.0,2.0,2025-12-13 09:38:49.740769+00:00
22.8,12.1,51.0,0.0,0.0,29.0,14.8,27.8,1009.5,36.0,2.0,2025-12-13 09:38:49.740769+00:00
21.8,12.1,54.0,0.0,0.0,35.0,14.8,27.8,1009.8,33.0,2.0,2025-12-13 09:38:49.740769+00:00
20.7,11.3,55.0,0.0,0.0,40.0,14.8,27.8,1010.2,25.0,2.0,2025-12-13 09:38:49.740769+00:00
19.7,10.9,57.0,0.0,0.0,43.0,14.8,29.6,1010.8,15.0,2.0,2025-12-13 09:38:49.740769+00:00
18.3,10.4,60.0,0.0,0.0,43.0,14.8,29.6,1011.2,0.0,2.0,2025-12-13 09:38:49.740769+00:00
17.3,9.7,61.0,0.0,0.0,40.0,14.8,29.6,1011.4,0.0,1.0,2025-12-13 09:38:49.740769+00:00
16.2,9.8,66.0,0.0,0.0,45.0,13.0,25.9,1011.6,0.0,1.0,2025-12-13 09:38:49.740769+00:00
15.2,9.1,67.0,0.0,0.0,45.0,13.0,24.1,1011.5,0.0,1.0,2025-12-13 09:38:49.740769+00:00
14.4,9.0,70.0,0.0,0.0,44.0,13.0,22.2,1011.4,0.0,1.0,2025-12-13 09:38:49.740769+00:00
13.6,8.6,72.0,0.0,0.0,44.0,11.1,20.4,1011.2,0.0,1.0,2025-12-13 09:38:49.740769+00:00
13.1,8.8,75.0,0.0,0.0,42.0,11.1,18.5,1011.0,0.0,1.0,2025-12-13 09:38:49.740769+00:00
12.6,8.5,76.0,0.0,0.0,47.0,9.3,18.5,1010.6,0.0,1.0,2025-12-13 09:38:49.740769+00:00
11.9,8.9,82.0,0.0,0.0,43.0,9.3,16.7,1010.6,0.0,1.0,2025-12-13 09:38:49.740769+00:00
12.3,9.3,82.0,0.0,0.0,44.0,7.4,16.7,1010.6,20.0,1.0,2025-12-13 09:38:49.740769+00:00
13.6,9.4,76.0,0.0,0.0,47.0,7.4,14.8,1010.6,40.0,1.0,2025-12-13 09:38:49.740769+00:00
15.4,9.7,69.0,0.0,0.0,33.0,5.5,14.8,1010.5,51.0,1.0,2025-12-13 09:38:49.740769+00:00
17.1,9.8,62.0,0.0,0.0,24.0,5.5,14.8,1010.3,54.0,1.0,2025-12-13 09:38:49.740769+00:00
19.0,9.2,53.0,0.0,0.0,11.0,5.5,14.8,1010.2,52.0,2.0,2025-12-13 09:38:49.740769+00:00
20.2,9.7,51.0,0.0,0.0,356.0,5.5,16.7,1009.9,53.0,2.0,2025-12-13 09:38:49.740769+00:00
21.2,9.1,46.0,0.0,0.0,337.0,7.4,20.4,1009.5,52.0,2.0,2025-12-13 09:38:49.740769+00:00
22.0,8.8,43.0,0.0,0.0,326.0,7.4,22.2,1009.3,53.0,2.0,2025-12-13 09:38:49.740769+00:00
22.4,8.1,40.0,0.0,0.0,324.0,9.3,22.2,1008.9,53.0,2.0,2025-12-13 09:38:49.740769+00:00
22.7,7.6,38.0,0.0,0.0,323.0,9.3,24.1,1008.7,53.0,2.0,2025-12-13 09:38:49.740769+00:00
22.5,7.5,38.0,0.0,0.0,322.0,11.1,25.9,1008.7,51.0,2.0,2025-12-13 09:38:49.740769+00:00
22.3,7.7,39.0,0.0,0.0,324.0,13.0,27.8,1008.7,52.0,2.0,2025-12-13 09:38:49.740769+00:00
21.0,7.2,41.0,0.0,0.0,324.0,11.1,25.9,1008.9,44.0,2.0,2025-12-13 09:38:49.740769+00:00
19.4,7.5,46.0,0.0,0.0,333.0,13.0,24.1,1009.4,31.0,2.0,2025-12-13 09:38:49.740769+00:00
18.2,7.6,50.0,0.0,0.0,339.0,13.0,25.9,1010.1,15.0,2.0,2025-12-13 09:38:49.740769+00:00
16.7,7.6,55.0,0.0,0.0,345.0,13.0,25.9,1010.7,0.0,2.0,2025-12-13 09:38:49.740769+00:00
15.6,8.1,61.0,0.0,0.0,344.0,13.0,25.9,1011.2,0.0,1.0,2025-12-13 09:38:49.740769+00:00
14.3,8.5,68.0,0.0,0.0,344.0,13.0,22.2,1011.4,0.0,1.0,2025-12-13 09:38:49.740769+00:00
13.7,8.5,71.0,0.0,0.0,335.0,11.1,22.2,1011.7,0.0,1.0,2025-12-13 09:38:49.740769+00:00
13.1,8.6,74.0,0.0,0.0,326.0,11.1,20.4,1011.9,0.0,1.0,2025-12-13 09:38:49.740769+00:00
12.5,8.6,77.0,0.0,0.0,313.0,11.1,20.4,1012.3,0.0,1.0,2025-12-13 09:38:49.740769+00:00
12.0,8.7,80.0,0.0,0.0,306.0,11.1,20.4,1012.5,0.0,1.0,2025-12-13 09:38:49.740769+00:00
11.5,8.7,83.0,0.0,0.0,300.0,11.1,22.2,1012.7,0.0,1.0,2025-12-13 09:38:49.740769+00:00
11.1,8.8,86.0,0.0,0.0,300.0,11.1,22.2,1012.8,0.0,2.0,2025-12-13 09:38:49.740769+00:00
11.4,9.3,87.0,0.0,0.0,294.0,11.1,24.1,1013.2,15.0,2.0,2025-12-13 09:38:49.740769+00:00
12.2,9.4,83.0,0.0,0.0,293.0,13.0,24.1,1013.4,29.0,2.0,2025-12-13 09:38:49.740769+00:00
13.4,9.4,77.0,0.0,0.0,292.0,13.0,25.9,1013.7,36.0,2.0,2025-12-13 09:38:49.740769+00:00
14.7,9.5,71.0,0.0,0.0,291.0,13.0,27.8,1013.8,36.0,2.0,2025-12-13 09:38:49.740769+00:00
15.9,8.9,63.0,0.0,0.0,295.0,14.8,31.5,1013.9,36.0,2.0,2025-12-13 09:38:49.740769+00:00
16.7,8.1,57.0,0.0,0.0,294.0,16.7,35.2,1014.0,33.0,3.0,2025-12-13 09:38:49.740769+00:00
17.4,7.7,53.0,0.0,0.0,294.0,16.7,37.0,1014.0,31.0,3.0,2025-12-13 09:38:49.740769+00:00
18.0,7.7,51.0,0.0,0.0,292.0,18.5,38.9,1014.0,28.0,3.0,2025-12-13 09:38:49.740769+00:00
18.1,7.5,50.0,0.0,0.0,291.0,18.5,40.8,1013.9,27.0,3.0,2025-12-13 09:38:49.740769+00:00
18.1,7.2,49.0,0.0,0.0,290.0,18.5,40.8,1013.9,28.0,3.0,2025-12-13 09:38:49.740769+00:00
18.2,7.0,48.0,0.0,0.0,290.0,18.5,40.8,1013.8,27.0,3.0,2025-12-13 09:38:49.740769+00:00
18.1,6.9,48.0,0.0,0.0,290.0,18.5,38.9,1013.6,24.0,3.0,2025-12-13 09:38:49.740769+00:00
17.8,6.9,49.0,0.0,0.0,291.0,16.7,38.9,1013.3,21.0,3.0,2025-12-13 09:38:49.740769+00:00
16.9,7.3,53.0,0.0,0.0,292.0,16.7,35.2,1013.3,15.0,3.0,2025-12-13 09:38:49.740769+00:00
16.0,7.2,56.0,0.0,0.0,290.0,14.8,33.3,1013.6,7.0,3.0,2025-12-13 09:38:49.740769+00:00
15.1,7.6,61.0,0.0,0.0,291.0,14.8,31.5,1013.8,0.0,3.0,2025-12-13 09:38:49.740769+00:00
14.4,7.9,65.0,0.0,0.0,292.0,14.8,31.5,1013.9,0.0,2.0,2025-12-13 09:38:49.740769+00:00
13.7,8.5,71.0,0.0,0.0,285.0,14.8,31.5,1014.5,0.0,2.0,2025-12-13 09:38:49.740769+00:00
13.2,8.5,73.0,0.0,0.0,282.0,14.8,31.5,1014.4,0.0,2.0,2025-12-13 09:38:49.740769+00:00
12.9,8.4,74.0,0.0,0.0,283.0,14.8,31.5,1014.4,0.0,2.0,2025-12-13 09:38:49.740769+00:00
12.4,8.5,77.0,0.0,0.0,280.0,14.8,29.6,1014.1,0.0,2.0,2025-12-13 09:38:49.740769+00:00
12.0,8.5,79.0,0.0,0.0,281.0,14.8,29.6,1013.9,0.0,2.0,2025-12-13 09:38:49.740769+00:00
11.6,8.6,82.0,0.0,0.0,279.0,14.8,29.6,1013.8,0.0,2.0,2025-12-13 09:38:49.740769+00:00
11.0,8.6,85.0,0.0,0.0,275.0,14.8,27.8,1013.7,0.0,2.0,2025-12-13 09:38:49.740769+00:00
11.5,8.9,84.0,0.0,0.0,274.0,14.8,31.5,1013.7,10.0,2.0,2025-12-13 09:38:49.740769+00:00
11.9,8.7,81.0,0.0,0.0,276.0,16.7,31.5,1013.7,16.0,3.0,2025-12-13 09:38:49.740769+00:00
12.6,8.9,78.0,0.0,0.0,277.0,16.7,35.2,1013.4,20.0,3.0,2025-12-13 09:38:49.740769+00:00
13.6,8.9,73.0,0.0,0.0,278.0,18.5,37.0,1013.2,24.0,3.0,2025-12-13 09:38:49.740769+00:00
14.1,8.3,68.0,0.0,0.0,283.0,18.5,38.9,1013.1,23.0,3.0,2025-12-13 09:38:49.740769+00:00
15.6,8.1,61.0,0.0,0.0,287.0,20.4,42.6,1012.9,22.0,3.0,2025-12-13 09:38:49.740769+00:00
15.2,7.7,61.0,0.0,0.0,295.0,22.2,48.2,1013.0,20.0,17.0,2025-12-13 09:38:49.740769+00:00
15.4,7.7,60.0,0.9,0.0,300.0,22.2,50.0,1013.1,20.0,17.0,2025-12-13 09:38:49.740769+00:00
15.5,7.5,59.0,0.4,0.0,306.0,22.2,51.8,1013.4,23.0,18.0,2025-12-13 09:38:49.740769+00:00
15.4,7.4,59.0,0.4,0.0,312.0,20.4,50.0,1013.6,28.0,18.0,2025-12-13 09:38:49.740769+00:00
15.4,7.2,58.0,0.4,0.0,319.0,18.5,48.2,1014.1,31.0,18.0,2025-12-13 09:38:49.740769+00:00
15.9,6.6,54.0,0.5,0.0,320.0,16.7,40.8,1014.4,33.0,18.0,2025-12-13 09:38:49.740769+00:00
15.4,6.7,56.0,0.0,0.0,321.0,14.8,38.9,1015.0,30.0,2.0,2025-12-13 09:38:49.740769+00:00
14.4,6.7,60.0,0.0,0.0,315.0,13.0,33.3,1015.3,20.0,2.0,2025-12-13 09:38:49.740769+00:00
13.1,7.1,67.0,0.0,0.0,303.0,13.0,27.8,1016.2,12.0,2.0,2025-12-13 09:38:49.740769+00:00
11.9,7.0,72.0,0.0,0.0,299.0,11.1,24.1,1016.9,0.0,2.0,2025-12-13 09:38:49.740769+00:00
11.0,6.9,76.0,0.0,0.0,291.0,11.1,22.2,1017.3,0.0,2.0,2025-12-13 09:38:49.740769+00:00
9.8,7.1,83.0,0.0,0.0,289.0,13.0,20.4,1017.4,0.0,1.0,2025-12-13 09:38:49.740769+00:00
9.3,7.1,86.0,0.0,0.0,285.0,13.0,18.5,1017.5,0.0,1.0,2025-12-13 09:38:49.740769+00:00
9.2,7.0,86.0,0.0,0.0,284.0,11.1,18.5,1017.7,0.0,1.0,2025-12-13 09:38:49.740769+00:00
8.7,6.8,88.0,0.0,0.0,281.0,11.1,18.5,1018.0,0.0,1.0,2025-12-13 09:38:49.740769+00:00
8.6,7.1,90.0,0.0,0.0,279.0,13.0,18.5,1018.1,0.0,1.0,2025-12-13 09:38:49.740769+00:00
8.3,7.2,93.0,0.0,0.0,275.0,11.1,18.5,1018.2,0.0,1.0,2025-12-13 09:38:49.740769+00:00
8.1,7.5,96.0,0.0,0.0,271.0,11.1,18.5,1018.1,0.0,1.0,2025-12-13 09:38:49.740769+00:00
8.8,7.9,94.0,0.0,0.0,273.0,11.1,20.4,1018.6,18.0,2.0,2025-12-13 09:38:49.740769+00:00
10.1,8.4,89.0,0.0,0.0,278.0,11.1,22.2,1019.0,35.0,2.0,2025-12-13 09:38:49.740769+00:00
11.7,8.4,80.0,0.0,0.0,280.0,13.0,24.1,1019.2,46.0,2.0,2025-12-13 09:38:49.740769+00:00
13.4,8.2,71.0,0.0,0.0,281.0,13.0,27.8,1019.1,49.0,2.0,2025-12-13 09:38:49.740769+00:00
14.9,7.7,62.0,0.0,0.0,285.0,14.8,29.6,1019.1,47.0,2.0,2025-12-13 09:38:49.740769+00:00
16.2,7.4,56.0,0.0,0.0,286.0,16.7,35.2,1019.2,43.0,2.0,2025-12-13 09:38:49.740769+00:00
16.8,6.9,52.0,0.0,0.0,283.0,16.7,35.2,1018.9,37.0,2.0,2025-12-13 09:38:49.740769+00:00
17.1,6.6,50.0,0.0,0.0,283.0,16.7,35.2,1018.7,31.0,2.0,2025-12-13 09:38:49.740769+00:00
17.5,6.7,49.0,0.0,0.0,283.0,14.8,35.2,1018.5,29.0,3.0,2025-12-13 09:38:49.740769+00:00
17.6,6.8,49.0,0.0,0.0,281.0,14.8,35.2,1018.3,31.0,3.0,2025-12-13 09:38:49.740769+00:00
17.7,6.8,49.0,0.0,0.0,280.0,14.8,33.3,1018.2,28.0,3.0,2025-12-13 09:38:49.740769+00:00
17.9,7.6,51.0,0.0,0.0,280.0,13.0,31.5,1017.9,26.0,3.0,2025-12-13 09:38:49.740769+00:00
17.3,7.6,53.0,0.0,0.0,281.0,13.0,29.6,1017.6,22.0,3.0,2025-12-13 09:38:49.740769+00:00
16.4,8.1,58.0,0.0,0.0,278.0,11.1,25.9,1017.7,14.0,2.0,2025-12-13 09:38:49.740769+00:00
15.3,8.5,64.0,0.0,0.0,276.0,11.1,24.1,1017.8,8.0,2.0,2025-12-13 09:38:49.740769+00:00
14.4,9.0,70.0,0.0,0.0,275.0,11.1,24.1,1018.0,0.0,2.0,2025-12-13 09:38:49.740769+00:00
13.7,9.1,74.0,0.0,0.0,277.0,13.0,24.1,1018.1,0.0,2.0,2025-12-13 09:38:49.740769+00:00
12.8,9.1,78.0,0.0,0.0,280.0,13.0,24.1,1018.2,0.0,2.0,2025-12-13 09:38:49.740769+00:00
12.2,9.0,81.0,0.0,0.0,280.0,13.0,24.1,1018.3,0.0,2.0,2025-12-13 09:38:49.740769+00:00
11.7,8.9,83.0,0.0,0.0,281.0,13.0,24.1,1018.4,0.0,2.0,2025-12-13 09:38:49.740769+00:00
11.2,8.9,86.0,0.0,0.0,280.0,13.0,24.1,1018.3,0.0,2.0,2025-12-13 09:38:49.740769+00:00
10.8,8.9,88.0,0.0,0.0,282.0,13.0,24.1,1018.4,0.0,2.0,2025-12-13 09:38:49.740769+00:00
10.7,9.0,89.0,0.0,0.0,280.0,13.0,24.1,1018.4,0.0,2.0,2025-12-13 09:38:49.740769+00:00
10.7,9.0,89.0,0.0,0.0,278.0,13.0,24.1,1018.4,0.0,2.0,2025-12-13 09:38:49.740769+00:00
11.0,9.3,89.0,0.0,0.0,277.0,11.1,24.1,1018.5,12.0,2.0,2025-12-13 09:38:49.740769+00:00
11.8,9.4,85.0,0.0,0.0,274.0,11.1,24.1,1018.6,21.0,2.0,2025-12-13 09:38:49.740769+00:00
13.0,9.3,78.0,0.0,0.0,277.0,13.0,25.9,1018.7,26.0,3.0,2025-12-13 09:38:49.740769+00:00
14.1,8.9,71.0,0.0,0.0,283.0,13.0,27.8,1018.7,28.0,3.0,2025-12-13 09:38:49.740769+00:00
15.2,8.7,65.0,0.0,0.0,287.0,14.8,31.5,1018.5,27.0,3.0,2025-12-13 09:38:49.740769+00:00
16.6,8.8,60.0,0.0,0.0,278.0,14.8,31.5,1018.3,25.0,3.0,2025-12-13 09:38:49.740769+00:00
17.0,8.4,57.0,0.0,0.0,280.0,14.8,33.3,1017.9,25.0,3.0,2025-12-13 09:38:49.740769+00:00
17.5,8.4,55.0,0.0,0.0,281.0,14.8,35.2,1017.6,24.0,3.0,2025-12-13 09:38:49.740769+00:00
17.9,8.2,53.0,0.0,0.0,285.0,14.8,35.2,1017.1,29.0,3.0,2025-12-13 09:38:49.740769+00:00
18.1,7.8,51.0,0.0,0.0,287.0,14.8,33.3,1016.7,33.0,3.0,2025-12-13 09:38:49.740769+00:00
18.4,8.1,51.0,0.0,0.0,286.0,13.0,31.5,1016.2,35.0,3.0,2025-12-13 09:38:49.740769+00:00
18.8,8.2,50.0,0.0,0.0,285.0,13.0,29.6,1015.9,35.0,3.0,2025-12-13 09:38:49.740769+00:00
18.1,8.1,52.0,0.0,0.0,282.0,11.1,25.9,1015.5,30.0,2.0,2025-12-13 09:38:49.740769+00:00
17.0,8.7,58.0,0.0,0.0,287.0,9.3,20.4,1015.3,19.0,2.0,2025-12-13 09:38:49.740769+00:00
15.6,9.0,65.0,0.0,0.0,283.0,9.3,18.5,1015.3,8.0,2.0,2025-12-13 09:38:49.740769+00:00
14.3,9.3,72.0,0.0,0.0,280.0,9.3,18.5,1015.4,0.0,2.0,2025-12-13 09:38:49.740769+00:00
13.4,9.3,76.0,0.0,0.0,282.0,9.3,16.7,1015.4,0.0,2.0,2025-12-13 09:38:49.740769+00:00
12.1,9.8,86.0,0.0,0.0,283.0,9.3,14.8,1015.2,0.0,2.0,2025-12-13 09:38:49.740769+00:00
11.4,10.0,91.0,0.0,0.0,283.0,9.3,14.8,1015.1,0.0,2.0,2025-12-13 09:38:49.740769+00:00
11.1,9.8,92.0,0.0,0.0,283.0,9.3,14.8,1015.0,0.0,2.0,2025-12-13 09:38:49.740769+00:00
10.7,9.6,93.0,0.0,0.0,287.0,9.3,13.0,1014.9,0.0,2.0,2025-12-13 09:38:49.740769+00:00
10.6,9.5,93.0,0.0,0.0,289.0,9.3,13.0,1014.8,0.0,2.0,2025-12-13 09:38:49.740769+00:00
10.3,9.4,94.0,0.0,0.0,288.0,9.3,14.8,1014.7,0.0,2.0,2025-12-13 09:38:49.740769+00:00
9.7,9.1,96.0,0.0,0.0,283.0,9.3,13.0,1014.6,0.0,2.0,2025-12-13 09:38:49.740769+00:00
10.2,9.4,95.0,0.0,0.0,283.0,7.4,13.0,1014.6,15.0,2.0,2025-12-13 09:38:49.740769+00:00
11.6,9.3,86.0,0.0,0.0,283.0,7.4,13.0,1014.6,32.0,2.0,2025-12-13 09:38:49.740769+00:00
13.5,9.5,77.0,0.0,0.0,286.0,7.4,14.8,1014.6,43.0,2.0,2025-12-13 09:38:49.740769+00:00
15.4,9.5,68.0,0.0,0.0,285.0,7.4,16.7,1014.5,48.0,2.0,2025-12-13 09:38:49.740769+00:00
17.1,9.3,60.0,0.0,0.0,282.0,7.4,20.4,1014.4,47.0,2.0,2025-12-13 09:38:49.740769+00:00
18.6,9.1,54.0,0.0,0.0,272.0,7.4,20.4,1014.2,48.0,2.0,2025-12-13 09:38:49.740769+00:00
19.5,8.5,49.0,0.0,0.0,272.0,9.3,22.2,1013.9,45.0,2.0,2025-12-13 09:38:49.740769+00:00
20.2,8.2,46.0,0.0,0.0,273.0,7.4,22.2,1013.5,43.0,2.0,2025-12-13 09:38:49.740769+00:00
20.7,7.7,43.0,0.0,0.0,273.0,7.4,22.2,1013.1,46.0,2.0,2025-12-13 09:38:49.740769+00:00
21.1,7.7,42.0,0.0,0.0,273.0,5.5,18.5,1012.8,49.0,2.0,2025-12-13 09:38:49.740769+00:00
21.2,8.1,43.0,0.0,0.0,259.0,5.5,16.7,1012.5,50.0,2.0,2025-12-13 09:38:49.740769+00:00
21.7,8.6,43.0,0.0,0.0,262.0,5.5,14.8,1012.2,48.0,2.0,2025-12-13 09:38:49.740769+00:00
20.3,8.9,48.0,0.0,0.0,210.0,3.7,13.0,1012.0,37.0,2.0,2025-12-13 09:38:49.740769+00:00
18.3,9.6,57.0,0.0,0.0,133.0,5.5,11.1,1012.0,19.0,2.0,2025-12-13 09:38:49.740769+00:00
16.5,10.1,66.0,0.0,0.0,125.0,7.4,11.1,1011.8,6.0,2.0,2025-12-13 09:38:49.740769+00:00
15.3,10.5,73.0,0.0,0.0,118.0,9.3,13.0,1011.7,0.0,2.0,2025-12-13 09:38:49.740769+00:00
14.4,10.6,78.0,0.0,0.0,122.0,9.3,14.8,1011.6,0.0,2.0,2025-12-13 09:38:49.740769+00:00
13.8,11.1,84.0,0.0,0.0,119.0,11.1,18.5,1011.5,0.0,3.0,2025-12-13 09:38:49.740769+00:00
13.5,10.8,84.0,0.0,0.0,126.0,11.1,18.5,1011.4,0.0,3.0,2025-12-13 09:38:49.740769+00:00
13.5,10.7,83.0,0.0,0.0,132.0,11.1,18.5,1011.2,0.0,3.0,2025-12-13 09:38:49.740769+00:00
13.3,10.7,84.0,0.0,0.0,134.0,11.1,16.7,1011.0,0.0,3.0,2025-12-13 09:38:49.740769+00:00
13.3,10.7,84.0,0.0,0.0,133.0,11.1,18.5,1010.9,0.0,3.0,2025-12-13 09:38:49.740769+00:00
13.4,10.6,83.0,0.0,0.0,132.0,11.1,18.5,1010.7,0.0,3.0,2025-12-13 09:38:49.740769+00:00
12.5,10.6,88.0,0.0,0.0,132.0,11.1,18.5,1010.5,0.0,3.0,2025-12-13 09:38:49.740769+00:00
13.6,10.8,83.0,0.0,0.0,133.0,11.1,20.4,1010.5,6.0,3.0,2025-12-13 09:38:49.740769+00:00
14.9,10.9,77.0,0.0,0.0,134.0,11.1,20.4,1010.5,11.0,3.0,2025-12-13 09:38:49.740769+00:00
16.8,11.3,70.0,0.0,0.0,143.0,11.1,20.4,1010.5,20.0,3.0,2025-12-13 09:38:49.740769+00:00
18.7,11.5,63.0,0.0,0.0,152.0,9.3,20.4,1010.4,31.0,3.0,2025-12-13 09:38:49.740769+00:00
21.0,12.1,57.0,0.0,0.0,160.0,11.1,22.2,1010.3,39.0,3.0,2025-12-13 09:38:49.740769+00:00
23.0,12.6,52.0,0.0,0.0,165.0,11.1,24.1,1010.0,41.0,2.0,2025-12-13 09:38:49.740769+00:00
24.6,12.5,47.0,0.0,0.0,167.0,11.1,25.9,1009.6,41.0,2.0,2025-12-13 09:38:49.740769+00:00
26.0,12.8,44.0,0.0,0.0,171.0,11.1,27.8,1009.2,39.0,2.0,2025-12-13 09:38:49.740769+00:00
26.8,13.2,43.0,0.0,0.0,177.0,11.1,27.8,1008.9,41.0,2.0,2025-12-13 09:38:49.740769+00:00
27.2,13.2,42.0,0.0,0.0,182.0,13.0,27.8,1008.5,41.0,2.0,2025-12-13 09:38:49.740769+00:00
27.1,13.8,44.0,0.0,0.0,184.0,11.1,25.9,1008.2,41.0,2.0,2025-12-13 09:38:49.740769+00:00
26.5,13.9,46.0,0.0,0.0,181.0,9.3,24.1,1008.0,38.0,2.0,2025-12-13 09:38:49.740769+00:00
25.4,14.5,51.0,0.0,0.0,175.0,9.3,22.2,1007.9,28.0,2.0,2025-12-13 09:38:49.740769+00:00
23.6,14.8,58.0,0.0,0.0,161.0,9.3,20.4,1007.9,17.0,2.0,2025-12-13 09:38:49.740769+00:00
21.8,15.2,66.0,0.0,0.0,149.0,9.3,18.5,1008.0,0.0,2.0,2025-12-13 09:38:49.740769+00:00
20.4,15.6,74.0,0.0,0.0,146.0,11.1,18.5,1008.0,0.0,2.0,2025-12-13 09:38:49.740769+00:00
19.3,15.6,79.0,0.0,0.0,146.0,11.1,18.5,1007.9,0.0,2.0,2025-12-13 09:38:49.740769+00:00
18.3,16.1,87.0,0.0,0.0,146.0,11.1,18.5,1007.8,0.0,2.0,2025-12-13 09:38:49.740769+00:00
18.0,16.2,89.0,0.0,0.0,152.0,11.1,18.5,1007.5,0.0,2.0,2025-12-13 09:38:49.740769+00:00
18.0,16.2,89.0,0.0,0.0,166.0,11.1,18.5,1007.3,0.0,2.0,2025-12-13 09:38:49.740769+00:00
17.8,16.1,90.0,0.0,0.0,170.0,11.1,18.5,1007.0,0.0,2.0,2025-12-13 09:38:49.740769+00:00
17.5,16.2,92.0,0.0,0.0,171.0,11.1,18.5,1006.8,0.0,3.0,2025-12-13 09:38:49.740769+00:00
17.6,16.1,91.0,0.0,0.0,171.0,11.1,18.5,1006.7,0.0,3.0,2025-12-13 09:38:49.740769+00:00
17.3,16.2,93.0,0.0,0.0,179.0,9.3,16.7,1006.4,0.0,3.0,2025-12-13 09:38:49.740769+00:00
17.7,16.6,93.0,0.0,0.0,181.0,9.3,18.5,1006.3,3.0,3.0,2025-12-13 09:38:49.740769+00:00
18.7,16.8,89.0,0.0,0.0,185.0,9.3,18.5,1006.3,11.0,3.0,2025-12-13 09:38:49.740769+00:00
19.7,17.1,85.0,0.3,0.0,189.0,9.3,20.4,1006.1,19.0,3.0,2025-12-13 09:38:49.740769+00:00
21.0,17.4,80.0,0.4,0.0,196.0,9.3,20.4,1006.0,25.0,3.0,2025-12-13 09:38:49.740769+00:00
22.1,17.7,76.0,0.5,0.0,206.0,9.3,20.4,1005.8,25.0,3.0,2025-12-13 09:38:49.740769+00:00
22.1,18.1,78.0,0.4,0.0,214.0,9.3,20.4,1006.2,21.0,7.0,2025-12-13 09:38:49.740769+00:00
21.9,18.1,79.0,0.6,0.0,231.0,9.3,20.4,1005.8,14.0,7.0,2025-12-13 09:38:49.740769+00:00
21.7,18.3,81.0,0.9,0.0,244.0,7.4,18.5,1005.5,7.0,7.0,2025-12-13 09:38:49.740769+00:00
21.4,18.2,82.0,0.8,0.0,264.0,7.4,18.5,1005.1,4.0,8.0,2025-12-13 09:38:49.740769+00:00
21.3,18.1,82.0,1.0,0.0,276.0,7.4,18.5,1004.9,4.0,8.0,2025-12-13 09:38:49.740769+00:00
20.5,18.3,87.0,1.3,0.0,279.0,7.4,16.7,1004.6,3.0,8.0,2025-12-13 09:38:49.740769+00:00
19.3,18.5,95.0,1.1,0.0,282.0,3.7,16.7,1004.9,3.0,8.0,2025-12-13 09:38:49.740769+00:00
18.9,18.9,100.0,1.0,0.0,261.0,5.5,14.8,1004.4,4.0,8.0,2025-12-13 09:38:49.740769+00:00
18.3,18.3,100.0,0.9,0.0,231.0,7.4,13.0,1004.2,3.0,7.0,2025-12-13 09:38:49.740769+00:00
18.2,18.2,100.0,1.1,0.0,215.0,7.4,11.1,1004.0,0.0,7.0,2025-12-13 09:38:49.740769+00:00
18.0,18.0,100.0,0.6,0.0,217.0,7.4,11.1,1003.9,0.0,7.0,2025-12-13 09:38:49.740769+00:00
18.0,18.0,100.0,0.2,0.0,211.0,7.4,13.0,1003.7,0.0,3.0,2025-12-13 09:38:49.740769+00:00
17.7,17.7,100.0,0.2,0.0,220.0,9.3,14.8,1003.7,0.0,4.0,2025-12-13 09:38:49.740769+00:00
17.6,17.6,100.0,0.1,0.0,214.0,9.3,14.8,1003.5,0.0,3.0,2025-12-13 09:38:49.740769+00:00
17.6,17.6,100.0,0.0,0.0,214.0,9.3,14.8,1003.4,0.0,3.0,2025-12-13 09:38:49.740769+00:00
17.5,17.5,100.0,0.0,0.0,215.0,9.3,14.8,1003.2,0.0,3.0,2025-12-13 09:38:49.740769+00:00
17.3,17.3,100.0,0.0,0.0,216.0,9.3,14.8,1003.1,0.0,3.0,2025-12-13 09:38:49.740769+00:00
17.0,17.0,100.0,0.0,0.0,224.0,7.4,14.8,1003.0,0.0,3.0,2025-12-13 09:38:49.740769+00:00
16.7,16.7,100.0,0.0,0.0,226.0,7.4,13.0,1003.1,0.0,4.0,2025-12-13 09:38:49.740769+00:00
16.7,16.7,100.0,0.0,0.0,235.0,7.4,13.0,1003.1,1.0,7.0,2025-12-13 09:38:49.740769+00:00
16.9,16.9,100.0,0.0,0.0,251.0,5.5,11.1,1003.2,0.0,7.0,2025-12-13 09:38:49.740769+00:00
17.0,17.0,100.0,0.0,0.0,257.0,5.5,13.0,1003.3,2.0,7.0,2025-12-13 09:38:49.740769+00:00
17.1,17.1,100.0,0.0,0.0,273.0,5.5,14.8,1003.3,1.0,8.0,2025-12-13 09:38:49.740769+00:00
17.4,17.2,99.0,0.0,0.0,281.0,5.5,14.8,1003.5,0.0,8.0,2025-12-13 09:38:49.740769+00:00
18.0,17.4,96.0,0.0,0.0,283.0,5.5,13.0,1003.6,0.0,7.0,2025-12-13 09:38:49.740769+00:00
18.2,17.2,94.0,0.0,0.0,275.0,5.5,14.8,1003.5,1.0,7.0,2025-12-13 09:38:49.740769+00:00
18.5,17.0,91.0,0.0,0.0,276.0,7.4,14.8,1003.6,6.0,7.0,2025-12-13 09:38:49.740769+00:00
18.8,16.6,87.0,0.3,0.0,269.0,7.4,14.8,1003.6,8.0,7.0,2025-12-13 09:38:49.740769+00:00
19.0,16.2,84.0,0.3,0.0,266.0,7.4,14.8,1003.6,11.0,7.0,2025-12-13 09:38:49.740769+00:00
19.1,16.3,84.0,0.3,0.0,267.0,5.5,14.8,1003.8,14.0,7.0,2025-12-13 09:38:49.740769+00:00
19.4,16.6,84.0,0.6,0.0,247.0,3.7,11.1,1003.6,17.0,7.0,2025-12-13 09:38:49.740769+00:00
18.7,17.0,90.0,0.6,0.0,225.0,3.7,9.3,1003.7,16.0,7.0,2025-12-13 09:38:49.740769+00:00
17.4,17.1,98.0,0.0,0.0,173.0,5.5,11.1,1003.7,10.0,3.0,2025-12-13 09:38:49.740769+00:00
16.8,16.8,100.0,0.0,0.0,159.0,5.5,9.3,1003.9,0.0,3.0,2025-12-13 09:38:49.740769+00:00
16.3,16.3,100.0,0.0,0.0,146.0,5.5,9.3,1004.0,0.0,2.0,2025-12-13 09:38:49.740769+00:00
15.9,15.9,100.0,0.0,0.0,140.0,7.4,11.1,1004.1,0.0,2.0,2025-12-13 09:38:49.740769+00:00
15.6,15.6,100.0,0.0,0.0,139.0,7.4,11.1,1004.1,0.0,2.0,2025-12-13 09:38:49.740769+00:00
15.5,15.5,100.0,0.0,0.0,142.0,7.4,13.0,1004.2,0.0,2.0,2025-12-13 09:38:49.740769+00:00
15.3,15.3,100.0,0.0,0.0,146.0,7.4,13.0,1004.0,0.0,2.0,2025-12-13 09:38:49.740769+00:00
15.1,15.1,100.0,0.0,0.0,150.0,7.4,13.0,1004.1,0.0,2.0,2025-12-13 09:38:49.740769+00:00
15.0,15.0,100.0,0.0,0.0,151.0,7.4,13.0,1004.2,0.0,2.0,2025-12-13 09:38:49.740769+00:00
14.9,14.9,100.0,0.0,0.0,156.0,7.4,13.0,1004.2,0.0,2.0,2025-12-13 09:38:49.740769+00:00
14.8,14.8,100.0,0.0,0.0,160.0,7.4,13.0,1004.4,0.0,2.0,2025-12-13 09:38:49.740769+00:00
15.1,15.1,100.0,0.0,0.0,169.0,7.4,13.0,1004.6,8.0,2.0,2025-12-13 09:38:49.740769+00:00
15.5,15.5,100.0,0.0,0.0,190.0,7.4,13.0,1004.9,22.0,2.0,2025-12-13 09:38:49.740769+00:00
16.9,15.6,92.0,0.0,0.0,215.0,7.4,14.8,1005.4,31.0,2.0,2025-12-13 09:38:49.740769+00:00
18.5,15.0,80.0,0.0,0.0,233.0,7.4,16.7,1005.9,40.0,2.0,2025-12-13 09:38:49.740769+00:00
20.0,14.6,71.0,0.0,0.0,243.0,9.3,18.5,1006.2,42.0,2.0,2025-12-13 09:38:49.740769+00:00
21.1,14.5,66.0,0.0,0.0,253.0,9.3,20.4,1006.9,37.0,3.0,2025-12-13 09:38:49.740769+00:00
21.6,14.2,63.0,0.0,0.0,250.0,11.1,24.1,1007.1,33.0,3.0,2025-12-13 09:38:49.740769+00:00
22.0,13.9,60.0,0.0,0.0,250.0,11.1,24.1,1007.4,27.0,3.0,2025-12-13 09:38:49.740769+00:00
22.2,13.5,58.0,0.0,0.0,248.0,11.1,24.1,1007.7,28.0,3.0,2025-12-13 09:38:49.740769+00:00
22.2,13.0,56.0,0.0,0.0,250.0,9.3,24.1,1007.9,29.0,3.0,2025-12-13 09:38:49.740769+00:00
22.0,13.1,57.0,0.0,0.0,247.0,9.3,22.2,1008.1,29.0,3.0,2025-12-13 09:38:49.740769+00:00
21.9,13.3,58.0,0.0,0.0,252.0,7.4,22.2,1008.4,26.0,3.0,2025-12-13 09:38:49.740769+00:00
20.6,13.5,64.0,0.0,0.0,250.0,7.4,20.4,1009.0,21.0,3.0,2025-12-13 09:38:49.740769+00:00
18.9,13.9,73.0,0.0,0.0,247.0,7.4,16.7,1009.5,14.0,2.0,2025-12-13 09:38:49.740769+00:00
17.5,14.4,82.0,0.0,0.0,241.0,7.4,13.0,1010.1,0.0,2.0,2025-12-13 09:38:49.740769+00:00
16.2,14.4,89.0,0.0,0.0,232.0,7.4,13.0,1010.5,0.0,2.0,2025-12-13 09:38:49.740769+00:00
15.1,14.3,95.0,0.0,0.0,227.0,7.4,13.0,1010.8,0.0,2.0,2025-12-13 09:38:49.740769+00:00
14.3,14.3,100.0,0.0,0.0,225.0,9.3,11.1,1011.1,0.0,2.0,2025-12-13 09:38:49.740769+00:00
14.0,14.0,100.0,0.0,0.0,224.0,9.3,13.0,1011.2,0.0,1.0,2025-12-13 09:38:49.740769+00:00
13.5,13.5,100.0,0.0,0.0,228.0,9.3,13.0,1011.4,0.0,1.0,2025-12-13 09:38:49.740769+00:00
13.2,13.2,100.0,0.0,0.0,229.0,9.3,13.0,1011.6,0.0,1.0,2025-12-13 09:38:49.740769+00:00
12.7,12.7,100.0,0.0,0.0,228.0,9.3,13.0,1011.7,0.0,1.0,2025-12-13 09:38:49.740769+00:00
12.4,12.4,100.0,0.0,0.0,226.0,9.3,13.0,1011.9,0.0,1.0,2025-12-13 09:38:49.740769+00:00
12.2,12.2,100.0,0.0,0.0,214.0,7.4,11.1,1011.9,0.0,1.0,2025-12-13 09:38:49.740769+00:00
12.7,12.5,99.0,0.0,0.0,204.0,7.4,11.1,1012.1,16.0,2.0,2025-12-13 09:38:49.740769+00:00
14.3,12.7,90.0,0.0,0.0,198.0,7.4,11.1,1012.3,37.0,2.0,2025-12-13 09:38:49.740769+00:00
16.4,12.7,79.0,0.0,0.0,199.0,7.4,13.0,1012.6,49.0,1.0,2025-12-13 09:38:49.740769+00:00
18.6,12.6,68.0,0.0,0.0,199.0,7.4,14.8,1012.7,55.0,1.0,2025-12-13 09:38:49.740769+00:00
20.9,12.3,58.0,0.0,0.0,202.0,7.4,16.7,1012.8,58.0,2.0,2025-12-13 09:38:49.740769+00:00
22.7,12.0,51.0,0.0,0.0,201.0,9.3,20.4,1012.8,57.0,2.0,2025-12-13 09:38:49.740769+00:00
23.7,11.4,46.0,0.0,0.0,198.0,9.3,22.2,1012.5,55.0,2.0,2025-12-13 09:38:49.740769+00:00
24.7,11.3,43.0,0.0,0.0,196.0,9.3,22.2,1012.3,53.0,2.0,2025-12-13 09:38:49.740769+00:00
25.2,10.6,40.0,0.0,0.0,194.0,9.3,24.1,1012.1,53.0,2.0,2025-12-13 09:38:49.740769+00:00
25.5,10.5,39.0,0.0,0.0,193.0,7.4,22.2,1011.9,55.0,2.0,2025-12-13 09:38:49.740769+00:00
25.1,10.5,40.0,0.0,0.0,189.0,7.4,22.2,1011.7,52.0,2.0,2025-12-13 09:38:49.740769+00:00
24.9,10.4,40.0,0.0,0.0,189.0,9.3,22.2,1011.5,49.0,2.0,2025-12-13 09:38:49.740769+00:00
23.2,10.9,46.0,0.0,0.0,177.0,9.3,18.5,1011.5,41.0,2.0,2025-12-13 09:38:49.740769+00:00
21.0,11.3,54.0,0.0,0.0,157.0,9.3,16.7,1011.5,26.0,2.0,2025-12-13 09:38:49.740769+00:00
19.0,11.5,62.0,0.0,0.0,143.0,9.3,16.7,1011.6,0.0,2.0,2025-12-13 09:38:49.740769+00:00
17.2,11.9,71.0,0.0,0.0,129.0,11.1,16.7,1011.6,0.0,1.0,2025-12-13 09:38:49.740769+00:00
15.9,11.9,77.0,0.0,0.0,127.0,11.1,18.5,1011.7,0.0,1.0,2025-12-13 09:38:49.740769+00:00
15.1,12.4,84.0,0.0,0.0,122.0,11.1,18.5,1011.6,0.0,1.0,2025-12-13 09:38:49.740769+00:00
14.4,12.3,87.0,0.0,0.0,126.0,11.1,18.5,1011.5,0.0,1.0,2025-12-13 09:38:49.740769+00:00
14.1,12.3,89.0,0.0,0.0,132.0,11.1,18.5,1011.3,0.0,1.0,2025-12-13 09:38:49.740769+00:00
13.6,12.3,92.0,0.0,0.0,132.0,11.1,18.5,1011.2,0.0,1.0,2025-12-13 09:38:49.740769+00:00
13.4,12.5,94.0,0.0,0.0,129.0,11.1,18.5,1011.0,0.0,1.0,2025-12-13 09:38:49.740769+00:00
13.2,12.6,96.0,0.0,0.0,130.0,11.1,20.4,1010.7,0.0,1.0,2025-12-13 09:38:49.740769+00:00
12.9,12.4,97.0,0.0,0.0,129.0,11.1,20.4,1010.5,0.0,1.0,2025-12-13 09:38:49.740769+00:00
13.7,12.9,95.0,0.0,0.0,127.0,11.1,20.4,1010.3,18.0,1.0,2025-12-13 09:38:49.740769+00:00
15.4,13.2,87.0,0.0,0.0,129.0,11.1,22.2,1010.0,38.0,1.0,2025-12-13 09:38:49.740769+00:00
17.7,13.4,76.0,0.0,0.0,136.0,11.1,24.1,1009.8,52.0,1.0,2025-12-13 09:38:49.740769+00:00
20.3,13.5,65.0,0.0,0.0,137.0,13.0,24.1,1009.5,56.0,1.0,2025-12-13 09:38:49.740769+00:00
22.8,13.8,57.0,0.0,0.0,140.0,13.0,27.8,1009.2,56.0,2.0,2025-12-13 09:38:49.740769+00:00
24.6,13.2,49.0,0.0,0.0,147.0,13.0,29.6,1008.8,54.0,2.0,2025-12-13 09:38:49.740769+00:00
25.7,12.9,45.0,0.0,0.0,148.0,16.7,33.3,1008.5,50.0,2.0,2025-12-13 09:38:49.740769+00:00
26.5,12.5,42.0,0.0,0.0,152.0,14.8,33.3,1008.2,48.0,2.0,2025-12-13 09:38:49.740769+00:00
27.0,12.2,40.0,0.0,0.0,160.0,14.8,33.3,1008.0,47.0,2.0,2025-12-13 09:38:49.740769+00:00
27.3,12.1,39.0,0.0,0.0,166.0,13.0,31.5,1007.7,45.0,2.0,2025-12-13 09:38:49.740769+00:00
26.9,12.1,40.0,0.0,0.0,169.0,13.0,27.8,1007.6,42.0,2.0,2025-12-13 09:38:49.740769+00:00
26.0,12.4,43.0,0.0,0.0,167.0,11.1,25.9,1007.5,34.0,3.0,2025-12-13 09:38:49.740769+00:00
24.6,13.2,49.0,0.0,0.0,175.0,9.3,22.2,1007.7,23.0,3.0,2025-12-13 09:38:49.740769+00:00
22.8,13.6,56.0,0.0,0.0,194.0,9.3,18.5,1007.8,11.0,3.0,2025-12-13 09:38:49.740769+00:00
21.3,14.2,64.0,0.0,0.0,210.0,9.3,16.7,1008.2,0.0,3.0,2025-12-13 09:38:49.740769+00:00
20.3,14.9,71.0,0.0,0.0,245.0,9.3,16.7,1008.6,0.0,3.0,2025-12-13 09:38:49.740769+00:00
19.5,15.4,77.0,0.0,0.0,283.0,9.3,16.7,1008.9,0.0,3.0,2025-12-13 09:38:49.740769+00:00
18.9,16.3,85.0,0.2,0.0,315.0,9.3,16.7,1009.3,0.0,7.0,2025-12-13 09:38:49.740769+00:00
18.4,16.6,89.0,0.2,0.0,315.0,7.4,18.5,1009.4,0.0,7.0,2025-12-13 09:38:49.740769+00:00
18.2,16.5,90.0,0.1,0.0,304.0,7.4,16.7,1009.3,0.0,7.0,2025-12-13 09:38:49.740769+00:00
17.8,16.7,93.0,0.2,0.0,300.0,7.4,16.7,1009.4,0.0,7.0,2025-12-13 09:38:49.740769+00:00
17.6,16.6,94.0,0.2,0.0,301.0,7.4,14.8,1009.4,0.0,7.0,2025-12-13 09:38:49.740769+00:00
17.1,16.5,96.0,0.2,0.0,291.0,7.4,14.8,1009.3,0.0,7.0,2025-12-13 09:38:49.740769+00:00
16.7,16.4,98.0,0.6,0.0,285.0,7.4,13.0,1009.3,0.0,7.0,2025-12-13 09:38:49.740769+00:00
16.5,16.3,99.0,0.5,0.0,277.0,7.4,13.0,1009.2,1.0,7.0,2025-12-13 09:38:49.740769+00:00
16.7,16.4,98.0,0.6,0.0,277.0,7.4,14.8,1009.3,0.0,7.0,2025-12-13 09:38:49.740769+00:00
16.9,16.1,95.0,0.6,0.0,278.0,7.4,14.8,1009.3,1.0,7.0,2025-12-13 09:38:49.740769+00:00
17.2,15.9,92.0,0.6,0.0,284.0,5.5,14.8,1009.4,0.0,7.0,2025-12-13 09:38:49.740769+00:00
17.6,15.8,89.0,0.7,0.0,284.0,5.5,14.8,1009.5,1.0,7.0,2025-12-13 09:38:49.740769+00:00
17.4,15.9,91.0,0.6,0.0,276.0,7.4,14.8,1009.6,4.0,8.0,2025-12-13 09:38:49.740769+00:00
17.6,15.8,89.0,1.5,0.0,271.0,7.4,16.7,1009.7,2.0,8.0,2025-12-13 09:38:49.740769+00:00
18.1,15.7,86.0,0.7,0.0,268.0,7.4,16.7,1009.8,4.0,7.0,2025-12-13 09:38:49.740769+00:00
18.6,15.5,82.0,0.4,0.0,256.0,7.4,16.7,1009.7,7.0,7.0,2025-12-13 09:38:49.740769+00:00
19.1,15.2,78.0,0.2,0.0,235.0,7.4,16.7,1009.7,10.0,7.0,2025-12-13 09:38:49.740769+00:00
19.2,15.3,78.0,0.2,0.0,219.0,7.4,14.8,1009.7,14.0,7.0,2025-12-13 09:38:49.740769+00:00
19.6,15.9,79.0,0.0,0.0,201.0,7.4,13.0,1009.6,18.0,7.0,2025-12-13 09:38:49.740769+00:00
18.9,15.9,83.0,0.0,0.0,192.0,7.4,14.8,1009.8,14.0,3.0,2025-12-13 09:38:49.740769+00:00
17.6,16.1,91.0,0.0,0.0,184.0,7.4,14.8,1010.1,9.0,3.0,2025-12-13 09:38:49.740769+00:00
16.6,16.3,98.0,0.0,0.0,183.0,7.4,14.8,1010.4,0.0,2.0,2025-12-13 09:38:49.740769+00:00
15.9,15.9,100.0,0.0,0.0,186.0,9.3,13.0,1010.5,0.0,2.0,2025-12-13 09:38:49.740769+00:00
15.6,15.6,100.0,0.0,0.0,184.0,9.3,14.8,1010.7,0.0,2.0,2025-12-13 09:38:49.740769+00:00
15.3,15.3,100.0,0.0,0.0,186.0,9.3,16.7,1010.9,0.0,3.0,2025-12-13 09:38:49.740769+00:00
15.0,15.0,100.0,0.0,0.0,190.0,11.1,16.7,1011.1,0.0,2.0,2025-12-13 09:38:49.740769+00:00
14.5,14.5,100.0,0.0,0.0,195.0,11.1,16.7,1011.3,0.0,2.0,2025-12-13 09:38:49.740769+00:00
14.1,14.1,100.0,0.0,0.0,199.0,11.1,16.7,1011.5,0.0,2.0,2025-12-13 09:38:49.740769+00:00
13.8,13.8,100.0,0.0,0.0,202.0,11.1,16.7,1011.7,0.0,2.0,2025-12-13 09:38:49.740769+00:00
13.3,13.3,100.0,0.0,0.0,199.0,11.1,18.5,1011.9,0.0,2.0,2025-12-13 09:38:49.740769+00:00
13.1,13.1,100.0,0.0,0.0,199.0,11.1,18.5,1011.9,0.0,2.0,2025-12-13 09:38:49.740769+00:00
13.1,12.9,99.0,0.0,0.0,197.0,11.1,18.5,1012.0,16.0,2.0,2025-12-13 09:38:49.740769+00:00
14.2,12.9,92.0,0.0,0.0,189.0,11.1,20.4,1012.1,36.0,2.0,2025-12-13 09:38:49.740769+00:00
16.0,12.7,81.0,0.0,0.0,188.0,11.1,22.2,1012.0,49.0,2.0,2025-12-13 09:38:49.740769+00:00
18.1,12.5,70.0,0.0,0.0,188.0,11.1,24.1,1012.0,54.0,2.0,2025-12-13 09:38:49.740769+00:00
20.4,12.4,60.0,0.0,0.0,190.0,13.0,25.9,1011.8,54.0,2.0,2025-12-13 09:38:49.740769+00:00
22.3,12.2,53.0,0.0,0.0,190.0,14.8,31.5,1011.7,50.0,2.0,2025-12-13 09:38:49.740769+00:00
23.2,11.6,48.0,0.0,0.0,190.0,16.7,35.2,1011.4,46.0,2.0,2025-12-13 09:38:49.740769+00:00
23.9,11.6,46.0,0.0,0.0,192.0,16.7,35.2,1011.1,40.0,2.0,2025-12-13 09:38:49.740769+00:00
24.5,11.1,43.0,0.0,0.0,191.0,16.7,37.0,1010.9,38.0,2.0,2025-12-13 09:38:49.740769+00:00
24.6,11.2,43.0,0.0,0.0,190.0,16.7,35.2,1010.6,40.0,2.0,2025-12-13 09:38:49.740769+00:00
24.5,11.1,43.0,0.0,0.0,189.0,14.8,35.2,1010.4,39.0,2.0,2025-12-13 09:38:49.740769+00:00
24.1,11.7,46.0,0.0,0.0,194.0,14.8,33.3,1010.4,37.0,2.0,2025-12-13 09:38:49.740769+00:00
22.8,12.1,51.0,0.0,0.0,189.0,13.0,29.6,1010.4,28.0,2.0,2025-12-13 09:38:49.740769+00:00
21.5,12.6,57.0,0.0,0.0,185.0,13.0,25.9,1010.6,14.0,2.0,2025-12-13 09:38:49.740769+00:00
20.1,13.1,64.0,0.0,0.0,180.0,13.0,24.1,1010.8,0.0,2.0,2025-12-13 09:38:49.740769+00:00
18.9,13.5,71.0,0.0,0.0,176.0,11.1,20.4,1010.9,0.0,2.0,2025-12-13 09:38:49.740769+00:00
17.9,13.6,76.0,0.0,0.0,175.0,11.1,20.4,1011.0,0.0,2.0,2025-12-13 09:38:49.740769+00:00
16.3,14.1,87.0,0.0,0.0,177.0,13.0,20.4,1011.2,0.0,2.0,2025-12-13 09:38:49.740769+00:00
15.8,14.0,89.0,0.0,0.0,180.0,13.0,22.2,1011.4,0.0,2.0,2025-12-13 09:38:49.740769+00:00
15.4,13.8,90.0,0.0,0.0,180.0,13.0,22.2,1011.4,0.0,2.0,2025-12-13 09:38:49.740769+00:00
15.1,13.6,91.0,0.0,0.0,182.0,13.0,20.4,1011.5,0.0,2.0,2025-12-13 09:38:49.740769+00:00
15.0,13.5,91.0,0.0,0.0,185.0,13.0,22.2,1011.5,0.0,2.0,2025-12-13 09:38:49.740769+00:00
15.0,13.5,91.0,0.0,0.0,181.0,13.0,20.4,1011.6,0.0,2.0,2025-12-13 09:38:49.740769+00:00
14.9,13.4,91.0,0.0,0.0,181.0,13.0,20.4,1011.9,0.0,2.0,2025-12-13 09:38:49.740769+00:00
15.3,13.3,88.0,0.0,0.0,185.0,11.1,20.4,1012.2,10.0,2.0,2025-12-13 09:38:49.740769+00:00
16.5,13.4,82.0,0.0,0.0,188.0,11.1,20.4,1012.4,22.0,2.0,2025-12-13 09:38:49.740769+00:00
18.5,14.0,75.0,0.0,0.0,195.0,11.1,22.2,1012.7,34.0,2.0,2025-12-13 09:38:49.740769+00:00
20.6,14.3,67.0,0.0,0.0,200.0,11.1,22.2,1013.0,43.0,2.0,2025-12-13 09:38:49.740769+00:00
22.4,14.2,60.0,0.0,0.0,202.0,11.1,24.1,1013.1,46.0,2.0,2025-12-13 09:38:49.740769+00:00
24.7,14.8,54.0,0.0,0.0,214.0,11.1,25.9,1012.7,47.0,2.0,2025-12-13 09:38:49.740769+00:00
25.6,14.4,50.0,0.0,0.0,211.0,13.0,29.6,1012.8,43.0,2.0,2025-12-13 09:38:49.740769+00:00
26.2,14.3,48.0,0.0,0.0,212.0,13.0,29.6,1012.7,40.0,2.0,2025-12-13 09:38:49.740769+00:00
26.5,14.3,47.0,0.0,0.0,208.0,13.0,29.6,1012.7,39.0,3.0,2025-12-13 09:38:49.740769+00:00
26.6,14.0,46.0,0.0,0.0,207.0,11.1,29.6,1012.7,39.0,3.0,2025-12-13 09:38:49.740769+00:00
26.2,14.0,47.0,0.0,0.0,205.0,11.1,27.8,1012.6,36.0,3.0,2025-12-13 09:38:49.740769+00:00
25.9,14.0,48.0,0.0,0.0,198.0,11.1,24.1,1012.5,33.0,3.0,2025-12-13 09:38:49.740769+00:00
24.3,14.4,54.0,0.0,0.0,195.0,9.3,20.4,1012.7,23.0,3.0,2025-12-13 09:38:49.740769+00:00
22.3,15.2,64.0,0.0,0.0,176.0,9.3,18.5,1012.9,11.0,3.0,2025-12-13 09:38:49.740769+00:00
20.9,15.4,71.0,0.0,0.0,163.0,9.3,16.7,1012.8,0.0,3.0,2025-12-13 09:38:49.740769+00:00
19.6,15.9,79.0,0.0,0.0,144.0,9.3,14.8,1012.8,0.0,3.0,2025-12-13 09:38:49.740769+00:00
18.8,16.0,84.0,0.0,0.0,151.0,9.3,14.8,1012.7,0.0,2.0,2025-12-13 09:38:49.740769+00:00
18.5,16.1,86.0,0.0,0.0,153.0,9.3,14.8,1013.0,0.0,3.0,2025-12-13 09:38:49.740769+00:00
18.1,16.3,89.0,0.0,0.0,178.0,9.3,16.7,1013.1,0.0,3.0,2025-12-13 09:38:49.740769+00:00
17.7,16.4,92.0,0.0,0.0,208.0,9.3,16.7,1013.2,0.0,7.0,2025-12-13 09:38:49.740769+00:00
17.4,16.4,94.0,0.0,0.0,247.0,9.3,16.7,1013.4,0.0,7.0,2025-12-13 09:38:49.740769+00:00
17.1,16.3,95.0,0.8,0.0,278.0,9.3,18.5,1013.6,0.0,7.0,2025-12-13 09:38:49.740769+00:00
16.8,16.3,97.0,0.8,0.0,280.0,9.3,18.5,1013.7,0.0,7.0,2025-12-13 09:38:49.740769+00:00
16.3,16.0,98.0,0.3,0.0,284.0,9.3,20.4,1013.7,0.0,7.0,2025-12-13 09:38:49.740769+00:00
16.2,16.0,99.0,0.3,0.0,283.0,9.3,20.4,1014.0,2.0,7.0,2025-12-13 09:38:49.740769+00:00
16.3,16.0,98.0,0.2,0.0,280.0,9.3,20.4,1014.3,1.0,7.0,2025-12-13 09:38:49.740769+00:00
16.3,16.1,99.0,0.5,0.0,277.0,9.3,20.4,1014.8,2.0,7.0,2025-12-13 09:38:49.740769+00:00
16.7,16.1,96.0,0.9,0.0,279.0,9.3,20.4,1015.2,2.0,7.0,2025-12-13 09:38:49.740769+00:00
17.2,15.9,92.0,0.8,0.0,278.0,9.3,20.4,1015.8,4.0,7.0,2025-12-13 09:38:49.740769+00:00
18.3,15.4,83.0,0.8,0.0,271.0,11.1,24.1,1016.0,5.0,7.0,2025-12-13 09:38:49.740769+00:00
18.6,15.1,80.0,0.7,0.0,274.0,13.0,25.9,1016.6,3.0,7.0,2025-12-13 09:38:49.740769+00:00
18.8,14.7,77.0,0.5,0.0,277.0,13.0,25.9,1017.1,4.0,7.0,2025-12-13 09:38:49.740769+00:00
19.1,14.4,74.0,1.5,0.0,279.0,13.0,25.9,1017.5,8.0,7.0,2025-12-13 09:38:49.740769+00:00
19.3,13.9,71.0,0.4,0.0,282.0,11.1,25.9,1017.9,12.0,7.0,2025-12-13 09:38:49.740769+00:00
19.3,13.9,71.0,0.0,0.0,285.0,11.1,24.1,1018.2,14.0,7.0,2025-12-13 09:38:49.740769+00:00
19.5,13.4,68.0,0.0,0.0,285.0,11.1,22.2,1018.6,18.0,3.0,2025-12-13 09:38:49.740769+00:00
18.5,13.6,73.0,0.0,0.0,277.0,9.3,20.4,1019.3,15.0,3.0,2025-12-13 09:38:49.740769+00:00
17.3,13.8,80.0,0.0,0.0,277.0,9.3,18.5,1019.9,8.0,3.0,2025-12-13 09:38:49.740769+00:00
16.3,13.8,85.0,0.0,0.0,276.0,9.3,16.7,1020.5,0.0,3.0,2025-12-13 09:38:49.740769+00:00
15.5,13.7,89.0,0.0,0.0,281.0,9.3,16.7,1021.0,0.0,3.0,2025-12-13 09:38:49.740769+00:00
14.9,13.4,91.0,0.0,0.0,284.0,11.1,16.7,1021.5,0.0,3.0,2025-12-13 09:38:49.740769+00:00
14.0,13.4,96.0,0.0,0.0,292.0,11.1,18.5,1022.0,0.0,2.0,2025-12-13 09:38:49.740769+00:00
13.7,13.2,97.0,0.0,0.0,296.0,11.1,18.5,1022.5,0.0,2.0,2025-12-13 09:38:49.740769+00:00
13.7,13.1,96.0,0.0,0.0,297.0,11.1,18.5,1022.8,0.0,3.0,2025-12-13 09:38:49.740769+00:00
13.4,12.9,97.0,0.0,0.0,299.0,11.1,18.5,1023.1,0.0,3.0,2025-12-13 09:38:49.740769+00:00
13.2,12.9,98.0,0.0,0.0,300.0,11.1,18.5,1023.3,0.0,3.0,2025-12-13 09:38:49.740769+00:00
13.0,12.7,98.0,0.0,0.0,298.0,9.3,16.7,1023.6,0.0,3.0,2025-12-13 09:38:49.740769+00:00
12.4,12.4,100.0,0.0,0.0,299.0,9.3,16.7,1023.9,0.0,2.0,2025-12-13 09:38:49.740769+00:00
12.5,12.3,99.0,0.0,0.0,297.0,9.3,16.7,1024.2,8.0,2.0,2025-12-13 09:38:49.740769+00:00
13.2,12.3,94.0,0.0,0.0,298.0,9.3,16.7,1024.5,20.0,2.0,2025-12-13 09:38:49.740769+00:00
14.6,12.3,86.0,0.0,0.0,303.0,7.4,16.7,1024.6,31.0,2.0,2025-12-13 09:38:49.740769+00:00
16.0,12.0,77.0,0.0,0.0,305.0,7.4,18.5,1024.7,41.0,2.0,2025-12-13 09:38:49.740769+00:00
17.4,11.7,69.0,0.0,0.0,309.0,7.4,18.5,1024.9,44.0,2.0,2025-12-13 09:38:49.740769+00:00
18.6,11.2,62.0,0.0,0.0,308.0,9.3,20.4,1024.7,43.0,2.0,2025-12-13 09:38:49.740769+00:00
19.3,10.6,57.0,0.0,0.0,308.0,9.3,22.2,1024.7,41.0,2.0,2025-12-13 09:38:49.740769+00:00
20.0,10.1,53.0,0.0,0.0,310.0,9.3,22.2,1024.6,39.0,2.0,2025-12-13 09:38:49.740769+00:00
20.5,9.7,50.0,0.0,0.0,310.0,7.4,22.2,1024.4,42.0,2.0,2025-12-13 09:38:49.740769+00:00
20.8,9.4,48.0,0.0,0.0,313.0,7.4,20.4,1024.2,44.0,2.0,2025-12-13 09:38:49.740769+00:00
20.7,9.3,48.0,0.0,0.0,322.0,7.4,18.5,1024.1,47.0,2.0,2025-12-13 09:38:49.740769+00:00
20.1,9.6,51.0,0.0,0.0,321.0,5.5,16.7,1024.0,44.0,2.0,2025-12-13 09:38:49.740769+00:00
19.1,10.1,56.0,0.0,0.0,326.0,5.5,14.8,1024.0,37.0,2.0,2025-12-13 09:38:49.740769+00:00
17.2,10.6,65.0,0.0,0.0,343.0,5.5,13.0,1024.0,23.0,2.0,2025-12-13 09:38:49.740769+00:00
15.6,11.0,74.0,0.0,0.0,14.0,7.4,11.1,1024.1,0.0,2.0,2025-12-13 09:38:49.740769+00:00
14.2,11.4,83.0,0.0,0.0,62.0,5.5,9.3,1024.3,0.0,1.0,2025-12-13 09:38:49.740769+00:00
13.1,11.3,89.0,0.0,0.0,75.0,7.4,11.1,1024.3,0.0,1.0,2025-12-13 09:38:49.740769+00:00
12.3,11.4,94.0,0.0,0.0,98.0,7.4,11.1,1024.5,0.0,1.0,2025-12-13 09:38:49.740769+00:00
11.7,11.4,98.0,0.0,0.0,105.0,7.4,11.1,1024.6,0.0,1.0,2025-12-13 09:38:49.740769+00:00
11.5,11.3,99.0,0.0,0.0,102.0,7.4,11.1,1024.5,0.0,1.0,2025-12-13 09:38:49.740769+00:00
11.1,11.1,100.0,0.0,0.0,102.0,7.4,13.0,1024.4,0.0,1.0,2025-12-13 09:38:49.740769+00:00
10.8,10.8,100.0,0.0,0.0,99.0,7.4,13.0,1024.2,0.0,1.0,2025-12-13 09:38:49.740769+00:00
10.7,10.7,100.0,0.0,0.0,97.0,7.4,13.0,1024.0,0.0,1.0,2025-12-13 09:38:49.740769+00:00
10.5,10.5,100.0,0.0,0.0,97.0,7.4,11.1,1024.2,0.0,1.0,2025-12-13 09:38:49.740769+00:00
10.8,10.8,100.0,0.0,0.0,104.0,7.4,13.0,1024.2,15.0,1.0,2025-12-13 09:38:49.740769+00:00
12.3,11.4,94.0,0.0,0.0,106.0,7.4,14.8,1024.2,35.0,1.0,2025-12-13 09:38:49.740769+00:00
14.4,11.5,83.0,0.0,0.0,108.0,7.4,14.8,1024.0,50.0,1.0,2025-12-13 09:38:49.740769+00:00
16.8,11.5,71.0,0.0,0.0,106.0,7.4,16.7,1023.7,59.0,1.0,2025-12-13 09:38:49.740769+00:00
18.9,11.5,62.0,0.0,0.0,104.0,7.4,18.5,1023.4,58.0,2.0,2025-12-13 09:38:49.740769+00:00
20.8,11.4,55.0,0.0,0.0,105.0,7.4,20.4,1023.1,54.0,2.0,2025-12-13 09:38:49.740769+00:00
21.4,10.8,51.0,0.0,0.0,100.0,9.3,22.2,1022.6,49.0,2.0,2025-12-13 09:38:49.740769+00:00
22.1,10.6,48.0,0.0,0.0,96.0,9.3,22.2,1022.2,47.0,2.0,2025-12-13 09:38:49.740769+00:00
22.6,10.1,45.0,0.0,0.0,96.0,9.3,22.2,1021.6,48.0,2.0,2025-12-13 09:38:49.740769+00:00
22.5,10.0,45.0,0.0,0.0,93.0,9.3,22.2,1021.2,49.0,2.0,2025-12-13 09:38:49.740769+00:00
22.0,9.8,46.0,0.0,0.0,91.0,9.3,22.2,1021.0,50.0,2.0,2025-12-13 09:38:49.740769+00:00
21.6,9.8,47.0,0.0,0.0,95.0,9.3,22.2,1020.6,49.0,2.0,2025-12-13 09:38:49.740769+00:00
19.9,10.0,53.0,0.0,0.0,93.0,9.3,20.4,1020.5,41.0,2.0,2025-12-13 09:38:49.740769+00:00
17.8,10.2,61.0,0.0,0.0,88.0,9.3,20.4,1020.7,25.0,2.0,2025-12-13 09:38:49.740769+00:00
16.1,10.4,69.0,0.0,0.0,87.0,9.3,18.5,1020.5,0.0,1.0,2025-12-13 09:38:49.740769+00:00
15.1,10.5,74.0,0.0,0.0,89.0,11.1,18.5,1020.4,0.0,1.0,2025-12-13 09:38:49.740769+00:00
14.4,10.6,78.0,0.0,0.0,93.0,11.1,18.5,1020.2,0.0,1.0,2025-12-13 09:38:49.740769+00:00
13.5,10.7,83.0,0.0,0.0,98.0,11.1,18.5,1020.3,0.0,1.0,2025-12-13 09:38:49.740769+00:00
13.0,10.9,87.0,0.0,0.0,99.0,11.1,16.7,1020.3,0.0,1.0,2025-12-13 09:38:49.740769+00:00
12.7,10.9,89.0,0.0,0.0,99.0,9.3,16.7,1020.2,0.0,1.0,2025-12-13 09:38:49.740769+00:00
12.3,11.0,92.0,0.0,0.0,98.0,9.3,16.7,1019.9,0.0,1.0,2025-12-13 09:38:49.740769+00:00
11.9,11.0,94.0,0.0,0.0,96.0,9.3,16.7,1019.6,0.0,1.0,2025-12-13 09:38:49.740769+00:00
11.5,10.9,96.0,0.0,0.0,95.0,9.3,16.7,1019.3,0.0,1.0,2025-12-13 09:38:49.740769+00:00
11.5,10.9,96.0,0.0,0.0,95.0,9.3,16.7,1019.6,0.0,1.0,2025-12-13 09:38:49.740769+00:00
11.8,11.2,96.0,0.0,0.0,100.0,9.3,16.7,1019.3,15.0,2.0,2025-12-13 09:38:49.740769+00:00
13.0,11.4,90.0,0.0,0.0,101.0,9.3,16.7,1019.2,33.0,2.0,2025-12-13 09:38:49.740769+00:00
14.9,11.7,81.0,0.0,0.0,107.0,9.3,18.5,1019.0,49.0,2.0,2025-12-13 09:38:49.740769+00:00
17.2,11.7,70.0,0.0,0.0,111.0,9.3,20.4,1018.9,55.0,2.0,2025-12-13 09:38:49.740769+00:00
19.3,11.6,61.0,0.0,0.0,114.0,9.3,22.2,1018.5,54.0,2.0,2025-12-13 09:38:49.740769+00:00
21.3,11.3,53.0,0.0,0.0,116.0,11.1,24.1,1018.4,52.0,2.0,2025-12-13 09:38:49.740769+00:00
21.9,11.0,50.0,0.0,0.0,116.0,11.1,25.9,1018.1,47.0,2.0,2025-12-13 09:38:49.740769+00:00
22.6,10.4,46.0,0.0,0.0,117.0,11.1,25.9,1017.8,45.0,2.0,2025-12-13 09:38:49.740769+00:00
23.0,10.4,45.0,0.0,0.0,117.0,11.1,25.9,1017.5,44.0,2.0,2025-12-13 09:38:49.740769+00:00
23.0,10.1,44.0,0.0,0.0,114.0,9.3,24.1,1017.3,44.0,2.0,2025-12-13 09:38:49.740769+00:00
22.8,9.9,44.0,0.0,0.0,112.0,9.3,22.2,1017.2,43.0,2.0,2025-12-13 09:38:49.740769+00:00
22.1,10.6,48.0,0.0,0.0,116.0,7.4,22.2,1016.9,41.0,2.0,2025-12-13 09:38:49.740769+00:00
20.5,11.1,55.0,0.0,0.0,101.0,9.3,18.5,1017.0,33.0,2.0,2025-12-13 09:38:49.740769+00:00
18.5,11.8,65.0,0.0,0.0,83.0,9.3,16.7,1017.4,21.0,2.0,2025-12-13 09:38:49.740769+00:00
17.1,11.8,71.0,0.0,0.0,71.0,9.3,16.7,1017.4,0.0,2.0,2025-12-13 09:38:49.740769+00:00
16.0,12.0,77.0,0.0,0.0,66.0,9.3,16.7,1017.3,0.0,2.0,2025-12-13 09:38:49.740769+00:00
15.2,12.0,81.0,0.0,0.0,70.0,9.3,16.7,1017.2,0.0,1.0,2025-12-13 09:38:49.740769+00:00
14.9,13.3,90.0,0.0,0.0,66.0,9.3,16.7,1017.3,0.0,2.0,2025-12-13 09:38:49.740769+00:00
14.2,13.1,93.0,0.0,0.0,68.0,9.3,14.8,1017.1,0.0,1.0,2025-12-13 09:38:49.740769+00:00
13.9,12.9,94.0,0.0,0.0,67.0,9.3,14.8,1016.9,0.0,1.0,2025-12-13 09:38:49.740769+00:00
13.4,12.8,96.0,0.0,0.0,72.0,7.4,14.8,1016.7,0.0,1.0,2025-12-13 09:38:49.740769+00:00
13.1,12.6,97.0,0.0,0.0,74.0,7.4,13.0,1016.6,0.0,1.0,2025-12-13 09:38:49.740769+00:00
13.0,12.7,98.0,0.0,0.0,80.0,9.3,14.8,1016.4,0.0,1.0,2025-12-13 09:38:49.740769+00:00
13.1,12.8,98.0,0.0,0.0,86.0,9.3,14.8,1016.2,0.0,2.0,2025-12-13 09:38:49.740769+00:00
13.4,13.2,99.0,0.0,0.0,88.0,9.3,14.8,1016.0,7.0,2.0,2025-12-13 09:38:49.740769+00:00
14.3,13.8,97.0,0.0,0.0,89.0,9.3,16.7,1015.9,16.0,2.0,2025-12-13 09:38:49.740769+00:00
15.6,14.1,91.0,0.0,0.0,94.0,9.3,18.5,1015.8,24.0,3.0,2025-12-13 09:38:49.740769+00:00
17.3,14.8,85.0,0.0,0.0,99.0,9.3,20.4,1015.9,31.0,3.0,2025-12-13 09:38:49.740769+00:00
19.4,14.6,74.0,0.0,0.0,103.0,11.1,22.2,1015.6,32.0,3.0,2025-12-13 09:38:49.740769+00:00
21.0,14.6,67.0,0.0,0.0,109.0,11.1,24.1,1015.3,32.0,3.0,2025-12-13 09:38:49.740769+00:00
22.2,14.3,61.0,0.0,0.0,110.0,13.0,25.9,1014.9,32.0,3.0,2025-12-13 09:38:49.740769+00:00
23.1,14.4,58.0,0.0,0.0,109.0,13.0,25.9,1014.3,32.0,3.0,2025-12-13 09:38:49.740769+00:00
23.5,14.2,56.0,0.0,0.0,111.0,13.0,25.9,1013.9,33.0,3.0,2025-12-13 09:38:49.740769+00:00
23.8,14.2,55.0,0.0,0.0,109.0,11.1,25.9,1013.6,34.0,3.0,2025-12-13 09:38:49.740769+00:00
23.6,14.3,56.0,0.0,0.0,109.0,11.1,24.1,1013.5,32.0,3.0,2025-12-13 09:38:49.740769+00:00
23.8,13.6,53.0,0.0,0.0,110.0,11.1,25.9,1012.9,35.0,2.0,2025-12-13 09:38:49.740769+00:00
21.9,13.5,59.0,0.0,0.0,106.0,11.1,22.2,1012.9,24.0,2.0,2025-12-13 09:38:49.740769+00:00
20.0,13.9,68.0,0.0,0.0,103.0,9.3,18.5,1013.1,11.0,2.0,2025-12-13 09:38:49.740769+00:00
18.7,14.0,74.0,0.0,0.0,101.0,9.3,18.5,1013.0,0.0,2.0,2025-12-13 09:38:49.740769+00:00
17.8,14.3,80.0,0.0,0.0,104.0,9.3,16.7,1013.1,0.0,2.0,2025-12-13 09:38:49.740769+00:00
17.2,14.3,83.0,0.0,0.0,107.0,9.3,16.7,1013.1,0.0,2.0,2025-12-13 09:38:49.740769+00:00
16.7,14.7,88.0,0.0,0.0,104.0,7.4,13.0,1013.0,0.0,3.0,2025-12-13 09:38:49.740769+00:00
16.4,14.8,90.0,0.0,0.0,108.0,7.4,13.0,1012.8,0.0,3.0,2025-12-13 09:38:49.740769+00:00
16.2,14.6,90.0,0.0,0.0,102.0,7.4,13.0,1012.6,0.0,3.0,2025-12-13 09:38:49.740769+00:00
16.0,14.5,91.0,0.0,0.0,102.0,7.4,13.0,1012.3,0.0,3.0,2025-12-13 09:38:49.740769+00:00
15.7,14.6,93.0,0.0,0.0,107.0,7.4,13.0,1012.0,0.0,3.0,2025-12-13 09:38:49.740769+00:00
15.7,14.7,94.0,0.0,0.0,111.0,7.4,13.0,1011.6,0.0,3.0,2025-12-13 09:38:49.740769+00:00
15.3,14.7,96.0,0.0,0.0,113.0,5.5,11.1,1011.8,0.0,3.0,2025-12-13 09:38:49.740769+00:00
15.4,14.9,97.0,0.0,0.0,126.0,7.4,13.0,1011.7,5.0,3.0,2025-12-13 09:38:49.740769+00:00
15.9,15.3,96.0,0.0,0.0,140.0,7.4,13.0,1011.7,11.0,3.0,2025-12-13 09:38:49.740769+00:00
16.7,15.4,92.0,0.0,0.0,157.0,5.5,14.8,1011.5,20.0,3.0,2025-12-13 09:38:49.740769+00:00
18.0,15.3,84.0,0.0,0.0,169.0,5.5,14.8,1011.2,29.0,3.0,2025-12-13 09:38:49.740769+00:00
19.5,15.2,76.0,0.0,0.0,178.0,7.4,16.7,1011.0,32.0,3.0,2025-12-13 09:38:49.740769+00:00
20.6,15.4,72.0,0.0,0.0,191.0,7.4,16.7,1010.9,31.0,3.0,2025-12-13 09:38:49.740769+00:00
21.3,14.9,67.0,0.0,0.0,187.0,7.4,18.5,1010.4,30.0,3.0,2025-12-13 09:38:49.740769+00:00
21.8,14.7,64.0,0.0,0.0,184.0,9.3,20.4,1009.9,27.0,3.0,2025-12-13 09:38:49.740769+00:00
22.0,14.4,62.0,0.0,0.0,184.0,9.3,22.2,1009.5,27.0,3.0,2025-12-13 09:38:49.740769+00:00
22.1,14.0,60.0,0.0,0.0,184.0,9.3,22.2,1009.2,26.0,3.0,2025-12-13 09:38:49.740769+00:00
21.7,14.1,62.0,0.0,0.0,179.0,9.3,22.2,1008.9,21.0,3.0,2025-12-13 09:38:49.740769+00:00
20.9,14.8,68.0,0.0,0.0,183.0,7.4,20.4,1008.4,13.0,7.0,2025-12-13 09:38:49.740769+00:00
19.6,15.2,76.0,0.0,0.0,193.0,7.4,16.7,1008.0,7.0,7.0,2025-12-13 09:38:49.740769+00:00
18.3,15.5,84.0,0.0,0.0,161.0,7.4,16.7,1007.9,2.0,7.0,2025-12-13 09:38:49.740769+00:00
17.4,15.7,90.0,0.0,0.0,325.0,7.4,16.7,1007.7,0.0,8.0,2025-12-13 09:38:49.740769+00:00
17.0,15.9,93.0,0.0,0.0,334.0,7.4,16.7,1007.5,0.0,8.0,2025-12-13 09:38:49.740769+00:00
16.8,16.2,96.0,0.0,0.0,323.0,9.3,16.7,1007.2,0.0,8.0,2025-12-13 09:38:49.740769+00:00
16.1,16.1,100.0,0.0,0.0,314.0,9.3,18.5,1006.8,0.0,8.0,2025-12-13 09:38:49.740769+00:00
15.9,15.9,100.0,0.0,0.0,305.0,9.3,18.5,1006.2,0.0,8.0,2025-12-13 09:38:49.740769+00:00
15.7,15.5,99.0,0.0,0.0,305.0,9.3,20.4,1005.7,0.0,8.0,2025-12-13 09:38:49.740769+00:00
15.5,15.3,99.0,0.0,0.0,293.0,11.1,20.4,1005.5,0.0,7.0,2025-12-13 09:38:49.740769+00:00
15.3,15.1,99.0,0.0,0.0,283.0,11.1,22.2,1005.4,0.0,7.0,2025-12-13 09:38:49.740769+00:00
14.8,14.8,100.0,0.0,0.0,269.0,11.1,22.2,1005.3,0.0,7.0,2025-12-13 09:38:49.740769+00:00
14.5,14.5,100.0,0.0,0.0,260.0,9.3,18.5,1005.3,0.0,3.0,2025-12-13 09:38:49.740769+00:00
14.0,14.0,100.0,0.0,0.0,245.0,9.3,18.5,1005.5,8.0,2.0,2025-12-13 09:38:49.740769+00:00
14.1,13.8,98.0,0.0,0.0,235.0,9.3,18.5,1005.8,20.0,2.0,2025-12-13 09:38:49.740769+00:00
15.1,13.6,91.0,0.0,0.0,227.0,9.3,20.4,1005.9,34.0,2.0,2025-12-13 09:38:49.740769+00:00
16.6,13.3,81.0,0.0,0.0,224.0,11.1,24.1,1005.9,42.0,2.0,2025-12-13 09:38:49.740769+00:00
18.3,13.2,72.0,0.0,0.0,223.0,11.1,25.9,1005.7,44.0,2.0,2025-12-13 09:38:49.740769+00:00
19.9,12.9,64.0,0.0,0.0,221.0,13.0,27.8,1005.9,44.0,2.0,2025-12-13 09:38:49.740769+00:00
20.8,12.5,59.0,0.0,0.0,220.0,14.8,33.3,1005.8,37.0,2.0,2025-12-13 09:38:49.740769+00:00
20.9,12.6,59.0,0.0,0.0,222.0,16.7,35.2,1005.7,28.0,2.0,2025-12-13 09:38:49.740769+00:00
20.8,12.5,59.0,0.4,0.0,223.0,16.7,35.2,1006.1,25.0,17.0,2025-12-13 09:38:49.740769+00:00
20.2,12.9,63.0,0.5,0.0,223.0,16.7,35.2,1006.5,22.0,18.0,2025-12-13 09:38:49.740769+00:00
19.3,13.0,67.0,0.6,0.0,223.0,14.8,35.2,1007.1,20.0,18.0,2025-12-13 09:38:49.740769+00:00
18.3,13.2,72.0,0.6,0.0,223.0,14.8,33.3,1008.0,15.0,18.0,2025-12-13 09:38:49.740769+00:00
17.4,13.7,79.0,0.5,0.0,221.0,13.0,29.6,1008.8,11.0,18.0,2025-12-13 09:38:49.740769+00:00
16.6,13.7,83.0,0.0,0.0,215.0,13.0,27.8,1009.5,6.0,2.0,2025-12-13 09:38:49.740769+00:00
16.2,13.7,85.0,0.0,0.0,210.0,13.0,25.9,1010.1,0.0,2.0,2025-12-13 09:38:49.740769+00:00
15.7,13.5,87.0,0.0,0.0,211.0,13.0,24.1,1010.7,0.0,2.0,2025-12-13 09:38:49.740769+00:00
15.3,13.3,88.0,0.0,0.0,206.0,13.0,24.1,1011.1,0.0,2.0,2025-12-13 09:38:49.740769+00:00
14.7,13.1,90.0,0.0,0.0,206.0,13.0,24.1,1011.5,0.0,2.0,2025-12-13 09:38:49.740769+00:00
14.3,12.7,90.0,0.0,0.0,208.0,13.0,24.1,1011.7,0.0,2.0,2025-12-13 09:38:49.740769+00:00
13.7,12.1,90.0,0.0,0.0,205.0,13.0,24.1,1012.0,0.0,2.0,2025-12-13 09:38:49.740769+00:00
13.2,11.8,91.0,0.0,0.0,203.0,13.0,22.2,1012.3,0.0,2.0,2025-12-13 09:38:49.740769+00:00
12.7,11.4,92.0,0.0,0.0,203.0,13.0,22.2,1012.6,0.0,2.0,2025-12-13 09:38:49.740769+00:00
12.4,11.1,92.0,0.0,0.0,202.0,13.0,22.2,1012.9,0.0,2.0,2025-12-13 09:38:49.740769+00:00
12.2,10.4,89.0,0.0,0.0,202.0,13.0,22.2,1012.4,0.0,2.0,2025-12-13 09:38:49.740769+00:00
12.2,10.6,90.0,0.0,0.0,202.0,11.1,22.2,1012.8,8.0,2.0,2025-12-13 09:38:49.740769+00:00
12.9,10.8,87.0,0.0,0.0,201.0,11.1,22.2,1013.2,17.0,3.0,2025-12-13 09:38:49.740769+00:00
13.6,10.9,84.0,0.0,0.0,202.0,11.1,24.1,1013.6,27.0,3.0,2025-12-13 09:38:49.740769+00:00
14.9,11.1,78.0,0.0,0.0,206.0,11.1,24.1,1014.0,33.0,3.0,2025-12-13 09:38:49.740769+00:00
16.3,11.0,71.0,0.0,0.0,210.0,13.0,25.9,1014.5,35.0,3.0,2025-12-13 09:38:49.740769+00:00
17.3,11.3,68.0,0.0,0.0,214.0,11.1,25.9,1014.6,32.0,3.0,2025-12-13 09:38:49.740769+00:00
18.1,10.9,63.0,0.0,0.0,221.0,13.0,29.6,1015.0,30.0,3.0,2025-12-13 09:38:49.740769+00:00
18.4,10.7,61.0,0.0,0.0,223.0,13.0,31.5,1015.3,30.0,17.0,2025-12-13 09:38:49.740769+00:00
18.5,10.6,60.0,0.0,0.0,225.0,13.0,31.5,1015.8,32.0,2.0,2025-12-13 09:38:49.740769+00:00
17.9,10.5,62.0,0.0,0.0,227.0,11.1,29.6,1016.3,33.0,17.0,2025-12-13 09:38:49.740769+00:00
17.6,10.2,62.0,0.0,0.0,223.0,11.1,29.6,1016.7,35.0,2.0,2025-12-13 09:38:49.740769+00:00
17.7,10.6,63.0,0.0,0.0,214.0,11.1,25.9,1017.1,34.0,2.0,2025-12-13 09:38:49.740769+00:00
16.5,10.8,69.0,0.0,0.0,211.0,11.1,24.1,1017.7,27.0,2.0,2025-12-13 09:38:49.740769+00:00
15.1,10.9,76.0,0.0,0.0,202.0,9.3,22.2,1018.0,15.0,2.0,2025-12-13 09:38:49.740769+00:00
14.0,11.0,82.0,0.0,0.0,197.0,11.1,20.4,1018.6,0.0,2.0,2025-12-13 09:38:49.740769+00:00
12.9,11.0,88.0,0.0,0.0,197.0,11.1,18.5,1019.1,0.0,2.0,2025-12-13 09:38:49.740769+00:00
12.1,10.7,91.0,0.0,0.0,194.0,11.1,18.5,1019.4,0.0,2.0,2025-12-13 09:38:49.740769+00:00
11.2,10.3,94.0,0.0,0.0,200.0,11.1,18.5,1019.8,0.0,1.0,2025-12-13 09:38:49.740769+00:00
10.8,10.0,95.0,0.0,0.0,200.0,11.1,18.5,1020.0,0.0,1.0,2025-12-13 09:38:49.740769+00:00
10.5,9.9,96.0,0.0,0.0,199.0,11.1,18.5,1020.0,0.0,1.0,2025-12-13 09:38:49.740769+00:00
10.1,9.6,97.0,0.0,0.0,197.0,11.1,18.5,1020.0,0.0,1.0,2025-12-13 09:38:49.740769+00:00
9.7,9.6,99.0,0.0,0.0,193.0,11.1,16.7,1020.0,0.0,2.0,2025-12-13 09:38:49.740769+00:00
9.5,9.4,99.0,0.0,0.0,184.0,11.1,18.5,1020.0,0.0,2.0,2025-12-13 09:38:49.740769+00:00
9.5,9.4,99.0,0.0,0.0,174.0,11.1,16.7,1019.9,0.0,2.0,2025-12-13 09:38:49.740769+00:00
10.0,9.1,94.0,0.0,0.0,174.0,11.1,18.5,1020.0,8.0,2.0,2025-12-13 09:38:49.740769+00:00
11.1,9.4,89.0,0.0,0.0,169.0,11.1,18.5,1020.0,18.0,3.0,2025-12-13 09:38:49.740769+00:00
12.5,9.7,83.0,0.0,0.0,170.0,9.3,20.4,1019.8,27.0,3.0,2025-12-13 09:38:49.740769+00:00
14.4,9.6,73.0,0.0,0.0,167.0,11.1,20.4,1019.4,32.0,3.0,2025-12-13 09:38:49.740769+00:00
16.5,9.9,65.0,0.0,0.0,169.0,11.1,22.2,1019.1,32.0,3.0,2025-12-13 09:38:49.740769+00:00
18.3,9.4,56.0,0.0,0.0,178.0,11.1,25.9,1019.0,32.0,3.0,2025-12-13 09:38:49.740769+00:00
19.4,9.0,51.0,0.0,0.0,181.0,13.0,29.6,1018.4,27.0,3.0,2025-12-13 09:38:49.740769+00:00
20.1,9.0,49.0,0.0,0.0,184.0,13.0,31.5,1017.7,23.0,3.0,2025-12-13 09:38:49.740769+00:00
20.5,8.8,47.0,0.0,0.0,184.0,13.0,31.5,1017.2,23.0,3.0,2025-12-13 09:38:49.740769+00:00
20.6,8.9,47.0,0.0,0.0,184.0,13.0,31.5,1016.7,25.0,3.0,2025-12-13 09:38:49.740769+00:00
20.3,9.2,49.0,0.0,0.0,184.0,11.1,27.8,1016.2,25.0,3.0,2025-12-13 09:38:49.740769+00:00
19.7,9.8,53.0,0.0,0.0,185.0,9.3,24.1,1016.0,24.0,3.0,2025-12-13 09:38:49.740769+00:00
18.0,10.1,60.0,0.0,0.0,176.0,9.3,22.2,1015.8,16.0,3.0,2025-12-13 09:38:49.740769+00:00
16.0,10.7,71.0,0.0,0.0,163.0,9.3,18.5,1015.8,7.0,3.0,2025-12-13 09:38:49.740769+00:00
14.7,11.1,79.0,0.0,0.0,156.0,9.3,18.5,1015.7,0.0,3.0,2025-12-13 09:38:49.740769+00:00
13.7,11.2,85.0,0.0,0.0,152.0,9.3,16.7,1015.6,0.0,3.0,2025-12-13 09:38:49.740769+00:00
13.1,11.3,89.0,0.0,0.0,155.0,11.1,18.5,1015.4,0.0,3.0,2025-12-13 09:38:49.740769+00:00
12.7,11.1,90.0,0.0,0.0,155.0,11.1,20.4,1015.2,0.0,3.0,2025-12-13 09:38:49.740769+00:00
12.6,11.3,92.0,0.0,0.0,160.0,11.1,18.5,1014.7,0.0,3.0,2025-12-13 09:38:49.740769+00:00
12.6,11.5,93.0,0.0,0.0,165.0,11.1,18.5,1014.2,0.0,3.0,2025-12-13 09:38:49.740769+00:00
12.5,11.7,95.0,0.0,0.0,169.0,11.1,18.5,1013.8,0.0,3.0,2025-12-13 09:38:49.740769+00:00
12.5,11.7,95.0,0.0,0.0,174.0,11.1,16.7,1013.6,0.0,3.0,2025-12-13 09:38:49.740769+00:00
12.5,11.9,96.0,0.0,0.0,184.0,9.3,16.7,1013.3,0.0,3.0,2025-12-13 09:38:49.740769+00:00
12.6,12.1,97.0,0.0,0.0,189.0,9.3,16.7,1013.0,0.0,7.0,2025-12-13 09:38:49.740769+00:00
12.7,12.4,98.0,0.7,0.0,197.0,9.3,16.7,1012.9,1.0,7.0,2025-12-13 09:38:49.740769+00:00
13.1,12.5,96.0,0.3,0.0,207.0,9.3,16.7,1013.0,0.0,7.0,2025-12-13 09:38:49.740769+00:00
13.4,12.6,95.0,0.5,0.0,221.0,7.4,16.7,1013.1,1.0,7.0,2025-12-13 09:38:49.740769+00:00
14.0,12.6,91.0,0.5,0.0,243.0,7.4,16.7,1013.3,4.0,7.0,2025-12-13 09:38:49.740769+00:00
14.8,12.7,87.0,0.6,0.0,260.0,7.4,16.7,1013.6,6.0,7.0,2025-12-13 09:38:49.740769+00:00
15.5,12.4,82.0,0.4,0.0,268.0,9.3,20.4,1013.8,6.0,7.0,2025-12-13 09:38:49.740769+00:00
16.3,12.1,76.0,0.2,0.0,270.0,11.1,22.2,1013.7,6.0,7.0,2025-12-13 09:38:49.740769+00:00
16.7,11.4,71.0,0.2,0.0,273.0,11.1,24.1,1013.9,11.0,7.0,2025-12-13 09:38:49.740769+00:00
16.9,11.2,69.0,0.0,0.0,274.0,11.1,24.1,1014.0,16.0,7.0,2025-12-13 09:38:49.740769+00:00
17.1,10.9,67.0,0.0,0.0,273.0,11.1,25.9,1014.0,22.0,7.0,2025-12-13 09:38:49.740769+00:00
17.0,10.6,66.0,0.0,0.0,270.0,11.1,25.9,1014.1,26.0,7.0,2025-12-13 09:38:49.740769+00:00
16.9,9.8,63.0,0.0,0.0,273.0,11.1,25.9,1013.8,31.0,2.0,2025-12-13 09:38:49.740769+00:00
15.4,10.0,70.0,0.0,0.0,268.0,11.1,22.2,1014.1,25.0,2.0,2025-12-13 09:38:49.740769+00:00
13.8,10.0,78.0,0.0,0.0,257.0,9.3,18.5,1014.5,15.0,2.0,2025-12-13 09:38:49.740769+00:00
12.6,10.1,85.0,0.0,0.0,247.0,9.3,16.7,1014.6,0.0,2.0,2025-12-13 09:38:49.740769+00:00
11.5,10.2,92.0,0.0,0.0,234.0,9.3,14.8,1014.7,0.0,2.0,2025-12-13 09:38:49.740769+00:00
10.5,10.0,97.0,0.0,0.0,212.0,9.3,16.7,1014.6,0.0,2.0,2025-12-13 09:38:49.740769+00:00
10.1,9.9,99.0,0.0,0.0,202.0,9.3,14.8,1014.5,0.0,1.0,2025-12-13 09:38:49.740769+00:00
9.9,9.6,98.0,0.0,0.0,185.0,11.1,16.7,1014.0,0.0,2.0,2025-12-13 09:38:49.740769+00:00
10.3,9.5,95.0,0.0,0.0,181.0,11.1,18.5,1013.3,0.0,2.0,2025-12-13 09:38:49.740769+00:00
10.4,9.5,94.0,0.0,0.0,177.0,13.0,18.5,1012.5,0.0,3.0,2025-12-13 09:38:49.740769+00:00
10.9,9.7,92.0,0.0,0.0,175.0,13.0,22.2,1011.7,0.0,3.0,2025-12-13 09:38:49.740769+00:00
11.4,10.0,91.0,0.1,0.0,175.0,14.8,24.1,1010.9,0.0,7.0,2025-12-13 09:38:49.740769+00:00
11.4,10.3,93.0,0.1,0.0,170.0,14.8,25.9,1010.1,0.0,7.0,2025-12-13 09:38:49.740769+00:00
11.9,10.8,93.0,0.1,0.0,174.0,16.7,27.8,1009.4,1.0,7.0,2025-12-13 09:38:49.740769+00:00
12.7,11.6,93.0,0.2,0.0,178.0,16.7,29.6,1008.7,1.0,7.0,2025-12-13 09:38:49.740769+00:00
14.0,12.4,90.0,0.2,0.0,184.0,16.7,31.5,1008.2,3.0,7.0,2025-12-13 09:38:49.740769+00:00
15.8,13.1,84.0,0.3,0.0,192.0,16.7,31.5,1007.8,8.0,7.0,2025-12-13 09:38:49.740769+00:00
17.4,13.9,80.0,0.2,0.0,202.0,16.7,33.3,1007.5,13.0,7.0,2025-12-13 09:38:49.740769+00:00
18.2,14.3,78.0,0.2,0.0,211.0,18.5,35.2,1007.2,16.0,7.0,2025-12-13 09:38:49.740769+00:00
18.7,14.6,77.0,0.4,0.0,219.0,18.5,38.9,1007.2,17.0,7.0,2025-12-13 09:38:49.740769+00:00
19.4,14.6,74.0,0.2,0.0,221.0,16.7,38.9,1007.3,22.0,7.0,2025-12-13 09:38:49.740769+00:00
19.8,14.6,72.0,0.4,0.0,226.0,18.5,38.9,1007.2,26.0,7.0,2025-12-13 09:38:49.740769+00:00
20.2,14.3,69.0,0.4,0.0,231.0,16.7,37.0,1007.3,29.0,7.0,2025-12-13 09:38:49.740769+00:00
20.2,13.4,65.0,0.0,0.0,232.0,14.8,37.0,1007.2,32.0,7.0,2025-12-13 09:38:49.740769+00:00
19.7,13.4,67.0,0.0,0.0,228.0,14.8,33.3,1007.6,31.0,17.0,2025-12-13 09:38:49.740769+00:00
18.2,13.5,74.0,0.0,0.0,227.0,13.0,29.6,1007.9,24.0,2.0,2025-12-13 09:38:49.740769+00:00
17.2,12.9,76.0,0.0,0.0,224.0,13.0,25.9,1008.3,13.0,2.0,2025-12-13 09:38:49.740769+00:00
16.3,12.6,79.0,0.0,0.0,219.0,13.0,24.1,1008.6,0.0,2.0,2025-12-13 09:38:49.740769+00:00
15.6,12.3,81.0,0.0,0.0,220.0,14.8,25.9,1008.9,0.0,2.0,2025-12-13 09:38:49.740769+00:00
15.1,11.9,81.0,0.0,0.0,222.0,14.8,27.8,1009.1,0.0,2.0,2025-12-13 09:38:49.740769+00:00
14.0,11.3,84.0,0.0,0.0,219.0,14.8,25.9,1009.3,0.0,2.0,2025-12-13 09:38:49.740769+00:00
13.8,11.0,83.0,0.0,0.0,223.0,16.7,27.8,1009.3,0.0,2.0,2025-12-13 09:38:49.740769+00:00
13.7,10.5,81.0,0.0,0.0,224.0,16.7,29.6,1009.4,0.0,2.0,2025-12-13 09:38:49.740769+00:00
13.5,10.1,80.0,0.0,0.0,223.0,16.7,29.6,1009.3,0.0,2.0,2025-12-13 09:38:49.740769+00:00
13.3,9.7,79.0,0.0,0.0,225.0,16.7,31.5,1009.3,0.0,2.0,2025-12-13 09:38:49.740769+00:00
13.1,9.7,80.0,0.0,0.0,225.0,18.5,33.3,1009.2,0.0,2.0,2025-12-13 09:38:49.740769+00:00
12.8,9.4,80.0,0.0,0.0,223.0,18.5,33.3,1009.5,0.0,2.0,2025-12-13 09:38:49.740769+00:00
12.9,9.3,79.0,0.0,0.0,224.0,18.5,35.2,1009.6,5.0,3.0,2025-12-13 09:38:49.740769+00:00
13.6,9.4,76.0,0.0,0.0,231.0,20.4,38.9,1009.7,10.0,3.0,2025-12-13 09:38:49.740769+00:00
14.6,9.6,72.0,0.0,0.0,236.0,20.4,40.8,1009.9,15.0,3.0,2025-12-13 09:38:49.740769+00:00
15.6,9.5,67.0,0.0,0.0,241.0,22.2,44.5,1010.1,17.0,3.0,2025-12-13 09:38:49.740769+00:00
16.4,9.3,63.0,0.0,0.0,245.0,24.1,48.2,1010.3,18.0,3.0,2025-12-13 09:38:49.740769+00:00
17.3,9.2,59.0,0.0,0.0,252.0,24.1,50.0,1010.5,18.0,3.0,2025-12-13 09:38:49.740769+00:00
17.5,9.1,58.0,0.0,0.0,252.0,24.1,51.8,1010.9,14.0,3.0,2025-12-13 09:38:49.740769+00:00
17.6,9.2,58.0,0.0,0.0,252.0,24.1,51.8,1011.1,16.0,17.0,2025-12-13 09:38:49.740769+00:00
17.8,8.9,56.0,0.0,0.0,253.0,22.2,51.8,1011.4,18.0,17.0,2025-12-13 09:38:49.740769+00:00
17.9,8.7,55.0,0.0,0.0,252.0,20.4,48.2,1011.5,22.0,17.0,2025-12-13 09:38:49.740769+00:00
17.5,8.4,55.0,0.0,0.0,251.0,20.4,46.3,1011.6,25.0,17.0,2025-12-13 09:38:49.740769+00:00
17.1,8.2,56.0,0.0,0.0,254.0,18.5,42.6,1012.0,25.0,17.0,2025-12-13 09:38:49.740769+00:00
16.1,8.3,60.0,0.2,0.0,255.0,18.5,40.8,1012.3,18.0,2.0,2025-12-13 09:38:49.740769+00:00
15.1,8.6,65.0,0.2,0.0,253.0,16.7,38.9,1012.7,9.0,2.0,2025-12-13 09:38:49.740769+00:00
14.3,8.9,70.0,0.0,0.0,249.0,16.7,37.0,1013.0,0.0,3.0,2025-12-13 09:38:49.740769+00:00
13.8,9.2,74.0,0.0,0.0,249.0,16.7,35.2,1013.4,0.0,3.0,2025-12-13 09:38:49.740769+00:00
13.4,9.4,77.0,0.4,0.0,252.0,18.5,35.2,1013.7,0.0,7.0,2025-12-13 09:38:49.740769+00:00
13.1,9.7,80.0,0.2,0.0,256.0,16.7,35.2,1014.2,0.0,7.0,2025-12-13 09:38:49.740769+00:00
12.9,10.1,83.0,0.1,0.0,262.0,16.7,35.2,1014.7,0.0,7.0,2025-12-13 09:38:49.740769+00:00
12.9,10.4,85.0,0.0,0.0,266.0,18.5,35.2,1015.1,0.0,7.0,2025-12-13 09:38:49.740769+00:00
12.7,10.4,86.0,0.0,0.0,265.0,18.5,35.2,1015.4,0.0,7.0,2025-12-13 09:38:49.740769+00:00
12.6,10.5,87.0,0.0,0.0,265.0,16.7,35.2,1015.6,0.0,4.0,2025-12-13 09:38:49.740769+00:00
12.4,10.5,88.0,0.0,0.0,260.0,16.7,33.3,1015.7,0.0,4.0,2025-12-13 09:38:49.740769+00:00
11.7,10.4,92.0,0.0,0.0,261.0,14.8,29.6,1016.3,0.0,3.0,2025-12-13 09:38:49.740769+00:00
11.9,10.5,91.0,0.0,0.0,259.0,14.8,31.5,1016.5,3.0,4.0,2025-12-13 09:38:49.740769+00:00
12.4,10.5,88.0,0.0,0.0,258.0,16.7,31.5,1016.7,6.0,4.0,2025-12-13 09:38:49.740769+00:00
13.0,10.5,85.0,0.0,0.0,261.0,16.7,33.3,1017.2,11.0,4.0,2025-12-13 09:38:49.740769+00:00
13.9,10.3,79.0,0.0,0.0,265.0,16.7,35.2,1017.7,14.0,4.0,2025-12-13 09:38:49.740769+00:00
14.9,10.1,73.0,0.0,0.0,268.0,18.5,38.9,1018.2,16.0,3.0,2025-12-13 09:38:49.740769+00:00
15.7,9.8,68.0,0.0,0.0,272.0,18.5,40.8,1018.1,19.0,3.0,2025-12-13 09:38:49.740769+00:00
16.4,9.6,64.0,0.0,0.0,271.0,18.5,42.6,1018.3,20.0,3.0,2025-12-13 09:38:49.740769+00:00
16.8,9.2,61.0,0.0,0.0,269.0,20.4,42.6,1018.2,21.0,3.0,2025-12-13 09:38:49.740769+00:00
17.2,8.9,58.0,0.0,0.0,269.0,18.5,42.6,1018.2,26.0,3.0,2025-12-13 09:38:49.740769+00:00
17.3,8.7,57.0,0.0,0.0,268.0,18.5,40.8,1018.3,31.0,3.0,2025-12-13 09:38:49.740769+00:00
17.1,8.5,57.0,0.0,0.0,265.0,16.7,38.9,1018.2,33.0,2.0,2025-12-13 09:38:49.740769+00:00
17.5,8.9,57.0,0.0,0.0,265.0,14.8,35.2,1018.3,33.0,2.0,2025-12-13 09:38:49.740769+00:00
16.4,9.1,62.0,0.0,0.0,262.0,13.0,29.6,1018.7,24.0,2.0,2025-12-13 09:38:49.740769+00:00
15.2,9.5,69.0,0.0,0.0,254.0,13.0,25.9,1019.1,12.0,2.0,2025-12-13 09:38:49.740769+00:00
14.3,9.7,74.0,0.0,0.0,247.0,13.0,24.1,1019.5,0.0,2.0,2025-12-13 09:38:49.740769+00:00
13.8,10.0,78.0,0.0,0.0,242.0,13.0,22.2,1019.6,0.0,2.0,2025-12-13 09:38:49.740769+00:00
13.2,10.2,82.0,0.0,0.0,234.0,13.0,22.2,1019.6,0.0,2.0,2025-12-13 09:38:49.740769+00:00
13.0,10.7,86.0,0.0,0.0,225.0,11.1,18.5,1019.4,0.0,3.0,2025-12-13 09:38:49.740769+00:00
13.2,10.7,85.0,0.0,0.0,218.0,11.1,20.4,1019.2,0.0,3.0,2025-12-13 09:38:49.740769+00:00
13.6,10.9,84.0,0.0,0.0,219.0,13.0,20.4,1018.9,0.0,4.0,2025-12-13 09:38:49.740769+00:00
13.7,11.2,85.0,0.0,0.0,216.0,13.0,22.2,1018.6,0.0,4.0,2025-12-13 09:38:49.740769+00:00
13.8,11.3,85.0,0.1,0.0,217.0,13.0,22.2,1018.2,0.0,4.0,2025-12-13 09:38:49.740769+00:00
14.0,11.7,86.0,0.1,0.0,215.0,13.0,24.1,1017.9,0.0,7.0,2025-12-13 09:38:49.740769+00:00
13.7,12.1,90.0,0.1,0.0,211.0,13.0,22.2,1017.7,0.0,7.0,2025-12-13 09:38:49.740769+00:00
14.0,12.6,91.0,0.1,0.0,215.0,13.0,24.1,1017.8,0.0,7.0,2025-12-13 09:38:49.740769+00:00
14.5,13.0,91.0,0.2,0.0,223.0,13.0,24.1,1017.9,0.0,7.0,2025-12-13 09:38:49.740769+00:00
15.2,13.6,90.0,0.2,0.0,229.0,13.0,24.1,1018.2,0.0,7.0,2025-12-13 09:38:49.740769+00:00
16.0,13.8,87.0,0.2,0.0,232.0,13.0,25.9,1018.5,0.0,7.0,2025-12-13 09:38:49.740769+00:00
16.8,14.3,85.0,0.2,0.0,237.0,13.0,27.8,1018.8,3.0,7.0,2025-12-13 09:38:49.740769+00:00
18.1,14.4,79.0,0.1,0.0,247.0,14.8,29.6,1018.8,5.0,7.0,2025-12-13 09:38:49.740769+00:00
18.6,14.7,78.0,0.2,0.0,249.0,14.8,33.3,1019.0,4.0,7.0,2025-12-13 09:38:49.740769+00:00
18.7,15.0,79.0,0.2,0.0,253.0,14.8,33.3,1019.2,4.0,7.0,2025-12-13 09:38:49.740769+00:00
19.0,15.3,79.0,0.2,0.0,254.0,14.8,33.3,1019.4,6.0,7.0,2025-12-13 09:38:49.740769+00:00
19.2,15.3,78.0,0.2,0.0,256.0,14.8,31.5,1019.4,8.0,7.0,2025-12-13 09:38:49.740769+00:00
19.4,15.5,78.0,0.2,0.0,253.0,13.0,29.6,1019.5,8.0,7.0,2025-12-13 09:38:49.740769+00:00
19.3,15.6,79.0,0.0,0.0,251.0,13.0,27.8,1019.6,7.0,7.0,2025-12-13 09:38:49.740769+00:00
19.0,16.0,83.0,0.0,0.0,249.0,13.0,25.9,1019.8,5.0,7.0,2025-12-13 09:38:49.740769+00:00
18.6,16.0,85.0,0.0,0.0,245.0,13.0,25.9,1020.2,2.0,7.0,2025-12-13 09:38:49.740769+00:00
18.4,16.2,87.0,0.0,0.0,248.0,13.0,25.9,1020.5,0.0,7.0,2025-12-13 09:38:49.740769+00:00
18.1,16.3,89.0,0.0,0.0,247.0,13.0,25.9,1020.7,0.0,4.0,2025-12-13 09:38:49.740769+00:00
18.1,16.3,89.0,0.0,0.0,250.0,13.0,25.9,1020.7,0.0,4.0,2025-12-13 09:38:49.740769+00:00
17.8,16.3,91.0,0.0,0.0,254.0,13.0,25.9,1021.1,0.0,4.0,2025-12-13 09:38:49.740769+00:00
17.7,16.2,91.0,0.0,0.0,258.0,13.0,25.9,1021.3,0.0,3.0,2025-12-13 09:38:49.740769+00:00
17.5,16.0,91.0,0.0,0.0,259.0,13.0,25.9,1021.5,0.0,3.0,2025-12-13 09:38:49.740769+00:00
17.3,15.6,90.0,0.0,0.0,256.0,13.0,25.9,1021.8,0.0,3.0,2025-12-13 09:38:49.740769+00:00
17.0,15.5,91.0,0.0,0.0,255.0,13.0,24.1,1022.1,0.0,3.0,2025-12-13 09:38:49.740769+00:00
16.6,15.1,91.0,0.0,0.0,248.0,11.1,22.2,1022.3,0.0,3.0,2025-12-13 09:38:49.740769+00:00
15.7,15.1,96.0,0.0,0.0,246.0,11.1,20.4,1022.4,0.0,3.0,2025-12-13 09:38:49.740769+00:00
15.6,15.0,96.0,0.0,0.0,248.0,11.1,22.2,1022.8,6.0,3.0,2025-12-13 09:38:49.740769+00:00
16.1,15.0,93.0,0.0,0.0,249.0,11.1,22.2,1023.3,14.0,3.0,2025-12-13 09:38:49.740769+00:00
17.1,15.3,89.0,0.0,0.0,252.0,11.1,22.2,1023.7,27.0,3.0,2025-12-13 09:38:49.740769+00:00
18.4,15.3,82.0,0.0,0.0,255.0,11.1,24.1,1023.9,36.0,3.0,2025-12-13 09:38:49.740769+00:00
19.7,15.1,75.0,0.0,0.0,257.0,13.0,25.9,1024.1,39.0,3.0,2025-12-13 09:38:49.740769+00:00
21.0,15.1,69.0,0.0,0.0,256.0,13.0,27.8,1024.1,39.0,3.0,2025-12-13 09:38:49.740769+00:00
21.9,14.5,63.0,0.0,0.0,254.0,13.0,27.8,1024.0,39.0,3.0,2025-12-13 09:38:49.740769+00:00
22.9,14.2,58.0,0.0,0.0,251.0,13.0,27.8,1023.8,40.0,2.0,2025-12-13 09:38:49.740769+00:00
23.5,14.2,56.0,0.0,0.0,246.0,11.1,27.8,1023.5,44.0,2.0,2025-12-13 09:38:49.740769+00:00
23.8,14.2,55.0,0.0,0.0,244.0,11.1,25.9,1023.2,47.0,2.0,2025-12-13 09:38:49.740769+00:00
23.6,14.3,56.0,0.0,0.0,236.0,11.1,22.2,1022.9,47.0,2.0,2025-12-13 09:38:49.740769+00:00
22.3,14.2,60.0,0.0,0.0,211.0,7.4,16.7,1023.1,43.0,2.0,2025-12-13 09:38:49.740769+00:00
20.5,14.8,70.0,0.0,0.0,193.0,7.4,14.8,1022.9,32.0,2.0,2025-12-13 09:38:49.740769+00:00
18.5,15.2,81.0,0.0,0.0,169.0,7.4,14.8,1022.7,17.0,2.0,2025-12-13 09:38:49.740769+00:00
17.2,15.2,88.0,0.0,0.0,162.0,9.3,14.8,1022.4,0.0,1.0,2025-12-13 09:38:49.740769+00:00
16.0,15.0,94.0,0.0,0.0,161.0,11.1,16.7,1022.1,0.0,1.0,2025-12-13 09:38:49.740769+00:00
15.3,15.0,98.0,0.0,0.0,166.0,11.1,16.7,1021.7,0.0,1.0,2025-12-13 09:38:49.740769+00:00
14.9,14.3,96.0,0.0,0.0,167.0,11.1,18.5,1021.5,0.0,1.0,2025-12-13 09:38:49.740769+00:00
14.6,14.1,97.0,0.0,0.0,168.0,13.0,18.5,1020.9,0.0,1.0,2025-12-13 09:38:49.740769+00:00
14.5,14.0,97.0,0.0,0.0,173.0,13.0,20.4,1020.3,0.0,1.0,2025-12-13 09:38:49.740769+00:00
14.2,13.7,97.0,0.0,0.0,177.0,13.0,20.4,1019.6,0.0,1.0,2025-12-13 09:38:49.740769+00:00
13.8,13.5,98.0,0.0,0.0,182.0,13.0,20.4,1019.2,0.0,1.0,2025-12-13 09:38:49.740769+00:00
13.5,13.0,97.0,0.0,0.0,185.0,13.0,20.4,1018.7,0.0,1.0,2025-12-13 09:38:49.740769+00:00
13.0,12.8,99.0,0.0,0.0,187.0,13.0,20.4,1018.3,0.0,1.0,2025-12-13 09:38:49.740769+00:00
13.1,12.5,96.0,0.0,0.0,191.0,13.0,22.2,1017.9,0.0,1.0,2025-12-13 09:38:49.740769+00:00
14.1,12.7,91.0,0.0,0.0,195.0,13.0,22.2,1017.6,27.0,1.0,2025-12-13 09:38:49.740769+00:00
16.0,12.9,82.0,0.0,0.0,199.0,11.1,20.4,1017.2,45.0,2.0,2025-12-13 09:38:49.740769+00:00
18.5,13.4,72.0,0.0,0.0,207.0,11.1,22.2,1017.0,56.0,2.0,2025-12-13 09:38:49.740769+00:00
21.4,13.6,61.0,0.0,0.0,209.0,11.1,22.2,1016.8,59.0,2.0,2025-12-13 09:38:49.740769+00:00
23.8,13.6,53.0,0.0,0.0,218.0,9.3,22.2,1016.1,58.0,2.0,2025-12-13 09:38:49.740769+00:00
25.0,13.8,50.0,0.0,0.0,212.0,11.1,25.9,1015.5,57.0,2.0,2025-12-13 09:38:49.740769+00:00
26.0,13.8,47.0,0.0,0.0,208.0,11.1,25.9,1014.7,59.0,2.0,2025-12-13 09:38:49.740769+00:00
26.7,13.8,45.0,0.0,0.0,205.0,11.1,25.9,1014.2,58.0,2.0,2025-12-13 09:38:49.740769+00:00
26.8,13.5,44.0,0.0,0.0,204.0,11.1,25.9,1013.7,58.0,2.0,2025-12-13 09:38:49.740769+00:00
26.3,13.7,46.0,0.0,0.0,199.0,11.1,25.9,1013.3,54.0,2.0,2025-12-13 09:38:49.740769+00:00
25.5,14.0,49.0,0.0,0.0,191.0,11.1,22.2,1012.8,44.0,2.0,2025-12-13 09:38:49.740769+00:00
23.1,14.6,59.0,0.0,0.0,191.0,11.1,20.4,1012.3,28.0,2.0,2025-12-13 09:38:49.740769+00:00
21.0,15.1,69.0,0.0,0.0,187.0,11.1,18.5,1012.2,12.0,2.0,2025-12-13 09:38:49.740769+00:00
19.7,15.3,76.0,0.0,0.0,187.0,11.1,20.4,1011.8,0.0,2.0,2025-12-13 09:38:49.740769+00:00
18.8,15.5,81.0,0.0,0.0,188.0,13.0,22.2,1011.6,0.0,2.0,2025-12-13 09:38:49.740769+00:00
18.2,15.4,84.0,0.0,0.0,194.0,13.0,22.2,1011.4,0.0,2.0,2025-12-13 09:38:49.740769+00:00
17.8,15.2,85.0,0.0,0.0,202.0,11.1,20.4,1011.4,0.0,2.0,2025-12-13 09:38:49.740769+00:00
17.5,15.3,87.0,0.0,0.0,211.0,11.1,18.5,1011.4,0.0,2.0,2025-12-13 09:38:49.740769+00:00
17.2,15.2,88.0,0.0,0.0,213.0,11.1,20.4,1011.5,0.0,2.0,2025-12-13 09:38:49.740769+00:00
16.9,15.2,90.0,0.0,0.0,210.0,11.1,18.5,1011.5,0.0,2.0,2025-12-13 09:38:49.740769+00:00
16.7,15.0,90.0,0.0,0.0,210.0,11.1,18.5,1011.5,0.0,2.0,2025-12-13 09:38:49.740769+00:00
16.5,14.9,90.0,0.0,0.0,202.0,11.1,18.5,1011.3,0.0,2.0,2025-12-13 09:38:49.740769+00:00
16.0,15.0,94.0,0.0,0.0,194.0,11.1,16.7,1011.1,0.0,2.0,2025-12-13 09:38:49.740769+00:00
16.2,15.1,93.0,0.0,0.0,192.0,11.1,18.5,1010.9,0.0,2.0,2025-12-13 09:38:49.740769+00:00
17.2,15.2,88.0,0.0,0.0,194.0,11.1,20.4,1010.7,15.0,2.0,2025-12-13 09:38:49.740769+00:00
18.9,15.6,81.0,0.0,0.0,197.0,11.1,20.4,1010.4,26.0,2.0,2025-12-13 09:38:49.740769+00:00
21.1,15.8,72.0,0.0,0.0,202.0,11.1,22.2,1010.3,35.0,2.0,2025-12-13 09:38:49.740769+00:00
23.1,15.9,64.0,0.0,0.0,211.0,11.1,24.1,1010.1,38.0,2.0,2025-12-13 09:38:49.740769+00:00
25.1,16.0,57.0,0.0,0.0,219.0,9.3,24.1,1009.9,36.0,2.0,2025-12-13 09:38:49.740769+00:00
25.5,15.8,55.0,0.0,0.0,232.0,11.1,25.9,1009.7,29.0,3.0,2025-12-13 09:38:49.740769+00:00
24.9,15.8,57.0,0.0,0.0,245.0,13.0,29.6,1009.7,21.0,3.0,2025-12-13 09:38:49.740769+00:00
24.2,15.7,59.0,0.1,0.0,254.0,13.0,29.6,1010.1,17.0,7.0,2025-12-13 09:38:49.740769+00:00
22.7,15.3,63.0,0.2,0.0,267.0,14.8,33.3,1010.7,14.0,7.0,2025-12-13 09:38:49.740769+00:00
21.1,14.3,65.0,0.2,0.0,276.0,16.7,37.0,1011.3,10.0,7.0,2025-12-13 09:38:49.740769+00:00
20.1,14.7,71.0,0.2,0.0,292.0,16.7,35.2,1011.7,6.0,7.0,2025-12-13 09:38:49.740769+00:00
18.7,14.2,75.0,0.2,0.0,296.0,16.7,35.2,1012.4,3.0,7.0,2025-12-13 09:38:49.740769+00:00
17.5,12.6,73.0,0.1,0.0,298.0,16.7,33.3,1013.2,1.0,7.0,2025-12-13 09:38:49.740769+00:00
16.4,12.2,76.0,0.1,0.0,302.0,16.7,31.5,1013.8,0.0,7.0,2025-12-13 09:38:49.740769+00:00
15.6,12.3,81.0,0.1,0.0,308.0,14.8,31.5,1014.4,0.0,7.0,2025-12-13 09:38:49.740769+00:00
15.0,12.0,82.0,0.1,0.0,313.0,14.8,29.6,1014.9,0.0,7.0,2025-12-13 09:38:49.740769+00:00
14.5,11.8,84.0,0.2,0.0,314.0,14.8,29.6,1015.5,0.0,7.0,2025-12-13 09:38:49.740769+00:00
13.9,11.6,86.0,0.4,0.0,321.0,13.0,27.8,1015.7,0.0,7.0,2025-12-13 09:38:49.740769+00:00
13.3,11.5,89.0,0.7,0.0,318.0,11.1,24.1,1016.1,0.0,7.0,2025-12-13 09:38:49.740769+00:00
12.8,11.0,89.0,0.8,0.0,314.0,11.1,24.1,1016.3,0.0,7.0,2025-12-13 09:38:49.740769+00:00
12.6,10.8,89.0,0.9,0.0,318.0,9.3,20.4,1016.5,0.0,7.0,2025-12-13 09:38:49.740769+00:00
12.1,10.8,92.0,1.1,0.0,314.0,9.3,20.4,1016.7,0.0,7.0,2025-12-13 09:38:49.740769+00:00
11.7,10.4,92.0,0.2,0.0,306.0,9.3,18.5,1017.0,0.0,7.0,2025-12-13 09:38:49.740769+00:00
11.5,10.6,94.0,0.1,0.0,311.0,9.3,16.7,1017.4,0.0,7.0,2025-12-13 09:38:49.740769+00:00
11.4,10.3,93.0,0.1,0.0,312.0,9.3,16.7,1017.7,1.0,7.0,2025-12-13 09:38:49.740769+00:00
11.5,10.2,92.0,0.0,0.0,310.0,9.3,16.7,1018.4,3.0,7.0,2025-12-13 09:38:49.740769+00:00
11.9,9.8,87.0,0.0,0.0,315.0,9.3,18.5,1019.0,7.0,7.0,2025-12-13 09:38:49.740769+00:00
12.4,9.6,83.0,0.0,0.0,318.0,9.3,18.5,1019.2,10.0,7.0,2025-12-13 09:38:49.740769+00:00
12.8,8.5,75.0,0.0,0.0,341.0,7.4,18.5,1019.6,13.0,4.0,2025-12-13 09:38:49.740769+00:00
13.2,7.4,68.0,0.0,0.0,339.0,7.4,18.5,1019.6,10.0,3.0,2025-12-13 09:38:49.740769+00:00
13.6,7.1,65.0,0.0,0.0,346.0,9.3,20.4,1019.3,8.0,4.0,2025-12-13 09:38:49.740769+00:00
14.0,6.8,62.0,0.0,0.0,347.0,9.3,20.4,1019.4,9.0,4.0,2025-12-13 09:38:49.740769+00:00
13.9,6.5,61.0,0.0,0.0,346.0,9.3,20.4,1019.4,10.0,4.0,2025-12-13 09:38:49.740769+00:00
13.5,6.4,62.0,0.0,0.0,345.0,9.3,20.4,1019.6,10.0,4.0,2025-12-13 09:38:49.740769+00:00
13.6,6.9,64.0,0.0,0.0,350.0,9.3,22.2,1019.5,8.0,4.0,2025-12-13 09:38:49.740769+00:00
13.0,7.2,68.0,0.0,0.0,349.0,9.3,20.4,1020.0,4.0,4.0,2025-12-13 09:38:49.740769+00:00
12.1,7.4,73.0,0.0,0.0,345.0,9.3,18.5,1020.5,1.0,3.0,2025-12-13 09:38:49.740769+00:00
11.3,7.4,77.0,0.0,0.0,347.0,9.3,18.5,1021.0,0.0,3.0,2025-12-13 09:38:49.740769+00:00
10.4,7.5,82.0,0.0,0.0,348.0,9.3,18.5,1021.3,0.0,3.0,2025-12-13 09:38:49.740769+00:00
9.7,7.5,86.0,0.0,0.0,341.0,9.3,18.5,1021.5,0.0,2.0,2025-12-13 09:38:49.740769+00:00
9.6,7.2,85.0,0.0,0.0,343.0,9.3,16.7,1022.0,0.0,2.0,2025-12-13 09:38:49.740769+00:00
8.9,7.2,89.0,0.0,0.0,333.0,9.3,14.8,1022.0,0.0,2.0,2025-12-13 09:38:49.740769+00:00
8.2,6.7,90.0,0.0,0.0,325.0,9.3,14.8,1022.1,0.0,2.0,2025-12-13 09:38:49.740769+00:00
7.5,6.4,93.0,0.0,0.0,314.0,9.3,14.8,1022.3,0.0,2.0,2025-12-13 09:38:49.740769+00:00
7.1,6.2,94.0,0.0,0.0,313.0,9.3,14.8,1022.5,0.0,2.0,2025-12-13 09:38:49.740769+00:00
6.8,6.1,95.0,0.0,0.0,305.0,9.3,14.8,1022.6,0.0,2.0,2025-12-13 09:38:49.740769+00:00
6.3,6.2,99.0,0.0,0.0,306.0,7.4,13.0,1022.6,0.0,1.0,2025-12-13 09:38:49.740769+00:00
6.4,6.0,97.0,0.0,0.0,305.0,7.4,13.0,1023.0,0.0,2.0,2025-12-13 09:38:49.740769+00:00
7.1,6.4,95.0,0.0,0.0,303.0,7.4,14.8,1023.3,24.0,2.0,2025-12-13 09:38:49.740769+00:00
8.8,6.8,87.0,0.0,,303.0,7.4,13.0,1023.7,40.0,2.0,2025-12-13 09:38:49.740769+00:00
10.8,6.9,77.0,0.0,,309.0,7.4,14.8,1024.1,52.0,2.0,2025-12-13 09:38:49.740769+00:00
12.6,7.1,69.0,0.0,,316.0,7.4,16.7,1024.3,54.0,2.0,2025-12-13 09:38:49.740769+00:00
14.5,6.6,59.0,0.0,,324.0,7.4,18.5,1024.4,53.0,2.0,2025-12-13 09:38:49.740769+00:00
15.1,6.4,56.0,0.0,,329.0,7.4,20.4,1024.3,48.0,2.0,2025-12-13 09:38:49.740769+00:00
15.6,6.1,53.0,0.0,,348.0,7.4,20.4,1024.1,41.0,2.0,2025-12-13 09:38:49.740769+00:00
15.7,5.9,52.0,0.0,,352.0,7.4,22.2,1023.8,40.0,2.0,2025-12-13 09:38:49.740769+00:00
15.7,5.6,51.0,0.0,,1.0,7.4,22.2,1023.7,40.0,2.0,2025-12-13 09:38:49.740769+00:00
15.2,5.4,52.0,0.0,,12.0,9.3,22.2,1023.6,40.0,2.0,2025-12-13 09:38:49.740769+00:00
14.9,5.7,54.0,0.0,,22.0,9.3,22.2,1023.7,38.0,2.0,2025-12-13 09:38:49.740769+00:00
13.2,6.3,63.0,0.0,,30.0,9.3,20.4,1024.2,25.0,2.0,2025-12-13 09:38:49.740769+00:00
11.6,6.3,70.0,0.0,,38.0,11.1,20.4,1024.8,10.0,2.0,2025-12-13 09:38:49.740769+00:00
10.4,6.5,77.0,0.0,,45.0,11.1,20.4,1025.5,0.0,2.0,2025-12-13 09:38:49.740769+00:00
9.9,6.4,79.0,0.0,,48.0,11.1,22.2,1026.0,0.0,1.0,2025-12-13 09:38:49.740769+00:00
9.3,6.2,81.0,0.0,,51.0,13.0,22.2,1026.3,0.0,1.0,2025-12-13 09:38:49.740769+00:00
8.6,5.9,83.0,0.0,,54.0,11.1,22.2,1026.8,0.0,1.0,2025-12-13 09:38:49.740769+00:00
8.1,5.7,85.0,0.0,,58.0,13.0,22.2,1026.9,0.0,1.0,2025-12-13 09:38:49.740769+00:00
7.7,5.5,86.0,0.0,,59.0,13.0,22.2,1027.0,0.0,1.0,2025-12-13 09:38:49.740769+00:00
7.2,5.3,88.0,0.0,,62.0,13.0,22.2,1027.2,0.0,1.0,2025-12-13 09:38:49.740769+00:00
6.8,5.3,90.0,0.0,,59.0,13.0,22.2,1027.3,0.0,1.0,2025-12-13 09:38:49.740769+00:00
6.5,5.0,90.0,0.0,,61.0,13.0,22.2,1027.5,0.0,1.0,2025-12-13 09:38:49.740769+00:00
6.0,5.0,93.0,0.0,,62.0,13.0,24.1,1027.6,0.0,1.0,2025-12-13 09:38:49.740769+00:00
6.0,5.0,93.0,0.0,,64.0,13.0,24.1,1027.8,0.0,1.0,2025-12-13 09:38:49.740769+00:00
6.8,5.0,88.0,0.0,,67.0,14.8,25.9,1027.9,27.0,1.0,2025-12-13 09:38:49.740769+00:00
8.4,5.3,81.0,0.0,,69.0,14.8,27.8,1028.2,47.0,1.0,2025-12-13 09:38:49.740769+00:00
10.6,5.6,71.0,0.0,,73.0,14.8,29.6,1028.3,60.0,1.0,2025-12-13 09:38:49.740769+00:00
12.8,5.2,60.0,0.0,,75.0,16.7,33.3,1028.3,60.0,1.0,2025-12-13 09:38:49.740769+00:00
14.5,5.0,53.0,0.0,,77.0,16.7,37.0,1028.2,60.0,2.0,2025-12-13 09:38:49.740769+00:00
15.7,4.7,48.0,0.0,,76.0,18.5,38.9,1027.9,60.0,2.0,2025-12-13 09:38:49.740769+00:00
16.3,4.3,45.0,0.0,,76.0,20.4,40.8,1027.5,59.0,2.0,2025-12-13 09:38:49.740769+00:00
16.6,4.0,43.0,0.0,,75.0,20.4,42.6,1027.2,58.0,2.0,2025-12-13 09:38:49.740769+00:00
16.4,3.8,43.0,0.0,,74.0,20.4,42.6,1026.8,57.0,2.0,2025-12-13 09:38:49.740769+00:00
15.8,3.6,44.0,0.0,,72.0,20.4,42.6,1026.5,55.0,2.0,2025-12-13 09:38:49.740769+00:00
14.9,3.7,47.0,0.0,,73.0,18.5,40.8,1026.6,49.0,2.0,2025-12-13 09:38:49.740769+00:00
13.4,4.0,53.0,0.0,,73.0,18.5,38.9,1026.7,32.0,1.0,2025-12-13 09:38:49.740769+00:00
12.1,4.3,59.0,0.0,,73.0,18.5,35.2,1026.9,8.0,1.0,2025-12-13 09:38:49.740769+00:00
10.9,4.6,65.0,0.0,,74.0,18.5,33.3,1027.2,0.0,1.0,2025-12-13 09:38:49.740769+00:00
10.4,4.5,67.0,0.0,,74.0,18.5,33.3,1027.4,0.0,1.0,2025-12-13 09:38:49.740769+00:00
9.6,4.6,71.0,0.0,,76.0,18.5,33.3,1027.6,0.0,1.0,2025-12-13 09:38:49.740769+00:00
9.3,4.5,72.0,0.0,,76.0,18.5,33.3,1027.2,0.0,1.0,2025-12-13 09:38:49.740769+00:00
8.7,4.1,73.0,0.0,,75.0,20.4,35.2,1027.3,0.0,1.0,2025-12-13 09:38:49.740769+00:00
8.3,4.1,75.0,0.0,,75.0,20.4,37.0,1027.3,0.0,1.0,2025-12-13 09:38:49.740769+00:00
8.0,4.2,77.0,0.0,,75.0,20.4,37.0,1027.3,0.0,1.0,2025-12-13 09:38:49.740769+00:00
7.7,3.9,77.0,0.0,,74.0,20.4,37.0,1027.2,0.0,1.0,2025-12-13 09:38:49.740769+00:00
7.2,4.0,80.0,0.0,,77.0,20.4,37.0,1027.0,0.0,1.0,2025-12-13 09:38:49.740769+00:00
6.5,3.8,83.0,0.0,,74.0,20.4,37.0,1026.9,0.0,1.0,2025-12-13 09:38:49.740769+00:00
6.6,4.1,84.0,0.0,,78.0,20.4,37.0,1027.1,0.0,1.0,2025-12-13 09:38:49.740769+00:00
7.4,4.2,80.0,0.0,,77.0,20.4,37.0,1027.2,25.0,1.0,2025-12-13 09:38:49.740769+00:00
8.8,4.4,74.0,0.0,,79.0,18.5,37.0,1027.3,42.0,2.0,2025-12-13 09:38:49.740769+00:00
10.4,4.5,67.0,0.0,,81.0,18.5,38.9,1027.2,52.0,2.0,2025-12-13 09:38:49.740769+00:00
11.9,4.1,59.0,0.0,,84.0,20.4,42.6,1027.0,53.0,2.0,2025-12-13 09:38:49.740769+00:00
13.3,3.6,52.0,0.0,,83.0,20.4,42.6,1026.9,51.0,2.0,2025-12-13 09:38:49.740769+00:00
13.6,3.1,49.0,0.0,,86.0,22.2,46.3,1026.7,44.0,2.0,2025-12-13 09:38:49.740769+00:00
13.8,3.0,48.0,0.0,,84.0,22.2,46.3,1026.0,37.0,2.0,2025-12-13 09:38:49.740769+00:00
13.9,2.8,47.0,0.0,,86.0,22.2,46.3,1025.8,35.0,2.0,2025-12-13 09:38:49.740769+00:00
13.8,3.0,48.0,0.0,0.0,85.0,22.2,46.3,1025.7,30.0,3.0,2025-12-13 09:38:49.740769+00:00
13.1,2.9,50.0,0.0,0.0,84.0,20.4,44.5,1025.5,24.0,3.0,2025-12-13 09:38:49.740769+00:00
13.2,3.3,51.0,0.0,0.0,84.0,16.7,38.9,1025.6,21.0,3.0,2025-12-13 09:38:49.740769+00:00
12.7,3.6,54.0,0.0,0.0,86.0,18.5,37.0,1025.8,10.0,3.0,2025-12-13 09:38:49.740769+00:00
11.8,3.8,58.0,0.0,0.0,89.0,16.7,35.2,1026.3,2.0,3.0,2025-12-13 09:38:49.740769+00:00
11.5,4.2,61.0,0.0,0.0,90.0,18.5,33.3,1026.7,0.0,4.0,2025-12-13 09:38:49.740769+00:00
11.0,4.9,66.0,0.0,0.0,86.0,18.5,33.3,1027.0,0.0,4.0,2025-12-13 09:38:49.740769+00:00
10.7,5.0,68.0,0.0,0.0,86.0,18.5,35.2,1027.3,0.0,7.0,2025-12-13 09:38:49.740769+00:00
11.3,5.6,68.0,0.0,0.0,86.0,16.7,33.3,1027.2,0.0,4.0,2025-12-13 09:38:49.740769+00:00
10.9,5.8,71.0,0.0,0.0,84.0,18.5,33.3,1027.2,0.0,4.0,2025-12-13 09:38:49.740769+00:00
10.6,5.8,72.0,0.0,0.0,83.0,18.5,33.3,1027.2,0.0,4.0,2025-12-13 09:38:49.740769+00:00
10.3,6.1,75.0,0.0,0.0,83.0,16.7,33.3,1027.1,0.0,4.0,2025-12-13 09:38:49.740769+00:00
10.2,6.0,75.0,0.0,0.0,82.0,16.7,33.3,1027.0,0.0,4.0,2025-12-13 09:38:49.740769+00:00
9.9,5.9,76.0,0.0,0.0,84.0,16.7,31.5,1026.8,0.0,4.0,2025-12-13 09:38:49.740769+00:00
9.6,5.6,76.0,0.0,0.0,86.0,18.5,33.3,1026.9,0.0,4.0,2025-12-13 09:38:49.740769+00:00
9.7,6.1,78.0,0.0,0.0,89.0,16.7,31.5,1027.0,0.0,4.0,2025-12-13 09:38:49.740769+00:00
9.9,6.2,78.0,0.0,0.0,86.0,16.7,31.5,1027.1,4.0,4.0,2025-12-13 09:38:49.740769+00:00
10.1,6.4,78.0,0.0,0.0,90.0,16.7,33.3,1027.3,8.0,3.0,2025-12-13 09:38:49.740769+00:00
10.5,6.3,75.0,0.0,0.0,91.0,16.7,33.3,1027.3,12.0,4.0,2025-12-13 09:38:49.740769+00:00
11.3,6.0,70.0,0.0,0.0,93.0,16.7,35.2,1027.4,16.0,4.0,2025-12-13 09:38:49.740769+00:00
11.4,5.9,69.0,0.0,0.0,92.0,16.7,33.3,1027.4,16.0,4.0,2025-12-13 09:38:49.740769+00:00
11.8,6.1,68.0,0.0,0.0,94.0,16.7,33.3,1027.2,16.0,3.0,2025-12-13 09:38:49.740769+00:00
12.5,6.3,66.0,0.0,0.0,93.0,16.7,35.2,1026.8,14.0,3.0,2025-12-13 09:38:49.740769+00:00
12.9,6.3,64.0,0.0,0.0,93.0,16.7,35.2,1026.4,15.0,3.0,2025-12-13 09:38:49.740769+00:00
13.2,6.3,63.0,0.0,0.0,94.0,16.7,33.3,1026.1,15.0,3.0,2025-12-13 09:38:49.740769+00:00
13.2,6.3,63.0,0.0,0.0,95.0,16.7,33.3,1025.8,14.0,3.0,2025-12-13 09:38:49.740769+00:00
13.7,6.3,61.0,0.0,0.0,97.0,14.8,31.5,1025.8,10.0,3.0,2025-12-13 09:38:49.740769+00:00
13.3,6.4,63.0,0.0,0.0,95.0,16.7,31.5,1025.4,4.0,3.0,2025-12-13 09:38:49.740769+00:00
12.7,6.5,66.0,0.0,0.0,95.0,16.7,31.5,1025.5,1.0,3.0,2025-12-13 09:38:49.740769+00:00
12.2,6.5,68.0,0.0,0.0,96.0,16.7,31.5,1025.6,0.0,3.0,2025-12-13 09:38:49.740769+00:00
11.8,6.7,71.0,0.0,0.0,97.0,16.7,33.3,1025.6,0.0,3.0,2025-12-13 09:38:49.740769+00:00
11.5,6.6,72.0,0.0,0.0,98.0,16.7,33.3,1025.5,0.0,3.0,2025-12-13 09:38:49.740769+00:00
12.0,6.7,70.0,0.0,0.0,102.0,16.7,31.5,1025.3,0.0,4.0,2025-12-13 09:38:49.740769+00:00
11.5,6.4,71.0,0.0,0.0,99.0,16.7,31.5,1025.2,0.0,3.0,2025-12-13 09:38:49.740769+00:00
10.9,6.3,73.0,0.0,0.0,96.0,16.7,31.5,1025.2,0.0,3.0,2025-12-13 09:38:49.740769+00:00
10.5,6.3,75.0,0.0,0.0,96.0,16.7,31.5,1025.1,0.0,3.0,2025-12-13 09:38:49.740769+00:00
10.3,6.3,76.0,0.0,0.0,93.0,14.8,29.6,1024.9,0.0,2.0,2025-12-13 09:38:49.740769+00:00
10.1,6.1,76.0,0.0,0.0,97.0,14.8,27.8,1024.6,0.0,2.0,2025-12-13 09:38:49.740769+00:00
9.8,6.1,78.0,0.0,0.0,97.0,14.8,27.8,1024.7,0.0,2.0,2025-12-13 09:38:49.740769+00:00
9.6,6.3,80.0,0.0,0.0,98.0,14.8,27.8,1024.8,0.0,2.0,2025-12-13 09:38:49.740769+00:00
10.0,6.7,80.0,0.0,0.0,98.0,14.8,27.8,1025.0,13.0,2.0,2025-12-13 09:38:49.740769+00:00
10.9,6.8,76.0,0.0,0.0,97.0,13.0,27.8,1025.1,23.0,2.0,2025-12-13 09:38:49.740769+00:00
12.0,7.1,72.0,0.0,0.0,98.0,13.0,27.8,1025.4,31.0,2.0,2025-12-13 09:38:49.740769+00:00
13.4,7.4,67.0,0.0,0.0,99.0,14.8,29.6,1025.4,37.0,2.0,2025-12-13 09:38:49.740769+00:00
15.4,7.7,60.0,0.0,0.0,100.0,14.8,27.8,1025.0,41.0,2.0,2025-12-13 09:38:49.740769+00:00
16.3,8.3,59.0,0.0,0.0,102.0,13.0,29.6,1024.7,43.0,2.0,2025-12-13 09:38:49.740769+00:00
17.1,8.5,57.0,0.0,0.0,102.0,13.0,29.6,1024.4,41.0,2.0,2025-12-13 09:38:49.740769+00:00
17.5,8.6,56.0,0.0,0.0,101.0,13.0,29.6,1024.1,44.0,2.0,2025-12-13 09:38:49.740769+00:00
17.4,8.8,57.0,0.0,0.0,97.0,13.0,29.6,1023.9,47.0,2.0,2025-12-13 09:38:49.740769+00:00
16.7,8.4,58.0,0.0,0.0,95.0,13.0,27.8,1023.9,45.0,2.0,2025-12-13 09:38:49.740769+00:00
16.5,8.7,60.0,0.0,0.0,94.0,13.0,27.8,1023.9,38.0,2.0,2025-12-13 09:38:49.740769+00:00
15.1,9.0,67.0,0.0,0.0,91.0,13.0,24.1,1024.0,22.0,2.0,2025-12-13 09:38:49.740769+00:00
13.7,8.7,72.0,0.0,0.0,88.0,11.1,22.2,1024.3,0.0,2.0,2025-12-13 09:38:49.740769+00:00
12.7,8.8,77.0,0.0,0.0,88.0,13.0,22.2,1024.4,0.0,2.0,2025-12-13 09:38:49.740769+00:00
12.0,8.5,79.0,0.0,0.0,89.0,13.0,22.2,1024.6,0.0,2.0,2025-12-13 09:38:49.740769+00:00
11.5,8.4,81.0,0.0,0.0,93.0,13.0,22.2,1024.6,0.0,2.0,2025-12-13 09:38:49.740769+00:00
11.3,8.3,82.0,0.0,0.0,86.0,11.1,20.4,1024.7,0.0,2.0,2025-12-13 09:38:49.740769+00:00
10.6,8.0,84.0,0.0,0.0,87.0,11.1,20.4,1024.7,0.0,2.0,2025-12-13 09:38:49.740769+00:00
10.1,7.3,83.0,0.0,0.0,89.0,11.1,20.4,1024.8,0.0,2.0,2025-12-13 09:38:49.740769+00:00
9.5,6.9,84.0,0.0,0.0,88.0,11.1,20.4,1024.7,0.0,2.0,2025-12-13 09:38:49.740769+00:00
9.1,6.7,85.0,0.0,0.0,85.0,11.1,18.5,1024.6,0.0,2.0,2025-12-13 09:38:49.740769+00:00
8.8,6.2,84.0,0.0,0.0,82.0,11.1,18.5,1024.4,0.0,2.0,2025-12-13 09:38:49.740769+00:00
8.3,6.3,87.0,0.0,0.0,86.0,11.1,18.5,1024.7,0.0,2.0,2025-12-13 09:38:49.740769+00:00
8.0,6.3,89.0,0.0,0.0,87.0,11.1,18.5,1024.7,0.0,2.0,2025-12-13 09:38:49.740769+00:00
8.5,6.3,86.0,0.0,0.0,84.0,9.3,18.5,1024.8,21.0,2.0,2025-12-13 09:38:49.740769+00:00
9.7,7.0,83.0,0.0,0.0,85.0,11.1,20.4,1025.0,38.0,2.0,2025-12-13 09:38:49.740769+00:00
11.5,7.0,74.0,0.0,0.0,86.0,9.3,20.4,1025.0,51.0,2.0,2025-12-13 09:38:49.740769+00:00
13.5,7.0,65.0,0.0,0.0,86.0,9.3,20.4,1024.9,58.0,2.0,2025-12-13 09:38:49.740769+00:00
15.9,6.3,53.0,0.0,0.0,93.0,9.3,22.2,1024.8,60.0,2.0,2025-12-13 09:38:49.740769+00:00
16.8,6.3,50.0,0.0,0.0,89.0,9.3,22.2,1024.4,60.0,2.0,2025-12-13 09:38:49.740769+00:00
17.8,6.3,47.0,0.0,0.0,88.0,11.1,24.1,1024.0,60.0,2.0,2025-12-13 09:38:49.740769+00:00
18.1,6.0,45.0,0.0,0.0,88.0,11.1,25.9,1023.5,60.0,2.0,2025-12-13 09:38:49.740769+00:00
17.9,5.8,45.0,0.0,0.0,86.0,11.1,25.9,1023.1,60.0,1.0,2025-12-13 09:38:49.740769+00:00
17.1,5.7,47.0,0.0,0.0,83.0,11.1,25.9,1023.0,59.0,1.0,2025-12-13 09:38:49.740769+00:00
16.5,5.4,48.0,0.0,0.0,87.0,11.1,25.9,1022.8,51.0,1.0,2025-12-13 09:38:49.740769+00:00
14.5,6.1,57.0,0.0,0.0,84.0,11.1,22.2,1023.0,30.0,1.0,2025-12-13 09:38:49.740769+00:00
12.6,6.2,65.0,0.0,0.0,83.0,11.1,20.4,1023.4,0.0,1.0,2025-12-13 09:38:49.740769+00:00
11.2,6.5,73.0,0.0,0.0,86.0,11.1,20.4,1023.6,0.0,1.0,2025-12-13 09:38:49.740769+00:00
10.4,6.7,78.0,0.0,0.0,92.0,11.1,20.4,1023.9,0.0,1.0,2025-12-13 09:38:49.740769+00:00
9.7,6.8,82.0,0.0,0.0,97.0,11.1,18.5,1024.1,0.0,1.0,2025-12-13 09:38:49.740769+00:00
9.5,6.6,82.0,0.0,0.0,97.0,9.3,18.5,1024.1,0.0,1.0,2025-12-13 09:38:49.740769+00:00
8.9,6.5,85.0,0.0,0.0,93.0,11.1,18.5,1024.0,0.0,1.0,2025-12-13 09:38:49.740769+00:00
8.5,6.5,87.0,0.0,0.0,90.0,11.1,18.5,1024.1,0.0,1.0,2025-12-13 09:38:49.740769+00:00
8.1,6.2,88.0,0.0,0.0,89.0,9.3,16.7,1024.1,0.0,1.0,2025-12-13 09:38:49.740769+00:00
7.7,6.2,90.0,0.0,0.0,83.0,11.1,16.7,1024.1,0.0,1.0,2025-12-13 09:38:49.740769+00:00
7.5,6.3,92.0,0.0,0.0,80.0,9.3,16.7,1024.1,0.0,1.0,2025-12-13 09:38:49.740769+00:00
7.1,6.4,95.0,0.0,0.0,83.0,9.3,16.7,1024.2,0.0,1.0,2025-12-13 09:38:49.740769+00:00
7.1,6.4,95.0,0.0,0.0,82.0,9.3,14.8,1024.2,0.0,1.0,2025-12-13 09:38:49.740769+00:00
7.6,6.9,95.0,0.0,0.0,85.0,9.3,16.7,1024.2,16.0,2.0,2025-12-13 09:38:49.740769+00:00
9.0,7.4,90.0,0.0,0.0,86.0,9.3,16.7,1024.5,28.0,2.0,2025-12-13 09:38:49.740769+00:00
10.7,7.9,83.0,0.0,0.0,92.0,9.3,18.5,1024.6,36.0,2.0,2025-12-13 09:38:49.740769+00:00
12.4,8.3,76.0,0.0,0.0,96.0,9.3,20.4,1024.7,39.0,2.0,2025-12-13 09:38:49.740769+00:00
13.8,8.2,69.0,0.0,0.0,101.0,9.3,22.2,1024.6,39.0,2.0,2025-12-13 09:38:49.740769+00:00
14.6,7.6,63.0,0.0,0.0,105.0,11.1,24.1,1024.3,36.0,2.0,2025-12-13 09:38:49.740769+00:00
14.9,7.2,60.0,0.0,0.0,105.0,11.1,24.1,1024.0,31.0,2.0,2025-12-13 09:38:49.740769+00:00
15.1,6.9,58.0,0.0,0.0,105.0,11.1,24.1,1023.8,29.0,2.0,2025-12-13 09:38:49.740769+00:00
15.2,6.7,57.0,0.0,0.0,103.0,11.1,24.1,1023.6,29.0,2.0,2025-12-13 09:38:49.740769+00:00
14.7,6.5,58.0,0.0,0.0,102.0,11.1,24.1,1023.5,29.0,2.0,2025-12-13 09:38:49.740769+00:00
13.9,6.5,61.0,0.0,0.0,99.0,11.1,24.1,1023.7,25.0,2.0,2025-12-13 09:38:49.740769+00:00
12.5,6.8,68.0,0.0,0.0,98.0,11.1,22.2,1024.0,16.0,2.0,2025-12-13 09:38:49.740769+00:00
11.4,6.9,74.0,0.0,0.0,93.0,11.1,22.2,1024.3,0.0,2.0,2025-12-13 09:38:49.740769+00:00
10.1,7.0,81.0,0.0,0.0,94.0,11.1,20.4,1024.5,0.0,2.0,2025-12-13 09:38:49.740769+00:00
9.6,6.9,83.0,0.0,0.0,97.0,11.1,20.4,1024.6,0.0,2.0,2025-12-13 09:38:49.740769+00:00
9.0,6.4,84.0,0.0,0.0,102.0,11.1,20.4,1024.7,0.0,2.0,2025-12-13 09:38:49.740769+00:00
8.6,6.6,87.0,0.0,0.0,109.0,11.1,18.5,1024.8,0.0,2.0,2025-12-13 09:38:49.740769+00:00
8.0,6.3,89.0,0.0,0.0,106.0,11.1,18.5,1025.0,0.0,1.0,2025-12-13 09:38:49.740769+00:00
7.4,5.9,90.0,0.0,0.0,103.0,11.1,18.5,1025.1,0.0,1.0,2025-12-13 09:38:49.740769+00:00
6.8,5.4,91.0,0.0,0.0,100.0,11.1,18.5,1025.2,0.0,1.0,2025-12-13 09:38:49.740769+00:00
6.4,5.2,92.0,0.0,0.0,99.0,11.1,18.5,1025.3,0.0,1.0,2025-12-13 09:38:49.740769+00:00
5.9,5.0,94.0,0.0,0.0,96.0,11.1,18.5,1025.3,0.0,1.0,2025-12-13 09:38:49.740769+00:00
5.5,4.8,95.0,0.0,0.0,96.0,11.1,20.4,1025.8,0.0,1.0,2025-12-13 09:38:49.740769+00:00
5.3,4.9,97.0,0.0,0.0,94.0,11.1,20.4,1026.1,0.0,2.0,2025-12-13 09:38:49.740769+00:00
5.8,5.1,95.0,0.0,0.0,90.0,11.1,20.4,1026.4,19.0,2.0,2025-12-13 09:38:49.740769+00:00
7.2,5.5,89.0,0.0,0.0,92.0,9.3,20.4,1026.8,34.0,2.0,2025-12-13 09:38:49.740769+00:00
9.0,6.1,82.0,0.0,0.0,96.0,11.1,22.2,1027.0,46.0,2.0,2025-12-13 09:38:49.740769+00:00
10.7,5.9,72.0,0.0,0.0,98.0,11.1,24.1,1027.1,52.0,2.0,2025-12-13 09:38:49.740769+00:00
12.8,5.5,61.0,0.0,0.0,106.0,11.1,24.1,1027.3,53.0,2.0,2025-12-13 09:38:49.740769+00:00
13.3,4.7,56.0,0.0,0.0,103.0,11.1,25.9,1027.3,46.0,2.0,2025-12-13 09:38:49.740769+00:00
13.6,4.5,54.0,0.0,0.0,99.0,11.1,25.9,1027.2,37.0,2.0,2025-12-13 09:38:49.740769+00:00
13.7,4.0,52.0,0.0,0.0,98.0,11.1,25.9,1027.4,33.0,2.0,2025-12-13 09:38:49.740769+00:00
13.5,3.8,52.0,0.0,0.0,95.0,11.1,27.8,1027.6,32.0,2.0,2025-12-13 09:38:49.740769+00:00
12.8,4.2,56.0,0.0,0.0,91.0,11.1,25.9,1027.9,32.0,2.0,2025-12-13 09:38:49.740769+00:00
12.4,4.4,58.0,0.0,0.0,93.0,11.1,24.1,1028.1,28.0,2.0,2025-12-13 09:38:49.740769+00:00
11.0,4.9,66.0,0.0,0.0,87.0,11.1,22.2,1028.6,16.0,2.0,2025-12-13 09:38:49.740769+00:00
9.6,5.2,74.0,0.0,0.0,83.0,11.1,20.4,1029.0,0.0,2.0,2025-12-13 09:38:49.740769+00:00
8.4,5.7,83.0,0.0,0.0,84.0,11.1,20.4,1029.5,0.0,2.0,2025-12-13 09:38:49.740769+00:00
7.9,5.5,85.0,0.0,0.0,84.0,9.3,18.5,1029.8,0.0,2.0,2025-12-13 09:38:49.740769+00:00
7.3,5.4,88.0,0.0,0.0,85.0,9.3,16.7,1030.1,0.0,2.0,2025-12-13 09:38:49.740769+00:00
7.0,5.0,87.0,0.0,0.0,82.0,9.3,16.7,1030.3,0.0,2.0,2025-12-13 09:38:49.740769+00:00
6.5,4.8,89.0,0.0,0.0,84.0,9.3,16.7,1030.5,0.0,2.0,2025-12-13 09:38:49.740769+00:00
6.1,4.7,91.0,0.0,0.0,81.0,9.3,16.7,1030.7,0.0,2.0,2025-12-13 09:38:49.740769+00:00
5.8,4.6,92.0,0.0,0.0,84.0,9.3,14.8,1030.9,0.0,2.0,2025-12-13 09:38:49.740769+00:00
5.4,4.5,94.0,0.0,0.0,77.0,9.3,14.8,1031.0,0.0,2.0,2025-12-13 09:38:49.740769+00:00
5.3,4.6,95.0,0.0,0.0,75.0,9.3,14.8,1031.0,0.0,1.0,2025-12-13 09:38:49.740769+00:00
5.1,4.7,97.0,0.0,0.0,75.0,7.4,13.0,1031.4,0.0,2.0,2025-12-13 09:38:49.740769+00:00
5.3,4.7,96.0,0.0,0.0,77.0,7.4,13.0,1031.8,0.0,2.0,2025-12-13 09:38:49.740769+00:00
5.9,5.5,97.0,0.0,0.0,73.0,7.4,14.8,1032.1,14.0,2.0,2025-12-13 09:38:49.740769+00:00
7.2,6.0,92.0,0.0,0.0,71.0,7.4,16.7,1032.4,25.0,2.0,2025-12-13 09:38:49.740769+00:00
8.9,6.5,85.0,0.0,0.0,80.0,7.4,16.7,1032.5,34.0,2.0,2025-12-13 09:38:49.740769+00:00
10.4,6.5,77.0,0.0,0.0,85.0,9.3,18.5,1032.5,39.0,2.0,2025-12-13 09:38:49.740769+00:00
11.8,6.7,71.0,0.0,0.0,83.0,9.3,22.2,1032.6,38.0,2.0,2025-12-13 09:38:49.740769+00:00
12.0,6.3,68.0,0.0,0.0,83.0,9.3,22.2,1032.5,34.0,3.0,2025-12-13 09:38:49.740769+00:00
12.4,6.0,65.0,0.0,0.0,80.0,9.3,24.1,1032.2,26.0,3.0,2025-12-13 09:38:49.740769+00:00
12.5,5.6,63.0,0.0,0.0,81.0,9.3,24.1,1032.0,25.0,3.0,2025-12-13 09:38:49.740769+00:00
12.5,5.4,62.0,0.0,0.0,79.0,9.3,24.1,1032.0,25.0,3.0,2025-12-13 09:38:49.740769+00:00
11.9,5.5,65.0,0.0,0.0,77.0,9.3,22.2,1032.0,23.0,3.0,2025-12-13 09:38:49.740769+00:00
11.3,5.8,69.0,0.0,0.0,78.0,9.3,20.4,1032.1,20.0,3.0,2025-12-13 09:38:49.740769+00:00
9.8,6.3,79.0,0.0,0.0,68.0,7.4,18.5,1032.3,11.0,2.0,2025-12-13 09:38:49.740769+00:00
8.6,6.4,86.0,0.0,0.0,58.0,7.4,14.8,1032.6,0.0,2.0,2025-12-13 09:38:49.740769+00:00
7.4,6.3,93.0,0.0,0.0,59.0,7.4,14.8,1032.6,0.0,2.0,2025-12-13 09:38:49.740769+00:00
7.0,6.1,94.0,0.0,0.0,57.0,7.4,13.0,1032.7,0.0,2.0,2025-12-13 09:38:49.740769+00:00
6.4,6.0,97.0,0.0,0.0,60.0,7.4,13.0,1032.7,0.0,2.0,2025-12-13 09:38:49.740769+00:00
6.0,5.4,96.0,0.0,0.0,60.0,7.4,13.0,1032.5,0.0,2.0,2025-12-13 09:38:49.740769+00:00
5.7,5.3,97.0,0.0,0.0,57.0,7.4,11.1,1032.3,0.0,2.0,2025-12-13 09:38:49.740769+00:00
5.4,5.0,97.0,0.0,0.0,55.0,5.5,11.1,1032.1,0.0,2.0,2025-12-13 09:38:49.740769+00:00
5.1,4.7,97.0,0.0,0.0,42.0,5.5,11.1,1031.9,0.0,1.0,2025-12-13 09:38:49.740769+00:00
4.7,4.6,99.0,0.0,0.0,33.0,5.5,11.1,1031.7,0.0,1.0,2025-12-13 09:38:49.740769+00:00
4.6,4.3,98.0,0.0,0.0,25.0,5.5,9.3,1031.7,0.0,1.0,2025-12-13 09:38:49.740769+00:00
4.3,4.2,99.0,0.0,0.0,24.0,5.5,11.1,1031.7,0.0,1.0,2025-12-13 09:38:49.740769+00:00
4.3,3.9,97.0,0.0,0.0,11.0,5.5,11.1,1031.8,0.0,2.0,2025-12-13 09:38:49.740769+00:00
4.7,4.4,98.0,0.0,0.0,9.0,5.5,11.1,1031.9,18.0,2.0,2025-12-13 09:38:49.740769+00:00
6.2,5.5,95.0,0.0,0.0,15.0,3.7,11.1,1031.9,32.0,2.0,2025-12-13 09:38:49.740769+00:00
8.4,6.4,87.0,0.0,0.0,31.0,3.7,11.1,1031.8,44.0,2.0,2025-12-13 09:38:49.740769+00:00
10.6,6.5,76.0,0.0,0.0,35.0,5.5,13.0,1031.8,50.0,2.0,2025-12-13 09:38:49.740769+00:00
12.5,5.9,64.0,0.0,0.0,28.0,3.7,11.1,1031.7,49.0,2.0,2025-12-13 09:38:49.740769+00:00
13.4,5.1,57.0,0.0,0.0,31.0,3.7,13.0,1031.3,45.0,2.0,2025-12-13 09:38:49.740769+00:00
14.0,4.8,54.0,0.0,0.0,19.0,3.7,14.8,1030.8,38.0,2.0,2025-12-13 09:38:49.740769+00:00
14.1,4.4,52.0,0.0,0.0,22.0,3.7,14.8,1030.3,36.0,2.0,2025-12-13 09:38:49.740769+00:00
14.0,4.0,51.0,0.0,0.0,10.0,3.7,16.7,1029.9,36.0,2.0,2025-12-13 09:38:49.740769+00:00
13.3,4.2,54.0,0.0,0.0,352.0,3.7,14.8,1029.5,35.0,2.0,2025-12-13 09:38:49.740769+00:00
12.5,4.7,59.0,0.0,0.0,1.0,3.7,11.1,1029.2,30.0,2.0,2025-12-13 09:38:49.740769+00:00
10.0,5.4,73.0,0.0,0.0,354.0,3.7,9.3,1029.2,17.0,2.0,2025-12-13 09:38:49.740769+00:00
8.1,5.6,84.0,0.0,0.0,6.0,5.5,9.3,1029.3,0.0,2.0,2025-12-13 09:38:49.740769+00:00
6.5,5.8,95.0,0.0,0.0,33.0,5.5,9.3,1029.2,0.0,2.0,2025-12-13 09:38:49.740769+00:00
5.9,5.8,99.0,0.0,0.0,46.0,5.5,7.4,1029.0,0.0,2.0,2025-12-13 09:38:49.740769+00:00
5.4,5.4,100.0,0.0,0.0,37.0,5.5,7.4,1028.9,0.0,1.0,2025-12-13 09:38:49.740769+00:00
5.0,5.0,100.0,0.0,0.0,50.0,3.7,5.5,1028.7,0.0,1.0,2025-12-13 09:38:49.740769+00:00
4.6,4.6,100.0,0.0,0.0,51.0,3.7,5.5,1028.2,0.0,1.0,2025-12-13 09:38:49.740769+00:00
4.3,4.3,100.0,0.0,0.0,57.0,3.7,5.5,1027.9,0.0,1.0,2025-12-13 09:38:49.740769+00:00
3.9,3.9,100.0,0.0,0.0,81.0,3.7,5.5,1027.5,0.0,1.0,2025-12-13 09:38:49.740769+00:00
3.6,3.6,100.0,0.0,0.0,80.0,3.7,5.5,1027.2,0.0,1.0,2025-12-13 09:38:49.740769+00:00
3.4,3.4,100.0,0.0,0.0,64.0,3.7,5.5,1026.9,0.0,1.0,2025-12-13 09:38:49.740769+00:00
3.6,3.6,100.0,0.0,0.0,84.0,1.8,3.7,1026.9,0.0,1.0,2025-12-13 09:38:49.740769+00:00
3.7,3.7,100.0,0.0,0.0,104.0,3.7,7.4,1026.8,0.0,1.0,2025-12-13 09:38:49.740769+00:00
4.3,4.2,99.0,0.0,0.0,131.0,3.7,7.4,1026.7,14.0,2.0,2025-12-13 09:38:49.740769+00:00
5.5,5.1,97.0,0.0,0.0,130.0,3.7,7.4,1026.6,26.0,2.0,2025-12-13 09:38:49.740769+00:00
7.4,5.7,89.0,0.0,0.0,136.0,3.7,9.3,1026.4,36.0,2.0,2025-12-13 09:38:49.740769+00:00
9.5,6.2,80.0,0.0,0.0,133.0,3.7,11.1,1026.1,42.0,2.0,2025-12-13 09:38:49.740769+00:00
11.8,5.9,67.0,0.0,0.0,152.0,5.5,13.0,1025.8,46.0,2.0,2025-12-13 09:38:49.740769+00:00
13.1,5.5,60.0,0.0,0.0,151.0,5.5,14.8,1025.1,46.0,2.0,2025-12-13 09:38:49.740769+00:00
14.0,5.1,55.0,0.0,0.0,147.0,5.5,16.7,1024.3,41.0,2.0,2025-12-13 09:38:49.740769+00:00
14.2,5.0,54.0,0.0,0.0,146.0,7.4,16.7,1023.5,40.0,2.0,2025-12-13 09:38:49.740769+00:00
14.1,4.7,53.0,0.0,0.0,152.0,7.4,18.5,1022.7,41.0,2.0,2025-12-13 09:38:49.740769+00:00
13.4,4.5,55.0,0.0,0.0,153.0,7.4,18.5,1022.1,39.0,2.0,2025-12-13 09:38:49.740769+00:00
12.8,5.2,60.0,0.0,0.0,151.0,7.4,18.5,1021.6,32.0,2.0,2025-12-13 09:38:49.740769+00:00
10.3,5.7,73.0,0.0,0.0,145.0,9.3,16.7,1021.3,18.0,2.0,2025-12-13 09:38:49.740769+00:00
8.5,5.8,83.0,0.0,0.0,141.0,9.3,16.7,1021.1,0.0,2.0,2025-12-13 09:38:49.740769+00:00
7.4,5.5,88.0,0.0,0.0,142.0,11.1,18.5,1020.3,0.0,2.0,2025-12-13 09:38:49.740769+00:00
6.4,5.4,93.0,0.0,0.0,144.0,13.0,20.4,1019.8,0.0,2.0,2025-12-13 09:38:49.740769+00:00
5.9,5.3,96.0,0.0,0.0,145.0,13.0,20.4,1019.2,0.0,2.0,2025-12-13 09:38:49.740769+00:00
6.0,5.3,95.0,0.0,0.0,145.0,14.8,22.2,1018.6,0.0,1.0,2025-12-13 09:38:49.740769+00:00
6.1,4.9,92.0,0.0,0.0,147.0,14.8,24.1,1017.7,0.0,2.0,2025-12-13 09:38:49.740769+00:00
6.1,4.6,90.0,0.0,0.0,150.0,16.7,25.9,1016.6,0.0,2.0,2025-12-13 09:38:49.740769+00:00
6.1,4.4,89.0,0.0,0.0,154.0,16.7,27.8,1015.2,0.0,2.0,2025-12-13 09:38:49.740769+00:00
6.0,4.2,88.0,0.0,0.0,150.0,16.7,29.6,1013.8,0.0,2.0,2025-12-13 09:38:49.740769+00:00
5.9,3.6,85.0,0.0,0.0,151.0,18.5,31.5,1012.4,0.0,3.0,2025-12-13 09:38:49.740769+00:00
6.5,3.7,82.0,0.0,0.0,156.0,20.4,35.2,1011.4,0.0,3.0,2025-12-13 09:38:49.740769+00:00
6.8,4.3,84.0,0.1,0.0,152.0,22.2,37.0,1009.1,0.0,7.0,2025-12-13 09:38:49.740769+00:00
7.1,4.2,82.0,0.1,0.0,153.0,22.2,40.8,1006.7,0.0,7.0,2025-12-13 09:38:49.740769+00:00
7.5,4.5,81.0,0.2,0.0,160.0,22.2,40.8,1004.5,0.0,8.0,2025-12-13 09:38:49.740769+00:00
7.9,4.8,81.0,0.5,0.0,166.0,22.2,38.9,1002.6,0.0,8.0,2025-12-13 09:38:49.740769+00:00
8.1,5.0,81.0,1.0,0.0,168.0,22.2,42.6,1000.8,0.0,8.0,2025-12-13 09:38:49.740769+00:00
9.2,5.9,80.0,1.7,0.0,176.0,25.9,48.2,998.8,0.0,8.0,2025-12-13 09:38:49.740769+00:00
9.7,7.8,88.0,2.4,0.0,176.0,22.2,44.5,997.5,0.0,8.0,2025-12-13 09:38:49.740769+00:00
10.0,9.4,96.0,2.6,0.0,178.0,20.4,40.8,996.2,0.0,8.0,2025-12-13 09:38:49.740769+00:00
10.6,10.1,97.0,1.9,0.0,183.0,18.5,37.0,995.8,0.0,8.0,2025-12-13 09:38:49.740769+00:00
10.9,10.9,100.0,1.3,0.0,191.0,18.5,35.2,995.7,0.0,8.0,2025-12-13 09:38:49.740769+00:00
11.0,11.0,100.0,0.9,0.0,210.0,16.7,33.3,995.6,0.0,8.0,2025-12-13 09:38:49.740769+00:00
10.4,10.4,100.0,0.5,0.0,225.0,16.7,33.3,996.3,3.0,8.0,2025-12-13 09:38:49.740769+00:00
10.0,10.0,100.0,0.4,0.0,234.0,16.7,33.3,997.0,5.0,7.0,2025-12-13 09:38:49.740769+00:00
9.9,9.3,96.0,0.2,0.0,240.0,16.7,35.2,997.9,0.0,7.0,2025-12-13 09:38:49.740769+00:00
9.8,8.9,94.0,0.0,0.0,243.0,18.5,35.2,998.0,0.0,7.0,2025-12-13 09:38:49.740769+00:00
9.9,7.8,87.0,0.0,0.0,241.0,18.5,37.0,998.5,0.0,3.0,2025-12-13 09:38:49.740769+00:00
9.6,7.5,87.0,0.0,0.0,238.0,20.4,37.0,999.1,0.0,3.0,2025-12-13 09:38:49.740769+00:00
9.6,8.0,90.0,0.0,0.0,235.0,20.4,35.2,999.7,0.0,3.0,2025-12-13 09:38:49.740769+00:00
9.6,7.5,87.0,0.0,0.0,237.0,20.4,37.0,999.8,0.0,3.0,2025-12-13 09:38:49.740769+00:00
9.7,7.3,85.0,0.0,0.0,237.0,20.4,38.9,1000.2,0.0,3.0,2025-12-13 09:38:49.740769+00:00
9.7,7.0,83.0,0.0,0.0,237.0,20.4,38.9,1000.4,0.0,4.0,2025-12-13 09:38:49.740769+00:00
9.7,7.0,83.0,0.0,0.0,237.0,20.4,38.9,1000.6,0.0,4.0,2025-12-13 09:38:49.740769+00:00
9.7,7.0,83.0,0.0,0.0,237.0,20.4,37.0,1000.9,0.0,4.0,2025-12-13 09:38:49.740769+00:00
9.5,6.8,83.0,0.0,0.0,236.0,18.5,35.2,1001.8,0.0,4.0,2025-12-13 09:38:49.740769+00:00
9.5,6.8,83.0,0.0,0.0,239.0,18.5,33.3,1002.1,0.0,4.0,2025-12-13 09:38:49.740769+00:00
9.8,7.1,83.0,0.0,0.0,238.0,20.4,37.0,1002.4,5.0,4.0,2025-12-13 09:38:49.740769+00:00
10.5,7.2,80.0,0.0,0.0,239.0,20.4,37.0,1003.1,9.0,4.0,2025-12-13 09:38:49.740769+00:00
11.6,7.1,74.0,0.0,0.0,245.0,18.5,38.9,1003.7,12.0,4.0,2025-12-13 09:38:49.740769+00:00
12.5,7.0,69.0,0.0,0.0,249.0,20.4,40.8,1004.2,15.0,4.0,2025-12-13 09:38:49.740769+00:00
13.7,6.8,63.0,0.0,0.0,255.0,22.2,46.3,1004.6,16.0,7.0,2025-12-13 09:38:49.740769+00:00
14.1,6.9,62.0,0.0,0.0,253.0,20.4,44.5,1005.1,15.0,7.0,2025-12-13 09:38:49.740769+00:00
14.0,6.8,62.0,0.0,0.0,251.0,20.4,44.5,1005.2,12.0,7.0,2025-12-13 09:38:49.740769+00:00
14.0,6.8,62.0,0.0,0.0,251.0,20.4,42.6,1005.7,9.0,7.0,2025-12-13 09:38:49.740769+00:00
13.9,7.0,63.0,0.1,0.0,251.0,18.5,40.8,1006.1,8.0,7.0,2025-12-13 09:38:49.740769+00:00
13.6,6.9,64.0,0.1,0.0,249.0,18.5,40.8,1006.5,6.0,7.0,2025-12-13 09:38:49.740769+00:00
13.3,7.1,66.0,0.1,0.0,250.0,18.5,37.0,1006.8,7.0,7.0,2025-12-13 09:38:49.740769+00:00
12.6,7.5,71.0,0.1,0.0,252.0,16.7,37.0,1007.2,3.0,7.0,2025-12-13 09:38:49.740769+00:00
12.1,8.0,76.0,0.1,0.0,250.0,18.5,37.0,1007.6,0.0,7.0,2025-12-13 09:38:49.740769+00:00
11.5,8.2,80.0,0.1,0.0,250.0,18.5,37.0,1008.0,0.0,7.0,2025-12-13 09:38:49.740769+00:00
11.2,8.4,83.0,0.1,0.0,252.0,18.5,37.0,1008.2,0.0,7.0,2025-12-13 09:38:49.740769+00:00
11.0,8.7,86.0,0.2,0.0,252.0,20.4,38.9,1008.4,0.0,7.0,2025-12-13 09:38:49.740769+00:00
11.1,8.1,82.0,0.1,0.0,255.0,20.4,42.6,1008.8,0.0,7.0,2025-12-13 09:38:49.740769+00:00
11.1,8.3,83.0,0.2,0.0,259.0,20.4,40.8,1009.0,0.0,7.0,2025-12-13 09:38:49.740769+00:00
11.3,8.7,84.0,0.2,0.0,262.0,20.4,42.6,1009.1,0.0,7.0,2025-12-13 09:38:49.740769+00:00
11.2,8.9,86.0,0.4,0.0,264.0,20.4,42.6,1009.5,0.0,7.0,2025-12-13 09:38:49.740769+00:00
11.1,9.2,88.0,0.3,0.0,269.0,20.4,42.6,1009.8,0.0,7.0,2025-12-13 09:38:49.740769+00:00
11.2,9.3,88.0,0.3,0.0,270.0,20.4,42.6,1010.1,0.0,7.0,2025-12-13 09:38:49.740769+00:00
11.4,9.3,87.0,0.2,0.0,273.0,22.2,42.6,1009.7,0.0,7.0,2025-12-13 09:38:49.740769+00:00
11.3,9.4,88.0,0.1,0.0,277.0,22.2,46.3,1010.4,0.0,7.0,2025-12-13 09:38:49.740769+00:00
11.3,9.2,87.0,0.1,0.0,279.0,24.1,48.2,1011.3,6.0,7.0,2025-12-13 09:38:49.740769+00:00
11.7,9.3,85.0,0.2,0.0,281.0,24.1,48.2,1012.1,11.0,7.0,2025-12-13 09:38:49.740769+00:00
12.5,8.8,78.0,0.1,0.0,284.0,24.1,50.0,1012.8,16.0,7.0,2025-12-13 09:38:49.740769+00:00
13.3,8.6,73.0,0.0,0.0,287.0,24.1,51.8,1013.5,21.0,3.0,2025-12-13 09:38:49.740769+00:00
14.1,8.1,67.0,0.0,0.0,294.0,24.1,50.0,1014.1,21.0,7.0,2025-12-13 09:38:49.740769+00:00
14.4,7.7,64.0,0.0,0.0,297.0,22.2,48.2,1014.6,21.0,7.0,2025-12-13 09:38:49.740769+00:00
14.5,7.5,63.0,0.0,0.0,298.0,22.2,46.3,1014.8,22.0,17.0,2025-12-13 09:38:49.740769+00:00
14.8,7.3,61.0,0.0,0.0,298.0,20.4,44.5,1015.2,24.0,7.0,2025-12-13 09:38:49.740769+00:00
15.0,7.3,60.0,0.0,0.0,299.0,18.5,40.8,1015.6,28.0,17.0,2025-12-13 09:38:49.740769+00:00
14.8,7.3,61.0,0.0,0.0,299.0,16.7,37.0,1015.9,28.0,3.0,2025-12-13 09:38:49.740769+00:00
13.9,7.2,64.0,0.0,0.0,301.0,14.8,33.3,1016.5,22.0,3.0,2025-12-13 09:38:49.740769+00:00
12.8,7.9,72.0,0.0,0.0,295.0,13.0,27.8,1017.3,12.0,2.0,2025-12-13 09:38:49.740769+00:00
12.1,8.4,78.0,0.0,0.0,297.0,13.0,25.9,1018.2,0.0,2.0,2025-12-13 09:38:49.740769+00:00
11.3,8.7,84.0,0.0,0.0,301.0,13.0,24.1,1019.0,0.0,2.0,2025-12-13 09:38:49.740769+00:00
10.6,9.0,90.0,0.0,0.0,302.0,13.0,22.2,1019.4,0.0,2.0,2025-12-13 09:38:49.740769+00:00
10.2,9.0,92.0,0.0,0.0,299.0,13.0,22.2,1019.6,0.0,2.0,2025-12-13 09:38:49.740769+00:00
9.5,7.9,90.0,0.0,0.0,305.0,11.1,20.4,1020.3,0.0,2.0,2025-12-13 09:38:49.740769+00:00
9.3,8.1,92.0,0.0,0.0,305.0,13.0,20.4,1020.6,0.0,2.0,2025-12-13 09:38:49.740769+00:00
9.0,8.1,94.0,0.0,0.0,304.0,11.1,20.4,1020.9,0.0,2.0,2025-12-13 09:38:49.740769+00:00
8.9,8.1,95.0,0.0,0.0,303.0,11.1,20.4,1021.3,0.0,2.0,2025-12-13 09:38:49.740769+00:00
8.9,8.1,95.0,0.0,0.0,306.0,11.1,18.5,1021.5,0.0,2.0,2025-12-13 09:38:49.740769+00:00
8.8,8.5,98.0,0.0,0.0,300.0,9.3,16.7,1021.8,0.0,2.0,2025-12-13 09:38:49.740769+00:00
8.8,8.8,100.0,0.0,0.0,295.0,9.3,14.8,1022.2,0.0,3.0,2025-12-13 09:38:49.740769+00:00
9.1,9.1,100.0,0.0,0.0,293.0,7.4,14.8,1022.4,0.0,3.0,2025-12-13 09:38:49.740769+00:00
9.8,9.7,99.0,0.0,0.0,288.0,7.4,13.0,1022.8,3.0,4.0,2025-12-13 09:38:49.740769+00:00
10.2,10.2,100.0,0.0,0.0,282.0,7.4,13.0,1023.2,6.0,4.0,2025-12-13 09:38:49.740769+00:00
10.9,10.9,100.0,0.0,0.0,281.0,5.5,11.1,1023.5,8.0,4.0,2025-12-13 09:38:49.740769+00:00
11.8,11.2,96.0,0.0,0.0,286.0,5.5,11.1,1023.7,9.0,4.0,2025-12-13 09:38:49.740769+00:00
12.5,11.4,93.0,0.0,0.0,272.0,5.5,13.0,1024.0,5.0,4.0,2025-12-13 09:38:49.740769+00:00
13.1,11.3,89.0,0.0,0.0,267.0,5.5,13.0,1023.9,2.0,7.0,2025-12-13 09:38:49.740769+00:00
13.5,11.6,88.0,0.0,0.0,262.0,5.5,13.0,1023.8,0.0,7.0,2025-12-13 09:38:49.740769+00:00
13.7,11.7,88.0,0.0,0.0,256.0,5.5,13.0,1023.5,0.0,7.0,2025-12-13 09:38:49.740769+00:00
14.0,11.7,86.0,0.0,0.0,252.0,5.5,13.0,1023.3,0.0,7.0,2025-12-13 09:38:49.740769+00:00
14.3,11.8,85.0,0.2,0.0,242.0,5.5,13.0,1023.1,0.0,7.0,2025-12-13 09:38:49.740769+00:00
14.3,11.6,84.0,0.1,0.0,233.0,7.4,13.0,1022.9,0.0,7.0,2025-12-13 09:38:49.740769+00:00
14.0,12.4,90.0,0.1,0.0,224.0,7.4,13.0,1023.2,0.0,7.0,2025-12-13 09:38:49.740769+00:00
13.6,12.7,94.0,0.1,0.0,220.0,7.4,13.0,1023.4,0.0,7.0,2025-12-13 09:38:49.740769+00:00
13.4,12.8,96.0,0.4,0.0,215.0,9.3,14.8,1023.3,0.0,7.0,2025-12-13 09:38:49.740769+00:00
13.1,12.9,99.0,0.5,0.0,210.0,9.3,13.0,1023.0,0.0,7.0,2025-12-13 09:38:49.740769+00:00
13.1,13.1,100.0,0.3,0.0,211.0,9.3,14.8,1022.7,0.0,7.0,2025-12-13 09:38:49.740769+00:00
13.0,13.0,100.0,0.3,0.0,210.0,7.4,14.8,1022.9,0.0,7.0,2025-12-13 09:38:49.740769+00:00
13.2,13.2,100.0,0.3,0.0,212.0,7.4,14.8,1022.4,0.0,7.0,2025-12-13 09:38:49.740769+00:00
13.2,13.2,100.0,0.8,0.0,217.0,9.3,16.7,1022.0,0.0,7.0,2025-12-13 09:38:49.740769+00:00
13.3,13.3,100.0,0.9,0.0,220.0,9.3,16.7,1021.6,0.0,8.0,2025-12-13 09:38:49.740769+00:00
13.3,13.3,100.0,1.0,0.0,227.0,9.3,16.7,1021.1,0.0,8.0,2025-12-13 09:38:49.740769+00:00
13.4,13.4,100.0,0.7,0.0,234.0,9.3,16.7,1020.7,0.0,8.0,2025-12-13 09:38:49.740769+00:00
13.5,13.5,100.0,0.5,0.0,239.0,9.3,16.7,1020.4,0.0,8.0,2025-12-13 09:38:49.740769+00:00
13.6,13.6,100.0,0.5,0.0,250.0,9.3,16.7,1020.4,0.0,8.0,2025-12-13 09:38:49.740769+00:00
13.7,13.7,100.0,0.5,0.0,257.0,7.4,16.7,1020.5,0.0,7.0,2025-12-13 09:38:49.740769+00:00
13.8,13.8,100.0,0.3,0.0,267.0,9.3,16.7,1020.5,0.0,7.0,2025-12-13 09:38:49.740769+00:00
13.9,13.9,100.0,0.3,0.0,272.0,7.4,16.7,1020.5,0.0,7.0,2025-12-13 09:38:49.740769+00:00
14.0,13.8,99.0,0.2,0.0,277.0,7.4,18.5,1020.5,0.0,7.0,2025-12-13 09:38:49.740769+00:00
14.2,13.7,97.0,0.2,0.0,277.0,9.3,18.5,1020.3,0.0,7.0,2025-12-13 09:38:49.740769+00:00
14.5,13.5,94.0,0.2,0.0,274.0,9.3,20.4,1020.2,0.0,7.0,2025-12-13 09:38:49.740769+00:00
14.7,13.4,92.0,0.2,0.0,276.0,9.3,20.4,1019.9,0.0,7.0,2025-12-13 09:38:49.740769+00:00
14.8,13.3,91.0,0.2,0.0,276.0,9.3,20.4,1019.6,0.0,7.0,2025-12-13 09:38:49.740769+00:00
14.9,13.3,90.0,0.2,0.0,274.0,9.3,20.4,1019.5,2.0,7.0,2025-12-13 09:38:49.740769+00:00
14.7,13.2,91.0,0.2,0.0,273.0,9.3,18.5,1019.5,1.0,7.0,2025-12-13 09:38:49.740769+00:00
14.5,13.4,93.0,0.3,0.0,269.0,9.3,18.5,1019.4,3.0,7.0,2025-12-13 09:38:49.740769+00:00
14.2,13.4,95.0,0.1,0.0,269.0,9.3,16.7,1019.6,2.0,7.0,2025-12-13 09:38:49.740769+00:00
13.9,13.4,97.0,0.1,0.0,272.0,9.3,16.7,1019.7,0.0,7.0,2025-12-13 09:38:49.740769+00:00
13.5,13.3,99.0,0.1,0.0,272.0,9.3,16.7,1019.9,0.0,7.0,2025-12-13 09:38:49.740769+00:00
13.4,13.1,98.0,0.0,0.0,271.0,9.3,18.5,1019.9,0.0,4.0,2025-12-13 09:38:49.740769+00:00
13.3,12.8,97.0,0.0,0.0,274.0,11.1,18.5,1020.0,0.0,4.0,2025-12-13 09:38:49.740769+00:00
13.2,12.7,97.0,0.0,0.0,276.0,11.1,18.5,1020.0,0.0,4.0,2025-12-13 09:38:49.740769+00:00
13.2,12.6,96.0,0.0,0.0,277.0,11.1,18.5,1020.0,0.0,4.0,2025-12-13 09:38:49.740769+00:00
13.0,12.4,96.0,0.0,0.0,284.0,11.1,20.4,1019.9,0.0,4.0,2025-12-13 09:38:49.740769+00:00
12.8,12.3,97.0,0.0,0.0,287.0,11.1,20.4,1019.8,0.0,4.0,2025-12-13 09:38:49.740769+00:00
12.7,12.2,97.0,0.0,0.0,295.0,11.1,22.2,1019.8,0.0,4.0,2025-12-13 09:38:49.740769+00:00
12.6,12.0,96.0,0.0,0.0,298.0,13.0,22.2,1019.8,0.0,4.0,2025-12-13 09:38:49.740769+00:00
12.3,11.7,96.0,0.0,0.0,298.0,13.0,22.2,1020.1,0.0,4.0,2025-12-13 09:38:49.740769+00:00
12.0,11.4,96.0,0.0,0.0,300.0,13.0,24.1,1020.4,0.0,4.0,2025-12-13 09:38:49.740769+00:00
11.7,11.1,96.0,0.0,0.0,297.0,13.0,24.1,1020.7,5.0,4.0,2025-12-13 09:38:49.740769+00:00
11.9,11.1,95.0,0.0,0.0,296.0,13.0,24.1,1021.2,9.0,4.0,2025-12-13 09:38:49.740769+00:00
12.2,10.8,91.0,0.0,0.0,299.0,13.0,24.1,1021.6,15.0,4.0,2025-12-13 09:38:49.740769+00:00
12.8,10.5,86.0,0.0,0.0,301.0,13.0,25.9,1021.9,18.0,4.0,2025-12-13 09:38:49.740769+00:00
13.3,9.7,79.0,0.0,0.0,300.0,13.0,27.8,1022.1,20.0,4.0,2025-12-13 09:38:49.740769+00:00
13.9,9.3,74.0,0.0,0.0,298.0,14.8,27.8,1022.3,20.0,4.0,2025-12-13 09:38:49.740769+00:00
14.4,9.0,70.0,0.0,0.0,296.0,14.8,29.6,1022.4,19.0,3.0,2025-12-13 09:38:49.740769+00:00
14.5,8.7,68.0,0.0,0.0,294.0,14.8,29.6,1022.3,17.0,3.0,2025-12-13 09:38:49.740769+00:00
14.6,8.3,66.0,0.0,0.0,284.0,13.0,29.6,1022.1,16.0,3.0,2025-12-13 09:38:49.740769+00:00
14.2,8.8,70.0,0.0,0.0,279.0,14.8,29.6,1022.1,13.0,3.0,2025-12-13 09:38:49.740769+00:00
13.9,8.9,72.0,0.0,0.0,271.0,13.0,27.8,1022.0,7.0,4.0,2025-12-13 09:38:49.740769+00:00
13.5,9.2,75.0,0.0,0.0,265.0,14.8,25.9,1022.1,2.0,4.0,2025-12-13 09:38:49.740769+00:00
13.1,9.5,79.0,0.0,0.0,265.0,16.7,29.6,1022.5,0.0,7.0,2025-12-13 09:38:49.740769+00:00
12.8,10.0,83.0,0.0,0.0,265.0,16.7,29.6,1022.7,0.0,7.0,2025-12-13 09:38:49.740769+00:00
12.7,10.1,84.0,0.0,0.0,266.0,16.7,29.6,1022.5,0.0,7.0,2025-12-13 09:38:49.740769+00:00
12.7,10.4,86.0,0.0,0.0,265.0,16.7,33.3,1022.8,0.0,7.0,2025-12-13 09:38:49.740769+00:00
12.9,10.6,86.0,0.0,0.0,267.0,16.7,33.3,1022.5,0.0,7.0,2025-12-13 09:38:49.740769+00:00
12.9,10.4,85.0,0.0,0.0,272.0,18.5,35.2,1022.6,0.0,7.0,2025-12-13 09:38:49.740769+00:00
12.8,10.7,87.0,0.0,0.0,273.0,18.5,37.0,1022.8,0.0,7.0,2025-12-13 09:38:49.740769+00:00
12.6,10.7,88.0,0.0,0.0,277.0,18.5,37.0,1023.1,0.0,7.0,2025-12-13 09:38:49.740769+00:00
12.6,11.0,90.0,0.0,0.0,279.0,18.5,37.0,1023.2,0.0,7.0,2025-12-13 09:38:49.740769+00:00
12.6,11.0,90.0,0.0,0.0,283.0,18.5,37.0,1023.3,0.0,7.0,2025-12-13 09:38:49.740769+00:00
12.4,10.8,90.0,0.0,0.0,286.0,18.5,37.0,1023.7,0.0,7.0,2025-12-13 09:38:49.740769+00:00
12.4,10.5,88.0,0.1,0.0,290.0,18.5,37.0,1024.2,0.0,7.0,2025-12-13 09:38:49.740769+00:00
12.4,10.1,86.0,0.1,0.0,293.0,18.5,37.0,1024.5,4.0,7.0,2025-12-13 09:38:49.740769+00:00
12.6,10.1,85.0,0.0,0.0,296.0,18.5,38.9,1025.3,7.0,7.0,2025-12-13 09:38:49.740769+00:00
13.3,9.9,80.0,0.0,0.0,297.0,20.4,40.8,1025.8,11.0,4.0,2025-12-13 09:38:49.740769+00:00
13.7,9.9,78.0,0.0,0.0,300.0,20.4,42.6,1026.3,15.0,3.0,2025-12-13 09:38:49.740769+00:00
14.3,9.5,73.0,0.0,0.0,301.0,22.2,44.5,1026.6,17.0,3.0,2025-12-13 09:38:49.740769+00:00
14.5,9.5,72.0,0.0,0.0,302.0,22.2,46.3,1026.6,16.0,3.0,2025-12-13 09:38:49.740769+00:00
14.7,9.7,72.0,0.1,0.0,301.0,22.2,44.5,1026.4,14.0,3.0,2025-12-13 09:38:49.740769+00:00
15.2,9.5,69.0,0.1,0.0,301.0,22.2,44.5,1026.7,13.0,7.0,2025-12-13 09:38:49.740769+00:00
15.6,9.7,68.0,0.1,0.0,303.0,20.4,42.6,1026.6,13.0,4.0,2025-12-13 09:38:49.740769+00:00
15.3,9.9,70.0,0.0,0.0,296.0,18.5,40.8,1026.7,12.0,7.0,2025-12-13 09:38:49.740769+00:00
15.0,10.2,73.0,0.0,0.0,293.0,16.7,38.9,1026.7,7.0,7.0,2025-12-13 09:38:49.740769+00:00
14.6,10.4,76.0,0.0,0.0,287.0,16.7,35.2,1026.9,4.0,7.0,2025-12-13 09:38:49.740769+00:00
14.1,10.7,80.0,0.0,0.0,283.0,16.7,35.2,1027.5,0.0,7.0,2025-12-13 09:38:49.740769+00:00
13.8,10.8,82.0,0.0,0.0,284.0,18.5,33.3,1027.8,0.0,4.0,2025-12-13 09:38:49.740769+00:00
13.5,10.8,84.0,0.0,0.0,281.0,16.7,33.3,1027.8,0.0,3.0,2025-12-13 09:38:49.740769+00:00
13.3,10.8,85.0,0.0,0.0,281.0,16.7,33.3,1027.8,0.0,3.0,2025-12-13 09:38:49.740769+00:00
13.1,10.8,86.0,0.0,0.0,281.0,18.5,33.3,1027.4,0.0,3.0,2025-12-13 09:38:49.740769+00:00
12.9,11.0,88.0,0.0,0.0,281.0,18.5,33.3,1027.4,0.0,3.0,2025-12-13 09:38:49.740769+00:00
12.7,10.9,89.0,0.0,0.0,281.0,18.5,35.2,1027.5,0.0,3.0,2025-12-13 09:38:49.740769+00:00
12.4,11.1,92.0,0.0,0.0,281.0,18.5,35.2,1027.2,0.0,3.0,2025-12-13 09:38:49.740769+00:00
12.2,10.9,92.0,0.0,0.0,283.0,18.5,35.2,1027.4,0.0,4.0,2025-12-13 09:38:49.740769+00:00
12.0,10.7,92.0,0.0,0.0,284.0,18.5,35.2,1027.3,0.0,4.0,2025-12-13 09:38:49.740769+00:00
11.9,10.8,93.0,0.0,0.0,286.0,18.5,33.3,1027.2,0.0,4.0,2025-12-13 09:38:49.740769+00:00
11.9,10.8,93.0,0.0,0.0,285.0,18.5,33.3,1027.4,0.0,4.0,2025-12-13 09:38:49.740769+00:00
12.3,10.9,91.0,0.0,0.0,286.0,18.5,35.2,1027.7,5.0,4.0,2025-12-13 09:38:49.740769+00:00
12.7,11.1,90.0,0.0,0.0,285.0,18.5,35.2,1027.9,9.0,4.0,2025-12-13 09:38:49.740769+00:00
13.4,10.9,85.0,0.0,0.0,287.0,18.5,35.2,1027.9,16.0,4.0,2025-12-13 09:38:49.740769+00:00
13.9,10.7,81.0,0.0,0.0,289.0,18.5,37.0,1027.9,21.0,4.0,2025-12-13 09:38:49.740769+00:00
13.9,10.9,82.0,0.0,0.0,299.0,16.7,35.2,1029.7,12.0,4.0,2025-12-13 09:38:49.740769+00:00
13.9,10.5,80.0,0.0,0.0,301.0,14.8,33.3,1029.6,10.0,7.0,2025-12-13 09:38:49.740769+00:00
14.1,10.3,78.0,0.0,0.0,299.0,16.7,33.3,1029.4,9.0,4.0,2025-12-13 09:38:49.740769+00:00
14.3,10.1,76.0,0.0,0.0,300.0,14.8,31.5,1029.2,9.0,4.0,2025-12-13 09:38:49.740769+00:00
14.2,9.8,75.0,0.0,0.0,299.0,14.8,29.6,1029.0,9.0,4.0,2025-12-13 09:38:49.740769+00:00
13.9,9.7,76.0,0.0,0.0,300.0,13.0,27.8,1028.9,9.0,4.0,2025-12-13 09:38:49.740769+00:00
13.7,8.9,73.0,0.0,0.0,301.0,13.0,25.9,1029.0,7.0,4.0,2025-12-13 09:38:49.740769+00:00
13.4,9.4,77.0,0.0,0.0,290.0,13.0,24.1,1029.0,3.0,4.0,2025-12-13 09:38:49.740769+00:00
12.9,9.5,80.0,0.0,0.0,284.0,13.0,24.1,1029.2,0.0,4.0,2025-12-13 09:38:49.740769+00:00
12.6,9.8,83.0,0.0,0.0,283.0,13.0,24.1,1029.2,0.0,4.0,2025-12-13 09:38:49.740769+00:00
12.1,9.7,85.0,0.0,0.0,281.0,13.0,24.1,1029.2,0.0,4.0,2025-12-13 09:38:49.740769+00:00
12.0,9.6,85.0,0.0,0.0,281.0,13.0,24.1,1029.1,0.0,4.0,2025-12-13 09:38:49.740769+00:00
11.7,9.3,85.0,0.0,,285.0,13.0,24.1,1029.2,0.0,4.0,2025-12-13 09:38:49.740769+00:00
11.5,9.1,85.0,0.0,0.0,284.0,13.0,24.1,1029.0,0.0,4.0,2025-12-13 09:38:49.740769+00:00
11.5,9.2,86.0,0.0,0.0,282.0,13.0,25.9,1028.8,0.0,4.0,2025-12-13 09:38:49.740769+00:00
11.6,9.3,86.0,0.0,0.0,282.0,13.0,25.9,1028.3,0.0,4.0,2025-12-13 09:38:49.740769+00:00
11.5,9.4,87.0,0.0,0.0,286.0,13.0,25.9,1027.8,0.0,4.0,2025-12-13 09:38:49.740769+00:00
11.3,9.4,88.0,0.0,0.0,282.0,13.0,25.9,1027.4,0.0,4.0,2025-12-13 09:38:49.740769+00:00
10.7,9.3,91.0,0.0,0.0,283.0,14.8,27.8,1027.5,0.0,4.0,2025-12-13 09:38:49.740769+00:00
10.9,9.5,91.0,0.0,0.0,285.0,13.0,27.8,1027.0,0.0,4.0,2025-12-13 09:38:49.740769+00:00
11.2,10.1,93.0,0.0,0.0,281.0,14.8,27.8,1026.7,0.0,4.0,2025-12-13 09:38:49.740769+00:00
11.8,10.4,91.0,0.0,0.0,281.0,14.8,29.6,1026.4,2.0,4.0,2025-12-13 09:38:49.740769+00:00
12.4,10.5,88.0,0.0,0.0,279.0,14.8,31.5,1026.3,4.0,4.0,2025-12-13 09:38:49.740769+00:00
12.7,10.8,88.0,0.0,0.0,280.0,16.7,31.5,1026.0,5.0,4.0,2025-12-13 09:38:49.740769+00:00
13.4,10.6,83.0,0.0,0.0,286.0,14.8,31.5,1026.1,6.0,7.0,2025-12-13 09:38:49.740769+00:00
13.4,10.8,84.0,0.1,0.0,286.0,14.8,29.6,1025.7,4.0,7.0,2025-12-13 09:38:49.740769+00:00
13.5,11.2,86.0,0.1,0.0,285.0,14.8,31.5,1025.3,2.0,7.0,2025-12-13 09:38:49.740769+00:00
13.5,11.4,87.0,0.1,0.0,286.0,13.0,29.6,1025.0,2.0,7.0,2025-12-13 09:38:49.740769+00:00
13.6,11.5,87.0,0.1,0.0,283.0,13.0,27.8,1024.8,1.0,7.0,2025-12-13 09:38:49.740769+00:00
13.5,11.9,90.0,0.1,0.0,284.0,11.1,24.1,1024.6,0.0,7.0,2025-12-13 09:38:49.740769+00:00
13.3,11.5,89.0,0.1,0.0,280.0,11.1,25.9,1024.6,0.0,7.0,2025-12-13 09:38:49.740769+00:00
13.4,12.1,92.0,0.1,0.0,283.0,11.1,24.1,1024.6,0.0,7.0,2025-12-13 09:38:49.740769+00:00
13.3,12.0,92.0,0.1,0.0,290.0,11.1,22.2,1024.9,0.0,7.0,2025-12-13 09:38:49.740769+00:00
13.0,12.1,94.0,0.0,0.0,299.0,11.1,22.2,1025.0,0.0,7.0,2025-12-13 09:38:49.740769+00:00
12.5,12.0,97.0,0.0,0.0,308.0,11.1,20.4,1025.2,0.0,4.0,2025-12-13 09:38:49.740769+00:00
12.4,11.8,96.0,0.0,0.0,313.0,11.1,20.4,1025.1,0.0,4.0,2025-12-13 09:38:49.740769+00:00
11.3,10.7,96.0,0.0,0.0,326.0,9.3,16.7,1025.6,0.0,4.0,2025-12-13 09:38:49.740769+00:00
10.8,10.3,97.0,0.0,0.0,326.0,9.3,16.7,1025.6,0.0,4.0,2025-12-13 09:38:49.740769+00:00
10.6,10.1,97.0,0.0,0.0,328.0,9.3,14.8,1025.7,0.0,4.0,2025-12-13 09:38:49.740769+00:00
10.6,10.1,97.0,0.0,0.0,329.0,9.3,14.8,1025.7,0.0,4.0,2025-12-13 09:38:49.740769+00:00
10.4,9.9,97.0,0.0,0.0,328.0,9.3,13.0,1025.7,0.0,4.0,2025-12-13 09:38:49.740769+00:00
10.2,9.9,98.0,0.0,0.0,332.0,9.3,13.0,1025.7,0.0,4.0,2025-12-13 09:38:49.740769+00:00
9.5,9.4,99.0,0.0,0.0,328.0,7.4,13.0,1025.9,0.0,3.0,2025-12-13 09:38:49.740769+00:00
9.5,9.4,99.0,0.0,0.0,331.0,7.4,14.8,1026.0,0.0,4.0,2025-12-13 09:38:49.740769+00:00
9.5,9.4,99.0,0.0,0.0,332.0,7.4,14.8,1026.1,6.0,4.0,2025-12-13 09:38:49.740769+00:00
9.6,9.5,99.0,0.0,0.0,339.0,7.4,14.8,1026.5,14.0,3.0,2025-12-13 09:38:49.740769+00:00
10.1,9.3,95.0,0.0,0.0,342.0,7.4,14.8,1026.8,21.0,3.0,2025-12-13 09:38:49.740769+00:00
11.1,9.2,88.0,0.0,0.0,345.0,7.4,14.8,1027.0,26.0,3.0,2025-12-13 09:38:49.740769+00:00
12.2,8.5,78.0,0.0,0.0,346.0,7.4,16.7,1027.1,32.0,3.0,2025-12-13 09:38:49.740769+00:00
13.1,7.8,70.0,0.0,0.0,338.0,7.4,16.7,1027.0,34.0,3.0,2025-12-13 09:38:49.740769+00:00
13.8,6.6,62.0,0.0,0.0,333.0,7.4,18.5,1026.8,38.0,2.0,2025-12-13 09:38:49.740769+00:00
14.1,6.0,58.0,0.0,0.0,329.0,7.4,18.5,1026.5,43.0,2.0,2025-12-13 09:38:49.740769+00:00
13.9,5.5,57.0,0.0,0.0,323.0,9.3,20.4,1026.2,43.0,2.0,2025-12-13 09:38:49.740769+00:00
13.3,5.2,58.0,0.0,0.0,321.0,9.3,18.5,1026.2,38.0,2.0,2025-12-13 09:38:49.740769+00:00
12.1,5.3,63.0,0.0,0.0,319.0,9.3,18.5,1026.0,26.0,2.0,2025-12-13 09:38:49.740769+00:00
10.5,5.7,72.0,0.0,0.0,321.0,9.3,16.7,1026.0,13.0,2.0,2025-12-13 09:38:49.740769+00:00
9.2,5.9,80.0,0.0,0.0,314.0,9.3,16.7,1026.2,0.0,2.0,2025-12-13 09:38:49.740769+00:00
8.4,5.9,84.0,0.0,0.0,312.0,9.3,14.8,1026.0,0.0,2.0,2025-12-13 09:38:49.740769+00:00
7.8,5.9,88.0,0.0,0.0,303.0,9.3,14.8,1026.1,0.0,2.0,2025-12-13 09:38:49.740769+00:00
7.3,5.8,90.0,0.0,0.0,300.0,9.3,14.8,1025.9,0.0,2.0,2025-12-13 09:38:49.740769+00:00
7.2,6.1,93.0,0.0,0.0,288.0,9.3,13.0,1025.4,0.0,2.0,2025-12-13 09:38:49.740769+00:00
7.0,6.1,94.0,0.0,0.0,281.0,9.3,13.0,1025.1,0.0,2.0,2025-12-13 09:38:49.740769+00:00
6.7,6.3,97.0,0.0,0.0,276.0,9.3,14.8,1024.8,0.0,2.0,2025-12-13 09:38:49.740769+00:00
6.8,6.4,97.0,0.0,0.0,268.0,9.3,14.8,1024.4,0.0,2.0,2025-12-13 09:38:49.740769+00:00
6.8,6.5,98.0,0.0,0.0,267.0,11.1,16.7,1023.9,0.0,2.0,2025-12-13 09:38:49.740769+00:00
7.0,6.6,97.0,0.0,0.0,262.0,11.1,16.7,1023.5,0.0,3.0,2025-12-13 09:38:49.740769+00:00
6.6,6.5,99.0,0.0,0.0,264.0,9.3,16.7,1023.4,0.0,3.0,2025-12-13 09:38:49.740769+00:00
7.4,7.0,97.0,0.0,0.0,270.0,9.3,18.5,1023.1,0.0,4.0,2025-12-13 09:38:49.740769+00:00
8.0,7.6,97.0,0.0,0.0,267.0,9.3,18.5,1022.9,0.0,4.0,2025-12-13 09:38:49.740769+00:00
8.6,8.3,98.0,0.1,0.0,275.0,11.1,20.4,1022.8,1.0,7.0,2025-12-13 09:38:49.740769+00:00
9.3,9.0,98.0,0.1,0.0,278.0,11.1,20.4,1022.8,1.0,7.0,2025-12-13 09:38:49.740769+00:00
10.0,9.5,97.0,0.1,0.0,285.0,9.3,20.4,1022.7,1.0,7.0,2025-12-13 09:38:49.740769+00:00
10.5,10.5,100.0,0.2,0.0,284.0,11.1,20.4,1022.8,0.0,7.0,2025-12-13 09:38:49.740769+00:00
11.1,10.6,97.0,0.2,0.0,289.0,9.3,20.4,1022.6,0.0,7.0,2025-12-13 09:38:49.740769+00:00
11.4,11.1,98.0,0.1,0.0,298.0,11.1,20.4,1022.6,0.0,7.0,2025-12-13 09:38:49.740769+00:00
11.6,11.1,97.0,0.1,0.0,301.0,9.3,22.2,1022.4,0.0,7.0,2025-12-13 09:38:49.740769+00:00
11.8,11.3,97.0,0.0,0.0,301.0,9.3,20.4,1022.3,0.0,7.0,2025-12-13 09:38:49.740769+00:00
12.0,11.4,96.0,0.0,0.0,306.0,9.3,18.5,1022.4,1.0,7.0,2025-12-13 09:38:49.740769+00:00
11.7,10.9,95.0,0.0,0.0,323.0,9.3,22.2,1022.4,1.0,7.0,2025-12-13 09:38:49.740769+00:00
12.0,11.4,96.0,0.1,0.0,325.0,9.3,20.4,1022.6,0.0,7.0,2025-12-13 09:38:49.740769+00:00
11.7,11.2,97.0,0.1,0.0,335.0,9.3,18.5,1022.9,0.0,7.0,2025-12-13 09:38:49.740769+00:00
11.2,11.2,100.0,0.0,0.0,345.0,9.3,18.5,1023.2,0.0,7.0,2025-12-13 09:38:49.740769+00:00
11.0,10.8,99.0,0.0,0.0,352.0,9.3,16.7,1023.7,0.0,7.0,2025-12-13 09:38:49.740769+00:00
10.6,10.6,100.0,0.0,0.0,352.0,7.4,14.8,1023.9,0.0,4.0,2025-12-13 09:38:49.740769+00:00
10.3,10.1,99.0,0.0,0.0,3.0,7.4,13.0,1023.9,0.0,4.0,2025-12-13 09:38:49.740769+00:00
9.9,9.9,100.0,0.0,0.0,360.0,7.4,11.1,1024.1,0.0,4.0,2025-12-13 09:38:49.740769+00:00
9.7,9.7,100.0,0.0,0.0,352.0,7.4,11.1,1024.3,0.0,4.0,2025-12-13 09:38:49.740769+00:00
9.6,9.6,100.0,0.0,0.0,347.0,5.5,9.3,1024.5,0.0,4.0,2025-12-13 09:38:49.740769+00:00
9.4,9.4,100.0,0.0,0.0,330.0,5.5,9.3,1024.5,0.0,4.0,2025-12-13 09:38:49.740769+00:00
9.3,9.3,100.0,0.0,0.0,310.0,5.5,9.3,1024.6,0.0,4.0,2025-12-13 09:38:49.740769+00:00
9.1,9.1,100.0,0.0,0.0,283.0,5.5,7.4,1024.8,0.0,4.0,2025-12-13 09:38:49.740769+00:00
9.0,9.0,100.0,0.0,0.0,279.0,5.5,11.1,1024.9,0.0,4.0,2025-12-13 09:38:49.740769+00:00
9.2,9.2,100.0,0.0,0.0,277.0,5.5,11.1,1025.0,2.0,4.0,2025-12-13 09:38:49.740769+00:00
9.6,9.6,100.0,0.0,0.0,278.0,5.5,11.1,1025.3,5.0,4.0,2025-12-13 09:38:49.740769+00:00
10.3,10.1,99.0,0.0,0.0,289.0,5.5,13.0,1025.5,8.0,4.0,2025-12-13 09:38:49.740769+00:00
11.3,10.4,94.0,0.0,0.0,296.0,5.5,13.0,1025.6,10.0,4.0,2025-12-13 09:38:49.740769+00:00
12.0,10.1,88.0,0.0,0.0,299.0,7.4,14.8,1025.7,13.0,4.0,2025-12-13 09:38:49.740769+00:00
12.4,9.8,84.0,0.0,0.0,300.0,5.5,16.7,1025.4,13.0,7.0,2025-12-13 09:38:49.740769+00:00
12.7,9.5,81.0,0.0,0.0,292.0,7.4,16.7,1025.1,14.0,7.0,2025-12-13 09:38:49.740769+00:00
12.9,9.2,78.0,0.0,0.0,288.0,7.4,18.5,1024.8,16.0,4.0,2025-12-13 09:38:49.740769+00:00
13.1,9.0,76.0,0.0,0.0,283.0,7.4,16.7,1024.5,16.0,4.0,2025-12-13 09:38:49.740769+00:00
12.9,9.0,77.0,0.0,0.0,271.0,7.4,14.8,1024.2,14.0,4.0,2025-12-13 09:38:49.740769+00:00
12.5,8.6,77.0,0.0,0.0,270.0,5.5,14.8,1023.9,8.0,4.0,2025-12-13 09:38:49.740769+00:00
11.9,9.1,83.0,0.0,0.0,254.0,7.4,13.0,1023.9,3.0,4.0,2025-12-13 09:38:49.740769+00:00
11.3,9.6,89.0,0.0,0.0,247.0,7.4,14.8,1024.0,0.0,4.0,2025-12-13 09:38:49.740769+00:00
11.0,9.6,91.0,0.0,0.0,245.0,9.3,14.8,1023.7,0.0,4.0,2025-12-13 09:38:49.740769+00:00
10.8,9.6,92.0,0.0,0.0,242.0,9.3,16.7,1023.4,0.0,4.0,2025-12-13 09:38:49.740769+00:00
11.0,9.7,92.0,0.0,0.0,243.0,11.1,18.5,1023.1,0.0,4.0,2025-12-13 09:38:49.740769+00:00
11.0,9.7,92.0,0.0,0.0,246.0,11.1,18.5,1022.9,0.0,4.0,2025-12-13 09:38:49.740769+00:00
10.9,9.8,93.0,0.0,0.0,250.0,11.1,18.5,1022.6,0.0,4.0,2025-12-13 09:38:49.740769+00:00
10.8,9.9,94.0,0.0,0.0,256.0,11.1,20.4,1022.3,0.0,4.0,2025-12-13 09:38:49.740769+00:00
10.7,9.9,95.0,0.0,0.0,258.0,11.1,20.4,1021.9,0.0,4.0,2025-12-13 09:38:49.740769+00:00
10.7,9.9,95.0,0.0,0.0,258.0,11.1,20.4,1021.6,0.0,4.0,2025-12-13 09:38:49.740769+00:00
10.6,9.8,95.0,0.0,0.0,256.0,11.1,20.4,1021.4,0.0,4.0,2025-12-13 09:38:49.740769+00:00
10.5,9.7,95.0,0.0,0.0,255.0,11.1,20.4,1021.1,0.0,4.0,2025-12-13 09:38:49.740769+00:00
10.5,9.7,95.0,0.0,0.0,258.0,11.1,20.4,1021.0,0.0,4.0,2025-12-13 09:38:49.740769+00:00
10.7,9.9,95.0,0.0,0.0,257.0,11.1,20.4,1021.0,2.0,4.0,2025-12-13 09:38:49.740769+00:00
10.9,10.0,94.0,0.0,0.0,260.0,11.1,22.2,1020.9,5.0,4.0,2025-12-13 09:38:49.740769+00:00
11.2,10.1,93.0,0.0,0.0,264.0,11.1,24.1,1020.9,8.0,7.0,2025-12-13 09:38:49.740769+00:00
11.8,10.0,89.0,0.0,0.0,269.0,13.0,25.9,1020.9,11.0,7.0,2025-12-13 09:38:49.740769+00:00
12.4,9.4,82.0,0.0,0.0,273.0,13.0,25.9,1020.9,13.0,7.0,2025-12-13 09:38:49.740769+00:00
12.7,9.2,79.0,0.0,0.0,274.0,13.0,25.9,1020.7,14.0,7.0,2025-12-13 09:38:49.740769+00:00
13.0,9.1,77.0,0.0,0.0,275.0,13.0,27.8,1020.3,12.0,7.0,2025-12-13 09:38:49.740769+00:00
13.1,9.0,76.0,0.0,0.0,275.0,13.0,27.8,1020.1,13.0,7.0,2025-12-13 09:38:49.740769+00:00
13.2,8.9,75.0,0.0,0.0,273.0,11.1,25.9,1019.9,15.0,7.0,2025-12-13 09:38:49.740769+00:00
12.9,9.0,77.0,0.0,0.0,270.0,11.1,24.1,1019.7,12.0,7.0,2025-12-13 09:38:49.740769+00:00
12.4,8.7,78.0,0.0,0.0,268.0,11.1,22.2,1019.6,9.0,7.0,2025-12-13 09:38:49.740769+00:00
11.8,9.4,85.0,0.0,0.0,259.0,11.1,22.2,1019.6,4.0,3.0,2025-12-13 09:38:49.740769+00:00
11.3,9.4,88.0,0.0,0.0,259.0,11.1,20.4,1019.7,0.0,3.0,2025-12-13 09:38:49.740769+00:00
11.2,9.5,89.0,0.0,0.0,264.0,11.1,20.4,1019.7,0.0,3.0,2025-12-13 09:38:49.740769+00:00
10.9,9.7,92.0,0.0,0.0,265.0,11.1,22.2,1019.8,0.0,3.0,2025-12-13 09:38:49.740769+00:00
10.8,9.6,92.0,0.0,0.0,268.0,13.0,22.2,1019.8,0.0,3.0,2025-12-13 09:38:49.740769+00:00
10.4,9.5,94.0,0.0,0.0,278.0,11.1,24.1,1019.9,0.0,4.0,2025-12-13 09:38:49.740769+00:00
10.2,9.4,95.0,0.0,0.0,282.0,13.0,24.1,1019.8,0.0,4.0,2025-12-13 09:38:49.740769+00:00
10.2,9.4,95.0,0.0,0.0,282.0,13.0,24.1,1019.8,0.0,4.0,2025-12-13 09:38:49.740769+00:00
10.1,9.3,95.0,0.0,0.0,283.0,13.0,24.1,1019.7,0.0,4.0,2025-12-13 09:38:49.740769+00:00
9.9,9.3,96.0,0.0,0.0,287.0,13.0,24.1,1019.6,0.0,4.0,2025-12-13 09:38:49.740769+00:00
9.9,9.3,96.0,0.0,0.0,285.0,11.1,22.2,1019.6,0.0,4.0,2025-12-13 09:38:49.740769+00:00
9.4,8.9,97.0,0.0,0.0,282.0,11.1,24.1,1019.6,0.0,4.0,2025-12-13 09:38:49.740769+00:00
9.3,9.0,98.0,0.0,0.0,286.0,11.1,24.1,1019.6,0.0,4.0,2025-12-13 09:38:49.740769+00:00
9.5,9.2,98.0,0.0,0.0,286.0,13.0,24.1,1019.7,3.0,4.0,2025-12-13 09:38:49.740769+00:00
9.9,9.1,95.0,0.0,0.0,286.0,13.0,25.9,1019.9,7.0,4.0,2025-12-13 09:38:49.740769+00:00
10.6,8.7,88.0,0.0,0.0,288.0,13.0,27.8,1020.0,11.0,4.0,2025-12-13 09:38:49.740769+00:00
11.2,8.1,81.0,0.0,0.0,292.0,14.8,29.6,1020.2,15.0,4.0,2025-12-13 09:38:49.740769+00:00
11.8,7.1,73.0,0.0,0.0,293.0,14.8,31.5,1020.2,21.0,3.0,2025-12-13 09:38:49.740769+00:00
12.0,6.5,69.0,0.0,0.0,295.0,14.8,33.3,1019.9,21.0,7.0,2025-12-13 09:38:49.740769+00:00
12.1,5.9,66.0,0.0,0.0,295.0,14.8,35.2,1019.6,18.0,7.0,2025-12-13 09:38:49.740769+00:00
12.1,5.5,64.0,0.0,0.0,296.0,14.8,33.3,1019.4,18.0,7.0,2025-12-13 09:38:49.740769+00:00
11.8,5.2,64.0,0.0,0.0,296.0,14.8,33.3,1019.3,18.0,7.0,2025-12-13 09:38:49.740769+00:00
11.2,5.1,66.0,0.0,0.0,297.0,14.8,33.3,1019.4,14.0,3.0,2025-12-13 09:38:49.740769+00:00
10.5,4.6,67.0,0.0,0.0,300.0,13.0,31.5,1019.3,9.0,4.0,2025-12-13 09:38:49.740769+00:00
10.1,5.3,72.0,0.0,0.0,291.0,13.0,27.8,1019.4,4.0,3.0,2025-12-13 09:38:49.740769+00:00
9.6,5.6,76.0,0.0,0.0,284.0,13.0,25.9,1019.7,0.0,3.0,2025-12-13 09:38:49.740769+00:00
9.2,5.9,80.0,0.0,0.0,290.0,13.0,24.1,1019.7,0.0,3.0,2025-12-13 09:38:49.740769+00:00
8.7,6.0,83.0,0.0,0.0,294.0,13.0,24.1,1020.1,0.0,3.0,2025-12-13 09:38:49.740769+00:00
8.3,5.9,85.0,0.0,0.0,298.0,14.8,25.9,1020.3,0.0,3.0,2025-12-13 09:38:49.740769+00:00
8.0,5.3,83.0,0.0,0.0,300.0,14.8,29.6,1020.2,0.0,3.0,2025-12-13 09:38:49.740769+00:00
7.6,5.1,84.0,0.0,0.0,303.0,16.7,29.6,1020.9,0.0,3.0,2025-12-13 09:38:49.740769+00:00
7.2,4.8,85.0,0.0,0.0,308.0,14.8,29.6,1021.5,0.0,3.0,2025-12-13 09:38:49.740769+00:00
6.8,4.8,87.0,0.0,0.0,307.0,14.8,27.8,1022.3,0.0,3.0,2025-12-13 09:38:49.740769+00:00
6.4,4.6,88.0,0.0,0.0,314.0,14.8,27.8,1023.0,0.0,2.0,2025-12-13 09:38:49.740769+00:00
5.8,4.3,90.0,0.0,0.0,317.0,14.8,25.9,1023.7,0.0,2.0,2025-12-13 09:38:49.740769+00:00
5.1,3.8,91.0,0.0,0.0,322.0,14.8,27.8,1024.1,0.0,2.0,2025-12-13 09:38:49.740769+00:00
4.5,3.5,93.0,0.0,0.0,320.0,13.0,24.1,1025.0,0.0,1.0,2025-12-13 09:38:49.740769+00:00
4.5,3.2,91.0,0.0,0.0,316.0,13.0,24.1,1025.8,8.0,2.0,2025-12-13 09:38:49.740769+00:00
5.2,3.4,88.0,0.0,0.0,319.0,11.1,22.2,1026.5,30.0,2.0,2025-12-13 09:38:49.740769+00:00
6.2,3.2,81.0,0.0,0.0,321.0,11.1,22.2,1027.1,47.0,2.0,2025-12-13 09:38:49.740769+00:00
7.5,3.0,73.0,0.0,0.0,326.0,11.1,24.1,1027.5,57.0,2.0,2025-12-13 09:38:49.740769+00:00
9.1,1.7,60.0,0.0,0.0,334.0,11.1,25.9,1028.2,60.0,1.0,2025-12-13 09:38:49.740769+00:00
9.8,0.9,54.0,0.0,0.0,332.0,11.1,25.9,1028.0,59.0,2.0,2025-12-13 09:38:49.740769+00:00
10.4,0.7,51.0,0.0,0.0,335.0,13.0,27.8,1027.9,52.0,2.0,2025-12-13 09:38:49.740769+00:00
10.4,0.4,50.0,0.0,0.0,333.0,11.1,25.9,1027.6,50.0,2.0,2025-12-13 09:38:49.740769+00:00
10.2,0.2,50.0,0.0,0.0,334.0,9.3,24.1,1027.5,48.0,2.0,2025-12-13 09:38:49.740769+00:00
9.5,0.4,53.0,0.0,0.0,335.0,9.3,20.4,1027.6,42.0,2.0,2025-12-13 09:38:49.740769+00:00
8.2,0.9,60.0,0.0,0.0,329.0,7.4,16.7,1027.6,29.0,2.0,2025-12-13 09:38:49.740769+00:00
6.9,1.4,68.0,0.0,0.0,324.0,7.4,14.8,1027.8,14.0,1.0,2025-12-13 09:38:49.740769+00:00
5.2,1.7,78.0,0.0,0.0,330.0,7.4,13.0,1028.1,0.0,1.0,2025-12-13 09:38:49.740769+00:00
3.9,1.9,87.0,0.0,0.0,330.0,7.4,13.0,1028.1,0.0,1.0,2025-12-13 09:38:49.740769+00:00
3.3,1.8,90.0,0.0,0.0,337.0,7.4,11.1,1028.0,0.0,1.0,2025-12-13 09:38:49.740769+00:00
2.5,1.8,95.0,0.0,0.0,214.0,7.4,9.3,1027.8,0.0,1.0,2025-12-13 09:38:49.740769+00:00
2.6,1.7,94.0,0.0,0.0,104.0,5.5,9.3,1028.1,0.0,1.0,2025-12-13 09:38:49.740769+00:00
2.2,1.3,94.0,0.0,0.0,119.0,5.5,9.3,1027.7,0.0,1.0,2025-12-13 09:38:49.740769+00:00
1.7,1.1,96.0,0.0,0.0,128.0,5.5,9.3,1027.4,0.0,1.0,2025-12-13 09:38:49.740769+00:00
1.3,0.7,96.0,0.0,0.0,130.0,7.4,11.1,1027.0,0.0,1.0,2025-12-13 09:38:49.740769+00:00
0.9,0.5,97.0,0.0,0.0,129.0,7.4,13.0,1026.5,0.0,1.0,2025-12-13 09:38:49.740769+00:00
0.6,0.2,97.0,0.0,0.0,127.0,7.4,13.0,1026.1,0.0,1.0,2025-12-13 09:38:49.740769+00:00
0.8,0.4,97.0,0.0,0.0,126.0,7.4,11.1,1025.8,0.0,1.0,2025-12-13 09:38:49.740769+00:00
0.7,-0.2,94.0,0.0,0.0,129.0,7.4,13.0,1025.4,0.0,2.0,2025-12-13 09:38:49.740769+00:00
0.9,0.2,95.0,0.0,0.0,128.0,9.3,14.8,1025.0,6.0,2.0,2025-12-13 09:38:49.740769+00:00
1.9,0.7,92.0,0.0,0.0,132.0,9.3,16.7,1024.8,25.0,2.0,2025-12-13 09:38:49.740769+00:00
3.6,1.6,87.0,0.0,0.0,135.0,9.3,18.5,1024.4,38.0,2.0,2025-12-13 09:38:49.740769+00:00
5.6,1.9,77.0,0.0,0.0,136.0,9.3,20.4,1023.9,44.0,2.0,2025-12-13 09:38:49.740769+00:00
7.4,1.5,66.0,0.0,0.0,137.0,11.1,22.2,1023.3,47.0,2.0,2025-12-13 09:38:49.740769+00:00
8.6,0.8,58.0,0.0,0.0,138.0,11.1,24.1,1022.2,46.0,2.0,2025-12-13 09:38:49.740769+00:00
9.7,0.6,53.0,0.0,0.0,140.0,13.0,27.8,1021.2,42.0,2.0,2025-12-13 09:38:49.740769+00:00
10.1,0.4,51.0,0.0,0.0,139.0,13.0,27.8,1020.2,42.0,2.0,2025-12-13 09:38:49.740769+00:00
10.0,0.6,52.0,0.0,0.0,137.0,13.0,29.6,1019.2,40.0,2.0,2025-12-13 09:38:49.740769+00:00
9.2,0.6,55.0,0.0,0.0,135.0,14.8,29.6,1018.5,35.0,2.0,2025-12-13 09:38:49.740769+00:00
8.1,1.0,61.0,0.0,0.0,132.0,14.8,25.9,1017.8,28.0,2.0,2025-12-13 09:38:49.740769+00:00
6.5,1.6,71.0,0.0,0.0,129.0,14.8,25.9,1017.3,13.0,2.0,2025-12-13 09:38:49.740769+00:00
5.9,1.6,74.0,0.0,0.0,130.0,14.8,25.9,1016.8,0.0,2.0,2025-12-13 09:38:49.740769+00:00
4.9,2.1,82.0,0.0,0.0,132.0,14.8,25.9,1016.3,0.0,1.0,2025-12-13 09:38:49.740769+00:00
4.3,2.2,86.0,0.0,0.0,133.0,14.8,25.9,1015.9,0.0,1.0,2025-12-13 09:38:49.740769+00:00
3.9,2.1,88.0,0.0,0.0,133.0,14.8,25.9,1015.4,0.0,1.0,2025-12-13 09:38:49.740769+00:00
3.2,1.9,91.0,0.0,0.0,136.0,14.8,25.9,1014.8,0.0,1.0,2025-12-13 09:38:49.740769+00:00
3.0,1.7,91.0,0.0,0.0,135.0,14.8,25.9,1014.2,0.0,1.0,2025-12-13 09:38:49.740769+00:00
2.8,1.6,92.0,0.0,0.0,135.0,14.8,24.1,1013.7,0.0,1.0,2025-12-13 09:38:49.740769+00:00
2.5,1.5,93.0,0.0,0.0,134.0,14.8,24.1,1013.0,0.0,1.0,2025-12-13 09:38:49.740769+00:00
2.2,1.3,94.0,0.0,0.0,131.0,14.8,24.1,1012.3,0.0,1.0,2025-12-13 09:38:49.740769+00:00
2.0,1.3,95.0,0.0,0.0,129.0,14.8,24.1,1011.6,0.0,1.0,2025-12-13 09:38:49.740769+00:00
1.9,1.2,95.0,0.0,0.0,135.0,14.8,25.9,1011.5,0.0,1.0,2025-12-13 09:38:49.740769+00:00
1.8,1.4,97.0,0.0,0.0,132.0,14.8,25.9,1010.9,0.0,1.0,2025-12-13 09:38:49.740769+00:00
2.2,1.3,94.0,0.0,0.0,132.0,14.8,25.9,1010.3,0.0,1.0,2025-12-13 09:38:49.740769+00:00
3.1,2.1,93.0,0.0,0.0,135.0,14.8,27.8,1009.9,28.0,1.0,2025-12-13 09:38:49.740769+00:00
4.9,2.6,85.0,0.0,0.0,139.0,14.8,27.8,1009.5,42.0,2.0,2025-12-13 09:38:49.740769+00:00
7.1,3.2,76.0,0.0,0.0,140.0,14.8,27.8,1009.0,52.0,2.0,2025-12-13 09:38:49.740769+00:00
9.9,3.2,63.0,0.0,0.0,146.0,14.8,29.6,1008.2,57.0,2.0,2025-12-13 09:38:49.740769+00:00
11.2,3.7,60.0,0.0,0.0,144.0,14.8,31.5,1007.5,56.0,2.0,2025-12-13 09:38:49.740769+00:00
12.0,4.0,58.0,0.0,0.0,142.0,16.7,31.5,1006.8,51.0,2.0,2025-12-13 09:38:49.740769+00:00
12.4,4.1,57.0,0.0,0.0,140.0,16.7,31.5,1006.2,48.0,2.0,2025-12-13 09:38:49.740769+00:00
12.4,4.1,57.0,0.0,0.0,139.0,16.7,33.3,1005.6,43.0,2.0,2025-12-13 09:38:49.740769+00:00
11.7,4.4,61.0,0.0,0.0,139.0,16.7,33.3,1005.1,32.0,2.0,2025-12-13 09:38:49.740769+00:00
11.2,4.4,63.0,0.0,0.0,134.0,16.7,31.5,1004.7,17.0,3.0,2025-12-13 09:38:49.740769+00:00
10.1,4.9,70.0,0.0,0.0,132.0,16.7,29.6,1004.3,6.0,3.0,2025-12-13 09:38:49.740769+00:00
9.8,4.8,71.0,0.0,0.0,136.0,16.7,29.6,1004.1,0.0,3.0,2025-12-13 09:38:49.740769+00:00
9.5,5.1,74.0,0.0,0.0,141.0,16.7,29.6,1003.7,0.0,3.0,2025-12-13 09:38:49.740769+00:00
9.0,5.4,78.0,0.0,0.0,146.0,16.7,29.6,1003.4,0.0,3.0,2025-12-13 09:38:49.740769+00:00
8.7,5.6,81.0,0.0,0.0,151.0,16.7,29.6,1003.1,0.0,4.0,2025-12-13 09:38:49.740769+00:00
8.9,6.3,84.0,0.0,0.0,148.0,16.7,29.6,1002.6,0.0,7.0,2025-12-13 09:38:49.740769+00:00
8.8,6.6,86.0,0.0,0.0,148.0,16.7,27.8,1002.2,0.0,7.0,2025-12-13 09:38:49.740769+00:00
8.6,6.7,88.0,0.0,0.0,151.0,14.8,27.8,1001.9,0.0,7.0,2025-12-13 09:38:49.740769+00:00
8.5,6.8,89.0,0.0,0.0,152.0,14.8,27.8,1001.5,0.0,7.0,2025-12-13 09:38:49.740769+00:00
8.5,7.0,90.0,0.0,0.0,149.0,14.8,27.8,1001.0,0.0,7.0,2025-12-13 09:38:49.740769+00:00
8.3,6.8,90.0,0.0,0.0,151.0,14.8,27.8,1000.5,0.0,7.0,2025-12-13 09:38:49.740769+00:00
8.3,6.8,90.0,0.0,0.0,151.0,14.8,27.8,1000.1,0.0,7.0,2025-12-13 09:38:49.740769+00:00
8.4,6.9,90.0,0.0,0.0,155.0,16.7,27.8,999.8,0.0,7.0,2025-12-13 09:38:49.740769+00:00
8.5,6.8,89.0,0.0,0.0,154.0,16.7,27.8,999.6,0.0,7.0,2025-12-13 09:38:49.740769+00:00
9.3,7.2,87.0,0.0,0.0,160.0,14.8,29.6,999.4,8.0,7.0,2025-12-13 09:38:49.740769+00:00
10.4,7.6,83.0,0.0,0.0,166.0,16.7,31.5,999.4,15.0,7.0,2025-12-13 09:38:49.740769+00:00
11.8,8.1,78.0,0.0,0.0,174.0,16.7,31.5,999.3,21.0,3.0,2025-12-13 09:38:49.740769+00:00
13.6,7.8,68.0,0.0,0.0,181.0,16.7,31.5,998.3,25.0,3.0,2025-12-13 09:38:49.740769+00:00
14.8,8.1,64.0,0.0,0.0,192.0,18.5,35.2,998.1,25.0,2.0,2025-12-13 09:38:49.740769+00:00
15.4,8.6,64.0,0.0,0.0,195.0,18.5,35.2,997.9,22.0,3.0,2025-12-13 09:38:49.740769+00:00
15.6,8.8,64.0,0.0,0.0,198.0,16.7,35.2,998.1,17.0,3.0,2025-12-13 09:38:49.740769+00:00
15.2,9.1,67.0,0.0,0.0,200.0,16.7,35.2,998.4,17.0,3.0,2025-12-13 09:38:49.740769+00:00
14.4,9.6,73.0,0.6,0.0,198.0,14.8,31.5,998.6,14.0,7.0,2025-12-13 09:38:49.740769+00:00
14.1,9.5,74.0,0.0,0.0,195.0,14.8,31.5,998.6,10.0,2.0,2025-12-13 09:38:49.740769+00:00
13.5,10.1,80.0,0.0,0.0,196.0,14.8,29.6,999.1,4.0,2.0,2025-12-13 09:38:49.740769+00:00
12.9,10.1,83.0,0.0,0.0,193.0,13.0,27.8,999.4,0.0,2.0,2025-12-13 09:38:49.740769+00:00
12.3,10.0,86.0,0.0,0.0,190.0,14.8,25.9,999.7,0.0,2.0,2025-12-13 09:38:49.740769+00:00
11.8,9.9,88.0,0.0,0.0,192.0,13.0,25.9,999.8,0.0,2.0,2025-12-13 09:38:49.740769+00:00
11.2,9.5,89.0,0.0,0.0,191.0,13.0,24.1,999.8,0.0,2.0,2025-12-13 09:38:49.740769+00:00
11.5,9.2,86.0,0.0,0.0,191.0,13.0,24.1,1000.1,0.0,3.0,2025-12-13 09:38:49.740769+00:00
11.0,9.1,88.0,0.0,0.0,190.0,13.0,22.2,999.9,0.0,3.0,2025-12-13 09:38:49.740769+00:00
10.6,8.9,89.0,0.0,0.0,190.0,13.0,22.2,999.9,0.0,3.0,2025-12-13 09:38:49.740769+00:00
10.2,8.6,90.0,0.0,0.0,187.0,13.0,22.2,999.8,0.0,3.0,2025-12-13 09:38:49.740769+00:00
9.8,8.7,93.0,0.0,0.0,185.0,13.0,20.4,999.7,0.0,3.0,2025-12-13 09:38:49.740769+00:00
9.7,8.6,93.0,0.0,0.0,184.0,11.1,20.4,999.6,0.0,3.0,2025-12-13 09:38:49.740769+00:00
9.7,8.8,94.0,0.0,0.0,180.0,11.1,18.5,999.4,0.0,3.0,2025-12-13 09:38:49.740769+00:00
9.7,8.8,94.0,0.0,0.0,178.0,11.1,18.5,999.3,0.0,3.0,2025-12-13 09:38:49.740769+00:00
10.1,9.2,94.0,0.0,0.0,180.0,11.1,18.5,999.2,0.0,3.0,2025-12-13 09:38:49.740769+00:00
10.6,9.7,94.0,0.0,0.0,180.0,9.3,18.5,999.4,7.0,3.0,2025-12-13 09:38:49.740769+00:00
11.6,10.2,91.0,0.0,0.0,186.0,9.3,18.5,999.6,10.0,3.0,2025-12-13 09:38:49.740769+00:00
12.6,10.5,87.0,0.0,0.0,192.0,9.3,20.4,999.7,12.0,3.0,2025-12-13 09:38:49.740769+00:00
14.5,10.9,79.0,0.0,0.0,203.0,9.3,20.4,999.4,18.0,3.0,2025-12-13 09:38:49.740769+00:00
15.1,10.7,75.0,0.1,0.0,214.0,9.3,22.2,999.5,19.0,7.0,2025-12-13 09:38:49.740769+00:00
15.5,10.7,73.0,0.0,0.0,218.0,11.1,22.2,999.6,19.0,3.0,2025-12-13 09:38:49.740769+00:00
15.7,10.5,71.0,0.0,0.0,222.0,11.1,22.2,999.8,17.0,3.0,2025-12-13 09:38:49.740769+00:00
15.5,10.7,73.0,0.0,0.0,225.0,9.3,22.2,1000.0,15.0,3.0,2025-12-13 09:38:49.740769+00:00
15.0,10.8,76.0,0.0,0.0,222.0,9.3,20.4,1000.2,11.0,3.0,2025-12-13 09:38:49.740769+00:00
14.0,11.2,83.0,0.0,0.0,194.0,7.4,16.7,1000.2,6.0,3.0,2025-12-13 09:38:49.740769+00:00
12.9,11.6,92.0,0.0,0.0,190.0,7.4,14.8,1000.4,1.0,3.0,2025-12-13 09:38:49.740769+00:00
12.4,11.5,94.0,0.0,0.0,173.0,7.4,13.0,1000.5,0.0,3.0,2025-12-13 09:38:49.740769+00:00
11.8,11.3,97.0,0.0,0.0,170.0,7.4,13.0,1000.4,0.0,3.0,2025-12-13 09:38:49.740769+00:00
11.2,10.9,98.0,0.0,0.0,167.0,7.4,13.0,1000.4,0.0,3.0,2025-12-13 09:38:49.740769+00:00
10.9,10.7,99.0,0.0,0.0,158.0,7.4,13.0,1000.2,0.0,3.0,2025-12-13 09:38:49.740769+00:00
11.0,11.0,100.0,0.0,0.0,155.0,7.4,14.8,999.9,0.0,7.0,2025-12-13 09:38:49.740769+00:00
10.9,10.9,100.0,0.0,0.0,149.0,9.3,14.8,999.2,0.0,7.0,2025-12-13 09:38:49.740769+00:00
10.8,10.8,100.0,0.0,0.0,146.0,9.3,14.8,998.6,0.0,3.0,2025-12-13 09:38:49.740769+00:00
10.7,10.7,100.0,0.0,0.0,140.0,9.3,16.7,997.5,0.0,3.0,2025-12-13 09:38:49.740769+00:00
10.7,10.7,100.0,0.0,0.0,136.0,11.1,18.5,996.3,0.0,7.0,2025-12-13 09:38:49.740769+00:00
10.7,10.7,100.0,0.0,0.0,133.0,11.1,20.4,995.2,0.0,4.0,2025-12-13 09:38:49.740769+00:00
10.5,10.5,100.0,0.0,0.0,138.0,13.0,24.1,994.8,0.0,4.0,2025-12-13 09:38:49.740769+00:00
10.5,10.5,100.0,0.0,0.0,136.0,14.8,25.9,993.2,0.0,4.0,2025-12-13 09:38:49.740769+00:00
10.7,10.7,100.0,0.0,0.0,132.0,16.7,29.6,991.7,0.0,4.0,2025-12-13 09:38:49.740769+00:00
10.9,10.9,100.0,0.1,0.0,139.0,14.8,29.6,990.5,1.0,7.0,2025-12-13 09:38:49.740769+00:00
11.7,11.4,98.0,0.1,0.0,145.0,16.7,29.6,989.5,1.0,7.0,2025-12-13 09:38:49.740769+00:00
12.5,11.7,95.0,0.2,0.0,150.0,16.7,31.5,988.6,0.0,7.0,2025-12-13 09:38:49.740769+00:00
14.1,11.4,84.0,0.4,0.0,158.0,16.7,31.5,987.7,0.0,7.0,2025-12-13 09:38:49.740769+00:00
14.5,11.5,82.0,0.5,0.0,161.0,18.5,33.3,987.2,0.0,7.0,2025-12-13 09:38:49.740769+00:00
14.8,11.8,82.0,0.7,0.0,163.0,18.5,35.2,986.8,0.0,7.0,2025-12-13 09:38:49.740769+00:00
14.7,11.8,83.0,0.7,0.0,166.0,18.5,35.2,986.8,2.0,7.0,2025-12-13 09:38:49.740769+00:00
14.5,12.2,86.0,0.6,0.0,171.0,16.7,33.3,986.6,4.0,7.0,2025-12-13 09:38:49.740769+00:00
14.1,12.0,87.0,0.4,0.0,175.0,16.7,33.3,986.7,4.0,7.0,2025-12-13 09:38:49.740769+00:00
13.6,12.0,90.0,0.3,0.0,178.0,16.7,33.3,986.7,3.0,7.0,2025-12-13 09:38:49.740769+00:00
12.9,12.0,94.0,0.0,0.0,183.0,18.5,33.3,987.0,2.0,7.0,2025-12-13 09:38:49.740769+00:00
12.7,11.3,91.0,0.1,0.0,178.0,18.5,33.3,987.1,0.0,7.0,2025-12-13 09:38:49.740769+00:00
12.3,10.5,89.0,0.0,0.0,181.0,18.5,33.3,986.9,0.0,4.0,2025-12-13 09:38:49.740769+00:00
12.3,9.5,83.0,0.0,0.0,182.0,18.5,33.3,986.9,0.0,4.0,2025-12-13 09:38:49.740769+00:00
12.1,8.9,81.0,0.0,0.0,191.0,18.5,35.2,986.8,0.0,3.0,2025-12-13 09:38:49.740769+00:00
11.9,9.5,85.0,0.0,0.0,197.0,18.5,33.3,987.8,0.0,3.0,2025-12-13 09:38:49.740769+00:00
11.6,9.2,85.0,0.0,0.0,208.0,18.5,33.3,987.7,0.0,3.0,2025-12-13 09:38:49.740769+00:00
11.4,9.0,85.0,0.0,0.0,215.0,18.5,33.3,988.1,0.0,3.0,2025-12-13 09:38:49.740769+00:00
11.1,8.5,84.0,0.0,0.0,219.0,18.5,33.3,988.6,0.0,3.0,2025-12-13 09:38:49.740769+00:00
11.0,8.2,83.0,0.0,0.0,222.0,18.5,33.3,989.1,0.0,3.0,2025-12-13 09:38:49.740769+00:00
10.7,7.9,83.0,0.0,0.0,227.0,16.7,31.5,989.8,0.0,3.0,2025-12-13 09:38:49.740769+00:00
10.6,7.5,81.0,0.0,0.0,233.0,16.7,31.5,990.4,0.0,3.0,2025-12-13 09:38:49.740769+00:00
10.2,7.4,83.0,0.0,0.0,236.0,16.7,31.5,991.2,0.0,7.0,2025-12-13 09:38:49.740769+00:00
10.2,7.4,83.0,0.0,0.0,238.0,18.5,33.3,992.0,0.0,7.0,2025-12-13 09:38:49.740769+00:00
10.3,7.4,82.0,0.0,0.0,239.0,18.5,35.2,992.9,3.0,7.0,2025-12-13 09:38:49.740769+00:00
10.5,7.0,79.0,0.1,0.0,241.0,18.5,37.0,993.9,4.0,7.0,2025-12-13 09:38:49.740769+00:00
10.8,6.9,77.0,0.0,0.0,243.0,18.5,38.9,994.8,7.0,7.0,2025-12-13 09:38:49.740769+00:00
11.8,6.5,70.0,0.0,0.0,252.0,20.4,42.6,995.8,10.0,7.0,2025-12-13 09:38:49.740769+00:00
11.8,6.1,68.0,0.1,0.0,251.0,20.4,42.6,996.5,11.0,7.0,2025-12-13 09:38:49.740769+00:00
11.9,5.5,65.0,0.1,0.0,249.0,20.4,44.5,997.1,10.0,7.0,2025-12-13 09:38:49.740769+00:00
11.9,5.1,63.0,0.0,0.0,249.0,20.4,44.5,997.7,10.0,7.0,2025-12-13 09:38:49.740769+00:00
11.9,4.6,61.0,0.0,0.0,248.0,20.4,44.5,998.2,11.0,7.0,2025-12-13 09:38:49.740769+00:00
11.5,4.0,60.0,0.0,0.0,242.0,20.4,44.5,998.9,12.0,7.0,2025-12-13 09:38:49.740769+00:00
10.9,3.9,62.0,0.0,0.0,242.0,20.4,42.6,999.5,9.0,3.0,2025-12-13 09:38:49.740769+00:00
10.4,4.1,65.0,0.0,0.0,238.0,18.5,38.9,1000.1,3.0,3.0,2025-12-13 09:38:49.740769+00:00
9.9,3.8,66.0,0.0,0.0,234.0,18.5,37.0,1000.6,0.0,3.0,2025-12-13 09:38:49.740769+00:00
9.0,3.8,70.0,0.0,0.0,226.0,18.5,35.2,1000.8,0.0,2.0,2025-12-13 09:38:49.740769+00:00
8.5,3.5,71.0,0.0,0.0,225.0,18.5,33.3,1001.0,0.0,2.0,2025-12-13 09:38:49.740769+00:00
8.1,3.7,74.0,0.0,0.0,219.0,18.5,33.3,1001.1,0.0,2.0,2025-12-13 09:38:49.740769+00:00
8.4,4.0,74.0,0.0,0.0,216.0,18.5,33.3,1001.3,0.0,3.0,2025-12-13 09:38:49.740769+00:00
7.8,4.0,77.0,0.0,0.0,216.0,18.5,31.5,1001.1,0.0,2.0,2025-12-13 09:38:49.740769+00:00
7.7,4.1,78.0,0.0,0.0,216.0,16.7,29.6,1001.1,0.0,2.0,2025-12-13 09:38:49.740769+00:00
7.5,4.1,79.0,0.0,0.0,209.0,16.7,29.6,1000.6,0.0,2.0,2025-12-13 09:38:49.740769+00:00
7.3,4.3,81.0,0.0,0.0,205.0,16.7,27.8,1000.2,0.0,2.0,2025-12-13 09:38:49.740769+00:00
7.4,4.2,80.0,0.0,0.0,202.0,16.7,27.8,999.8,0.0,3.0,2025-12-13 09:38:49.740769+00:00
7.2,4.2,81.0,0.0,0.0,200.0,16.7,29.6,999.6,0.0,3.0,2025-12-13 09:38:49.740769+00:00
7.0,4.1,82.0,0.0,0.0,202.0,16.7,29.6,998.9,0.0,3.0,2025-12-13 09:38:49.740769+00:00
7.3,4.3,81.0,0.0,0.0,199.0,16.7,29.6,998.5,0.0,3.0,2025-12-13 09:38:49.740769+00:00
8.0,4.6,79.0,0.0,0.0,201.0,16.7,29.6,998.0,11.0,3.0,2025-12-13 09:38:49.740769+00:00
8.9,4.7,75.0,0.0,0.0,205.0,16.7,33.3,997.7,15.0,3.0,2025-12-13 09:38:49.740769+00:00
9.8,5.0,72.0,0.0,0.0,204.0,16.7,35.2,997.4,19.0,3.0,2025-12-13 09:38:49.740769+00:00
10.9,4.8,66.0,0.0,0.0,209.0,18.5,40.8,996.7,19.0,3.0,2025-12-13 09:38:49.740769+00:00
11.4,4.6,63.0,0.1,0.0,215.0,20.4,40.8,996.5,17.0,7.0,2025-12-13 09:38:49.740769+00:00
11.4,4.8,64.0,0.2,0.0,213.0,18.5,40.8,995.8,11.0,7.0,2025-12-13 09:38:49.740769+00:00
11.4,4.8,64.0,0.1,0.0,211.0,18.5,38.9,995.3,7.0,7.0,2025-12-13 09:38:49.740769+00:00
11.2,5.5,68.0,0.1,0.0,210.0,18.5,38.9,994.9,7.0,7.0,2025-12-13 09:38:49.740769+00:00
10.8,5.8,71.0,0.2,0.0,208.0,18.5,37.0,994.4,5.0,7.0,2025-12-13 09:38:49.740769+00:00
10.5,6.3,75.0,0.1,0.0,202.0,16.7,35.2,994.4,2.0,7.0,2025-12-13 09:38:49.740769+00:00
10.3,6.4,77.0,0.1,0.0,210.0,16.7,35.2,994.2,1.0,7.0,2025-12-13 09:38:49.740769+00:00
9.9,7.0,82.0,0.2,0.0,221.0,18.5,35.2,994.2,0.0,7.0,2025-12-13 09:38:49.740769+00:00
10.0,7.2,83.0,0.2,0.0,226.0,18.5,35.2,994.6,0.0,7.0,2025-12-13 09:38:49.740769+00:00
9.9,7.3,84.0,0.2,0.0,239.0,18.5,35.2,995.1,0.0,7.0,2025-12-13 09:38:49.740769+00:00
9.7,7.5,86.0,0.2,0.0,250.0,18.5,37.0,995.6,0.0,7.0,2025-12-13 09:38:49.740769+00:00
9.4,6.3,81.0,0.2,0.0,251.0,16.7,37.0,995.9,0.0,7.0,2025-12-13 09:38:49.740769+00:00
9.1,6.0,81.0,0.0,0.0,252.0,18.5,35.2,996.5,0.0,4.0,2025-12-13 09:38:49.740769+00:00
8.6,5.7,82.0,0.0,0.0,252.0,16.7,35.2,997.3,0.0,3.0,2025-12-13 09:38:49.740769+00:00
8.4,5.5,82.0,0.0,0.0,246.0,16.7,33.3,997.5,0.0,3.0,2025-12-13 09:38:49.740769+00:00
8.1,5.0,81.0,0.0,0.0,241.0,16.7,31.5,997.5,0.0,3.0,2025-12-13 09:38:49.740769+00:00
7.6,4.9,83.0,0.0,0.0,234.0,14.8,29.6,997.4,0.0,2.0,2025-12-13 09:38:49.740769+00:00
7.3,4.4,82.0,0.0,0.0,233.0,14.8,27.8,997.1,0.0,2.0,2025-12-13 09:38:49.740769+00:00
7.0,4.3,83.0,0.0,0.0,228.0,14.8,27.8,996.8,0.0,2.0,2025-12-13 09:38:49.740769+00:00
6.9,4.0,82.0,0.0,0.0,221.0,16.7,29.6,996.7,0.0,2.0,2025-12-13 09:38:49.740769+00:00
7.3,4.3,81.0,0.0,0.0,219.0,18.5,33.3,996.4,15.0,2.0,2025-12-13 09:38:49.740769+00:00
7.9,3.9,76.0,0.0,0.0,222.0,20.4,37.0,996.2,24.0,2.0,2025-12-13 09:38:49.740769+00:00
8.4,3.6,72.0,0.0,0.0,224.0,22.2,44.5,995.9,28.0,2.0,2025-12-13 09:38:49.740769+00:00
8.3,3.4,71.0,0.2,0.0,226.0,24.1,48.2,995.4,28.0,7.0,2025-12-13 09:38:49.740769+00:00
7.7,3.7,76.0,0.8,0.0,219.0,22.2,50.0,994.8,19.0,7.0,2025-12-13 09:38:49.740769+00:00
6.9,4.4,84.0,0.8,0.0,221.0,25.9,51.8,993.9,13.0,7.0,2025-12-13 09:38:49.740769+00:00
6.5,4.8,89.0,1.1,0.0,226.0,24.1,51.8,993.0,6.0,7.0,2025-12-13 09:38:49.740769+00:00
7.5,5.6,88.0,1.1,0.0,235.0,25.9,55.5,992.5,1.0,8.0,2025-12-13 09:38:49.740769+00:00
8.0,6.0,87.0,1.2,0.0,242.0,27.8,59.3,992.2,0.0,8.0,2025-12-13 09:38:49.740769+00:00
7.4,5.9,90.0,1.1,0.0,251.0,24.1,53.7,992.4,0.0,7.0,2025-12-13 09:38:49.740769+00:00
8.2,6.0,86.0,1.1,0.0,258.0,27.8,57.4,993.3,1.0,7.0,2025-12-13 09:38:49.740769+00:00
8.6,5.9,83.0,0.9,0.0,259.0,27.8,57.4,994.6,0.0,7.0,2025-12-13 09:38:49.740769+00:00
8.5,5.6,82.0,0.7,0.0,261.0,27.8,55.5,995.3,0.0,7.0,2025-12-13 09:38:49.740769+00:00
8.4,5.5,82.0,0.8,0.0,261.0,27.8,55.5,995.7,0.0,7.0,2025-12-13 09:38:49.740769+00:00
8.2,5.5,83.0,0.7,0.0,259.0,27.8,55.5,996.1,0.0,7.0,2025-12-13 09:38:49.740769+00:00
8.6,4.6,76.0,0.0,0.0,261.0,25.9,53.7,997.2,0.0,7.0,2025-12-13 09:38:49.740769+00:00
8.2,4.0,75.0,0.1,0.0,259.0,25.9,51.8,997.2,0.0,7.0,2025-12-13 09:38:49.740769+00:00
7.6,3.6,76.0,0.0,0.0,254.0,24.1,48.2,997.5,0.0,7.0,2025-12-13 09:38:49.740769+00:00
7.2,3.4,77.0,0.0,0.0,245.0,22.2,46.3,996.8,0.0,7.0,2025-12-13 09:38:49.740769+00:00
6.9,3.3,78.0,0.1,0.0,239.0,20.4,40.8,996.2,0.0,7.0,2025-12-13 09:38:49.740769+00:00
6.7,3.5,80.0,0.1,0.0,230.0,18.5,37.0,995.7,0.0,7.0,2025-12-13 09:38:49.740769+00:00
7.1,3.0,75.0,0.2,0.0,224.0,18.5,33.3,996.1,0.0,7.0,2025-12-13 09:38:49.740769+00:00
6.9,3.3,78.0,0.4,0.0,221.0,18.5,33.3,994.8,0.0,7.0,2025-12-13 09:38:49.740769+00:00
6.6,4.1,84.0,0.4,0.0,217.0,18.5,35.2,993.7,0.0,7.0,2025-12-13 09:38:49.740769+00:00
6.7,4.4,85.0,0.4,0.0,217.0,18.5,35.2,992.7,0.0,7.0,2025-12-13 09:38:49.740769+00:00
6.7,4.9,88.0,0.5,0.0,216.0,18.5,37.0,992.0,0.0,7.0,2025-12-13 09:38:49.740769+00:00
7.0,5.1,88.0,0.5,0.0,218.0,20.4,37.0,991.5,0.0,7.0,2025-12-13 09:38:49.740769+00:00
7.5,5.0,84.0,0.5,0.0,222.0,18.5,38.9,991.0,0.0,7.0,2025-12-13 09:38:49.740769+00:00
7.8,5.3,84.0,0.6,0.0,224.0,18.5,38.9,990.8,0.0,7.0,2025-12-13 09:38:49.740769+00:00
8.2,5.7,84.0,0.5,0.0,230.0,18.5,37.0,990.8,0.0,7.0,2025-12-13 09:38:49.740769+00:00
8.0,5.8,86.0,0.6,0.0,240.0,16.7,35.2,991.0,0.0,7.0,2025-12-13 09:38:49.740769+00:00
8.2,6.3,88.0,0.6,0.0,248.0,16.7,37.0,991.4,0.0,7.0,2025-12-13 09:38:49.740769+00:00
8.3,6.4,88.0,0.5,0.0,257.0,16.7,37.0,991.9,2.0,7.0,2025-12-13 09:38:49.740769+00:00
7.7,6.2,90.0,0.3,0.0,269.0,16.7,35.2,992.6,2.0,7.0,2025-12-13 09:38:49.740769+00:00
7.8,6.4,91.0,0.4,,274.0,16.7,35.2,993.9,1.0,7.0,2025-12-13 09:38:49.740769+00:00
7.8,6.6,92.0,0.2,0.0,273.0,16.7,35.2,995.2,0.0,4.0,2025-12-13 09:38:49.740769+00:00
7.7,6.5,92.0,0.0,0.0,274.0,18.5,35.2,996.3,0.0,3.0,2025-12-13 09:38:49.740769+00:00
7.4,6.3,93.0,0.0,0.0,271.0,18.5,35.2,997.2,0.0,3.0,2025-12-13 09:38:49.740769+00:00
7.4,6.3,93.0,0.0,0.0,270.0,20.4,38.9,997.9,0.0,3.0,2025-12-13 09:38:49.740769+00:00
7.8,5.8,87.0,0.0,0.0,272.0,20.4,40.8,998.7,0.0,4.0,2025-12-13 09:38:49.740769+00:00
8.1,5.7,85.0,0.0,0.0,273.0,22.2,42.6,999.3,0.0,4.0,2025-12-13 09:38:49.740769+00:00
8.2,5.7,84.0,0.0,0.0,272.0,22.2,44.5,1000.1,0.0,4.0,2025-12-13 09:38:49.740769+00:00
8.3,5.6,83.0,0.0,0.0,271.0,22.2,44.5,1000.7,0.0,7.0,2025-12-13 09:38:49.740769+00:00
8.4,5.7,83.0,0.0,0.0,272.0,24.1,46.3,1001.2,0.0,4.0,2025-12-13 09:38:49.740769+00:00
8.4,5.5,82.0,0.0,0.0,271.0,24.1,46.3,1001.8,0.0,7.0,2025-12-13 09:38:49.740769+00:00
8.1,5.0,81.0,0.0,0.0,266.0,22.2,44.5,1002.0,0.0,7.0,2025-12-13 09:38:49.740769+00:00
7.9,5.2,83.0,0.0,0.0,268.0,22.2,44.5,1002.6,0.0,7.0,2025-12-13 09:38:49.740769+00:00
7.8,5.3,84.0,0.1,0.0,264.0,20.4,44.5,1003.1,0.0,7.0,2025-12-13 09:38:49.740769+00:00
8.0,5.3,83.0,0.1,0.0,260.0,20.4,40.8,1003.3,3.0,7.0,2025-12-13 09:38:49.740769+00:00
8.1,5.4,83.0,0.1,0.0,251.0,18.5,38.9,1003.4,4.0,7.0,2025-12-13 09:38:49.740769+00:00
8.2,5.5,83.0,0.1,0.0,239.0,18.5,35.2,1003.3,4.0,7.0,2025-12-13 09:38:49.740769+00:00
8.3,5.4,82.0,0.3,0.0,239.0,16.7,35.2,1003.1,0.0,7.0,2025-12-13 09:38:49.740769+00:00
8.3,6.1,86.0,0.6,0.0,226.0,16.7,35.2,1002.2,0.0,7.0,2025-12-13 09:38:49.740769+00:00
8.5,7.0,90.0,0.6,0.0,221.0,16.7,35.2,1001.1,0.0,7.0,2025-12-13 09:38:49.740769+00:00
8.6,7.2,91.0,0.6,0.0,223.0,16.7,35.2,1000.4,2.0,7.0,2025-12-13 09:38:49.740769+00:00
9.6,7.7,88.0,0.4,0.0,235.0,18.5,37.0,1000.0,3.0,7.0,2025-12-13 09:38:49.740769+00:00
10.0,8.1,88.0,0.3,0.0,246.0,18.5,40.8,1000.0,7.0,7.0,2025-12-13 09:38:49.740769+00:00
9.8,8.2,90.0,0.5,0.0,255.0,18.5,42.6,1000.6,4.0,7.0,2025-12-13 09:38:49.740769+00:00
9.6,8.4,92.0,0.3,0.0,258.0,20.4,42.6,1001.3,3.0,7.0,2025-12-13 09:38:49.740769+00:00
9.6,8.0,90.0,0.2,0.0,257.0,20.4,40.8,1002.0,0.0,3.0,2025-12-13 09:38:49.740769+00:00
9.4,7.8,90.0,0.0,0.0,258.0,20.4,40.8,1002.8,0.0,3.0,2025-12-13 09:38:49.740769+00:00
9.4,7.7,89.0,0.0,0.0,260.0,20.4,38.9,1003.6,0.0,2.0,2025-12-13 09:38:49.740769+00:00
9.3,7.4,88.0,0.0,0.0,257.0,20.4,38.9,1004.2,0.0,2.0,2025-12-13 09:38:49.740769+00:00
9.3,7.2,87.0,0.0,0.0,257.0,20.4,38.9,1004.9,0.0,2.0,2025-12-13 09:38:49.740769+00:00
9.1,7.1,87.0,0.0,0.0,255.0,20.4,38.9,1005.5,0.0,2.0,2025-12-13 09:38:49.740769+00:00
8.9,6.9,87.0,0.0,0.0,253.0,18.5,37.0,1006.1,0.0,2.0,2025-12-13 09:38:49.740769+00:00
8.8,6.8,87.0,0.0,0.0,249.0,18.5,37.0,1006.4,0.0,2.0,2025-12-13 09:38:49.740769+00:00
8.6,6.9,89.0,0.0,0.0,245.0,18.5,33.3,1006.6,0.0,2.0,2025-12-13 09:38:49.740769+00:00
8.6,6.9,89.0,0.0,0.0,240.0,16.7,31.5,1006.9,0.0,3.0,2025-12-13 09:38:49.740769+00:00
7.8,6.6,92.0,0.0,0.0,237.0,14.8,24.1,1007.6,0.0,2.0,2025-12-13 09:38:49.740769+00:00
7.3,6.2,93.0,0.0,0.0,233.0,13.0,24.1,1007.8,0.0,2.0,2025-12-13 09:38:49.740769+00:00
7.3,6.2,93.0,0.0,0.0,227.0,13.0,24.1,1008.0,0.0,2.0,2025-12-13 09:38:49.740769+00:00
7.8,6.6,92.0,0.0,0.0,224.0,13.0,24.1,1008.4,13.0,3.0,2025-12-13 09:38:49.740769+00:00
8.7,6.7,87.0,0.0,0.0,221.0,13.0,24.1,1008.6,21.0,3.0,2025-12-13 09:38:49.740769+00:00
10.1,6.8,80.0,0.0,0.0,220.0,13.0,25.9,1008.8,28.0,3.0,2025-12-13 09:38:49.740769+00:00
11.6,6.9,73.0,0.0,0.0,225.0,13.0,27.8,1008.4,35.0,2.0,2025-12-13 09:38:49.740769+00:00
12.7,6.9,68.0,0.0,0.0,226.0,14.8,29.6,1008.3,35.0,3.0,2025-12-13 09:38:49.740769+00:00
13.2,7.0,66.0,0.0,0.0,222.0,14.8,29.6,1008.0,33.0,3.0,2025-12-13 09:38:49.740769+00:00
13.5,6.8,64.0,0.0,0.0,219.0,13.0,29.6,1007.6,33.0,3.0,2025-12-13 09:38:49.740769+00:00
13.3,6.9,65.0,0.0,0.0,214.0,13.0,27.8,1007.3,29.0,3.0,2025-12-13 09:38:49.740769+00:00
12.7,7.2,69.0,0.0,0.0,203.0,11.1,24.1,1006.9,21.0,3.0,2025-12-13 09:38:49.740769+00:00
11.8,7.3,74.0,0.0,0.0,186.0,11.1,22.2,1006.6,10.0,3.0,2025-12-13 09:38:49.740769+00:00
10.6,8.0,84.0,0.0,0.0,178.0,11.1,22.2,1006.0,0.0,3.0,2025-12-13 09:38:49.740769+00:00
10.1,8.2,88.0,0.0,0.0,171.0,13.0,22.2,1005.3,0.0,3.0,2025-12-13 09:38:49.740769+00:00
9.6,8.0,90.0,0.0,0.0,167.0,13.0,22.2,1004.3,0.0,3.0,2025-12-13 09:38:49.740769+00:00
9.2,8.0,92.0,0.0,0.0,167.0,13.0,24.1,1003.5,0.0,3.0,2025-12-13 09:38:49.740769+00:00
9.0,7.8,92.0,0.0,0.0,168.0,14.8,24.1,1002.7,0.0,3.0,2025-12-13 09:38:49.740769+00:00
9.0,7.9,93.0,0.0,0.0,167.0,14.8,24.1,1002.2,0.0,3.0,2025-12-13 09:38:49.740769+00:00
9.0,7.8,92.0,0.0,0.0,167.0,14.8,24.1,1001.4,0.0,3.0,2025-12-13 09:38:49.740769+00:00
9.2,7.6,90.0,0.0,0.0,169.0,14.8,24.1,1000.6,0.0,3.0,2025-12-13 09:38:49.740769+00:00
9.2,7.5,89.0,0.1,0.0,171.0,14.8,25.9,999.7,0.0,7.0,2025-12-13 09:38:49.740769+00:00
9.2,7.6,90.0,0.0,0.0,172.0,16.7,25.9,998.7,0.0,7.0,2025-12-13 09:38:49.740769+00:00
9.5,7.8,89.0,0.1,0.0,179.0,16.7,29.6,997.8,0.0,7.0,2025-12-13 09:38:49.740769+00:00
9.3,7.6,89.0,0.5,0.0,177.0,16.7,31.5,997.2,0.0,7.0,2025-12-13 09:38:49.740769+00:00
9.5,7.9,90.0,0.7,0.0,182.0,18.5,33.3,996.3,0.0,7.0,2025-12-13 09:38:49.740769+00:00
9.7,8.5,92.0,0.9,0.0,202.0,18.5,33.3,995.7,0.0,7.0,2025-12-13 09:38:49.740769+00:00
10.2,8.5,89.0,0.7,0.0,211.0,18.5,35.2,996.1,0.0,7.0,2025-12-13 09:38:49.740769+00:00
10.7,8.3,85.0,0.6,0.0,236.0,18.5,38.9,997.1,0.0,7.0,2025-12-13 09:38:49.740769+00:00
10.8,8.0,83.0,0.4,0.0,253.0,22.2,46.3,998.6,0.0,7.0,2025-12-13 09:38:49.740769+00:00
11.3,7.6,78.0,0.3,0.0,267.0,24.1,48.2,998.9,0.0,7.0,2025-12-13 09:38:49.740769+00:00
11.1,7.0,76.0,0.3,0.0,270.0,24.1,51.8,1001.0,2.0,7.0,2025-12-13 09:38:49.740769+00:00
11.0,6.3,73.0,0.3,0.0,272.0,24.1,53.7,1003.0,5.0,18.0,2025-12-13 09:38:49.740769+00:00
11.1,6.0,71.0,0.3,0.0,272.0,24.1,53.7,1004.7,9.0,18.0,2025-12-13 09:38:49.740769+00:00
11.5,5.8,68.0,0.2,0.0,272.0,24.1,51.8,1006.2,14.0,17.0,2025-12-13 09:38:49.740769+00:00
11.9,5.5,65.0,0.0,0.0,268.0,22.2,50.0,1007.1,15.0,3.0,2025-12-13 09:38:49.740769+00:00
10.8,5.5,70.0,0.0,0.0,269.0,20.4,44.5,1008.8,11.0,2.0,2025-12-13 09:38:49.740769+00:00
10.3,5.7,73.0,0.0,0.0,267.0,20.4,42.6,1009.9,0.0,2.0,2025-12-13 09:38:49.740769+00:00
9.9,5.5,74.0,0.0,0.0,262.0,18.5,38.9,1010.7,0.0,2.0,2025-12-13 09:38:49.740769+00:00
9.5,5.7,77.0,0.0,0.0,262.0,18.5,37.0,1011.7,0.0,2.0,2025-12-13 09:38:49.740769+00:00
8.9,5.6,80.0,0.0,0.0,259.0,18.5,33.3,1012.5,0.0,2.0,2025-12-13 09:38:49.740769+00:00
8.4,5.7,83.0,0.0,0.0,254.0,16.7,31.5,1013.0,0.0,2.0,2025-12-13 09:38:49.740769+00:00
8.1,5.4,83.0,0.0,0.0,252.0,14.8,29.6,1013.6,0.0,2.0,2025-12-13 09:38:49.740769+00:00
7.7,5.3,85.0,0.0,0.0,252.0,14.8,27.8,1014.3,0.0,2.0,2025-12-13 09:38:49.740769+00:00
7.2,5.3,88.0,0.0,0.0,252.0,13.0,25.9,1015.0,0.0,2.0,2025-12-13 09:38:49.740769+00:00
6.8,5.3,90.0,0.0,0.0,248.0,13.0,24.1,1015.6,0.0,2.0,2025-12-13 09:38:49.740769+00:00
6.4,5.0,91.0,0.0,0.0,246.0,13.0,22.2,1015.8,0.0,2.0,2025-12-13 09:38:49.740769+00:00
5.7,4.7,93.0,0.0,0.0,239.0,11.1,20.4,1016.0,0.0,2.0,2025-12-13 09:38:49.740769+00:00
5.2,4.5,95.0,0.0,0.0,235.0,9.3,16.7,1016.4,0.0,2.0,2025-12-13 09:38:49.740769+00:00
4.5,3.9,96.0,0.0,0.0,226.0,9.3,16.7,1016.6,0.0,2.0,2025-12-13 09:38:49.740769+00:00
4.3,3.7,96.0,0.0,0.0,211.0,9.3,14.8,1016.7,0.0,2.0,2025-12-13 09:38:49.740769+00:00
4.8,4.1,95.0,0.0,0.0,204.0,7.4,14.8,1017.2,18.0,2.0,2025-12-13 09:38:49.740769+00:00
5.8,4.4,91.0,0.0,0.0,195.0,7.4,14.8,1017.5,30.0,2.0,2025-12-13 09:38:49.740769+00:00
7.3,4.8,84.0,0.0,0.0,182.0,7.4,14.8,1017.8,37.0,3.0,2025-12-13 09:38:49.740769+00:00
8.7,4.7,76.0,0.0,0.0,178.0,7.4,16.7,1017.6,39.0,3.0,2025-12-13 09:38:49.740769+00:00
10.0,4.6,69.0,0.0,0.0,171.0,9.3,18.5,1017.3,36.0,3.0,2025-12-13 09:38:49.740769+00:00
11.0,4.2,63.0,0.0,0.0,162.0,9.3,20.4,1016.8,33.0,3.0,2025-12-13 09:38:49.740769+00:00
11.3,4.3,62.0,0.0,0.0,155.0,9.3,20.4,1016.3,31.0,3.0,2025-12-13 09:38:49.740769+00:00
11.1,3.9,61.0,0.0,0.0,151.0,11.1,20.4,1016.0,28.0,3.0,2025-12-13 09:38:49.740769+00:00
10.5,3.8,63.0,0.0,0.0,144.0,11.1,22.2,1015.8,21.0,3.0,2025-12-13 09:38:49.740769+00:00
9.9,4.9,71.0,0.0,0.0,138.0,11.1,20.4,1015.6,9.0,3.0,2025-12-13 09:38:49.740769+00:00
8.9,4.9,76.0,0.0,0.0,140.0,11.1,20.4,1015.5,0.0,3.0,2025-12-13 09:38:49.740769+00:00
8.4,5.0,79.0,0.0,0.0,143.0,13.0,22.2,1015.4,0.0,3.0,2025-12-13 09:38:49.740769+00:00
7.8,4.7,81.0,0.0,0.0,146.0,13.0,22.2,1015.4,0.0,3.0,2025-12-13 09:38:49.740769+00:00
7.2,4.8,85.0,0.0,0.0,149.0,13.0,24.1,1015.4,0.0,3.0,2025-12-13 09:38:49.740769+00:00
7.0,4.8,86.0,0.0,0.0,155.0,13.0,24.1,1015.4,0.0,3.0,2025-12-13 09:38:49.740769+00:00
7.2,5.0,86.0,0.0,0.0,158.0,13.0,22.2,1015.0,0.0,3.0,2025-12-13 09:38:49.740769+00:00
7.1,4.9,86.0,0.0,0.0,161.0,13.0,22.2,1015.0,0.0,3.0,2025-12-13 09:38:49.740769+00:00
7.0,4.7,85.0,0.0,0.0,167.0,13.0,20.4,1015.1,0.0,3.0,2025-12-13 09:38:49.740769+00:00
6.6,4.4,86.0,0.0,0.0,170.0,13.0,20.4,1015.1,0.0,3.0,2025-12-13 09:38:49.740769+00:00
6.2,4.5,89.0,0.0,0.0,171.0,13.0,20.4,1015.0,0.0,2.0,2025-12-13 09:38:49.740769+00:00
6.0,4.3,89.0,0.0,0.0,175.0,13.0,20.4,1014.9,0.0,2.0,2025-12-13 09:38:49.740769+00:00
5.8,4.4,91.0,0.0,0.0,171.0,11.1,18.5,1014.8,0.0,2.0,2025-12-13 09:38:49.740769+00:00
5.4,4.4,93.0,0.0,0.0,174.0,11.1,18.5,1014.5,0.0,2.0,2025-12-13 09:38:49.740769+00:00
5.5,4.8,95.0,0.0,0.0,172.0,11.1,20.4,1014.4,0.0,2.0,2025-12-13 09:38:49.740769+00:00
6.4,5.4,93.0,0.0,0.0,171.0,11.1,18.5,1014.0,17.0,2.0,2025-12-13 09:38:49.740769+00:00
7.9,6.2,89.0,0.0,0.0,174.0,11.1,20.4,1013.8,29.0,2.0,2025-12-13 09:38:49.740769+00:00
9.8,7.1,83.0,0.0,0.0,174.0,11.1,20.4,1013.4,36.0,3.0,2025-12-13 09:38:49.740769+00:00
12.2,7.9,75.0,0.0,0.0,175.0,9.3,20.4,1013.1,38.0,2.0,2025-12-13 09:38:49.740769+00:00
13.7,8.1,69.0,0.0,0.0,174.0,11.1,22.2,1012.7,34.0,2.0,2025-12-13 09:38:49.740769+00:00
14.7,8.4,66.0,0.0,0.0,171.0,11.1,24.1,1012.0,25.0,3.0,2025-12-13 09:38:49.740769+00:00
15.2,8.7,65.0,0.0,0.0,170.0,11.1,24.1,1011.6,21.0,3.0,2025-12-13 09:38:49.740769+00:00
15.1,8.8,66.0,0.0,0.0,172.0,11.1,25.9,1011.2,14.0,3.0,2025-12-13 09:38:49.740769+00:00
14.6,9.2,70.0,0.0,0.0,171.0,13.0,25.9,1010.9,7.0,4.0,2025-12-13 09:38:49.740769+00:00
13.5,9.7,78.0,0.2,0.0,167.0,13.0,24.1,1010.7,0.0,7.0,2025-12-13 09:38:49.740769+00:00
12.8,10.5,86.0,0.4,0.0,173.0,14.8,25.9,1011.0,0.0,7.0,2025-12-13 09:38:49.740769+00:00
12.4,10.6,89.0,0.5,0.0,176.0,14.8,25.9,1011.0,0.0,7.0,2025-12-13 09:38:49.740769+00:00
12.4,10.8,90.0,0.4,0.0,181.0,14.8,25.9,1011.0,0.0,7.0,2025-12-13 09:38:49.740769+00:00
12.4,11.1,92.0,0.4,0.0,186.0,13.0,24.1,1011.0,0.0,7.0,2025-12-13 09:38:49.740769+00:00
12.2,11.3,94.0,0.3,0.0,196.0,13.0,22.2,1011.0,0.0,7.0,2025-12-13 09:38:49.740769+00:00
12.4,11.1,92.0,0.2,0.0,202.0,11.1,22.2,1011.1,0.0,7.0,2025-12-13 09:38:49.740769+00:00
12.0,11.1,94.0,0.2,0.0,215.0,11.1,22.2,1011.1,0.0,7.0,2025-12-13 09:38:49.740769+00:00
11.6,10.8,95.0,0.0,0.0,228.0,11.1,18.5,1011.2,0.0,7.0,2025-12-13 09:38:49.740769+00:00
11.2,10.4,95.0,0.0,0.0,234.0,9.3,18.5,1011.3,0.0,3.0,2025-12-13 09:38:49.740769+00:00
10.9,10.1,95.0,0.0,0.0,238.0,9.3,18.5,1011.5,0.0,3.0,2025-12-13 09:38:49.740769+00:00
10.6,9.8,95.0,0.0,0.0,234.0,9.3,16.7,1011.6,0.0,3.0,2025-12-13 09:38:49.740769+00:00
10.4,9.5,94.0,0.0,0.0,229.0,7.4,14.8,1011.8,0.0,3.0,2025-12-13 09:38:49.740769+00:00
10.0,9.4,96.0,0.0,0.0,215.0,7.4,14.8,1011.8,0.0,4.0,2025-12-13 09:38:49.740769+00:00
9.8,9.5,98.0,0.0,0.0,209.0,7.4,14.8,1012.0,0.0,4.0,2025-12-13 09:38:49.740769+00:00
9.8,9.7,99.0,0.0,0.0,205.0,7.4,14.8,1011.9,4.0,4.0,2025-12-13 09:38:49.740769+00:00
10.2,10.0,99.0,0.0,0.0,203.0,7.4,14.8,1012.0,7.0,4.0,2025-12-13 09:38:49.740769+00:00
10.8,10.3,97.0,0.0,0.0,204.0,7.4,16.7,1012.0,10.0,4.0,2025-12-13 09:38:49.740769+00:00
11.5,10.2,92.0,0.0,0.0,217.0,7.4,16.7,1012.0,8.0,4.0,2025-12-13 09:38:49.740769+00:00
11.8,10.0,89.0,0.0,0.0,223.0,7.4,18.5,1011.9,8.0,3.0,2025-12-13 09:38:49.740769+00:00
12.2,9.8,85.0,0.0,0.0,223.0,9.3,18.5,1011.6,10.0,3.0,2025-12-13 09:38:49.740769+00:00
12.2,9.4,83.0,0.0,0.0,226.0,7.4,18.5,1011.5,10.0,4.0,2025-12-13 09:38:49.740769+00:00
12.1,9.1,82.0,0.0,0.0,225.0,7.4,18.5,1011.5,10.0,3.0,2025-12-13 09:38:49.740769+00:00
11.6,9.3,86.0,0.0,0.0,220.0,7.4,16.7,1011.4,6.0,3.0,2025-12-13 09:38:49.740769+00:00
10.4,9.6,95.0,0.0,0.0,187.0,7.4,13.0,1011.4,2.0,3.0,2025-12-13 09:38:49.740769+00:00
9.6,9.6,100.0,0.0,0.0,194.0,7.4,13.0,1011.4,0.0,3.0,2025-12-13 09:38:49.740769+00:00
9.4,9.4,100.0,0.0,0.0,192.0,7.4,13.0,1011.5,0.0,3.0,2025-12-13 09:38:49.740769+00:00
9.1,9.1,100.0,0.0,,194.0,9.3,13.0,1011.5,0.0,3.0,2025-12-13 09:38:49.740769+00:00
8.9,8.9,100.0,0.0,0.0,191.0,7.4,13.0,1011.5,0.0,3.0,2025-12-13 09:38:49.740769+00:00
8.7,8.7,100.0,0.0,0.0,194.0,7.4,13.0,1011.5,0.0,4.0,2025-12-13 09:38:49.740769+00:00
8.6,8.6,100.0,0.0,0.0,197.0,7.4,13.0,1011.7,0.0,4.0,2025-12-13 09:38:49.740769+00:00
8.6,8.6,100.0,0.0,0.0,208.0,7.4,13.0,1011.8,0.0,4.0,2025-12-13 09:38:49.740769+00:00
8.5,8.5,100.0,0.0,,224.0,7.4,14.8,1011.9,0.0,4.0,2025-12-13 09:38:49.740769+00:00
8.5,8.5,100.0,0.0,0.0,236.0,7.4,14.8,1012.1,0.0,7.0,2025-12-13 09:38:49.740769+00:00
8.5,8.5,100.0,0.2,0.0,250.0,9.3,16.7,1012.4,0.0,7.0,2025-12-13 09:38:49.740769+00:00
8.6,8.5,99.0,0.2,0.0,258.0,9.3,18.5,1012.8,0.0,7.0,2025-12-13 09:38:49.740769+00:00
8.2,8.2,100.0,0.1,0.0,271.0,11.1,22.2,1012.9,0.0,7.0,2025-12-13 09:38:49.740769+00:00
8.2,8.2,100.0,0.1,0.0,276.0,11.1,22.2,1013.8,0.0,7.0,2025-12-13 09:38:49.740769+00:00
8.4,8.1,98.0,0.1,0.0,272.0,13.0,24.1,1014.8,0.0,7.0,2025-12-13 09:38:49.740769+00:00
8.5,7.9,96.0,0.1,0.0,274.0,13.0,25.9,1015.8,2.0,7.0,2025-12-13 09:38:49.740769+00:00
8.8,7.6,92.0,0.1,0.0,274.0,14.8,27.8,1016.6,5.0,7.0,2025-12-13 09:38:49.740769+00:00
9.3,7.2,87.0,0.0,0.0,274.0,14.8,31.5,1017.3,8.0,7.0,2025-12-13 09:38:49.740769+00:00
10.0,7.2,83.0,0.0,0.0,278.0,14.8,31.5,1017.9,13.0,7.0,2025-12-13 09:38:49.740769+00:00
10.5,6.4,76.0,0.0,0.0,275.0,14.8,31.5,1018.2,17.0,7.0,2025-12-13 09:38:49.740769+00:00
11.0,5.9,71.0,0.0,0.0,269.0,14.8,33.3,1018.3,18.0,3.0,2025-12-13 09:38:49.740769+00:00
11.1,5.4,68.0,0.0,0.0,263.0,14.8,31.5,1018.5,20.0,3.0,2025-12-13 09:38:49.740769+00:00
11.0,5.1,67.0,0.0,0.0,257.0,13.0,29.6,1018.8,22.0,3.0,2025-12-13 09:38:49.740769+00:00
10.6,4.9,68.0,0.0,0.0,243.0,13.0,27.8,1019.1,17.0,3.0,2025-12-13 09:38:49.740769+00:00
10.1,4.9,70.0,0.0,0.0,234.0,11.1,22.2,1019.1,8.0,3.0,2025-12-13 09:38:49.740769+00:00
9.7,5.1,73.0,0.0,0.0,226.0,13.0,22.2,1019.5,0.0,3.0,2025-12-13 09:38:49.740769+00:00
9.3,5.3,76.0,0.0,0.0,220.0,13.0,24.1,1019.8,0.0,3.0,2025-12-13 09:38:49.740769+00:00
9.1,5.3,77.0,0.0,0.0,215.0,13.0,24.1,1020.1,0.0,3.0,2025-12-13 09:38:49.740769+00:00
8.8,5.2,78.0,0.0,0.0,214.0,14.8,24.1,1020.3,0.0,7.0,2025-12-13 09:38:49.740769+00:00
8.8,5.5,80.0,0.0,0.0,211.0,13.0,24.1,1020.4,0.0,7.0,2025-12-13 09:38:49.740769+00:00
9.0,6.1,82.0,0.0,0.0,211.0,14.8,22.2,1020.4,0.0,4.0,2025-12-13 09:38:49.740769+00:00
9.1,6.4,83.0,0.0,0.0,215.0,13.0,22.2,1020.7,0.0,4.0,2025-12-13 09:38:49.740769+00:00
8.9,6.5,85.0,0.0,0.0,216.0,13.0,22.2,1020.8,0.0,4.0,2025-12-13 09:38:49.740769+00:00
8.9,6.5,85.0,0.0,0.0,212.0,13.0,22.2,1020.9,0.0,4.0,2025-12-13 09:38:49.740769+00:00
8.7,6.7,87.0,0.0,0.0,212.0,13.0,20.4,1020.9,0.0,4.0,2025-12-13 09:38:49.740769+00:00
8.5,6.6,88.0,0.0,0.0,207.0,13.0,20.4,1020.8,0.0,4.0,2025-12-13 09:38:49.740769+00:00
8.4,6.7,89.0,0.0,0.0,211.0,13.0,22.2,1020.9,0.0,3.0,2025-12-13 09:38:49.740769+00:00
8.2,6.7,90.0,0.0,0.0,211.0,13.0,22.2,1021.1,0.0,3.0,2025-12-13 09:38:49.740769+00:00
8.2,6.8,91.0,0.0,0.0,208.0,13.0,22.2,1021.5,0.0,3.0,2025-12-13 09:38:49.740769+00:00
8.6,7.1,90.0,0.0,0.0,208.0,13.0,22.2,1021.9,6.0,3.0,2025-12-13 09:38:49.740769+00:00
9.3,7.6,89.0,0.0,0.0,207.0,13.0,22.2,1022.1,13.0,3.0,2025-12-13 09:38:49.740769+00:00
10.3,7.9,85.0,0.0,0.0,207.0,13.0,22.2,1022.2,17.0,3.0,2025-12-13 09:38:49.740769+00:00
11.7,8.7,82.0,0.0,0.0,211.0,11.1,22.2,1022.4,24.0,3.0,2025-12-13 09:38:49.740769+00:00
12.7,8.8,77.0,0.0,0.0,209.0,11.1,24.1,1022.2,26.0,3.0,2025-12-13 09:38:49.740769+00:00
13.3,8.8,74.0,0.0,0.0,208.0,13.0,24.1,1021.9,29.0,3.0,2025-12-13 09:38:49.740769+00:00
13.7,8.7,72.0,0.0,0.0,206.0,11.1,24.1,1021.9,31.0,3.0,2025-12-13 09:38:49.740769+00:00
13.5,8.5,72.0,0.0,0.0,202.0,11.1,24.1,1022.0,30.0,3.0,2025-12-13 09:38:49.740769+00:00
13.0,8.5,74.0,0.0,0.0,195.0,11.1,22.2,1022.1,23.0,2.0,2025-12-13 09:38:49.740769+00:00
11.8,8.6,81.0,0.0,0.0,174.0,11.1,20.4,1022.0,12.0,2.0,2025-12-13 09:38:49.740769+00:00
10.4,8.8,90.0,0.0,0.0,180.0,11.1,20.4,1022.4,0.0,2.0,2025-12-13 09:38:49.740769+00:00
9.5,8.4,93.0,0.0,0.0,179.0,13.0,20.4,1022.5,0.0,2.0,2025-12-13 09:38:49.740769+00:00
8.7,8.3,97.0,0.0,0.0,178.0,13.0,20.4,1022.4,0.0,2.0,2025-12-13 09:38:49.740769+00:00
8.1,7.8,98.0,0.0,0.0,177.0,13.0,20.4,1022.3,0.0,2.0,2025-12-13 09:38:49.740769+00:00
7.7,7.4,98.0,0.0,0.0,174.0,13.0,22.2,1022.1,0.0,2.0,2025-12-13 09:38:49.740769+00:00
7.6,7.2,97.0,0.0,0.0,172.0,13.0,22.2,1022.1,0.0,2.0,2025-12-13 09:38:49.740769+00:00
7.3,6.9,97.0,0.0,0.0,172.0,13.0,22.2,1022.0,0.0,2.0,2025-12-13 09:38:49.740769+00:00
7.1,6.5,96.0,0.0,0.0,172.0,13.0,22.2,1021.8,0.0,2.0,2025-12-13 09:38:49.740769+00:00
6.7,6.1,96.0,0.0,0.0,169.0,13.0,22.2,1021.7,0.0,2.0,2025-12-13 09:38:49.740769+00:00
6.4,5.8,96.0,0.0,0.0,166.0,13.0,22.2,1021.5,0.0,2.0,2025-12-13 09:38:49.740769+00:00
6.1,5.5,96.0,0.0,0.0,166.0,13.0,22.2,1021.3,0.0,2.0,2025-12-13 09:38:49.740769+00:00
6.3,5.6,95.0,0.0,0.0,167.0,13.0,22.2,1021.0,0.0,2.0,2025-12-13 09:38:49.740769+00:00
6.1,5.4,95.0,0.0,0.0,169.0,13.0,22.2,1020.8,0.0,2.0,2025-12-13 09:38:49.740769+00:00
6.2,5.2,93.0,0.0,0.0,173.0,13.0,22.2,1020.7,0.0,2.0,2025-12-13 09:38:49.740769+00:00
6.7,5.3,91.0,0.0,0.0,175.0,13.0,22.2,1020.7,15.0,2.0,2025-12-13 09:38:49.740769+00:00
7.7,5.3,85.0,0.0,0.0,179.0,11.1,22.2,1020.7,29.0,2.0,2025-12-13 09:38:49.740769+00:00
9.4,5.8,78.0,0.0,0.0,182.0,11.1,22.2,1020.6,42.0,2.0,2025-12-13 09:38:49.740769+00:00
11.3,5.6,68.0,0.0,0.0,187.0,11.1,24.1,1020.3,46.0,2.0,2025-12-13 09:38:49.740769+00:00
13.1,5.7,61.0,0.0,0.0,191.0,11.1,24.1,1020.0,49.0,2.0,2025-12-13 09:38:49.740769+00:00
14.2,5.8,57.0,0.0,0.0,192.0,11.1,24.1,1019.6,52.0,2.0,2025-12-13 09:38:49.740769+00:00
14.6,5.7,55.0,0.0,0.0,191.0,11.1,24.1,1019.2,53.0,2.0,2025-12-13 09:38:49.740769+00:00
14.3,5.4,55.0,0.0,0.0,190.0,11.1,24.1,1019.0,50.0,2.0,2025-12-13 09:38:49.740769+00:00
13.3,5.5,59.0,0.0,0.0,185.0,11.1,20.4,1018.8,39.0,2.0,2025-12-13 09:38:49.740769+00:00
11.6,5.9,68.0,0.0,0.0,155.0,9.3,16.7,1018.8,22.0,2.0,2025-12-13 09:38:49.740769+00:00
9.4,5.9,79.0,0.0,0.0,163.0,9.3,16.7,1018.9,0.0,1.0,2025-12-13 09:38:49.740769+00:00
7.9,6.0,88.0,0.0,0.0,161.0,11.1,16.7,1018.9,0.0,1.0,2025-12-13 09:38:49.740769+00:00
6.9,5.8,93.0,0.0,0.0,160.0,11.1,16.7,1018.7,0.0,1.0,2025-12-13 09:38:49.740769+00:00
6.1,5.5,96.0,0.0,0.0,159.0,11.1,16.7,1018.6,0.0,1.0,2025-12-13 09:38:49.740769+00:00
5.5,5.2,98.0,0.0,0.0,156.0,11.1,18.5,1018.4,0.0,1.0,2025-12-13 09:38:49.740769+00:00
5.3,4.6,95.0,0.0,0.0,156.0,11.1,18.5,1018.2,0.0,1.0,2025-12-13 09:38:49.740769+00:00
4.9,4.3,96.0,0.0,0.0,153.0,11.1,18.5,1018.1,0.0,1.0,2025-12-13 09:38:49.740769+00:00
4.8,4.1,95.0,0.0,0.0,152.0,11.1,18.5,1018.0,0.0,1.0,2025-12-13 09:38:49.740769+00:00
4.5,3.8,95.0,0.0,0.0,147.0,11.1,18.5,1017.7,0.0,1.0,2025-12-13 09:38:49.740769+00:00
4.1,3.7,97.0,0.0,0.0,143.0,11.1,18.5,1017.4,0.0,1.0,2025-12-13 09:38:49.740769+00:00
4.0,3.6,97.0,0.0,0.0,139.0,11.1,18.5,1017.2,0.0,1.0,2025-12-13 09:38:49.740769+00:00
4.2,3.6,96.0,0.0,0.0,141.0,11.1,18.5,1016.9,0.0,1.0,2025-12-13 09:38:49.740769+00:00
4.1,3.5,96.0,0.0,0.0,141.0,13.0,20.4,1016.4,0.0,1.0,2025-12-13 09:38:49.740769+00:00
4.5,3.5,93.0,0.0,,139.0,13.0,22.2,1016.0,0.0,1.0,2025-12-13 09:38:49.740769+00:00
5.3,4.0,91.0,0.0,0.0,140.0,13.0,22.2,1016.0,21.0,1.0,2025-12-13 09:38:49.740769+00:00
6.8,4.5,85.0,0.0,0.0,141.0,13.0,24.1,1015.9,39.0,1.0,2025-12-13 09:38:49.740769+00:00
8.6,4.8,77.0,0.0,0.0,138.0,13.0,24.1,1015.8,54.0,1.0,2025-12-13 09:38:49.740769+00:00
11.2,4.9,65.0,0.0,0.0,139.0,13.0,24.1,1015.2,56.0,2.0,2025-12-13 09:38:49.740769+00:00
12.5,4.7,59.0,0.0,0.0,136.0,13.0,27.8,1014.6,56.0,2.0,2025-12-13 09:38:49.740769+00:00
13.4,4.5,55.0,0.0,0.0,137.0,14.8,27.8,1014.1,55.0,1.0,2025-12-13 09:38:49.740769+00:00
13.8,4.4,53.0,0.0,0.0,134.0,13.0,27.8,1013.7,53.0,1.0,2025-12-13 09:38:49.740769+00:00
13.3,4.2,54.0,0.0,0.0,132.0,13.0,27.8,1013.3,50.0,1.0,2025-12-13 09:38:49.740769+00:00
12.1,4.3,59.0,0.0,0.0,130.0,13.0,25.9,1013.2,38.0,1.0,2025-12-13 09:38:49.740769+00:00
10.7,4.4,65.0,0.0,0.0,124.0,13.0,22.2,1013.1,21.0,1.0,2025-12-13 09:38:49.740769+00:00
9.2,4.8,74.0,0.0,0.0,123.0,13.0,22.2,1013.1,0.0,1.0,2025-12-13 09:38:49.740769+00:00
8.0,4.4,78.0,0.0,0.0,126.0,13.0,24.1,1013.1,0.0,1.0,2025-12-13 09:38:49.740769+00:00
7.2,4.3,82.0,0.0,0.0,131.0,14.8,24.1,1013.1,0.0,1.0,2025-12-13 09:38:49.740769+00:00
6.5,4.2,85.0,0.0,0.0,135.0,14.8,24.1,1013.1,0.0,1.0,2025-12-13 09:38:49.740769+00:00
6.0,4.2,88.0,0.0,0.0,137.0,14.8,24.1,1013.0,0.0,1.0,2025-12-13 09:38:49.740769+00:00
5.6,4.6,93.0,0.0,0.0,145.0,13.0,24.1,1012.9,0.0,1.0,2025-12-13 09:38:49.740769+00:00
5.3,4.3,93.0,0.0,0.0,147.0,13.0,24.1,1012.9,0.0,1.0,2025-12-13 09:38:49.740769+00:00
5.1,4.2,94.0,0.0,0.0,148.0,13.0,24.1,1012.9,0.0,1.0,2025-12-13 09:38:49.740769+00:00
4.8,3.8,93.0,0.0,0.0,148.0,14.8,24.1,1012.8,0.0,1.0,2025-12-13 09:38:49.740769+00:00
4.4,3.7,95.0,0.0,0.0,146.0,13.0,24.1,1012.7,0.0,1.0,2025-12-13 09:38:49.740769+00:00
4.1,3.5,96.0,0.0,0.0,145.0,13.0,22.2,1012.8,0.0,1.0,2025-12-13 09:38:49.740769+00:00
3.9,3.6,98.0,0.0,0.0,148.0,11.1,20.4,1012.7,0.0,1.0,2025-12-13 09:38:49.740769+00:00
3.7,3.6,99.0,0.0,0.0,151.0,11.1,20.4,1012.8,0.0,1.0,2025-12-13 09:38:49.740769+00:00
3.9,3.6,98.0,0.0,0.0,153.0,11.1,20.4,1012.9,0.0,1.0,2025-12-13 09:38:49.740769+00:00
4.6,3.9,95.0,0.0,0.0,155.0,11.1,20.4,1013.1,19.0,1.0,2025-12-13 09:38:49.740769+00:00
5.8,4.4,91.0,0.0,0.0,159.0,11.1,22.2,1013.2,35.0,1.0,2025-12-13 09:38:49.740769+00:00
7.4,4.9,84.0,0.0,0.0,161.0,11.1,22.2,1013.1,46.0,1.0,2025-12-13 09:38:49.740769+00:00
9.7,5.3,74.0,0.0,0.0,166.0,11.1,22.2,1013.2,49.0,2.0,2025-12-13 09:38:49.740769+00:00
10.7,5.0,68.0,0.0,0.0,170.0,11.1,22.2,1012.9,50.0,2.0,2025-12-13 09:38:49.740769+00:00
11.3,5.0,65.0,0.0,0.0,170.0,11.1,24.1,1012.7,50.0,1.0,2025-12-13 09:38:49.740769+00:00
11.5,4.9,64.0,0.0,0.0,168.0,11.1,24.1,1012.6,48.0,1.0,2025-12-13 09:38:49.740769+00:00
11.2,4.9,65.0,0.0,0.0,163.0,9.3,20.4,1012.4,44.0,1.0,2025-12-13 09:38:49.740769+00:00
10.3,4.9,69.0,0.0,0.0,156.0,9.3,20.4,1012.6,32.0,1.0,2025-12-13 09:38:49.740769+00:00
8.8,5.2,78.0,0.0,0.0,144.0,9.3,14.8,1012.5,17.0,1.0,2025-12-13 09:38:49.740769+00:00
7.1,5.2,88.0,0.0,0.0,144.0,9.3,14.8,1012.8,0.0,1.0,2025-12-13 09:38:49.740769+00:00
6.0,5.0,93.0,0.0,0.0,141.0,9.3,14.8,1012.9,0.0,1.0,2025-12-13 09:38:49.740769+00:00
5.2,4.8,97.0,0.0,0.0,147.0,11.1,16.7,1013.0,0.0,1.0,2025-12-13 09:38:49.740769+00:00
4.6,4.5,99.0,0.0,0.0,149.0,11.1,16.7,1013.1,0.0,1.0,2025-12-13 09:38:49.740769+00:00
4.2,4.2,100.0,0.0,0.0,151.0,9.3,16.7,1013.3,0.0,1.0,2025-12-13 09:38:49.740769+00:00
3.9,3.9,100.0,0.0,0.0,155.0,9.3,16.7,1013.4,0.0,1.0,2025-12-13 09:38:49.740769+00:00
3.7,3.7,100.0,0.0,0.0,157.0,9.3,16.7,1013.5,0.0,1.0,2025-12-13 09:38:49.740769+00:00
3.4,3.4,100.0,0.0,0.0,159.0,9.3,16.7,1013.6,0.0,1.0,2025-12-13 09:38:49.740769+00:00
3.1,3.1,100.0,0.0,0.0,160.0,9.3,14.8,1013.7,0.0,1.0,2025-12-13 09:38:49.740769+00:00
2.9,2.9,100.0,0.0,0.0,159.0,9.3,14.8,1013.9,0.0,1.0,2025-12-13 09:38:49.740769+00:00
2.8,2.8,100.0,0.0,0.0,156.0,9.3,14.8,1014.0,0.0,1.0,2025-12-13 09:38:49.740769+00:00
2.6,2.6,100.0,0.0,0.0,157.0,9.3,14.8,1014.0,0.0,1.0,2025-12-13 09:38:49.740769+00:00
2.5,2.5,100.0,0.0,0.0,157.0,9.3,14.8,1014.2,0.0,1.0,2025-12-13 09:38:49.740769+00:00
2.6,2.6,100.0,0.0,0.0,162.0,9.3,16.7,1014.3,0.0,1.0,2025-12-13 09:38:49.740769+00:00
3.2,3.2,100.0,0.0,0.0,162.0,7.4,14.8,1014.6,14.0,2.0,2025-12-13 09:38:49.740769+00:00
4.5,3.8,95.0,0.0,0.0,166.0,7.4,16.7,1014.8,25.0,2.0,2025-12-13 09:38:49.740769+00:00
5.9,4.4,90.0,0.0,0.0,169.0,7.4,14.8,1015.0,33.0,2.0,2025-12-13 09:38:49.740769+00:00
7.5,4.6,82.0,0.0,0.0,177.0,5.5,14.8,1015.1,36.0,2.0,2025-12-13 09:38:49.740769+00:00
8.3,4.7,78.0,0.0,0.0,186.0,5.5,14.8,1014.8,35.0,2.0,2025-12-13 09:38:49.740769+00:00
8.4,4.6,77.0,0.0,0.0,194.0,7.4,16.7,1014.7,35.0,2.0,2025-12-13 09:38:49.740769+00:00
8.5,4.3,75.0,0.0,0.0,202.0,7.4,16.7,1014.6,33.0,2.0,2025-12-13 09:38:49.740769+00:00
8.2,4.2,76.0,0.0,0.0,210.0,7.4,14.8,1014.5,29.0,2.0,2025-12-13 09:38:49.740769+00:00
7.5,4.5,81.0,0.0,0.0,219.0,7.4,13.0,1014.8,21.0,2.0,2025-12-13 09:38:49.740769+00:00
7.0,4.7,85.0,0.0,0.0,211.0,3.7,9.3,1014.8,12.0,2.0,2025-12-13 09:38:49.740769+00:00
5.7,5.0,95.0,0.0,0.0,236.0,5.5,9.3,1015.2,0.0,2.0,2025-12-13 09:38:49.740769+00:00
5.1,4.7,97.0,0.0,0.0,249.0,5.5,9.3,1015.3,0.0,2.0,2025-12-13 09:38:49.740769+00:00
4.5,4.5,100.0,0.0,0.0,251.0,5.5,9.3,1015.7,0.0,2.0,2025-12-13 09:38:49.740769+00:00
4.3,4.3,100.0,0.0,0.0,256.0,5.5,9.3,1015.9,0.0,2.0,2025-12-13 09:38:49.740769+00:00
4.0,4.0,100.0,0.0,0.0,248.0,5.5,9.3,1016.2,0.0,2.0,2025-12-13 09:38:49.740769+00:00
3.8,3.8,100.0,0.0,0.0,232.0,3.7,7.4,1016.2,0.0,2.0,2025-12-13 09:38:49.740769+00:00
3.5,3.5,100.0,0.0,0.0,232.0,3.7,5.5,1016.1,0.0,3.0,2025-12-13 09:38:49.740769+00:00
3.2,3.2,100.0,0.0,0.0,229.0,3.7,7.4,1016.2,0.0,3.0,2025-12-13 09:38:49.740769+00:00
3.0,3.0,100.0,0.0,0.0,188.0,5.5,7.4,1016.0,0.0,4.0,2025-12-13 09:38:49.740769+00:00
2.8,2.8,100.0,0.0,0.0,178.0,5.5,7.4,1015.8,0.0,4.0,2025-12-13 09:38:49.740769+00:00
2.6,2.6,100.0,0.0,0.0,174.0,5.5,7.4,1015.7,0.0,4.0,2025-12-13 09:38:49.740769+00:00
2.6,2.5,99.0,0.0,0.0,147.0,3.7,7.4,1015.8,0.0,4.0,2025-12-13 09:38:49.740769+00:00
2.7,2.7,100.0,0.0,0.0,156.0,5.5,9.3,1015.9,0.0,4.0,2025-12-13 09:38:49.740769+00:00
3.1,3.1,100.0,0.0,0.0,159.0,5.5,9.3,1016.1,0.0,4.0,2025-12-13 09:38:49.740769+00:00
3.5,3.5,100.0,0.0,0.0,163.0,5.5,9.3,1016.3,2.0,4.0,2025-12-13 09:38:49.740769+00:00
4.1,4.1,100.0,0.0,0.0,166.0,5.5,9.3,1016.6,6.0,4.0,2025-12-13 09:38:49.740769+00:00
5.0,4.6,97.0,0.0,0.0,170.0,3.7,11.1,1016.7,7.0,4.0,2025-12-13 09:38:49.740769+00:00
6.1,5.4,95.0,0.0,0.0,184.0,3.7,9.3,1016.8,10.0,4.0,2025-12-13 09:38:49.740769+00:00
6.7,5.3,91.0,0.0,0.0,194.0,3.7,9.3,1016.6,10.0,4.0,2025-12-13 09:38:49.740769+00:00
7.3,5.4,88.0,0.0,0.0,201.0,3.7,9.3,1016.4,9.0,4.0,2025-12-13 09:38:49.740769+00:00
7.6,5.6,87.0,0.0,0.0,206.0,3.7,9.3,1016.1,8.0,4.0,2025-12-13 09:38:49.740769+00:00
7.7,5.5,86.0,0.0,0.0,206.0,3.7,9.3,1015.9,6.0,4.0,2025-12-13 09:38:49.740769+00:00
7.6,5.7,88.0,0.0,0.0,198.0,5.5,11.1,1016.0,4.0,4.0,2025-12-13 09:38:49.740769+00:00
6.9,6.3,96.0,0.0,0.0,168.0,3.7,7.4,1016.0,0.0,4.0,2025-12-13 09:38:49.740769+00:00
6.6,6.3,98.0,0.0,0.0,205.0,5.5,9.3,1016.3,0.0,4.0,2025-12-13 09:38:49.740769+00:00
6.4,6.3,99.0,0.0,0.0,211.0,5.5,9.3,1016.4,0.0,4.0,2025-12-13 09:38:49.740769+00:00
6.4,6.3,99.0,0.0,0.0,220.0,5.5,9.3,1016.4,0.0,4.0,2025-12-13 09:38:49.740769+00:00
6.3,6.3,100.0,0.0,0.0,224.0,5.5,9.3,1016.4,0.0,7.0,2025-12-13 09:38:49.740769+00:00
6.3,6.3,100.0,0.0,0.0,229.0,5.5,9.3,1016.4,0.0,4.0,2025-12-13 09:38:49.740769+00:00
6.2,6.2,100.0,0.0,0.0,214.0,3.7,9.3,1016.5,0.0,4.0,2025-12-13 09:38:49.740769+00:00
6.4,6.4,100.0,0.0,0.0,216.0,5.5,9.3,1016.3,0.0,4.0,2025-12-13 09:38:49.740769+00:00
6.4,6.4,100.0,0.0,0.0,223.0,5.5,11.1,1016.2,0.0,4.0,2025-12-13 09:38:49.740769+00:00
6.6,6.5,99.0,0.0,0.0,228.0,5.5,11.1,1015.8,0.0,4.0,2025-12-13 09:38:49.740769+00:00
6.7,6.7,100.0,0.0,0.0,238.0,5.5,11.1,1015.6,0.0,4.0,2025-12-13 09:38:49.740769+00:00
6.8,6.8,100.0,0.0,0.0,244.0,5.5,11.1,1015.5,0.0,7.0,2025-12-13 09:38:49.740769+00:00
6.9,6.9,100.0,0.0,0.0,246.0,5.5,9.3,1015.3,0.0,7.0,2025-12-13 09:38:49.740769+00:00
6.9,6.9,100.0,0.1,0.0,238.0,5.5,11.1,1015.2,0.0,7.0,2025-12-13 09:38:49.740769+00:00
7.0,7.0,100.0,0.0,0.0,241.0,5.5,11.1,1015.3,0.0,7.0,2025-12-13 09:38:49.740769+00:00
7.2,7.2,100.0,0.0,0.0,245.0,5.5,11.1,1015.3,0.0,7.0,2025-12-13 09:38:49.740769+00:00
7.5,7.5,100.0,0.0,0.0,247.0,5.5,13.0,1015.5,0.0,7.0,2025-12-13 09:38:49.740769+00:00
7.9,7.9,100.0,0.0,0.0,253.0,7.4,13.0,1015.6,0.0,7.0,2025-12-13 09:38:49.740769+00:00
8.2,8.2,100.0,0.0,0.0,260.0,7.4,14.8,1015.4,0.0,7.0,2025-12-13 09:38:49.740769+00:00
8.4,8.4,100.0,0.0,0.0,262.0,9.3,16.7,1015.3,0.0,7.0,2025-12-13 09:38:49.740769+00:00
8.8,8.3,97.0,0.0,0.0,265.0,9.3,16.7,1015.1,0.0,7.0,2025-12-13 09:38:49.740769+00:00
9.0,8.2,95.0,0.0,0.0,263.0,7.4,18.5,1014.9,1.0,7.0,2025-12-13 09:38:49.740769+00:00
9.1,8.2,94.0,0.0,0.0,261.0,7.4,16.7,1014.9,1.0,7.0,2025-12-13 09:38:49.740769+00:00
9.0,8.2,95.0,0.0,0.0,253.0,7.4,16.7,1015.0,1.0,4.0,2025-12-13 09:38:49.740769+00:00
8.7,8.1,96.0,0.0,0.0,248.0,7.4,16.7,1015.0,0.0,4.0,2025-12-13 09:38:49.740769+00:00
8.4,8.0,97.0,0.0,0.0,243.0,7.4,14.8,1015.1,0.0,4.0,2025-12-13 09:38:49.740769+00:00
7.8,7.7,99.0,0.0,0.0,236.0,7.4,13.0,1015.1,0.0,4.0,2025-12-13 09:38:49.740769+00:00
7.4,7.3,99.0,0.0,0.0,225.0,7.4,13.0,1015.0,0.0,4.0,2025-12-13 09:38:49.740769+00:00
6.9,6.9,100.0,0.0,0.0,212.0,7.4,13.0,1015.0,0.0,4.0,2025-12-13 09:38:49.740769+00:00
6.4,6.4,100.0,0.0,0.0,199.0,7.4,13.0,1014.8,0.0,4.0,2025-12-13 09:38:49.740769+00:00
5.9,5.9,100.0,0.0,0.0,177.0,7.4,13.0,1014.4,0.0,3.0,2025-12-13 09:38:49.740769+00:00
5.5,5.5,100.0,0.0,0.0,170.0,9.3,13.0,1014.1,0.0,3.0,2025-12-13 09:38:49.740769+00:00
5.3,5.3,100.0,0.0,0.0,168.0,9.3,14.8,1013.9,0.0,3.0,2025-12-13 09:38:49.740769+00:00
5.2,5.2,100.0,0.0,0.0,164.0,9.3,16.7,1013.6,0.0,3.0,2025-12-13 09:38:49.740769+00:00
5.1,5.1,100.0,0.0,0.0,159.0,11.1,16.7,1013.4,0.0,3.0,2025-12-13 09:38:49.740769+00:00
5.1,5.1,100.0,0.0,0.0,159.0,11.1,18.5,1013.1,0.0,3.0,2025-12-13 09:38:49.740769+00:00
5.4,5.4,100.0,0.0,0.0,162.0,11.1,18.5,1012.9,0.0,4.0,2025-12-13 09:38:49.740769+00:00
5.4,5.4,100.0,0.0,0.0,172.0,11.1,18.5,1012.7,0.0,4.0,2025-12-13 09:38:49.740769+00:00
5.5,5.5,100.0,0.0,0.0,176.0,11.1,18.5,1012.7,0.0,4.0,2025-12-13 09:38:49.740769+00:00
5.6,5.6,100.0,0.0,0.0,184.0,9.3,18.5,1012.9,0.0,4.0,2025-12-13 09:38:49.740769+00:00
5.9,5.9,100.0,0.3,0.0,193.0,9.3,18.5,1013.2,0.0,4.0,2025-12-13 09:38:49.740769+00:00
6.2,6.2,100.0,0.3,0.0,202.0,9.3,18.5,1013.6,0.0,7.0,2025-12-13 09:38:49.740769+00:00
6.9,6.9,100.0,0.2,0.0,219.0,9.3,20.4,1013.6,0.0,7.0,2025-12-13 09:38:49.740769+00:00
7.4,7.3,99.0,0.1,0.0,232.0,9.3,20.4,1013.8,0.0,7.0,2025-12-13 09:38:49.740769+00:00
8.1,7.5,96.0,0.1,0.0,237.0,11.1,22.2,1014.0,2.0,7.0,2025-12-13 09:38:49.740769+00:00
8.5,7.4,93.0,0.0,0.0,241.0,11.1,22.2,1014.3,3.0,7.0,2025-12-13 09:38:49.740769+00:00
8.9,7.7,92.0,0.0,0.0,242.0,11.1,22.2,1014.7,4.0,4.0,2025-12-13 09:38:49.740769+00:00
9.0,7.8,92.0,0.0,0.0,237.0,9.3,20.4,1015.0,4.0,4.0,2025-12-13 09:38:49.740769+00:00
8.4,7.6,95.0,0.0,0.0,226.0,9.3,16.7,1015.3,1.0,4.0,2025-12-13 09:38:49.740769+00:00
7.7,7.7,100.0,0.0,0.0,226.0,9.3,16.7,1015.7,0.0,4.0,2025-12-13 09:38:49.740769+00:00
7.3,7.3,100.0,0.0,0.0,222.0,9.3,16.7,1015.9,0.0,4.0,2025-12-13 09:38:49.740769+00:00
7.1,7.1,100.0,0.0,0.0,223.0,9.3,14.8,1016.3,0.0,3.0,2025-12-13 09:38:49.740769+00:00
6.7,6.7,100.0,0.0,0.0,221.0,9.3,14.8,1016.7,0.0,3.0,2025-12-13 09:38:49.740769+00:00
6.4,6.4,100.0,0.0,0.0,217.0,9.3,14.8,1016.9,0.0,3.0,2025-12-13 09:38:49.740769+00:00
5.8,5.8,100.0,0.0,0.0,204.0,9.3,14.8,1016.9,0.0,3.0,2025-12-13 09:38:49.740769+00:00
5.5,5.5,100.0,0.0,0.0,198.0,11.1,14.8,1017.1,0.0,2.0,2025-12-13 09:38:49.740769+00:00
5.2,5.2,100.0,0.0,0.0,196.0,11.1,16.7,1017.3,0.0,2.0,2025-12-13 09:38:49.740769+00:00
4.8,4.8,100.0,0.0,0.0,189.0,11.1,16.7,1017.5,0.0,2.0,2025-12-13 09:38:49.740769+00:00
4.5,4.5,100.0,0.0,0.0,182.0,11.1,16.7,1017.5,0.0,2.0,2025-12-13 09:38:49.740769+00:00
4.4,4.4,100.0,0.0,0.0,177.0,11.1,18.5,1017.5,0.0,2.0,2025-12-13 09:38:49.740769+00:00
4.6,4.6,100.0,0.0,0.0,174.0,11.1,16.7,1017.4,0.0,2.0,2025-12-13 09:38:49.740769+00:00
4.5,4.5,100.0,0.0,0.0,174.0,11.1,18.5,1017.3,0.0,2.0,2025-12-13 09:38:49.740769+00:00
4.6,4.5,99.0,0.0,0.0,172.0,13.0,20.4,1017.2,0.0,3.0,2025-12-13 09:38:49.740769+00:00
5.0,4.9,99.0,0.0,0.0,172.0,13.0,20.4,1017.2,8.0,3.0,2025-12-13 09:38:49.740769+00:00
5.6,5.3,98.0,0.0,0.0,173.0,13.0,22.2,1017.2,15.0,3.0,2025-12-13 09:38:49.740769+00:00
6.8,5.7,93.0,0.0,0.0,174.0,13.0,24.1,1017.0,20.0,3.0,2025-12-13 09:38:49.740769+00:00
8.6,6.4,86.0,0.0,0.0,175.0,11.1,22.2,1016.7,27.0,3.0,2025-12-13 09:38:49.740769+00:00
9.8,6.3,79.0,0.0,0.0,176.0,13.0,24.1,1016.2,28.0,3.0,2025-12-13 09:38:49.740769+00:00
10.6,6.4,75.0,0.0,0.0,177.0,14.8,25.9,1015.6,32.0,3.0,2025-12-13 09:38:49.740769+00:00
11.1,6.4,73.0,0.0,0.0,177.0,14.8,27.8,1015.2,33.0,3.0,2025-12-13 09:38:49.740769+00:00
11.2,6.1,71.0,0.0,0.0,177.0,14.8,27.8,1015.0,30.0,3.0,2025-12-13 09:38:49.740769+00:00
10.7,6.3,74.0,0.0,0.0,177.0,14.8,25.9,1014.7,22.0,3.0,2025-12-13 09:38:49.740769+00:00
9.6,6.5,81.0,0.0,0.0,169.0,13.0,25.9,1014.2,8.0,3.0,2025-12-13 09:38:49.740769+00:00
8.9,6.9,87.0,0.0,0.0,174.0,14.8,24.1,1013.9,0.0,3.0,2025-12-13 09:38:49.740769+00:00
8.6,6.6,87.0,0.0,0.0,177.0,14.8,25.9,1013.4,0.0,3.0,2025-12-13 09:38:49.740769+00:00
8.4,6.5,88.0,0.0,0.0,182.0,14.8,25.9,1013.1,0.0,2.0,2025-12-13 09:38:49.740769+00:00
8.3,6.4,88.0,0.0,0.0,186.0,14.8,25.9,1012.9,0.0,2.0,2025-12-13 09:38:49.740769+00:00
7.9,6.2,89.0,0.0,0.0,189.0,14.8,24.1,1012.7,0.0,2.0,2025-12-13 09:38:49.740769+00:00
7.9,6.2,89.0,0.0,0.0,193.0,14.8,22.2,1012.2,0.0,3.0,2025-12-13 09:38:49.740769+00:00
7.5,5.8,89.0,0.0,0.0,194.0,14.8,22.2,1012.1,0.0,2.0,2025-12-13 09:38:49.740769+00:00
7.5,5.5,87.0,0.0,0.0,195.0,14.8,22.2,1012.1,0.0,2.0,2025-12-13 09:38:49.740769+00:00
7.2,5.0,86.0,0.0,0.0,194.0,14.8,22.2,1012.0,0.0,2.0,2025-12-13 09:38:49.740769+00:00
6.9,4.9,87.0,0.0,0.0,193.0,14.8,22.2,1011.8,0.0,2.0,2025-12-13 09:38:49.740769+00:00
6.9,4.6,85.0,0.0,0.0,193.0,14.8,24.1,1011.6,0.0,2.0,2025-12-13 09:38:49.740769+00:00
6.8,4.5,85.0,0.0,0.0,195.0,14.8,24.1,1011.3,0.0,2.0,2025-12-13 09:38:49.740769+00:00
6.8,4.5,85.0,0.0,0.0,198.0,16.7,25.9,1011.1,0.0,2.0,2025-12-13 09:38:49.740769+00:00
7.2,4.7,84.0,0.0,0.0,199.0,16.7,25.9,1011.1,0.0,2.0,2025-12-13 09:38:49.740769+00:00
7.9,4.8,81.0,0.0,0.0,202.0,16.7,27.8,1011.0,13.0,2.0,2025-12-13 09:38:49.740769+00:00
9.3,5.1,75.0,0.0,0.0,205.0,16.7,27.8,1011.0,24.0,2.0,2025-12-13 09:38:49.740769+00:00
10.9,5.4,69.0,0.0,0.0,209.0,16.7,29.6,1010.9,32.0,2.0,2025-12-13 09:38:49.740769+00:00
12.2,7.1,71.0,0.0,0.0,212.0,14.8,29.6,1010.5,38.0,2.0,2025-12-13 09:38:49.740769+00:00
13.7,7.5,66.0,0.0,0.0,215.0,14.8,29.6,1010.3,37.0,2.0,2025-12-13 09:38:49.740769+00:00
14.7,7.5,62.0,0.0,0.0,217.0,14.8,29.6,1010.2,38.0,3.0,2025-12-13 09:38:49.740769+00:00
15.3,7.6,60.0,0.0,0.0,221.0,14.8,29.6,1010.2,37.0,3.0,2025-12-13 09:38:49.740769+00:00
15.3,7.3,59.0,0.0,0.0,225.0,14.8,29.6,1010.2,33.0,3.0,2025-12-13 09:38:49.740769+00:00
14.9,7.4,61.0,0.0,0.0,227.0,14.8,29.6,1010.3,24.0,3.0,2025-12-13 09:38:49.740769+00:00
13.8,7.6,66.0,0.0,0.0,222.0,13.0,24.1,1010.4,10.0,3.0,2025-12-13 09:38:49.740769+00:00
12.9,7.8,71.0,0.0,0.0,223.0,14.8,24.1,1010.8,0.0,2.0,2025-12-13 09:38:49.740769+00:00
12.1,7.6,74.0,0.0,0.0,220.0,14.8,24.1,1011.1,0.0,2.0,2025-12-13 09:38:49.740769+00:00
11.8,7.7,76.0,0.0,0.0,217.0,14.8,24.1,1011.4,0.0,2.0,2025-12-13 09:38:49.740769+00:00
11.5,7.8,78.0,0.0,0.0,218.0,13.0,24.1,1011.7,0.0,2.0,2025-12-13 09:38:49.740769+00:00
11.1,8.0,81.0,0.0,0.0,216.0,13.0,22.2,1011.9,0.0,3.0,2025-12-13 09:38:49.740769+00:00
10.7,8.3,85.0,0.0,0.0,216.0,13.0,20.4,1012.0,0.0,3.0,2025-12-13 09:38:49.740769+00:00
10.5,8.3,86.0,0.0,0.0,216.0,11.1,20.4,1012.0,0.0,3.0,2025-12-13 09:38:49.740769+00:00
10.3,8.4,88.0,0.0,0.0,213.0,11.1,18.5,1012.1,0.0,3.0,2025-12-13 09:38:49.740769+00:00
10.2,8.5,89.0,0.0,0.0,214.0,11.1,18.5,1011.9,0.0,4.0,2025-12-13 09:38:49.740769+00:00
10.0,8.4,90.0,0.0,0.0,215.0,11.1,16.7,1011.7,0.0,4.0,2025-12-13 09:38:49.740769+00:00
9.8,8.6,92.0,0.0,0.0,210.0,9.3,16.7,1011.4,0.0,7.0,2025-12-13 09:38:49.740769+00:00
9.9,8.7,92.0,0.1,0.0,202.0,9.3,14.8,1011.4,0.0,7.0,2025-12-13 09:38:49.740769+00:00
9.8,8.9,94.0,0.1,0.0,194.0,9.3,16.7,1011.0,0.0,7.0,2025-12-13 09:38:49.740769+00:00
9.8,8.9,94.0,0.1,0.0,176.0,9.3,14.8,1010.6,0.0,7.0,2025-12-13 09:38:49.740769+00:00
9.8,8.9,94.0,0.2,0.0,167.0,9.3,16.7,1010.3,0.0,7.0,2025-12-13 09:38:49.740769+00:00
9.9,8.8,93.0,0.2,0.0,157.0,9.3,16.7,1010.2,0.0,7.0,2025-12-13 09:38:49.740769+00:00
10.1,8.5,90.0,0.2,0.0,151.0,7.4,16.7,1009.9,0.0,7.0,2025-12-13 09:38:49.740769+00:00
10.7,9.8,94.0,0.4,0.0,155.0,5.5,14.8,1009.8,0.0,7.0,2025-12-13 09:38:49.740769+00:00
11.0,9.7,92.0,0.0,0.0,147.0,7.4,14.8,1009.2,0.0,7.0,2025-12-13 09:38:49.740769+00:00
11.4,9.7,89.0,0.0,0.0,128.0,5.5,14.8,1008.6,1.0,7.0,2025-12-13 09:38:49.740769+00:00
11.4,10.0,91.0,0.0,0.0,104.0,5.5,14.8,1008.1,3.0,4.0,2025-12-13 09:38:49.740769+00:00
11.3,9.6,89.0,0.1,0.0,77.0,7.4,14.8,1007.9,3.0,4.0,2025-12-13 09:38:49.740769+00:00
10.9,9.5,91.0,0.1,0.0,54.0,7.4,14.8,1007.9,1.0,4.0,2025-12-13 09:38:49.740769+00:00
10.1,9.8,98.0,0.1,0.0,58.0,9.3,18.5,1008.0,0.0,7.0,2025-12-13 09:38:49.740769+00:00
9.9,9.6,98.0,0.2,0.0,56.0,11.1,20.4,1008.4,0.0,7.0,2025-12-13 09:38:49.740769+00:00
9.6,8.8,95.0,0.2,0.0,52.0,11.1,22.2,1008.8,0.0,7.0,2025-12-13 09:38:49.740769+00:00
9.3,8.5,95.0,0.3,0.0,48.0,13.0,24.1,1009.4,0.0,7.0,2025-12-13 09:38:49.740769+00:00
9.4,8.2,92.0,0.3,0.0,43.0,13.0,24.1,1009.9,0.0,7.0,2025-12-13 09:38:49.740769+00:00
9.1,8.0,93.0,0.3,0.0,46.0,14.8,27.8,1010.5,0.0,7.0,2025-12-13 09:38:49.740769+00:00
8.9,8.1,95.0,0.3,0.0,45.0,14.8,27.8,1011.0,0.0,7.0,2025-12-13 09:38:49.740769+00:00
8.4,7.8,96.0,0.4,0.0,50.0,14.8,29.6,1011.8,0.0,7.0,2025-12-13 09:38:49.740769+00:00
8.1,7.3,95.0,0.5,0.0,52.0,16.7,31.5,1012.6,0.0,7.0,2025-12-13 09:38:49.740769+00:00
7.8,7.0,95.0,0.5,0.0,56.0,16.7,31.5,1013.3,0.0,7.0,2025-12-13 09:38:49.740769+00:00
7.6,6.5,93.0,0.7,0.0,58.0,16.7,33.3,1013.7,0.0,7.0,2025-12-13 09:38:49.740769+00:00
7.4,6.2,92.0,0.6,0.0,60.0,18.5,33.3,1014.1,0.0,7.0,2025-12-13 09:38:49.740769+00:00
6.8,5.7,93.0,0.3,0.0,57.0,18.5,35.2,1014.8,0.0,7.0,2025-12-13 09:38:49.740769+00:00
6.6,5.2,91.0,0.3,0.0,63.0,18.5,33.3,1015.3,0.0,7.0,2025-12-13 09:38:49.740769+00:00
6.5,5.3,92.0,0.3,0.0,69.0,16.7,33.3,1015.8,0.0,7.0,2025-12-13 09:38:49.740769+00:00
6.2,5.2,93.0,0.7,0.0,72.0,16.7,33.3,1016.5,0.0,7.0,2025-12-13 09:38:49.740769+00:00
6.1,4.9,92.0,0.8,0.0,79.0,16.7,31.5,1017.1,0.0,7.0,2025-12-13 09:38:49.740769+00:00
5.8,4.8,93.0,0.8,0.0,85.0,16.7,33.3,1017.4,0.0,7.0,2025-12-13 09:38:49.740769+00:00
5.7,4.7,93.0,0.7,0.0,89.0,16.7,33.3,1017.7,0.0,7.0,2025-12-13 09:38:49.740769+00:00
5.5,4.5,93.0,0.7,0.0,92.0,18.5,33.3,1017.3,0.0,7.0,2025-12-13 09:38:49.740769+00:00
5.5,4.3,92.0,0.6,0.0,95.0,18.5,35.2,1016.9,0.0,7.0,2025-12-13 09:38:49.740769+00:00
5.4,4.2,92.0,0.4,0.0,96.0,18.5,33.3,1016.3,0.0,7.0,2025-12-13 09:38:49.740769+00:00
5.4,4.0,91.0,0.4,0.0,96.0,18.5,35.2,1015.8,0.0,7.0,2025-12-13 09:38:49.740769+00:00
5.5,4.1,91.0,0.4,0.0,97.0,18.5,35.2,1015.4,0.0,7.0,2025-12-13 09:38:49.740769+00:00
5.3,4.1,92.0,0.4,0.0,99.0,18.5,35.2,1015.2,0.0,7.0,2025-12-13 09:38:49.740769+00:00
5.2,4.2,93.0,0.5,0.0,99.0,18.5,35.2,1015.0,0.0,7.0,2025-12-13 09:38:49.740769+00:00
5.1,4.2,94.0,0.5,0.0,98.0,18.5,35.2,1014.7,0.0,7.0,2025-12-13 09:38:49.740769+00:00
5.2,4.2,93.0,0.7,0.0,101.0,16.7,33.3,1014.1,0.0,7.0,2025-12-13 09:38:49.740769+00:00
5.3,4.3,93.0,0.7,0.0,104.0,16.7,33.3,1013.4,0.0,7.0,2025-12-13 09:38:49.740769+00:00
5.5,4.5,93.0,0.5,0.0,105.0,14.8,31.5,1012.9,0.0,7.0,2025-12-13 09:38:49.740769+00:00
5.4,4.7,95.0,0.7,0.0,108.0,14.8,29.6,1012.3,0.0,7.0,2025-12-13 09:38:49.740769+00:00
5.4,5.0,97.0,0.6,0.0,110.0,13.0,29.6,1011.4,0.0,7.0,2025-12-13 09:38:49.740769+00:00
5.4,5.3,99.0,0.5,0.0,112.0,13.0,27.8,1010.6,0.0,7.0,2025-12-13 09:38:49.740769+00:00
5.5,5.4,99.0,0.4,0.0,114.0,13.0,27.8,1009.7,0.0,7.0,2025-12-13 09:38:49.740769+00:00
5.6,5.5,99.0,0.3,0.0,117.0,11.1,24.1,1009.0,0.0,7.0,2025-12-13 09:38:49.740769+00:00
5.7,5.6,99.0,0.2,0.0,122.0,11.1,24.1,1008.3,0.0,7.0,2025-12-13 09:38:49.740769+00:00
5.8,5.5,98.0,0.0,0.0,124.0,11.1,20.4,1007.9,0.0,4.0,2025-12-13 09:38:49.740769+00:00
5.8,5.8,100.0,0.1,0.0,131.0,9.3,18.5,1007.4,0.0,7.0,2025-12-13 09:38:49.740769+00:00
6.1,6.1,100.0,0.1,0.0,140.0,7.4,16.7,1007.1,0.0,7.0,2025-12-13 09:38:49.740769+00:00
6.4,6.4,100.0,0.0,0.0,152.0,7.4,14.8,1006.5,0.0,7.0,2025-12-13 09:38:49.740769+00:00
6.7,6.6,99.0,0.0,0.0,165.0,7.4,14.8,1006.2,0.0,7.0,2025-12-13 09:38:49.740769+00:00
7.1,6.8,98.0,0.0,0.0,186.0,5.5,14.8,1005.9,0.0,7.0,2025-12-13 09:38:49.740769+00:00
8.2,7.9,98.0,0.1,0.0,231.0,5.5,14.8,1005.6,0.0,7.0,2025-12-13 09:38:49.740769+00:00
8.7,7.9,95.0,0.1,0.0,258.0,7.4,16.7,1005.0,0.0,7.0,2025-12-13 09:38:49.740769+00:00
8.7,8.1,96.0,0.1,0.0,272.0,9.3,18.5,1004.6,0.0,7.0,2025-12-13 09:38:49.740769+00:00
8.5,8.2,98.0,0.3,0.0,290.0,9.3,20.4,1004.2,0.0,7.0,2025-12-13 09:38:49.740769+00:00
8.1,8.1,100.0,0.3,0.0,307.0,11.1,20.4,1004.0,0.0,7.0,2025-12-13 09:38:49.740769+00:00
7.6,7.6,100.0,0.4,0.0,317.0,11.1,22.2,1004.0,0.0,7.0,2025-12-13 09:38:49.740769+00:00
7.3,7.3,100.0,0.4,0.0,323.0,11.1,24.1,1004.1,0.0,7.0,2025-12-13 09:38:49.740769+00:00
6.9,6.9,100.0,0.5,0.0,322.0,11.1,24.1,1004.4,0.0,7.0,2025-12-13 09:38:49.740769+00:00
6.7,6.3,97.0,0.5,0.0,324.0,13.0,25.9,1004.9,0.0,7.0,2025-12-13 09:38:49.740769+00:00
6.3,5.9,97.0,0.5,0.0,328.0,13.0,25.9,1004.9,0.0,7.0,2025-12-13 09:38:49.740769+00:00
6.1,5.5,96.0,0.4,0.0,325.0,13.0,25.9,1005.0,0.0,7.0,2025-12-13 09:38:49.740769+00:00
5.6,5.2,97.0,0.3,0.0,325.0,11.1,25.9,1005.1,0.0,7.0,2025-12-13 09:38:49.740769+00:00
4.7,4.4,98.0,0.3,0.0,321.0,11.1,22.2,1005.4,0.0,7.0,2025-12-13 09:38:49.740769+00:00
4.4,4.3,99.0,0.2,0.0,313.0,11.1,22.2,1005.3,0.0,7.0,2025-12-13 09:38:49.740769+00:00
4.1,3.8,98.0,0.0,0.0,305.0,11.1,22.2,1005.2,0.0,4.0,2025-12-13 09:38:49.740769+00:00
3.8,3.5,98.0,0.0,0.0,290.0,11.1,20.4,1005.0,0.0,4.0,2025-12-13 09:38:49.740769+00:00
3.5,3.1,97.0,0.0,0.0,280.0,11.1,20.4,1004.6,0.0,4.0,2025-12-13 09:38:49.740769+00:00
3.3,2.7,96.0,0.0,0.0,271.0,11.1,20.4,1004.3,0.0,4.0,2025-12-13 09:38:49.740769+00:00
3.2,2.6,96.0,0.0,0.0,271.0,9.3,18.5,1004.4,0.0,4.0,2025-12-13 09:38:49.740769+00:00
3.0,2.4,96.0,0.0,0.0,268.0,9.3,18.5,1004.3,0.0,4.0,2025-12-13 09:38:49.740769+00:00
3.0,2.6,97.0,0.0,0.0,266.0,9.3,18.5,1004.4,0.0,4.0,2025-12-13 09:38:49.740769+00:00
3.1,2.5,96.0,0.0,0.0,266.0,9.3,20.4,1004.3,2.0,7.0,2025-12-13 09:38:49.740769+00:00
3.3,2.7,96.0,0.1,0.0,272.0,11.1,20.4,1004.4,3.0,7.0,2025-12-13 09:38:49.740769+00:00
3.6,2.9,95.0,0.0,0.0,280.0,11.1,22.2,1004.6,4.0,7.0,2025-12-13 09:38:49.740769+00:00
3.8,3.1,95.0,0.0,0.0,290.0,9.3,20.4,1004.8,2.0,7.0,2025-12-13 09:38:49.740769+00:00
4.1,2.9,92.0,0.0,0.0,303.0,11.1,22.2,1005.0,3.0,7.0,2025-12-13 09:38:49.740769+00:00
4.3,2.8,90.0,0.2,0.0,312.0,11.1,24.1,1005.4,5.0,7.0,2025-12-13 09:38:49.740769+00:00
4.2,2.6,89.0,0.2,0.0,315.0,13.0,25.9,1006.1,6.0,7.0,2025-12-13 09:38:49.740769+00:00
4.1,2.3,88.0,0.2,0.0,311.0,13.0,27.8,1006.8,6.0,7.0,2025-12-13 09:38:49.740769+00:00
3.9,2.3,89.0,0.2,0.0,311.0,14.8,27.8,1007.8,6.0,7.0,2025-12-13 09:38:49.740769+00:00
3.2,2.0,92.0,0.2,0.0,313.0,13.0,25.9,1008.5,3.0,7.0,2025-12-13 09:38:49.740769+00:00
3.2,2.0,92.0,0.0,0.0,308.0,14.8,27.8,1009.7,0.0,2.0,2025-12-13 09:38:49.740769+00:00
3.1,1.9,92.0,0.0,0.0,304.0,14.8,27.8,1011.0,0.0,2.0,2025-12-13 09:38:49.740769+00:00
2.8,1.8,93.0,0.0,0.0,303.0,14.8,27.8,1012.0,0.0,2.0,2025-12-13 09:38:49.740769+00:00
2.3,1.3,93.0,0.0,0.0,297.0,14.8,27.8,1012.9,0.0,2.0,2025-12-13 09:38:49.740769+00:00
2.0,1.0,93.0,0.0,0.0,288.0,14.8,27.8,1013.6,0.0,1.0,2025-12-13 09:38:49.740769+00:00
1.6,0.7,94.0,0.0,0.0,286.0,14.8,25.9,1014.4,0.0,2.0,2025-12-13 09:38:49.740769+00:00
1.5,0.6,94.0,0.0,0.0,279.0,14.8,27.8,1014.5,0.0,2.0,2025-12-13 09:38:49.740769+00:00
1.3,0.4,94.0,0.0,0.0,272.0,14.8,27.8,1014.5,0.0,2.0,2025-12-13 09:38:49.740769+00:00
1.2,0.3,94.0,0.0,0.0,267.0,14.8,27.8,1014.6,0.0,2.0,2025-12-13 09:38:49.740769+00:00
1.2,0.3,94.0,0.0,0.0,263.0,14.8,27.8,1014.8,0.0,2.0,2025-12-13 09:38:49.740769+00:00
1.4,0.2,92.0,0.0,0.0,259.0,16.7,29.6,1014.9,0.0,2.0,2025-12-13 09:38:49.740769+00:00
1.5,0.3,92.0,0.0,0.0,258.0,16.7,29.6,1014.8,0.0,2.0,2025-12-13 09:38:49.740769+00:00
1.8,0.3,90.0,0.0,0.0,257.0,16.7,31.5,1014.8,0.0,2.0,2025-12-13 09:38:49.740769+00:00
2.1,0.8,91.0,0.0,0.0,256.0,16.7,31.5,1014.9,0.0,3.0,2025-12-13 09:38:49.740769+00:00
2.4,0.9,90.0,0.0,0.0,255.0,16.7,33.3,1015.0,2.0,3.0,2025-12-13 09:38:49.740769+00:00
2.7,1.2,90.0,0.0,0.0,254.0,16.7,33.3,1015.0,4.0,3.0,2025-12-13 09:38:49.740769+00:00
3.3,1.3,87.0,0.0,0.0,255.0,16.7,33.3,1015.1,5.0,4.0,2025-12-13 09:38:49.740769+00:00
3.8,1.7,86.0,0.0,0.0,254.0,16.7,35.2,1015.8,5.0,7.0,2025-12-13 09:38:49.740769+00:00
4.4,1.8,83.0,0.0,0.0,256.0,18.5,37.0,1015.4,3.0,7.0,2025-12-13 09:38:49.740769+00:00
4.7,1.9,82.0,0.0,0.0,255.0,18.5,37.0,1014.9,2.0,7.0,2025-12-13 09:38:49.740769+00:00
4.9,1.9,81.0,0.0,0.0,253.0,18.5,37.0,1014.4,0.0,7.0,2025-12-13 09:38:49.740769+00:00
4.9,1.9,81.0,0.2,0.0,247.0,16.7,35.2,1013.9,0.0,7.0,2025-12-13 09:38:49.740769+00:00
4.8,2.0,82.0,0.2,0.0,241.0,14.8,33.3,1013.7,0.0,7.0,2025-12-13 09:38:49.740769+00:00
4.3,2.3,87.0,0.0,0.0,235.0,16.7,29.6,1013.3,0.0,7.0,2025-12-13 09:38:49.740769+00:00
4.4,2.4,87.0,0.0,0.0,232.0,16.7,29.6,1013.0,0.0,7.0,2025-12-13 09:38:49.740769+00:00
4.4,2.4,87.0,0.0,0.0,229.0,16.7,29.6,1012.7,0.0,7.0,2025-12-13 09:38:49.740769+00:00
4.2,2.2,87.0,0.1,0.0,224.0,14.8,29.6,1012.4,0.0,7.0,2025-12-13 09:38:49.740769+00:00
4.0,2.2,88.0,0.1,0.0,221.0,14.8,29.6,1012.1,0.0,7.0,2025-12-13 09:38:49.740769+00:00
3.6,2.1,90.0,0.1,0.0,218.0,14.8,29.6,1011.8,0.0,7.0,2025-12-13 09:38:49.740769+00:00
3.9,1.8,86.0,0.2,0.0,215.0,14.8,29.6,1011.5,0.0,7.0,2025-12-13 09:38:49.740769+00:00
3.4,1.6,88.0,0.2,0.0,213.0,14.8,29.6,1011.1,0.0,7.0,2025-12-13 09:38:49.740769+00:00
3.2,1.4,88.0,0.3,0.0,213.0,14.8,29.6,1010.7,0.0,7.0,2025-12-13 09:38:49.740769+00:00
2.9,1.3,89.0,0.3,0.0,213.0,14.8,27.8,1010.2,0.0,7.0,2025-12-13 09:38:49.740769+00:00
2.7,1.4,91.0,0.3,0.0,214.0,14.8,27.8,1009.7,0.0,7.0,2025-12-13 09:38:49.740769+00:00
2.7,1.4,91.0,0.2,0.0,211.0,14.8,27.8,1009.3,0.0,7.0,2025-12-13 09:38:49.740769+00:00
2.9,1.4,90.0,0.1,0.0,211.0,14.8,27.8,1009.1,0.0,7.0,2025-12-13 09:38:49.740769+00:00
2.6,1.3,91.0,0.0,0.0,211.0,14.8,25.9,1009.0,0.0,7.0,2025-12-13 09:38:49.740769+00:00
2.6,1.1,90.0,0.0,0.0,207.0,14.8,25.9,1009.1,0.0,7.0,2025-12-13 09:38:49.740769+00:00
2.5,0.9,89.0,0.0,0.0,205.0,14.8,25.9,1009.0,6.0,4.0,2025-12-13 09:38:49.740769+00:00
2.5,0.7,88.0,0.0,0.0,205.0,14.8,25.9,1008.9,12.0,3.0,2025-12-13 09:38:49.740769+00:00
2.8,0.5,85.0,0.0,0.0,201.0,14.8,27.8,1008.8,18.0,3.0,2025-12-13 09:38:49.740769+00:00
3.6,0.6,81.0,0.0,0.0,200.0,14.8,27.8,1008.5,20.0,3.0,2025-12-13 09:38:49.740769+00:00
4.2,0.4,76.0,0.0,0.0,196.0,14.8,27.8,1007.8,20.0,3.0,2025-12-13 09:38:49.740769+00:00
4.6,0.2,73.0,0.0,0.0,190.0,16.7,31.5,1007.0,18.0,3.0,2025-12-13 09:38:49.740769+00:00
4.8,-0.0,71.0,0.0,0.0,185.0,14.8,31.5,1006.3,14.0,3.0,2025-12-13 09:38:49.740769+00:00
4.5,0.1,73.0,0.0,0.0,179.0,16.7,31.5,1005.8,11.0,3.0,2025-12-13 09:38:49.740769+00:00
4.1,0.3,76.0,0.2,0.0,175.0,16.7,31.5,1005.5,5.0,4.0,2025-12-13 09:38:49.740769+00:00
3.7,0.7,81.0,0.1,0.0,175.0,14.8,29.6,1004.7,0.0,7.0,2025-12-13 09:38:49.740769+00:00
3.6,1.0,83.0,0.1,0.0,177.0,14.8,29.6,1004.3,0.0,7.0,2025-12-13 09:38:49.740769+00:00
3.6,1.0,83.0,0.0,0.0,177.0,14.8,27.8,1003.9,0.0,4.0,2025-12-13 09:38:49.740769+00:00
3.4,0.8,83.0,0.0,0.0,179.0,14.8,27.8,1003.6,0.0,4.0,2025-12-13 09:38:49.740769+00:00
3.2,0.8,84.0,0.0,0.0,178.0,14.8,27.8,1003.3,0.0,4.0,2025-12-13 09:38:49.740769+00:00
2.9,0.8,86.0,0.1,0.0,176.0,14.8,25.9,1003.0,0.0,7.0,2025-12-13 09:38:49.740769+00:00
3.3,0.9,84.0,0.1,0.0,174.0,13.0,25.9,1002.7,0.0,7.0,2025-12-13 09:38:49.740769+00:00
3.1,0.7,84.0,0.2,0.0,171.0,13.0,24.1,1002.3,0.0,7.0,2025-12-13 09:38:49.740769+00:00
2.8,0.4,84.0,0.2,0.0,171.0,13.0,25.9,1002.0,0.0,7.0,2025-12-13 09:38:49.740769+00:00
2.7,0.3,84.0,0.4,0.0,173.0,13.0,24.1,1001.5,0.0,7.0,2025-12-13 09:38:49.740769+00:00
2.2,0.3,87.0,0.4,0.0,177.0,13.0,24.1,1001.1,0.0,7.0,2025-12-13 09:38:49.740769+00:00
2.1,0.3,88.0,0.3,0.0,182.0,14.8,25.9,1000.7,0.0,7.0,2025-12-13 09:38:49.740769+00:00
2.6,0.3,85.0,0.2,0.0,176.0,13.0,25.9,1000.6,0.0,7.0,2025-12-13 09:38:49.740769+00:00
2.6,0.5,86.0,0.1,0.0,183.0,13.0,25.9,1000.5,0.0,7.0,2025-12-13 09:38:49.740769+00:00
2.7,0.8,87.0,0.1,0.0,188.0,13.0,25.9,1000.5,0.0,7.0,2025-12-13 09:38:49.740769+00:00
2.8,0.9,87.0,0.1,0.0,198.0,13.0,25.9,1000.7,0.0,7.0,2025-12-13 09:38:49.740769+00:00
2.9,1.0,87.0,0.1,0.0,207.0,13.0,25.9,1001.0,0.0,7.0,2025-12-13 09:38:49.740769+00:00
2.9,1.3,89.0,0.1,0.0,220.0,13.0,25.9,1001.4,0.0,7.0,2025-12-13 09:38:49.740769+00:00
3.0,1.4,89.0,0.1,0.0,239.0,13.0,27.8,1002.1,0.0,7.0,2025-12-13 09:38:49.740769+00:00
2.9,1.4,90.0,0.1,0.0,256.0,13.0,27.8,1002.6,0.0,7.0,2025-12-13 09:38:49.740769+00:00
2.7,1.5,92.0,0.1,0.0,264.0,14.8,31.5,1003.1,0.0,7.0,2025-12-13 09:38:49.740769+00:00
2.5,1.5,93.0,0.1,0.0,272.0,16.7,33.3,1003.9,0.0,7.0,2025-12-13 09:38:49.740769+00:00
2.5,1.5,93.0,0.2,0.0,277.0,16.7,35.2,1005.0,0.0,7.0,2025-12-13 09:38:49.740769+00:00
2.4,1.5,94.0,0.2,0.0,282.0,18.5,37.0,1006.2,0.0,7.0,2025-12-13 09:38:49.740769+00:00
2.2,1.2,93.0,0.2,0.0,282.0,18.5,38.9,1007.6,0.0,7.0,2025-12-13 09:38:49.740769+00:00
2.0,1.0,93.0,0.1,0.0,281.0,18.5,37.0,1008.9,0.0,7.0,2025-12-13 09:38:49.740769+00:00
1.7,0.4,91.0,0.0,0.0,278.0,16.7,37.0,1010.1,0.0,12.0,2025-12-13 09:38:49.740769+00:00
1.6,0.1,90.0,0.0,0.0,276.0,16.7,35.2,1011.2,0.0,4.0,2025-12-13 09:38:49.740769+00:00
1.3,-0.3,89.0,0.0,0.0,275.0,16.7,33.3,1012.1,0.0,3.0,2025-12-13 09:38:49.740769+00:00
1.0,-0.8,88.0,0.0,0.0,273.0,14.8,29.6,1012.8,0.0,3.0,2025-12-13 09:38:49.740769+00:00
0.5,-1.1,89.0,0.0,0.0,273.0,14.8,27.8,1013.6,0.0,3.0,2025-12-13 09:38:49.740769+00:00
0.0,-1.4,90.0,0.0,0.0,274.0,14.8,27.8,1014.3,0.0,3.0,2025-12-13 09:38:49.740769+00:00
-0.5,-1.8,91.0,0.0,0.0,275.0,13.0,25.9,1014.8,0.0,2.0,2025-12-13 09:38:49.740769+00:00
-0.8,-2.1,91.0,0.0,0.0,277.0,13.0,24.1,1015.4,0.0,2.0,2025-12-13 09:38:49.740769+00:00
-1.2,-2.3,92.0,0.0,0.0,274.0,13.0,22.2,1015.7,0.0,2.0,2025-12-13 09:38:49.740769+00:00
-1.4,-2.5,92.0,0.0,0.0,272.0,13.0,22.2,1016.2,0.0,2.0,2025-12-13 09:38:49.740769+00:00
-2.0,-3.1,92.0,0.0,0.0,272.0,11.1,22.2,1016.7,0.0,1.0,2025-12-13 09:38:49.740769+00:00
-2.2,-3.3,92.0,0.0,0.0,268.0,11.1,22.2,1017.6,0.0,1.0,2025-12-13 09:38:49.740769+00:00
-2.3,-3.3,93.0,0.0,0.0,270.0,11.1,20.4,1018.5,0.0,1.0,2025-12-13 09:38:49.740769+00:00
-2.2,-3.3,92.0,0.0,0.0,269.0,11.1,20.4,1019.4,7.0,2.0,2025-12-13 09:38:49.740769+00:00
-1.9,-3.0,92.0,0.0,0.0,269.0,11.1,20.4,1020.2,23.0,2.0,2025-12-13 09:38:49.740769+00:00
-1.3,-2.9,89.0,0.0,0.0,275.0,11.1,20.4,1020.9,35.0,2.0,2025-12-13 09:38:49.740769+00:00
-0.5,-2.2,88.0,0.0,0.0,274.0,9.3,18.5,1021.6,41.0,2.0,2025-12-13 09:38:49.740769+00:00
0.3,-2.4,82.0,0.0,0.0,281.0,9.3,20.4,1021.6,42.0,2.0,2025-12-13 09:38:49.740769+00:00
1.0,-2.6,77.0,0.0,0.0,289.0,11.1,20.4,1021.8,42.0,2.0,2025-12-13 09:38:49.740769+00:00
1.1,-2.8,75.0,0.0,0.0,293.0,11.1,22.2,1022.0,43.0,2.0,2025-12-13 09:38:49.740769+00:00
0.9,-3.0,75.0,0.0,0.0,286.0,11.1,22.2,1022.5,38.0,2.0,2025-12-13 09:38:49.740769+00:00
0.2,-3.0,79.0,0.0,0.0,287.0,11.1,22.2,1023.0,29.0,2.0,2025-12-13 09:38:49.740769+00:00
-0.5,-3.0,83.0,0.0,0.0,289.0,9.3,18.5,1023.5,14.0,2.0,2025-12-13 09:38:49.740769+00:00
-0.8,-2.8,86.0,0.0,0.0,284.0,9.3,18.5,1024.0,0.0,1.0,2025-12-13 09:38:49.740769+00:00
-1.0,-2.7,88.0,0.0,0.0,277.0,11.1,18.5,1024.7,0.0,1.0,2025-12-13 09:38:49.740769+00:00
-1.4,-2.8,90.0,0.0,0.0,281.0,11.1,18.5,1025.2,0.0,1.0,2025-12-13 09:38:49.740769+00:00
-1.7,-3.0,91.0,0.0,0.0,280.0,9.3,18.5,1025.8,0.0,1.0,2025-12-13 09:38:49.740769+00:00
-2.0,-3.1,92.0,0.0,0.0,278.0,9.3,16.7,1026.2,0.0,1.0,2025-12-13 09:38:49.740769+00:00
-2.2,-3.2,93.0,0.0,0.0,273.0,9.3,16.7,1026.5,0.0,1.0,2025-12-13 09:38:49.740769+00:00
-2.4,-3.2,94.0,0.0,0.0,268.0,9.3,16.7,1026.6,0.0,1.0,2025-12-13 09:38:49.740769+00:00
-2.6,-3.1,96.0,0.0,0.0,262.0,9.3,16.7,1026.5,0.0,1.0,2025-12-13 09:38:49.740769+00:00
-2.9,-3.2,98.0,0.0,0.0,258.0,9.3,16.7,1026.6,0.0,1.0,2025-12-13 09:38:49.740769+00:00
-3.2,-3.3,99.0,0.0,0.0,256.0,9.3,16.7,1026.6,0.0,1.0,2025-12-13 09:38:49.740769+00:00
-3.3,-3.4,99.0,0.0,0.0,249.0,9.3,14.8,1026.7,0.0,1.0,2025-12-13 09:38:49.740769+00:00
-3.3,-3.6,98.0,0.0,0.0,241.0,9.3,16.7,1026.8,0.0,1.0,2025-12-13 09:38:49.740769+00:00
-3.4,-3.7,98.0,0.0,0.0,232.0,9.3,16.7,1026.9,0.0,2.0,2025-12-13 09:38:49.740769+00:00
-3.4,-3.5,99.0,0.0,0.0,226.0,9.3,14.8,1027.0,0.0,2.0,2025-12-13 09:38:49.740769+00:00
-3.0,-3.4,97.0,0.0,0.0,220.0,9.3,14.8,1027.3,6.0,2.0,2025-12-13 09:38:49.740769+00:00
-2.3,-3.1,94.0,0.0,0.0,216.0,9.3,16.7,1027.4,18.0,2.0,2025-12-13 09:38:49.740769+00:00
-1.5,-2.6,92.0,0.0,0.0,219.0,9.3,16.7,1027.4,27.0,2.0,2025-12-13 09:38:49.740769+00:00
-0.1,-2.5,84.0,0.0,0.0,221.0,9.3,18.5,1027.1,33.0,2.0,2025-12-13 09:38:49.740769+00:00
1.0,-2.6,77.0,0.0,0.0,219.0,11.1,20.4,1026.6,35.0,2.0,2025-12-13 09:38:49.740769+00:00
1.6,-2.5,74.0,0.0,0.0,218.0,11.1,20.4,1026.1,34.0,2.0,2025-12-13 09:38:49.740769+00:00
1.7,-2.6,73.0,0.0,0.0,215.0,11.1,20.4,1025.8,33.0,2.0,2025-12-13 09:38:49.740769+00:00
1.5,-2.8,73.0,0.0,0.0,211.0,11.1,20.4,1025.5,30.0,2.0,2025-12-13 09:38:49.740769+00:00
0.9,-2.7,77.0,0.0,0.0,205.0,9.3,20.4,1025.1,21.0,2.0,2025-12-13 09:38:49.740769+00:00
0.4,-2.6,80.0,0.0,0.0,201.0,11.1,20.4,1024.9,11.0,2.0,2025-12-13 09:38:49.740769+00:00
-0.1,-2.8,82.0,0.0,0.0,195.0,11.1,20.4,1024.9,0.0,2.0,2025-12-13 09:38:49.740769+00:00
-0.6,-2.8,85.0,0.0,0.0,192.0,11.1,20.4,1024.6,0.0,2.0,2025-12-13 09:38:49.740769+00:00
-1.0,-2.7,88.0,0.0,0.0,193.0,11.1,20.4,1024.3,0.0,2.0,2025-12-13 09:38:49.740769+00:00
-1.4,-3.1,88.0,0.0,0.0,194.0,11.1,20.4,1023.9,0.0,2.0,2025-12-13 09:38:49.740769+00:00
-1.7,-3.1,90.0,0.0,0.0,193.0,11.1,18.5,1023.6,0.0,2.0,2025-12-13 09:38:49.740769+00:00
-2.1,-3.2,92.0,0.0,0.0,191.0,11.1,18.5,1023.0,0.0,1.0,2025-12-13 09:38:49.740769+00:00
-2.4,-3.4,93.0,0.0,0.0,188.0,11.1,18.5,1022.5,0.0,1.0,2025-12-13 09:38:49.740769+00:00
-2.6,-3.6,93.0,0.0,0.0,186.0,11.1,18.5,1021.9,0.0,1.0,2025-12-13 09:38:49.740769+00:00
-2.9,-3.9,93.0,0.0,0.0,183.0,11.1,18.5,1021.4,0.0,1.0,2025-12-13 09:38:49.740769+00:00
-3.1,-4.1,93.0,0.0,0.0,181.0,11.1,20.4,1020.9,0.0,1.0,2025-12-13 09:38:49.740769+00:00
-3.5,-4.3,94.0,0.0,0.0,180.0,11.1,20.4,1020.4,0.0,1.0,2025-12-13 09:38:49.740769+00:00
-3.6,-4.4,94.0,0.0,0.0,178.0,13.0,20.4,1020.0,0.0,1.0,2025-12-13 09:38:49.740769+00:00
-3.8,-4.5,95.0,0.0,0.0,177.0,11.1,20.4,1019.5,0.0,1.0,2025-12-13 09:38:49.740769+00:00
-3.9,-4.6,95.0,0.0,0.0,175.0,11.1,20.4,1019.0,0.0,1.0,2025-12-13 09:38:49.740769+00:00
-3.6,-4.7,92.0,0.0,0.0,173.0,11.1,20.4,1018.5,0.0,1.0,2025-12-13 09:38:49.740769+00:00
-3.1,-4.7,89.0,0.0,0.0,172.0,11.1,20.4,1017.9,20.0,2.0,2025-12-13 09:38:49.740769+00:00
-2.3,-4.8,83.0,0.0,0.0,172.0,11.1,22.2,1017.0,33.0,2.0,2025-12-13 09:38:49.740769+00:00
-1.1,-4.6,77.0,0.0,0.0,172.0,11.1,22.2,1016.2,41.0,2.0,2025-12-13 09:38:49.740769+00:00
0.2,-5.0,68.0,0.0,0.0,169.0,13.0,24.1,1015.4,42.0,2.0,2025-12-13 09:38:49.740769+00:00
0.8,-5.4,63.0,0.0,0.0,167.0,13.0,25.9,1014.4,45.0,1.0,2025-12-13 09:38:49.740769+00:00
1.0,-5.5,62.0,0.0,0.0,163.0,13.0,27.8,1013.3,46.0,1.0,2025-12-13 09:38:49.740769+00:00
0.7,-6.2,60.0,0.0,0.0,155.0,13.0,25.9,1012.4,42.0,1.0,2025-12-13 09:38:49.740769+00:00
0.0,-6.2,63.0,0.0,0.0,149.0,14.8,27.8,1011.6,31.0,1.0,2025-12-13 09:38:49.740769+00:00
-0.6,-6.2,66.0,0.0,0.0,145.0,14.8,27.8,1010.9,16.0,1.0,2025-12-13 09:38:49.740769+00:00
-1.4,-6.2,70.0,0.0,0.0,146.0,14.8,27.8,1009.9,0.0,1.0,2025-12-13 09:38:49.740769+00:00
-1.8,-6.4,71.0,0.0,0.0,147.0,16.7,27.8,1008.9,0.0,1.0,2025-12-13 09:38:49.740769+00:00
-2.2,-6.0,75.0,0.0,0.0,148.0,16.7,29.6,1008.0,0.0,1.0,2025-12-13 09:38:49.740769+00:00
-2.5,-6.1,76.0,0.0,0.0,147.0,16.7,29.6,1006.9,0.0,1.0,2025-12-13 09:38:49.740769+00:00
-2.7,-6.3,76.0,0.0,0.0,147.0,16.7,29.6,1005.9,0.0,1.0,2025-12-13 09:38:49.740769+00:00
-2.8,-6.4,76.0,0.0,0.0,145.0,16.7,29.6,1004.8,0.0,1.0,2025-12-13 09:38:49.740769+00:00
-2.9,-6.5,76.0,0.0,0.0,145.0,16.7,29.6,1003.9,0.0,1.0,2025-12-13 09:38:49.740769+00:00
-2.8,-6.4,76.0,0.0,0.0,145.0,16.7,29.6,1002.6,0.0,2.0,2025-12-13 09:38:49.740769+00:00
-2.6,-6.2,76.0,0.2,0.0,143.0,16.7,29.6,1002.0,0.0,4.0,2025-12-13 09:38:49.740769+00:00
-2.5,-5.8,78.0,0.3,0.0,142.0,16.7,29.6,1001.4,0.0,14.0,2025-12-13 09:38:49.740769+00:00
-2.1,-5.2,79.0,0.3,1.0,148.0,16.7,29.6,1000.6,0.0,14.0,2025-12-13 09:38:49.740769+00:00
-2.1,-4.6,83.0,0.1,1.0,150.0,16.7,29.6,999.7,0.0,14.0,2025-12-13 09:38:49.740769+00:00
-1.6,-3.9,84.0,0.0,1.0,151.0,14.8,27.8,999.5,0.0,14.0,2025-12-13 09:38:49.740769+00:00
-1.3,-3.3,86.0,0.0,1.0,153.0,14.8,27.8,999.1,0.0,14.0,2025-12-13 09:38:49.740769+00:00
-1.1,-2.8,88.0,0.0,1.0,153.0,14.8,25.9,998.9,1.0,14.0,2025-12-13 09:38:49.740769+00:00
-0.7,-2.4,88.0,0.0,1.0,156.0,13.0,25.9,998.8,4.0,14.0,2025-12-13 09:38:49.740769+00:00
-0.2,-1.6,90.0,0.0,1.0,160.0,13.0,24.1,998.5,7.0,14.0,2025-12-13 09:38:49.740769+00:00
0.5,-1.1,89.0,0.0,1.0,162.0,13.0,24.1,998.3,8.0,4.0,2025-12-13 09:38:49.740769+00:00
1.0,-0.8,88.0,0.0,0.0,165.0,13.0,24.1,998.0,9.0,7.0,2025-12-13 09:38:49.740769+00:00
1.4,-0.2,89.0,0.0,0.0,162.0,13.0,24.1,997.6,8.0,4.0,2025-12-13 09:38:49.740769+00:00
1.5,-0.1,89.0,0.0,0.0,159.0,13.0,22.2,997.7,8.0,4.0,2025-12-13 09:38:49.740769+00:00
1.5,0.0,90.0,0.0,0.0,154.0,13.0,22.2,997.7,7.0,4.0,2025-12-13 09:38:49.740769+00:00
1.1,0.1,93.0,0.0,0.0,151.0,11.1,22.2,997.8,4.0,4.0,2025-12-13 09:38:49.740769+00:00
0.9,0.2,95.0,0.0,0.0,145.0,11.1,22.2,998.0,2.0,4.0,2025-12-13 09:38:49.740769+00:00
0.7,0.3,97.0,0.0,0.0,143.0,11.1,22.2,998.4,0.0,7.0,2025-12-13 09:38:49.740769+00:00
0.6,0.5,99.0,0.0,0.0,138.0,11.1,22.2,998.6,0.0,7.0,2025-12-13 09:38:49.740769+00:00
0.7,0.4,98.0,0.0,0.0,138.0,11.1,20.4,998.9,0.0,4.0,2025-12-13 09:38:49.740769+00:00
0.6,0.5,99.0,0.1,0.0,139.0,11.1,20.4,999.2,0.0,7.0,2025-12-13 09:38:49.740769+00:00
0.5,0.4,99.0,0.1,0.0,139.0,11.1,20.4,999.4,0.0,4.0,2025-12-13 09:38:49.740769+00:00
0.3,0.3,100.0,0.1,0.0,139.0,11.1,18.5,999.7,0.0,7.0,2025-12-13 09:38:49.740769+00:00
0.1,0.1,100.0,0.0,0.0,142.0,9.3,18.5,1000.0,0.0,7.0,2025-12-13 09:38:49.740769+00:00
0.1,0.1,100.0,0.0,0.0,138.0,9.3,18.5,1000.4,0.0,7.0,2025-12-13 09:38:49.740769+00:00
0.0,0.0,100.0,0.0,0.0,136.0,11.1,18.5,1000.5,0.0,7.0,2025-12-13 09:38:49.740769+00:00
-0.1,-0.1,100.0,0.0,0.0,138.0,11.1,18.5,1000.9,0.0,7.0,2025-12-13 09:38:49.740769+00:00
0.0,0.0,100.0,0.0,0.0,140.0,11.1,18.5,1001.2,0.0,7.0,2025-12-13 09:38:49.740769+00:00
-0.1,-0.1,100.0,0.0,0.0,139.0,11.1,18.5,1001.7,0.0,12.0,2025-12-13 09:38:49.740769+00:00
-0.1,-0.1,100.0,0.0,0.0,139.0,11.1,18.5,1001.9,0.0,12.0,2025-12-13 09:38:49.740769+00:00
0.0,0.0,100.0,0.0,0.0,135.0,9.3,18.5,1002.6,0.0,12.0,2025-12-13 09:38:49.740769+00:00
0.2,0.2,100.0,0.0,0.0,141.0,9.3,18.5,1003.1,1.0,7.0,2025-12-13 09:38:49.740769+00:00
0.4,0.4,100.0,0.0,0.0,138.0,9.3,18.5,1003.7,3.0,7.0,2025-12-13 09:38:49.740769+00:00
0.9,0.5,97.0,0.0,0.0,134.0,9.3,18.5,1004.4,6.0,7.0,2025-12-13 09:38:49.740769+00:00
1.3,0.9,97.0,0.0,0.0,134.0,9.3,18.5,1004.9,7.0,7.0,2025-12-13 09:38:49.740769+00:00
1.6,0.9,95.0,0.0,0.0,129.0,9.3,18.5,1005.2,7.0,7.0,2025-12-13 09:38:49.740769+00:00
1.8,0.9,94.0,0.0,0.0,102.0,9.3,16.7,1005.5,5.0,7.0,2025-12-13 09:38:49.740769+00:00
1.9,1.0,94.0,0.0,0.0,92.0,9.3,16.7,1006.0,5.0,7.0,2025-12-13 09:38:49.740769+00:00
1.7,1.1,96.0,0.0,0.0,76.0,9.3,16.7,1006.5,3.0,7.0,2025-12-13 09:38:49.740769+00:00
1.5,1.1,97.0,0.0,0.0,55.0,9.3,18.5,1007.0,1.0,7.0,2025-12-13 09:38:49.740769+00:00
1.3,1.2,99.0,0.0,0.0,51.0,9.3,18.5,1008.0,0.0,7.0,2025-12-13 09:38:49.740769+00:00
1.3,1.2,99.0,0.0,0.0,62.0,9.3,18.5,1008.6,0.0,7.0,2025-12-13 09:38:49.740769+00:00
1.3,1.2,99.0,0.0,0.0,34.0,9.3,18.5,1009.7,0.0,7.0,2025-12-13 09:38:49.740769+00:00
1.3,1.2,99.0,0.0,0.0,29.0,9.3,18.5,1010.2,0.0,7.0,2025-12-13 09:38:49.740769+00:00
1.3,0.9,97.0,0.0,0.0,21.0,9.3,18.5,1010.7,0.0,7.0,2025-12-13 09:38:49.740769+00:00
1.2,0.6,96.0,0.0,0.0,11.0,9.3,18.5,1011.4,0.0,7.0,2025-12-13 09:38:49.740769+00:00
1.1,0.7,97.0,0.0,0.0,7.0,11.1,18.5,1011.6,0.0,7.0,2025-12-13 09:38:49.740769+00:00
1.0,0.6,97.0,0.0,0.0,2.0,11.1,18.5,1012.0,0.0,7.0,2025-12-13 09:38:49.740769+00:00
0.7,0.3,97.0,0.0,0.0,355.0,11.1,20.4,1012.3,0.0,7.0,2025-12-13 09:38:49.740769+00:00
0.7,0.1,96.0,0.0,0.0,360.0,11.1,20.4,1012.8,0.0,7.0,2025-12-13 09:38:49.740769+00:00
0.5,0.1,97.0,0.0,0.0,353.0,11.1,20.4,1013.2,0.0,4.0,2025-12-13 09:38:49.740769+00:00
0.5,-0.1,96.0,0.0,0.0,348.0,11.1,20.4,1013.6,0.0,7.0,2025-12-13 09:38:49.740769+00:00
0.3,0.0,98.0,0.0,0.0,342.0,11.1,20.4,1013.8,0.0,12.0,2025-12-13 09:38:49.740769+00:00
0.2,-0.1,98.0,0.0,0.0,342.0,11.1,20.4,1014.3,0.0,7.0,2025-12-13 09:38:49.740769+00:00
0.1,-0.0,99.0,0.0,0.0,336.0,11.1,20.4,1015.0,0.0,12.0,2025-12-13 09:38:49.740769+00:00
0.2,0.1,99.0,0.0,0.0,332.0,11.1,20.4,1015.7,0.0,12.0,2025-12-13 09:38:49.740769+00:00
0.5,0.2,98.0,0.0,0.0,334.0,11.1,20.4,1016.0,4.0,4.0,2025-12-13 09:38:49.740769+00:00
0.9,0.3,96.0,0.0,0.0,328.0,11.1,22.2,1016.6,7.0,4.0,2025-12-13 09:38:49.740769+00:00
1.4,0.4,93.0,0.0,0.0,328.0,11.1,22.2,1017.1,9.0,4.0,2025-12-13 09:38:49.740769+00:00
1.7,0.4,91.0,0.0,0.0,324.0,11.1,22.2,1016.9,8.0,4.0,2025-12-13 09:38:49.740769+00:00
2.0,0.4,89.0,0.0,0.0,318.0,11.1,24.1,1017.7,9.0,4.0,2025-12-13 09:38:49.740769+00:00
2.2,0.3,87.0,0.0,0.0,321.0,11.1,22.2,1018.0,9.0,4.0,2025-12-13 09:38:49.740769+00:00
2.0,0.1,87.0,0.0,0.0,320.0,11.1,24.1,1018.5,8.0,4.0,2025-12-13 09:38:49.740769+00:00
1.7,-0.1,88.0,0.0,0.0,317.0,11.1,22.2,1018.4,6.0,4.0,2025-12-13 09:38:49.740769+00:00
1.4,-0.1,90.0,0.0,0.0,315.0,11.1,22.2,1018.6,2.0,4.0,2025-12-13 09:38:49.740769+00:00
1.3,-0.2,90.0,0.0,0.0,312.0,11.1,20.4,1019.3,0.0,4.0,2025-12-13 09:38:49.740769+00:00
1.1,-0.4,90.0,0.0,0.0,296.0,11.1,18.5,1019.5,0.0,4.0,2025-12-13 09:38:49.740769+00:00
0.8,-0.3,92.0,0.0,0.0,292.0,11.1,20.4,1019.7,0.0,4.0,2025-12-13 09:38:49.740769+00:00
0.7,-0.3,93.0,0.0,0.0,298.0,11.1,20.4,1020.1,0.0,3.0,2025-12-13 09:38:49.740769+00:00
0.5,-0.1,96.0,0.0,0.0,292.0,11.1,18.5,1020.1,0.0,3.0,2025-12-13 09:38:49.740769+00:00
0.5,-0.1,96.0,0.0,0.0,300.0,11.1,18.5,1020.1,0.0,4.0,2025-12-13 09:38:49.740769+00:00
0.4,-0.2,96.0,0.0,0.0,289.0,11.1,18.5,1020.2,0.0,4.0,2025-12-13 09:38:49.740769+00:00
0.5,-0.1,96.0,0.0,0.0,278.0,11.1,18.5,1020.0,0.0,4.0,2025-12-13 09:38:49.740769+00:00
0.5,-0.2,95.0,0.0,0.0,279.0,11.1,18.5,1019.8,0.0,4.0,2025-12-13 09:38:49.740769+00:00
0.5,-0.1,96.0,0.0,0.0,278.0,11.1,20.4,1020.0,0.0,4.0,2025-12-13 09:38:49.740769+00:00
0.4,-0.2,96.0,0.0,0.0,261.0,11.1,20.4,1019.5,0.0,4.0,2025-12-13 09:38:49.740769+00:00
0.3,-0.1,97.0,0.0,0.0,253.0,11.1,20.4,1019.3,0.0,4.0,2025-12-13 09:38:49.740769+00:00
0.4,-0.0,97.0,0.0,0.0,244.0,11.1,20.4,1019.6,0.0,4.0,2025-12-13 09:38:49.740769+00:00
0.4,0.1,98.0,0.0,0.0,245.0,11.1,20.4,1019.5,0.0,4.0,2025-12-13 09:38:49.740769+00:00
0.5,0.1,97.0,0.0,0.0,234.0,11.1,20.4,1018.9,0.0,4.0,2025-12-13 09:38:49.740769+00:00
0.9,0.2,95.0,0.0,0.0,229.0,11.1,20.4,1019.5,7.0,4.0,2025-12-13 09:38:49.740769+00:00
1.4,0.4,93.0,0.0,0.0,231.0,11.1,22.2,1018.7,12.0,3.0,2025-12-13 09:38:49.740769+00:00
2.1,0.6,90.0,0.0,0.0,230.0,11.1,22.2,1018.4,14.0,3.0,2025-12-13 09:38:49.740769+00:00
2.6,0.5,86.0,0.0,0.0,231.0,11.1,24.1,1017.4,15.0,3.0,2025-12-13 09:38:49.740769+00:00
3.1,0.7,84.0,0.0,0.0,232.0,11.1,25.9,1017.1,15.0,4.0,2025-12-13 09:38:49.740769+00:00
3.2,0.6,83.0,0.0,0.0,227.0,11.1,25.9,1016.6,15.0,4.0,2025-12-13 09:38:49.740769+00:00
3.2,0.6,83.0,0.0,0.0,225.0,11.1,24.1,1016.2,13.0,3.0,2025-12-13 09:38:49.740769+00:00
3.0,0.6,84.0,0.0,0.0,214.0,13.0,25.9,1016.3,8.0,3.0,2025-12-13 09:38:49.740769+00:00
2.7,0.6,86.0,0.0,0.0,206.0,13.0,25.9,1016.1,4.0,3.0,2025-12-13 09:38:49.740769+00:00
2.5,0.6,87.0,0.0,0.0,201.0,14.8,25.9,1016.2,0.0,4.0,2025-12-13 09:38:49.740769+00:00
2.4,0.6,88.0,0.0,0.0,200.0,14.8,27.8,1015.9,0.0,4.0,2025-12-13 09:38:49.740769+00:00
2.5,0.6,87.0,0.0,0.0,197.0,14.8,27.8,1015.9,0.0,3.0,2025-12-13 09:38:49.740769+00:00
2.2,0.6,89.0,0.0,0.0,202.0,14.8,27.8,1016.1,0.0,3.0,2025-12-13 09:38:49.740769+00:00
2.1,0.5,89.0,0.0,0.0,199.0,16.7,29.6,1015.9,0.0,3.0,2025-12-13 09:38:49.740769+00:00
2.1,0.6,90.0,0.0,0.0,201.0,16.7,29.6,1015.6,0.0,3.0,2025-12-13 09:38:49.740769+00:00
2.0,0.5,90.0,0.0,0.0,202.0,16.7,29.6,1015.5,0.0,3.0,2025-12-13 09:38:49.740769+00:00
2.1,0.5,89.0,0.0,0.0,203.0,16.7,29.6,1015.6,0.0,4.0,2025-12-13 09:38:49.740769+00:00
2.1,0.6,90.0,0.0,0.0,201.0,16.7,29.6,1015.6,0.0,4.0,2025-12-13 09:38:49.740769+00:00
2.3,0.7,89.0,0.0,0.0,201.0,16.7,29.6,1015.2,0.0,4.0,2025-12-13 09:38:49.740769+00:00
2.7,0.8,87.0,0.0,0.0,204.0,16.7,29.6,1015.1,0.0,4.0,2025-12-13 09:38:49.740769+00:00
2.9,0.8,86.0,0.0,0.0,204.0,16.7,31.5,1015.3,0.0,4.0,2025-12-13 09:38:49.740769+00:00
2.9,1.0,87.0,0.0,0.0,206.0,16.7,29.6,1015.3,0.0,4.0,2025-12-13 09:38:49.740769+00:00
3.0,1.1,87.0,0.0,0.0,204.0,16.7,29.6,1014.9,0.0,4.0,2025-12-13 09:38:49.740769+00:00
3.3,1.2,86.0,0.0,0.0,203.0,16.7,29.6,1015.1,0.0,4.0,2025-12-13 09:38:49.740769+00:00
3.6,1.5,86.0,0.0,0.0,203.0,14.8,29.6,1015.0,7.0,4.0,2025-12-13 09:38:49.740769+00:00
4.1,1.8,85.0,0.0,0.0,201.0,14.8,29.6,1015.1,11.0,4.0,2025-12-13 09:38:49.740769+00:00
4.6,1.8,82.0,0.0,0.0,205.0,14.8,29.6,1014.9,14.0,3.0,2025-12-13 09:38:49.740769+00:00
5.2,2.0,80.0,0.0,0.0,209.0,14.8,29.6,1014.5,15.0,3.0,2025-12-13 09:38:49.740769+00:00
5.6,2.2,79.0,0.0,0.0,208.0,14.8,29.6,1014.4,16.0,3.0,2025-12-13 09:38:49.740769+00:00
5.5,2.2,79.0,0.0,0.0,206.0,14.8,29.6,1014.2,15.0,3.0,2025-12-13 09:38:49.740769+00:00
5.4,2.6,82.0,0.0,0.0,205.0,14.8,29.6,1013.4,13.0,3.0,2025-12-13 09:38:49.740769+00:00
5.4,2.6,82.0,0.0,0.0,199.0,14.8,29.6,1013.4,9.0,3.0,2025-12-13 09:38:49.740769+00:00
5.3,3.0,85.0,0.0,0.0,201.0,14.8,27.8,1013.5,3.0,3.0,2025-12-13 09:38:49.740769+00:00
5.0,3.0,87.0,0.0,0.0,200.0,13.0,27.8,1013.3,0.0,3.0,2025-12-13 09:38:49.740769+00:00
4.3,3.1,92.0,0.2,0.0,196.0,14.8,27.8,1014.0,0.0,3.0,2025-12-13 09:38:49.740769+00:00
4.5,3.2,91.0,0.2,0.0,196.0,14.8,25.9,1014.1,0.0,3.0,2025-12-13 09:38:49.740769+00:00
4.3,3.0,91.0,0.3,0.0,198.0,14.8,27.8,1014.2,0.0,4.0,2025-12-13 09:38:49.740769+00:00
4.1,2.9,92.0,0.3,0.0,202.0,14.8,27.8,1014.2,0.0,4.0,2025-12-13 09:38:49.740769+00:00
4.2,2.7,90.0,0.2,0.0,202.0,14.8,27.8,1014.0,0.0,4.0,2025-12-13 09:38:49.740769+00:00
3.6,2.9,95.0,0.3,0.0,200.0,16.7,27.8,1014.3,0.0,4.0,2025-12-13 09:38:49.740769+00:00
3.5,2.8,95.0,0.4,0.0,199.0,14.8,25.9,1014.3,0.0,4.0,2025-12-13 09:38:49.740769+00:00
3.4,2.7,95.0,0.5,0.0,198.0,14.8,25.9,1014.2,0.0,4.0,2025-12-13 09:38:49.740769+00:00
3.4,2.5,94.0,0.5,0.0,200.0,16.7,27.8,1014.2,0.0,4.0,2025-12-13 09:38:49.740769+00:00
3.4,2.7,95.0,0.4,0.0,203.0,14.8,27.8,1014.3,0.0,4.0,2025-12-13 09:38:49.740769+00:00
3.5,2.3,92.0,0.3,0.0,200.0,14.8,27.8,1014.2,0.0,4.0,2025-12-13 09:38:49.740769+00:00
3.5,2.5,93.0,0.2,0.0,200.0,14.8,27.8,1013.8,0.0,4.0,2025-12-13 09:38:49.740769+00:00
3.3,2.3,93.0,0.1,0.0,196.0,14.8,27.8,1014.2,0.0,4.0,2025-12-13 09:38:49.740769+00:00
3.5,2.2,91.0,0.0,0.0,199.0,14.8,27.8,1014.6,0.0,4.0,2025-12-13 09:38:49.740769+00:00
3.7,2.1,89.0,0.0,0.0,200.0,14.8,27.8,1014.8,6.0,4.0,2025-12-13 09:38:49.740769+00:00
4.2,2.2,87.0,0.0,0.0,200.0,14.8,27.8,1015.0,10.0,4.0,2025-12-13 09:38:49.740769+00:00
4.8,2.5,85.0,0.0,0.0,203.0,14.8,27.8,1014.6,13.0,3.0,2025-12-13 09:38:49.740769+00:00
5.4,2.7,83.0,0.0,0.0,205.0,13.0,27.8,1014.5,13.0,3.0,2025-12-13 09:38:49.740769+00:00
5.9,3.1,82.0,0.0,0.0,201.0,14.8,27.8,1014.1,14.0,4.0,2025-12-13 09:38:49.740769+00:00
6.1,3.1,81.0,0.0,0.0,202.0,13.0,27.8,1014.4,14.0,4.0,2025-12-13 09:38:49.740769+00:00
5.9,2.9,81.0,0.0,0.0,199.0,13.0,27.8,1014.1,13.0,4.0,2025-12-13 09:38:49.740769+00:00
5.6,2.6,81.0,0.0,0.0,194.0,13.0,25.9,1014.3,8.0,3.0,2025-12-13 09:38:49.740769+00:00
5.1,2.5,83.0,0.0,0.0,191.0,13.0,24.1,1014.3,4.0,4.0,2025-12-13 09:38:49.740769+00:00
4.9,2.3,83.0,0.0,0.0,191.0,14.8,25.9,1014.5,0.0,4.0,2025-12-13 09:38:49.740769+00:00
4.6,2.1,84.0,0.0,0.0,191.0,14.8,25.9,1014.3,0.0,3.0,2025-12-13 09:38:49.740769+00:00
4.1,2.1,87.0,0.0,0.0,194.0,14.8,27.8,1014.1,0.0,3.0,2025-12-13 09:38:49.740769+00:00
3.9,2.1,88.0,0.0,0.0,197.0,14.8,25.9,1014.3,0.0,3.0,2025-12-13 09:38:49.740769+00:00
3.7,2.1,89.0,0.0,0.0,195.0,14.8,25.9,1014.3,0.0,3.0,2025-12-13 09:38:49.740769+00:00
3.4,2.1,91.0,0.0,0.0,193.0,14.8,25.9,1014.3,0.0,4.0,2025-12-13 09:38:49.740769+00:00
3.2,2.2,93.0,0.0,0.0,191.0,14.8,25.9,1014.2,0.0,4.0,2025-12-13 09:38:49.740769+00:00
3.0,2.3,95.0,0.0,0.0,195.0,13.0,25.9,1014.0,0.0,4.0,2025-12-13 09:38:49.740769+00:00
2.9,2.2,95.0,0.0,0.0,193.0,13.0,25.9,1014.0,0.0,4.0,2025-12-13 09:38:49.740769+00:00
2.9,1.9,93.0,0.0,0.0,195.0,13.0,25.9,1013.8,0.0,4.0,2025-12-13 09:38:49.740769+00:00
2.7,1.8,94.0,0.0,0.0,194.0,13.0,25.9,1014.0,0.0,4.0,2025-12-13 09:38:49.740769+00:00
2.7,1.8,94.0,0.0,0.0,189.0,14.8,25.9,1014.1,0.0,4.0,2025-12-13 09:38:49.740769+00:00
2.6,1.7,94.0,0.0,0.0,186.0,13.0,24.1,1014.1,0.0,4.0,2025-12-13 09:38:49.740769+00:00
2.6,1.7,94.0,0.0,0.0,186.0,13.0,25.9,1014.3,0.0,4.0,2025-12-13 09:38:49.740769+00:00
2.7,1.7,93.0,0.0,0.0,189.0,13.0,25.9,1014.6,0.0,4.0,2025-12-13 09:38:49.740769+00:00
3.1,1.6,90.0,0.0,0.0,191.0,13.0,25.9,1014.9,6.0,4.0,2025-12-13 09:38:49.740769+00:00
3.5,1.7,88.0,0.0,0.0,195.0,13.0,25.9,1015.1,9.0,4.0,2025-12-13 09:38:49.740769+00:00
4.0,1.9,86.0,0.0,0.0,200.0,13.0,25.9,1015.1,12.0,4.0,2025-12-13 09:38:49.740769+00:00
4.6,2.0,83.0,0.0,0.0,201.0,13.0,25.9,1015.0,13.0,4.0,2025-12-13 09:38:49.740769+00:00
4.9,2.1,82.0,0.0,0.0,201.0,13.0,24.1,1014.8,13.0,4.0,2025-12-13 09:38:49.740769+00:00
5.7,2.0,77.0,0.0,0.0,197.0,13.0,25.9,1014.8,12.0,4.0,2025-12-13 09:38:49.740769+00:00
5.3,1.8,78.0,0.0,0.0,198.0,13.0,24.1,1014.8,11.0,4.0,2025-12-13 09:38:49.740769+00:00
5.0,1.8,80.0,0.0,0.0,184.0,13.0,24.1,1014.9,7.0,4.0,2025-12-13 09:38:49.740769+00:00
4.6,1.8,82.0,0.1,0.0,174.0,13.0,24.1,1015.2,3.0,4.0,2025-12-13 09:38:49.740769+00:00
4.2,1.7,84.0,0.1,0.0,175.0,13.0,24.1,1015.3,0.0,3.0,2025-12-13 09:38:49.740769+00:00
4.1,1.5,83.0,0.1,0.0,186.0,13.0,24.1,1015.4,0.0,3.0,2025-12-13 09:38:49.740769+00:00
3.8,1.7,86.0,0.2,0.0,190.0,13.0,22.2,1015.5,0.0,3.0,2025-12-13 09:38:49.740769+00:00
3.5,1.5,87.0,0.2,0.0,203.0,13.0,24.1,1015.5,0.0,3.0,2025-12-13 09:38:49.740769+00:00
3.3,1.5,88.0,0.1,0.0,200.0,13.0,24.1,1015.7,0.0,3.0,2025-12-13 09:38:49.740769+00:00
3.2,1.6,89.0,0.0,0.0,191.0,13.0,24.1,1015.6,0.0,3.0,2025-12-13 09:38:49.740769+00:00
3.1,1.5,89.0,0.0,0.0,186.0,13.0,24.1,1015.6,0.0,4.0,2025-12-13 09:38:49.740769+00:00
3.1,1.5,89.0,0.0,0.0,190.0,14.8,24.1,1015.5,0.0,4.0,2025-12-13 09:38:49.740769+00:00
3.0,1.4,89.0,0.0,0.0,190.0,14.8,25.9,1015.5,0.0,4.0,2025-12-13 09:38:49.740769+00:00
3.0,1.4,89.0,0.0,0.0,192.0,14.8,24.1,1015.4,0.0,4.0,2025-12-13 09:38:49.740769+00:00
2.9,1.3,89.0,0.0,0.0,195.0,14.8,24.1,1015.2,0.0,4.0,2025-12-13 09:38:49.740769+00:00
2.9,1.3,89.0,0.0,0.0,193.0,14.8,25.9,1015.2,0.0,4.0,2025-12-13 09:38:49.740769+00:00
3.6,2.0,89.0,0.0,0.0,231.0,14.8,27.8,1013.8,0.0,4.0,2025-12-13 09:38:49.740769+00:00
3.6,2.1,90.0,0.0,0.0,233.0,14.8,27.8,1013.7,0.0,4.0,2025-12-13 09:38:49.740769+00:00
3.7,2.2,90.0,0.0,0.0,236.0,16.7,29.6,1013.9,0.0,4.0,2025-12-13 09:38:49.740769+00:00
4.0,2.4,89.0,0.0,0.0,233.0,16.7,31.5,1013.9,5.0,4.0,2025-12-13 09:38:49.740769+00:00
4.6,2.5,86.0,0.0,0.0,235.0,16.7,33.3,1014.0,8.0,4.0,2025-12-13 09:38:49.740769+00:00
5.2,2.6,83.0,0.0,0.0,235.0,16.7,31.5,1014.0,10.0,4.0,2025-12-13 09:38:49.740769+00:00
5.8,2.8,81.0,0.0,0.0,238.0,14.8,31.5,1013.9,11.0,4.0,2025-12-13 09:38:49.740769+00:00
6.0,2.8,80.0,0.0,0.0,238.0,14.8,29.6,1013.9,12.0,4.0,2025-12-13 09:38:49.740769+00:00
6.1,2.7,79.0,0.0,0.0,232.0,14.8,29.6,1012.9,11.0,4.0,2025-12-13 09:38:49.740769+00:00
5.9,2.7,80.0,0.0,0.0,236.0,14.8,29.6,1012.9,9.0,4.0,2025-12-13 09:38:49.740769+00:00
5.6,2.8,82.0,0.0,0.0,234.0,14.8,29.6,1012.9,5.0,4.0,2025-12-13 09:38:49.740769+00:00
5.2,2.7,84.0,0.0,0.0,227.0,14.8,27.8,1013.0,2.0,4.0,2025-12-13 09:38:49.740769+00:00
5.2,2.4,82.0,0.0,0.0,215.0,14.8,29.6,1015.7,0.0,4.0,2025-12-13 09:38:49.740769+00:00
4.9,2.3,83.0,0.0,0.0,216.0,14.8,29.6,1015.8,0.0,4.0,2025-12-13 09:38:49.740769+00:00
4.9,2.1,82.0,0.0,0.0,214.0,14.8,27.8,1015.9,0.0,4.0,2025-12-13 09:38:49.740769+00:00
4.6,2.0,83.0,0.0,0.0,213.0,14.8,27.8,1015.8,0.0,4.0,2025-12-13 09:38:49.740769+00:00
4.4,1.9,84.0,0.0,0.0,213.0,14.8,27.8,1015.9,0.0,4.0,2025-12-13 09:38:49.740769+00:00
4.2,1.9,85.0,0.0,0.0,214.0,14.8,27.8,1015.9,0.0,2.0,2025-12-13 09:38:49.740769+00:00
0.7,-0.2,94.0,0.0,0.0,166.0,14.8,24.1,1017.1,0.0,2.0,2025-12-13 09:38:49.740769+00:00
0.5,-0.6,92.0,0.0,0.0,165.0,13.0,24.1,1016.7,0.0,2.0,2025-12-13 09:38:49.740769+00:00
0.2,-0.8,93.0,0.0,0.0,163.0,14.8,24.1,1016.5,0.0,2.0,2025-12-13 09:38:49.740769+00:00
-0.1,-0.8,95.0,0.0,0.0,164.0,14.8,24.1,1016.1,0.0,2.0,2025-12-13 09:38:49.740769+00:00
-0.3,-0.9,96.0,0.0,0.0,163.0,14.8,25.9,1015.8,0.0,2.0,2025-12-13 09:38:49.740769+00:00
-0.3,-0.9,96.0,0.0,0.0,161.0,14.8,25.9,1015.6,0.0,2.0,2025-12-13 09:38:49.740769+00:00
-0.3,-0.6,98.0,0.0,0.0,160.0,14.8,25.9,1015.6,0.0,2.0,2025-12-13 09:38:49.740769+00:00
-0.1,-0.2,99.0,0.0,0.0,158.0,14.8,24.1,1015.4,0.0,2.0,2025-12-13 09:38:49.740769+00:00
0.2,-0.1,98.0,0.0,0.0,156.0,14.8,25.9,1015.5,0.0,2.0,2025-12-13 09:38:49.740769+00:00
0.7,0.4,98.0,0.0,0.0,157.0,14.8,25.9,1015.4,10.0,2.0,2025-12-13 09:38:49.740769+00:00
1.5,0.9,96.0,0.0,0.0,159.0,14.8,25.9,1015.3,16.0,3.0,2025-12-13 09:38:49.740769+00:00
2.4,1.1,91.0,0.0,0.0,162.0,13.0,25.9,1015.3,18.0,3.0,2025-12-13 09:38:49.740769+00:00
3.6,1.5,86.0,0.0,0.0,164.0,14.8,27.8,1014.8,21.0,3.0,2025-12-13 09:38:49.740769+00:00
4.2,1.6,83.0,0.0,0.0,164.0,14.8,27.8,1014.6,25.0,3.0,2025-12-13 09:38:49.740769+00:00
4.6,1.5,80.0,0.0,0.0,162.0,14.8,27.8,1014.6,26.0,3.0,2025-12-13 09:38:49.740769+00:00
4.4,1.6,82.0,0.0,0.0,160.0,13.0,27.8,1014.6,25.0,2.0,2025-12-13 09:38:49.740769+00:00
3.9,1.6,85.0,0.0,0.0,157.0,13.0,25.9,1014.8,16.0,2.0,2025-12-13 09:38:49.740769+00:00
3.2,1.6,89.0,0.0,0.0,157.0,13.0,24.1,1015.1,6.0,2.0,2025-12-13 09:38:49.740769+00:00
2.4,1.2,92.0,0.0,0.0,154.0,13.0,22.2,1015.3,0.0,2.0,2025-12-13 09:38:49.740769+00:00
2.1,1.4,95.0,0.0,0.0,155.0,13.0,22.2,1015.6,0.0,1.0,2025-12-13 09:38:49.740769+00:00
1.7,1.3,97.0,0.0,0.0,153.0,13.0,22.2,1015.6,0.0,1.0,2025-12-13 09:38:49.740769+00:00
1.3,1.2,99.0,0.0,0.0,155.0,11.1,22.2,1015.7,0.0,1.0,2025-12-13 09:38:49.740769+00:00
1.0,1.0,100.0,0.0,0.0,151.0,11.1,20.4,1015.8,0.0,1.0,2025-12-13 09:38:49.740769+00:00
0.8,0.7,99.0,0.0,0.0,152.0,11.1,20.4,1015.8,0.0,2.0,2025-12-13 09:38:49.740769+00:00
0.6,0.5,99.0,0.0,0.0,149.0,11.1,20.4,1015.8,0.0,2.0,2025-12-13 09:38:49.740769+00:00
0.5,0.1,97.0,0.0,0.0,145.0,11.1,18.5,1015.9,0.0,2.0,2025-12-13 09:38:49.740769+00:00
0.5,-0.1,96.0,0.0,0.0,141.0,11.1,18.5,1015.7,0.0,2.0,2025-12-13 09:38:49.740769+00:00
0.6,0.0,96.0,0.0,0.0,141.0,11.1,20.4,1015.6,0.0,3.0,2025-12-13 09:38:49.740769+00:00
0.8,-0.1,94.0,0.0,0.0,137.0,11.1,20.4,1015.5,0.0,4.0,2025-12-13 09:38:49.740769+00:00
0.7,0.1,96.0,0.0,0.0,138.0,11.1,18.5,1015.4,0.0,4.0,2025-12-13 09:38:49.740769+00:00
0.6,0.5,99.0,0.0,0.0,138.0,11.1,18.5,1015.4,0.0,4.0,2025-12-13 09:38:49.740769+00:00
0.8,0.2,96.0,0.0,0.0,137.0,11.1,18.5,1015.4,0.0,4.0,2025-12-13 09:38:49.740769+00:00
0.8,0.2,96.0,0.0,0.0,138.0,11.1,18.5,1015.5,0.0,4.0,2025-12-13 09:38:49.740769+00:00
1.1,0.5,96.0,0.0,0.0,140.0,11.1,20.4,1015.4,3.0,4.0,2025-12-13 09:38:49.740769+00:00
1.5,0.6,94.0,0.0,0.0,144.0,11.1,20.4,1015.5,4.0,4.0,2025-12-13 09:38:49.740769+00:00
2.8,2.1,95.0,0.0,0.0,149.0,9.3,18.5,1015.4,8.0,4.0,2025-12-13 09:38:49.740769+00:00
3.2,2.3,94.0,0.0,0.0,151.0,9.3,18.5,1015.0,9.0,4.0,2025-12-13 09:38:49.740769+00:00
3.7,2.4,91.0,0.0,0.0,152.0,9.3,18.5,1014.7,10.0,4.0,2025-12-13 09:38:49.740769+00:00
4.0,2.4,89.0,0.0,0.0,151.0,11.1,18.5,1014.5,11.0,4.0,2025-12-13 09:38:49.740769+00:00
4.1,2.1,87.0,0.0,0.0,151.0,11.1,20.4,1014.4,10.0,4.0,2025-12-13 09:38:49.740769+00:00
3.8,2.2,89.0,0.0,0.0,147.0,11.1,20.4,1014.4,7.0,4.0,2025-12-13 09:38:49.740769+00:00
3.4,2.2,92.0,0.0,0.0,150.0,11.1,20.4,1014.5,2.0,4.0,2025-12-13 09:38:49.740769+00:00
3.2,2.2,93.0,0.0,0.0,153.0,11.1,20.4,1014.7,0.0,4.0,2025-12-13 09:38:49.740769+00:00
3.0,2.4,96.0,0.0,0.0,154.0,11.1,20.4,1014.8,0.0,4.0,2025-12-13 09:38:49.740769+00:00
2.8,2.2,96.0,0.0,0.0,153.0,11.1,18.5,1014.6,0.0,4.0,2025-12-13 09:38:49.740769+00:00
2.4,1.8,96.0,0.0,0.0,155.0,11.1,18.5,1014.7,0.0,4.0,2025-12-13 09:38:49.740769+00:00
2.1,1.7,97.0,0.0,0.0,155.0,11.1,18.5,1014.8,0.0,4.0,2025-12-13 09:38:49.740769+00:00
1.8,1.4,97.0,0.0,0.0,157.0,11.1,18.5,1014.6,0.0,4.0,2025-12-13 09:38:49.740769+00:00
1.5,1.1,97.0,0.0,0.0,155.0,11.1,18.5,1014.4,0.0,4.0,2025-12-13 09:38:49.740769+00:00
1.1,0.8,98.0,0.0,0.0,151.0,11.1,18.5,1014.2,0.0,3.0,2025-12-13 09:38:49.740769+00:00
0.8,0.5,98.0,0.0,0.0,151.0,9.3,18.5,1014.0,0.0,3.0,2025-12-13 09:38:49.740769+00:00
0.6,0.2,97.0,0.0,0.0,152.0,11.1,18.5,1013.8,0.0,3.0,2025-12-13 09:38:49.740769+00:00
0.2,-0.1,98.0,0.0,0.0,150.0,11.1,18.5,1013.7,0.0,3.0,2025-12-13 09:38:49.740769+00:00
0.6,0.5,99.0,0.0,0.0,148.0,11.1,20.4,1013.3,0.0,3.0,2025-12-13 09:38:49.740769+00:00
0.4,0.3,99.0,0.0,0.0,152.0,11.1,20.4,1013.2,0.0,3.0,2025-12-13 09:38:49.740769+00:00
0.2,-0.1,98.0,0.0,0.0,150.0,11.1,18.5,1013.3,0.0,3.0,2025-12-13 09:38:49.740769+00:00
0.2,0.1,99.0,0.0,0.0,151.0,11.1,18.5,1013.2,0.0,3.0,2025-12-13 09:38:49.740769+00:00
0.5,0.1,97.0,0.0,0.0,151.0,11.1,20.4,1013.2,7.0,3.0,2025-12-13 09:38:49.740769+00:00
0.9,0.3,96.0,0.0,0.0,151.0,9.3,18.5,1013.1,10.0,3.0,2025-12-13 09:38:49.740769+00:00
1.5,0.3,92.0,0.0,0.0,151.0,9.3,18.5,1012.6,13.0,4.0,2025-12-13 09:38:49.740769+00:00
2.2,0.4,88.0,0.0,0.0,148.0,9.3,20.4,1012.1,14.0,4.0,2025-12-13 09:38:49.740769+00:00
2.6,0.7,87.0,0.0,0.0,146.0,11.1,20.4,1011.6,13.0,4.0,2025-12-13 09:38:49.740769+00:00
2.6,1.0,89.0,0.0,0.0,138.0,11.1,20.4,1011.3,13.0,4.0,2025-12-13 09:38:49.740769+00:00
2.5,1.0,90.0,0.0,0.0,130.0,11.1,20.4,1011.1,11.0,4.0,2025-12-13 09:38:49.740769+00:00
2.2,1.2,93.0,0.0,0.0,123.0,11.1,22.2,1010.9,4.0,4.0,2025-12-13 09:38:49.740769+00:00
1.9,1.3,96.0,0.0,0.0,123.0,11.1,22.2,1011.0,1.0,4.0,2025-12-13 09:38:49.740769+00:00
1.8,1.5,98.0,0.0,0.0,124.0,13.0,22.2,1011.1,0.0,4.0,2025-12-13 09:38:49.740769+00:00
1.7,1.4,98.0,0.0,0.0,120.0,13.0,24.1,1011.1,0.0,4.0,2025-12-13 09:38:49.740769+00:00
1.8,1.2,96.0,0.0,0.0,118.0,13.0,24.1,1010.9,0.0,4.0,2025-12-13 09:38:49.740769+00:00
1.8,1.2,96.0,0.0,0.0,117.0,11.1,24.1,1010.8,0.0,4.0,2025-12-13 09:38:49.740769+00:00
1.7,1.1,96.0,0.0,0.0,114.0,11.1,22.2,1010.7,0.0,4.0,2025-12-13 09:38:49.740769+00:00
1.9,1.2,95.0,0.0,0.0,110.0,11.1,22.2,1010.6,0.0,4.0,2025-12-13 09:38:49.740769+00:00
1.9,1.0,94.0,0.0,0.0,110.0,11.1,20.4,1010.6,0.0,4.0,2025-12-13 09:38:49.740769+00:00
2.0,1.3,95.0,0.0,0.0,108.0,11.1,20.4,1010.7,0.0,4.0,2025-12-13 09:38:49.740769+00:00
2.1,1.2,94.0,0.0,0.0,105.0,11.1,20.4,1010.5,0.0,4.0,2025-12-13 09:38:49.740769+00:00
2.3,1.4,94.0,0.0,0.0,103.0,9.3,18.5,1010.5,0.0,4.0,2025-12-13 09:38:49.740769+00:00
2.4,1.5,94.0,0.0,0.0,99.0,9.3,18.5,1010.5,0.0,4.0,2025-12-13 09:38:49.740769+00:00
2.8,2.1,95.0,0.0,0.0,96.0,7.4,14.8,1009.8,0.0,4.0,2025-12-13 09:38:49.740769+00:00
3.0,2.4,96.0,0.1,0.0,99.0,7.4,14.8,1010.1,0.0,7.0,2025-12-13 09:38:49.740769+00:00
3.2,2.8,97.0,0.2,0.0,93.0,7.4,14.8,1010.3,0.0,7.0,2025-12-13 09:38:49.740769+00:00
3.5,2.9,96.0,0.4,0.0,90.0,7.4,14.8,1010.7,0.0,7.0,2025-12-13 09:38:49.740769+00:00
3.6,3.5,99.0,0.4,0.0,88.0,7.4,13.0,1011.0,0.0,7.0,2025-12-13 09:38:49.740769+00:00
3.6,3.6,100.0,0.4,0.0,86.0,5.5,13.0,1011.3,0.0,7.0,2025-12-13 09:38:49.740769+00:00
3.9,3.9,100.0,0.3,0.0,75.0,5.5,13.0,1011.3,0.0,7.0,2025-12-13 09:38:49.740769+00:00
4.1,4.1,100.0,0.3,0.0,37.0,5.5,11.1,1011.4,0.0,7.0,2025-12-13 09:38:49.740769+00:00
4.1,4.1,100.0,0.2,0.0,338.0,5.5,11.1,1011.5,0.0,7.0,2025-12-13 09:38:49.740769+00:00
4.1,4.1,100.0,0.2,0.0,292.0,5.5,11.1,1011.7,0.0,7.0,2025-12-13 09:38:49.740769+00:00
4.1,4.1,100.0,0.1,0.0,265.0,5.5,11.1,1012.1,0.0,7.0,2025-12-13 09:38:49.740769+00:00
4.1,4.1,100.0,0.1,0.0,252.0,5.5,11.1,1012.6,0.0,7.0,2025-12-13 09:38:49.740769+00:00
4.0,4.0,100.0,0.1,0.0,244.0,7.4,13.0,1012.8,0.0,7.0,2025-12-13 09:38:49.740769+00:00
3.7,3.7,100.0,0.0,0.0,240.0,7.4,14.8,1013.3,0.0,7.0,2025-12-13 09:38:49.740769+00:00
3.3,3.3,100.0,0.0,0.0,231.0,7.4,14.8,1013.5,0.0,7.0,2025-12-13 09:38:49.740769+00:00
3.1,3.1,100.0,0.0,0.0,222.0,9.3,14.8,1013.7,0.0,7.0,2025-12-13 09:38:49.740769+00:00
2.9,2.9,100.0,0.0,0.0,216.0,9.3,16.7,1014.0,0.0,7.0,2025-12-13 09:38:49.740769+00:00
2.4,2.4,100.0,0.0,0.0,212.0,9.3,16.7,1014.1,0.0,7.0,2025-12-13 09:38:49.740769+00:00
2.2,2.2,100.0,0.0,0.0,205.0,9.3,16.7,1014.0,0.0,4.0,2025-12-13 09:38:49.740769+00:00
1.9,1.9,100.0,0.0,0.0,198.0,9.3,16.7,1014.0,0.0,4.0,2025-12-13 09:38:49.740769+00:00
1.6,1.5,99.0,0.0,0.0,191.0,9.3,16.7,1014.0,0.0,4.0,2025-12-13 09:38:49.740769+00:00
1.4,1.3,99.0,0.0,0.0,191.0,9.3,18.5,1013.8,0.0,4.0,2025-12-13 09:38:49.740769+00:00
1.1,1.0,99.0,0.0,0.0,191.0,11.1,18.5,1013.7,0.0,4.0,2025-12-13 09:38:49.740769+00:00
0.9,0.8,99.0,0.0,0.0,185.0,11.1,18.5,1013.5,0.0,4.0,2025-12-13 09:38:49.740769+00:00
0.1,-0.0,99.0,0.0,0.0,172.0,11.1,18.5,1012.7,0.0,3.0,2025-12-13 09:38:49.740769+00:00
0.2,0.2,100.0,0.0,0.0,173.0,11.1,20.4,1012.9,0.0,3.0,2025-12-13 09:38:49.740769+00:00
0.3,0.3,100.0,0.0,0.0,166.0,11.1,20.4,1012.9,0.0,3.0,2025-12-13 09:38:49.740769+00:00
0.5,0.5,100.0,0.0,0.0,163.0,13.0,20.4,1012.7,0.0,3.0,2025-12-13 09:38:49.740769+00:00
0.8,0.8,100.0,0.0,0.0,163.0,13.0,24.1,1012.4,5.0,3.0,2025-12-13 09:38:49.740769+00:00
1.5,1.2,98.0,0.0,0.0,162.0,13.0,24.1,1012.0,9.0,3.0,2025-12-13 09:38:49.740769+00:00
2.3,1.3,93.0,0.0,0.0,162.0,14.8,27.8,1011.4,13.0,3.0,2025-12-13 09:38:49.740769+00:00
3.0,1.4,89.0,0.0,0.0,163.0,14.8,27.8,1010.9,17.0,3.0,2025-12-13 09:38:49.740769+00:00
3.7,1.4,85.0,0.0,0.0,161.0,16.7,29.6,1010.2,16.0,3.0,2025-12-13 09:38:49.740769+00:00
3.9,1.4,84.0,0.0,0.0,159.0,16.7,29.6,1009.9,16.0,3.0,2025-12-13 09:38:49.740769+00:00
4.0,1.5,84.0,0.0,0.0,154.0,16.7,29.6,1009.5,13.0,3.0,2025-12-13 09:38:49.740769+00:00
3.8,1.8,87.0,0.0,0.0,154.0,16.7,29.6,1009.4,6.0,4.0,2025-12-13 09:38:49.740769+00:00
3.7,2.1,89.0,0.0,0.0,154.0,14.8,27.8,1009.3,1.0,4.0,2025-12-13 09:38:49.740769+00:00
3.9,2.3,89.0,0.0,0.0,157.0,14.8,27.8,1009.3,0.0,4.0,2025-12-13 09:38:49.740769+00:00
3.8,2.3,90.0,0.0,0.0,162.0,14.8,27.8,1009.1,0.0,4.0,2025-12-13 09:38:49.740769+00:00
4.0,2.4,89.0,0.0,0.0,167.0,14.8,25.9,1009.0,0.0,4.0,2025-12-13 09:38:49.740769+00:00
4.0,2.4,89.0,0.0,0.0,170.0,14.8,25.9,1009.1,0.0,4.0,2025-12-13 09:38:49.740769+00:00
3.9,2.6,91.0,0.0,0.0,173.0,14.8,25.9,1009.1,0.0,4.0,2025-12-13 09:38:49.740769+00:00
3.3,2.3,93.0,0.0,0.0,178.0,13.0,24.1,1008.6,0.0,4.0,2025-12-13 09:38:49.740769+00:00
3.1,2.2,94.0,0.0,0.0,176.0,13.0,22.2,1008.5,0.0,4.0,2025-12-13 09:38:49.740769+00:00
3.1,2.4,95.0,0.0,0.0,176.0,13.0,24.1,1008.5,0.0,4.0,2025-12-13 09:38:49.740769+00:00
3.3,2.6,95.0,0.0,0.0,177.0,13.0,24.1,1008.6,0.0,4.0,2025-12-13 09:38:49.740769+00:00
3.6,2.7,94.0,0.0,0.0,178.0,13.0,24.1,1008.6,0.0,4.0,2025-12-13 09:38:49.740769+00:00
3.9,3.2,95.0,0.0,0.0,180.0,13.0,25.9,1008.8,0.0,7.0,2025-12-13 09:38:49.740769+00:00
4.2,3.5,95.0,0.0,0.0,182.0,13.0,25.9,1008.9,0.0,7.0,2025-12-13 09:38:49.740769+00:00
4.5,3.9,96.0,0.0,0.0,187.0,13.0,24.1,1009.1,0.0,7.0,2025-12-13 09:38:49.740769+00:00
4.7,4.1,96.0,0.1,0.0,189.0,13.0,24.1,1009.4,0.0,7.0,2025-12-13 09:38:49.740769+00:00
5.0,4.4,96.0,0.1,0.0,193.0,13.0,25.9,1009.6,0.0,7.0,2025-12-13 09:38:49.740769+00:00
5.5,5.1,97.0,0.2,0.0,195.0,13.0,25.9,1010.0,1.0,7.0,2025-12-13 09:38:49.740769+00:00
6.0,5.4,96.0,0.1,0.0,201.0,13.0,25.9,1010.3,2.0,7.0,2025-12-13 09:38:49.740769+00:00
6.7,5.6,93.0,0.1,0.0,204.0,14.8,25.9,1010.5,3.0,7.0,2025-12-13 09:38:49.740769+00:00
7.4,5.9,90.0,0.1,0.0,209.0,13.0,25.9,1010.7,5.0,7.0,2025-12-13 09:38:49.740769+00:00
7.9,6.0,88.0,0.0,0.0,209.0,14.8,25.9,1010.8,8.0,7.0,2025-12-13 09:38:49.740769+00:00
8.1,6.1,87.0,0.0,0.0,208.0,13.0,25.9,1010.9,11.0,7.0,2025-12-13 09:38:49.740769+00:00
8.1,6.2,88.0,0.0,0.0,204.0,13.0,25.9,1011.2,12.0,7.0,2025-12-13 09:38:49.740769+00:00
7.7,6.0,89.0,0.0,0.0,198.0,13.0,24.1,1011.4,7.0,3.0,2025-12-13 09:38:49.740769+00:00
7.3,5.8,90.0,0.0,0.0,191.0,13.0,22.2,1011.8,0.0,3.0,2025-12-13 09:38:49.740769+00:00
6.9,5.8,93.0,0.0,0.0,188.0,13.0,22.2,1011.8,0.0,3.0,2025-12-13 09:38:49.740769+00:00
6.5,5.8,95.0,0.0,0.0,180.0,13.0,22.2,1011.9,0.0,3.0,2025-12-13 09:38:49.740769+00:00
6.2,5.6,96.0,0.0,0.0,177.0,13.0,22.2,1011.7,0.0,3.0,2025-12-13 09:38:49.740769+00:00
6.1,5.7,97.0,0.0,0.0,174.0,13.0,22.2,1011.6,0.0,3.0,2025-12-13 09:38:49.740769+00:00
5.8,5.4,97.0,0.0,0.0,170.0,13.0,22.2,1011.4,0.0,3.0,2025-12-13 09:38:49.740769+00:00
5.9,5.9,100.0,0.0,0.0,163.0,14.8,24.1,1009.5,0.0,3.0,2025-12-13 09:38:49.740769+00:00
6.1,6.0,99.0,0.0,0.0,161.0,14.8,25.9,1009.1,0.0,3.0,2025-12-13 09:38:49.740769+00:00
6.3,6.0,98.0,0.0,0.0,161.0,16.7,27.8,1008.8,0.0,4.0,2025-12-13 09:38:49.740769+00:00
6.4,6.1,98.0,0.2,0.0,161.0,16.7,29.6,1008.7,0.0,7.0,2025-12-13 09:38:49.740769+00:00
6.5,6.4,99.0,0.4,0.0,165.0,16.7,29.6,1008.4,0.0,7.0,2025-12-13 09:38:49.740769+00:00
7.1,6.7,97.0,0.4,0.0,174.0,16.7,31.5,1008.3,0.0,7.0,2025-12-13 09:38:49.740769+00:00
7.5,7.1,97.0,0.3,0.0,187.0,16.7,29.6,1008.7,0.0,7.0,2025-12-13 09:38:49.740769+00:00
8.0,7.7,98.0,0.2,0.0,205.0,16.7,29.6,1009.3,0.0,7.0,2025-12-13 09:38:49.740769+00:00
8.4,8.3,99.0,0.1,0.0,221.0,14.8,27.8,1010.0,0.0,7.0,2025-12-13 09:38:49.740769+00:00
8.7,8.4,98.0,0.0,0.0,235.0,14.8,27.8,1011.1,0.0,7.0,2025-12-13 09:38:49.740769+00:00
9.1,8.5,96.0,0.0,0.0,240.0,14.8,29.6,1012.1,5.0,7.0,2025-12-13 09:38:49.740769+00:00
9.8,8.7,93.0,0.0,0.0,241.0,16.7,29.6,1012.9,10.0,4.0,2025-12-13 09:38:49.740769+00:00
10.7,8.6,87.0,0.0,0.0,243.0,16.7,31.5,1013.3,15.0,4.0,2025-12-13 09:38:49.740769+00:00
11.4,8.3,81.0,0.0,0.0,242.0,16.7,33.3,1013.6,17.0,3.0,2025-12-13 09:38:49.740769+00:00
11.9,8.0,77.0,0.0,0.0,238.0,16.7,35.2,1013.9,18.0,3.0,2025-12-13 09:38:49.740769+00:00
12.1,7.8,75.0,0.0,0.0,231.0,16.7,33.3,1013.9,17.0,3.0,2025-12-13 09:38:49.740769+00:00
11.8,7.7,76.0,0.0,0.0,222.0,14.8,31.5,1013.9,13.0,3.0,2025-12-13 09:38:49.740769+00:00
11.2,7.5,78.0,0.0,0.0,217.0,14.8,27.8,1014.1,8.0,3.0,2025-12-13 09:38:49.740769+00:00
10.6,7.7,82.0,0.0,0.0,209.0,14.8,25.9,1014.2,0.0,3.0,2025-12-13 09:38:49.740769+00:00
10.5,8.3,86.0,0.0,0.0,208.0,14.8,27.8,1014.3,0.0,3.0,2025-12-13 09:38:49.740769+00:00
10.4,8.5,88.0,0.2,0.0,213.0,14.8,25.9,1014.4,0.0,7.0,2025-12-13 09:38:49.740769+00:00
10.4,8.8,90.0,0.0,0.0,214.0,14.8,25.9,1014.5,0.0,7.0,2025-12-13 09:38:49.740769+00:00
10.3,8.7,90.0,0.0,0.0,217.0,14.8,25.9,1014.7,0.0,7.0,2025-12-13 09:38:49.740769+00:00
10.4,9.0,91.0,0.2,0.0,223.0,14.8,25.9,1014.7,0.0,7.0,2025-12-13 09:38:49.740769+00:00
11.3,10.0,92.0,0.3,0.0,231.0,13.0,24.1,1013.5,0.0,7.0,2025-12-13 09:38:49.740769+00:00
11.3,10.2,93.0,0.4,0.0,231.0,13.0,24.1,1014.1,0.0,7.0,2025-12-13 09:38:49.740769+00:00
11.2,10.4,95.0,0.4,0.0,230.0,13.0,24.1,1014.1,0.0,7.0,2025-12-13 09:38:49.740769+00:00
11.1,10.5,96.0,0.3,0.0,227.0,13.0,24.1,1014.3,0.0,7.0,2025-12-13 09:38:49.740769+00:00
11.0,10.7,98.0,0.2,0.0,228.0,13.0,24.1,1014.5,0.0,7.0,2025-12-13 09:38:49.740769+00:00
11.0,10.7,98.0,0.2,0.0,226.0,13.0,24.1,1014.6,0.0,7.0,2025-12-13 09:38:49.740769+00:00
10.9,10.6,98.0,0.2,0.0,228.0,13.0,24.1,1014.6,0.0,7.0,2025-12-13 09:38:49.740769+00:00
10.9,10.6,98.0,0.2,0.0,228.0,13.0,24.1,1014.6,0.0,7.0,2025-12-13 09:38:49.740769+00:00
10.8,10.3,97.0,0.3,0.0,228.0,13.0,24.1,1014.7,0.0,7.0,2025-12-13 09:38:49.740769+00:00
10.7,10.5,99.0,0.2,0.0,229.0,13.0,24.1,1015.0,0.0,7.0,2025-12-13 09:38:49.740769+00:00
11.0,10.5,97.0,0.1,0.0,230.0,13.0,24.1,1015.3,1.0,7.0,2025-12-13 09:38:49.740769+00:00
11.2,10.7,97.0,0.1,0.0,230.0,13.0,24.1,1015.5,2.0,7.0,2025-12-13 09:38:49.740769+00:00
11.5,10.9,96.0,0.1,0.0,229.0,13.0,24.1,1015.4,2.0,7.0,2025-12-13 09:38:49.740769+00:00
11.9,11.0,94.0,0.0,0.0,227.0,13.0,24.1,1015.1,5.0,7.0,2025-12-13 09:38:49.740769+00:00
12.2,10.8,91.0,0.0,0.0,225.0,13.0,24.1,1014.8,6.0,7.0,2025-12-13 09:38:49.740769+00:00
12.4,10.6,89.0,0.0,0.0,219.0,11.1,22.2,1014.5,7.0,7.0,2025-12-13 09:38:49.740769+00:00
12.3,10.5,89.0,0.0,0.0,208.0,13.0,22.2,1014.3,6.0,7.0,2025-12-13 09:38:49.740769+00:00
12.1,10.3,89.0,0.0,0.0,200.0,13.0,22.2,1014.0,3.0,4.0,2025-12-13 09:38:49.740769+00:00
11.4,10.9,97.0,0.2,0.0,195.0,11.1,18.5,1014.3,0.0,7.0,2025-12-13 09:38:49.740769+00:00
11.4,10.8,96.0,0.1,0.0,191.0,11.1,18.5,1014.0,0.0,7.0,2025-12-13 09:38:49.740769+00:00
11.3,10.7,96.0,0.1,0.0,189.0,11.1,20.4,1013.6,0.0,7.0,2025-12-13 09:38:49.740769+00:00
11.2,10.6,96.0,0.0,0.0,194.0,11.1,20.4,1013.5,0.0,7.0,2025-12-13 09:38:49.740769+00:00
11.1,10.5,96.0,0.0,0.0,195.0,13.0,22.2,1013.4,0.0,7.0,2025-12-13 09:38:49.740769+00:00
11.0,10.2,95.0,0.0,0.0,197.0,13.0,22.2,1013.3,0.0,4.0,2025-12-13 09:38:49.740769+00:00
10.9,10.0,94.0,0.0,0.0,200.0,13.0,22.2,1013.2,0.0,4.0,2025-12-13 09:38:49.740769+00:00
10.8,9.7,93.0,0.0,0.0,203.0,13.0,22.2,1013.2,0.0,4.0,2025-12-13 09:38:49.740769+00:00
10.7,9.5,92.0,0.0,0.0,204.0,13.0,22.2,1013.1,0.0,4.0,2025-12-13 09:38:49.740769+00:00
10.6,9.0,90.0,0.0,0.0,206.0,13.0,22.2,1013.2,0.0,4.0,2025-12-13 09:38:49.740769+00:00
10.3,8.9,91.0,0.0,0.0,209.0,13.0,24.1,1013.2,0.0,4.0,2025-12-13 09:38:49.740769+00:00
10.0,8.4,90.0,0.0,0.0,214.0,14.8,24.1,1013.4,0.0,3.0,2025-12-13 09:38:49.740769+00:00
10.0,8.4,90.0,0.0,0.0,220.0,13.0,24.1,1013.6,0.0,3.0,2025-12-13 09:38:49.740769+00:00
9.9,8.2,89.0,0.0,0.0,224.0,13.0,24.1,1013.9,0.0,3.0,2025-12-13 09:38:49.740769+00:00
9.6,7.7,88.0,0.0,0.0,224.0,13.0,24.1,1014.4,0.0,3.0,2025-12-13 09:38:49.740769+00:00
9.5,7.9,90.0,0.0,0.0,229.0,13.0,24.1,1014.9,0.0,3.0,2025-12-13 09:38:49.740769+00:00
9.8,7.7,87.0,0.0,0.0,230.0,13.0,24.1,1015.4,6.0,3.0,2025-12-13 09:38:49.740769+00:00
10.3,7.9,85.0,0.0,0.0,234.0,13.0,24.1,1015.9,8.0,3.0,2025-12-13 09:38:49.740769+00:00
10.5,7.9,84.0,0.0,0.0,238.0,13.0,24.1,1016.2,7.0,4.0,2025-12-13 09:38:49.740769+00:00
10.8,8.2,84.0,0.0,0.0,239.0,13.0,24.1,1016.6,7.0,4.0,2025-12-13 09:38:49.740769+00:00
11.2,8.4,83.0,0.0,0.0,243.0,13.0,25.9,1016.8,7.0,4.0,2025-12-13 09:38:49.740769+00:00
11.2,8.8,85.0,0.0,0.0,239.0,13.0,25.9,1017.1,6.0,4.0,2025-12-13 09:38:49.740769+00:00
11.2,8.9,86.0,0.0,0.0,241.0,13.0,24.1,1017.5,4.0,4.0,2025-12-13 09:38:49.740769+00:00
11.0,9.1,88.0,0.0,0.0,237.0,13.0,24.1,1018.0,2.0,4.0,2025-12-13 09:38:49.740769+00:00
11.1,9.5,90.0,0.1,0.0,229.0,13.0,22.2,1018.2,0.0,7.0,2025-12-13 09:38:49.740769+00:00
11.1,9.5,90.0,0.1,0.0,230.0,13.0,24.1,1018.5,0.0,7.0,2025-12-13 09:38:49.740769+00:00
11.1,9.7,91.0,0.1,0.0,231.0,13.0,24.1,1018.6,0.0,7.0,2025-12-13 09:38:49.740769+00:00
11.0,9.6,91.0,0.1,0.0,233.0,14.8,25.9,1018.8,0.0,7.0,2025-12-13 09:38:49.740769+00:00
10.9,9.3,90.0,0.1,0.0,234.0,14.8,25.9,1019.0,0.0,7.0,2025-12-13 09:38:49.740769+00:00
10.7,9.1,90.0,0.1,0.0,236.0,14.8,27.8,1019.4,0.0,7.0,2025-12-13 09:38:49.740769+00:00
10.5,9.1,91.0,0.2,0.0,240.0,14.8,27.8,1019.5,0.0,7.0,2025-12-13 09:38:49.740769+00:00
10.4,9.0,91.0,0.0,0.0,244.0,14.8,27.8,1019.7,0.0,4.0,2025-12-13 09:38:49.740769+00:00
10.3,8.9,91.0,0.0,0.0,250.0,14.8,29.6,1020.0,0.0,4.0,2025-12-13 09:38:49.740769+00:00
