start_time,Day-ahead Price (EUR/MWh),ingested_at
2025-01-01 00:00:00+01:00,1.0225,2025-12-13 19:28:13.639528+00:00
2025-01-01 01:00:00+01:00,0.5425,2025-12-13 19:28:13.639528+00:00
2025-01-01 02:00:00+01:00,-0.73875,2025-12-13 19:28:13.639528+00:00
2025-01-01 03:00:00+01:00,-1.305,2025-12-13 19:28:13.639528+00:00
2025-01-01 04:00:00+01:00,-3.255,2025-12-13 19:28:13.639528+00:00
2025-01-01 05:00:00+01:00,-2.7175,2025-12-13 19:28:13.639528+00:00
2025-01-01 06:00:00+01:00,-2.80375,2025-12-13 19:28:13.639528+00:00
2025-01-01 07:00:00+01:00,-1.4425000000000001,2025-12-13 19:28:13.639528+00:00
2025-01-01 08:00:00+01:00,-5.00375,2025-12-13 19:28:13.639528+00:00
2025-01-01 09:00:00+01:00,-4.138749999999999,2025-12-13 19:28:13.639528+00:00
2025-01-01 10:00:00+01:00,-5.36375,2025-12-13 19:28:13.639528+00:00
2025-01-01 11:00:00+01:00,-2.9525,2025-12-13 19:28:13.639528+00:00
2025-01-01 12:00:00+01:00,-2.56625,2025-12-13 19:28:13.639528+00:00
2025-01-01 13:00:00+01:00,-2.3249999999999997,2025-12-13 19:28:13.639528+00:00
2025-01-01 14:00:00+01:00,-2.7600000000000002,2025-12-13 19:28:13.639528+00:00
2025-01-01 15:00:00+01:00,-0.5549999999999997,2025-12-13 19:28:13.639528+00:00
2025-01-01 16:00:00+01:00,-0.2562500000000001,2025-12-13 19:28:13.639528+00:00
2025-01-01 17:00:00+01:00,2.03625,2025-12-13 19:28:13.639528+00:00
2025-01-01 18:00:00+01:00,4.835000000000001,2025-12-13 19:28:13.639528+00:00
2025-01-01 19:00:00+01:00,4.86125,2025-12-13 19:28:13.639528+00:00
2025-01-01 20:00:00+01:00,4.7787500000000005,2025-12-13 19:28:13.639528+00:00
2025-01-01 21:00:00+01:00,1.8375,2025-12-13 19:28:13.639528+00:00
2025-01-01 22:00:00+01:00,6.856249999999999,2025-12-13 19:28:13.639528+00:00
2025-01-01 23:00:00+01:00,4.03625,2025-12-13 19:28:13.639528+00:00
2025-01-02 00:00:00+01:00,5.8999999999999995,2025-12-13 19:28:13.639528+00:00
2025-01-02 01:00:00+01:00,5.231250000000001,2025-12-13 19:28:13.639528+00:00
2025-01-02 02:00:00+01:00,13.02375,2025-12-13 19:28:13.639528+00:00
2025-01-02 03:00:00+01:00,16.36,2025-12-13 19:28:13.639528+00:00
2025-01-02 04:00:00+01:00,17.725,2025-12-13 19:28:13.639528+00:00
2025-01-02 05:00:00+01:00,38.935,2025-12-13 19:28:13.639528+00:00
2025-01-02 06:00:00+01:00,68.51625,2025-12-13 19:28:13.639528+00:00
2025-01-02 07:00:00+01:00,103.45125,2025-12-13 19:28:13.639528+00:00
2025-01-02 08:00:00+01:00,119.815,2025-12-13 19:28:13.639528+00:00
2025-01-02 09:00:00+01:00,126.66499999999999,2025-12-13 19:28:13.639528+00:00
2025-01-02 10:00:00+01:00,123.87625,2025-12-13 19:28:13.639528+00:00
2025-01-02 11:00:00+01:00,121.3725,2025-12-13 19:28:13.639528+00:00
2025-01-02 12:00:00+01:00,117.175,2025-12-13 19:28:13.639528+00:00
2025-01-02 13:00:00+01:00,116.34875,2025-12-13 19:28:13.639528+00:00
2025-01-02 14:00:00+01:00,121.2425,2025-12-13 19:28:13.639528+00:00
2025-01-02 15:00:00+01:00,129.90375,2025-12-13 19:28:13.639528+00:00
2025-01-02 16:00:00+01:00,136.245,2025-12-13 19:28:13.639528+00:00
2025-01-02 17:00:00+01:00,151.915,2025-12-13 19:28:13.639528+00:00
2025-01-02 18:00:00+01:00,151.73125,2025-12-13 19:28:13.639528+00:00
2025-01-02 19:00:00+01:00,139.8825,2025-12-13 19:28:13.639528+00:00
2025-01-02 20:00:00+01:00,129.9925,2025-12-13 19:28:13.639528+00:00
2025-01-02 21:00:00+01:00,116.89,2025-12-13 19:28:13.639528+00:00
2025-01-02 22:00:00+01:00,112.21000000000001,2025-12-13 19:28:13.639528+00:00
2025-01-02 23:00:00+01:00,91.735,2025-12-13 19:28:13.639528+00:00
2025-01-03 00:00:00+01:00,94.1675,2025-12-13 19:28:13.639528+00:00
2025-01-03 01:00:00+01:00,85.5875,2025-12-13 19:28:13.639528+00:00
2025-01-03 02:00:00+01:00,80.525,2025-12-13 19:28:13.639528+00:00
2025-01-03 03:00:00+01:00,77.17125,2025-12-13 19:28:13.639528+00:00
2025-01-03 04:00:00+01:00,73.66875,2025-12-13 19:28:13.639528+00:00
2025-01-03 05:00:00+01:00,77.0325,2025-12-13 19:28:13.639528+00:00
2025-01-03 06:00:00+01:00,82.33,2025-12-13 19:28:13.639528+00:00
2025-01-03 07:00:00+01:00,87.55125000000001,2025-12-13 19:28:13.639528+00:00
2025-01-03 08:00:00+01:00,95.0125,2025-12-13 19:28:13.639528+00:00
2025-01-03 09:00:00+01:00,93.55625,2025-12-13 19:28:13.639528+00:00
2025-01-03 10:00:00+01:00,84.76875,2025-12-13 19:28:13.639528+00:00
2025-01-03 11:00:00+01:00,76.38875,2025-12-13 19:28:13.639528+00:00
2025-01-03 12:00:00+01:00,75.94125,2025-12-13 19:28:13.639528+00:00
2025-01-03 13:00:00+01:00,79.655,2025-12-13 19:28:13.639528+00:00
2025-01-03 14:00:00+01:00,84.56625,2025-12-13 19:28:13.639528+00:00
2025-01-03 15:00:00+01:00,97.14500000000001,2025-12-13 19:28:13.639528+00:00
2025-01-03 16:00:00+01:00,113.78,2025-12-13 19:28:13.639528+00:00
2025-01-03 17:00:00+01:00,126.63374999999999,2025-12-13 19:28:13.639528+00:00
2025-01-03 18:00:00+01:00,126.6725,2025-12-13 19:28:13.639528+00:00
2025-01-03 19:00:00+01:00,121.51625,2025-12-13 19:28:13.639528+00:00
2025-01-03 20:00:00+01:00,117.1625,2025-12-13 19:28:13.639528+00:00
2025-01-03 21:00:00+01:00,109.985,2025-12-13 19:28:13.639528+00:00
2025-01-03 22:00:00+01:00,102.44875,2025-12-13 19:28:13.639528+00:00
2025-01-03 23:00:00+01:00,90.785,2025-12-13 19:28:13.639528+00:00
2025-01-04 00:00:00+01:00,91.74625,2025-12-13 19:28:13.639528+00:00
2025-01-04 01:00:00+01:00,89.84375,2025-12-13 19:28:13.639528+00:00
2025-01-04 02:00:00+01:00,92.045,2025-12-13 19:28:13.639528+00:00
2025-01-04 03:00:00+01:00,94.46,2025-12-13 19:28:13.639528+00:00
2025-01-04 04:00:00+01:00,101.12875,2025-12-13 19:28:13.639528+00:00
2025-01-04 05:00:00+01:00,106.755,2025-12-13 19:28:13.639528+00:00
2025-01-04 06:00:00+01:00,114.475,2025-12-13 19:28:13.639528+00:00
2025-01-04 07:00:00+01:00,124.5475,2025-12-13 19:28:13.639528+00:00
2025-01-04 08:00:00+01:00,132.8225,2025-12-13 19:28:13.639528+00:00
2025-01-04 09:00:00+01:00,133.9375,2025-12-13 19:28:13.639528+00:00
2025-01-04 10:00:00+01:00,132.49625,2025-12-13 19:28:13.639528+00:00
2025-01-04 11:00:00+01:00,127.28375,2025-12-13 19:28:13.639528+00:00
2025-01-04 12:00:00+01:00,126.12375,2025-12-13 19:28:13.639528+00:00
2025-01-04 13:00:00+01:00,126.25,2025-12-13 19:28:13.639528+00:00
2025-01-04 14:00:00+01:00,132.71,2025-12-13 19:28:13.639528+00:00
2025-01-04 15:00:00+01:00,138.86,2025-12-13 19:28:13.639528+00:00
2025-01-04 16:00:00+01:00,143.095,2025-12-13 19:28:13.639528+00:00
2025-01-04 17:00:00+01:00,152.9575,2025-12-13 19:28:13.639528+00:00
2025-01-04 18:00:00+01:00,147.0,2025-12-13 19:28:13.639528+00:00
2025-01-04 19:00:00+01:00,139.52375,2025-12-13 19:28:13.639528+00:00
2025-01-04 20:00:00+01:00,131.24625,2025-12-13 19:28:13.639528+00:00
2025-01-04 21:00:00+01:00,124.41499999999999,2025-12-13 19:28:13.639528+00:00
2025-01-04 22:00:00+01:00,119.845,2025-12-13 19:28:13.639528+00:00
2025-01-04 23:00:00+01:00,109.255,2025-12-13 19:28:13.639528+00:00
2025-01-05 00:00:00+01:00,106.42,2025-12-13 19:28:13.639528+00:00
2025-01-05 01:00:00+01:00,97.16624999999999,2025-12-13 19:28:13.639528+00:00
2025-01-05 02:00:00+01:00,93.92625,2025-12-13 19:28:13.639528+00:00
2025-01-05 03:00:00+01:00,92.72500000000001,2025-12-13 19:28:13.639528+00:00
2025-01-05 04:00:00+01:00,88.5775,2025-12-13 19:28:13.639528+00:00
2025-01-05 05:00:00+01:00,82.7725,2025-12-13 19:28:13.639528+00:00
2025-01-05 06:00:00+01:00,76.10125000000001,2025-12-13 19:28:13.639528+00:00
2025-01-05 07:00:00+01:00,82.12125,2025-12-13 19:28:13.639528+00:00
2025-01-05 08:00:00+01:00,87.02375,2025-12-13 19:28:13.639528+00:00
2025-01-05 09:00:00+01:00,89.57625,2025-12-13 19:28:13.639528+00:00
2025-01-05 10:00:00+01:00,89.43625,2025-12-13 19:28:13.639528+00:00
2025-01-05 11:00:00+01:00,93.03875,2025-12-13 19:28:13.639528+00:00
2025-01-05 12:00:00+01:00,89.625,2025-12-13 19:28:13.639528+00:00
2025-01-05 13:00:00+01:00,86.69125,2025-12-13 19:28:13.639528+00:00
2025-01-05 14:00:00+01:00,67.00125,2025-12-13 19:28:13.639528+00:00
2025-01-05 15:00:00+01:00,58.32,2025-12-13 19:28:13.639528+00:00
2025-01-05 16:00:00+01:00,56.856249999999996,2025-12-13 19:28:13.639528+00:00
2025-01-05 17:00:00+01:00,64.14999999999999,2025-12-13 19:28:13.639528+00:00
2025-01-05 18:00:00+01:00,65.02499999999999,2025-12-13 19:28:13.639528+00:00
2025-01-05 19:00:00+01:00,56.14,2025-12-13 19:28:13.639528+00:00
2025-01-05 20:00:00+01:00,45.7875,2025-12-13 19:28:13.639528+00:00
2025-01-05 21:00:00+01:00,41.7625,2025-12-13 19:28:13.639528+00:00
2025-01-05 22:00:00+01:00,36.085,2025-12-13 19:28:13.639528+00:00
2025-01-05 23:00:00+01:00,20.51125,2025-12-13 19:28:13.639528+00:00
2025-01-06 00:00:00+01:00,17.195,2025-12-13 19:28:13.639528+00:00
2025-01-06 01:00:00+01:00,11.603750000000002,2025-12-13 19:28:13.639528+00:00
2025-01-06 02:00:00+01:00,7.5775,2025-12-13 19:28:13.639528+00:00
2025-01-06 03:00:00+01:00,6.47,2025-12-13 19:28:13.639528+00:00
2025-01-06 04:00:00+01:00,7.5925,2025-12-13 19:28:13.639528+00:00
2025-01-06 05:00:00+01:00,11.9225,2025-12-13 19:28:13.639528+00:00
2025-01-06 06:00:00+01:00,20.53875,2025-12-13 19:28:13.639528+00:00
2025-01-06 07:00:00+01:00,38.86,2025-12-13 19:28:13.639528+00:00
2025-01-06 08:00:00+01:00,45.18625,2025-12-13 19:28:13.639528+00:00
2025-01-06 09:00:00+01:00,43.275,2025-12-13 19:28:13.639528+00:00
2025-01-06 10:00:00+01:00,42.92125,2025-12-13 19:28:13.639528+00:00
2025-01-06 11:00:00+01:00,38.375,2025-12-13 19:28:13.639528+00:00
2025-01-06 12:00:00+01:00,33.38375,2025-12-13 19:28:13.639528+00:00
2025-01-06 13:00:00+01:00,31.3,2025-12-13 19:28:13.639528+00:00
2025-01-06 14:00:00+01:00,30.99125,2025-12-13 19:28:13.639528+00:00
2025-01-06 15:00:00+01:00,36.0725,2025-12-13 19:28:13.639528+00:00
2025-01-06 16:00:00+01:00,41.43375,2025-12-13 19:28:13.639528+00:00
2025-01-06 17:00:00+01:00,48.83,2025-12-13 19:28:13.639528+00:00
2025-01-06 18:00:00+01:00,45.81,2025-12-13 19:28:13.639528+00:00
2025-01-06 19:00:00+01:00,38.36125,2025-12-13 19:28:13.639528+00:00
2025-01-06 20:00:00+01:00,41.915,2025-12-13 19:28:13.639528+00:00
2025-01-06 21:00:00+01:00,30.021250000000002,2025-12-13 19:28:13.639528+00:00
2025-01-06 22:00:00+01:00,39.22,2025-12-13 19:28:13.639528+00:00
2025-01-06 23:00:00+01:00,25.091250000000002,2025-12-13 19:28:13.639528+00:00
2025-01-07 00:00:00+01:00,17.71375,2025-12-13 19:28:13.639528+00:00
2025-01-07 01:00:00+01:00,9.76,2025-12-13 19:28:13.639528+00:00
2025-01-07 02:00:00+01:00,9.4725,2025-12-13 19:28:13.639528+00:00
2025-01-07 03:00:00+01:00,7.8625,2025-12-13 19:28:13.639528+00:00
2025-01-07 04:00:00+01:00,8.3025,2025-12-13 19:28:13.639528+00:00
2025-01-07 05:00:00+01:00,13.05,2025-12-13 19:28:13.639528+00:00
2025-01-07 06:00:00+01:00,49.271249999999995,2025-12-13 19:28:13.639528+00:00
2025-01-07 07:00:00+01:00,77.24375,2025-12-13 19:28:13.639528+00:00
2025-01-07 08:00:00+01:00,86.33375,2025-12-13 19:28:13.639528+00:00
2025-01-07 09:00:00+01:00,81.26875,2025-12-13 19:28:13.639528+00:00
2025-01-07 10:00:00+01:00,73.67875000000001,2025-12-13 19:28:13.639528+00:00
2025-01-07 11:00:00+01:00,63.412499999999994,2025-12-13 19:28:13.639528+00:00
2025-01-07 12:00:00+01:00,59.64375,2025-12-13 19:28:13.639528+00:00
2025-01-07 13:00:00+01:00,61.073750000000004,2025-12-13 19:28:13.639528+00:00
2025-01-07 14:00:00+01:00,69.38125,2025-12-13 19:28:13.639528+00:00
2025-01-07 15:00:00+01:00,79.33500000000001,2025-12-13 19:28:13.639528+00:00
2025-01-07 16:00:00+01:00,86.38875,2025-12-13 19:28:13.639528+00:00
2025-01-07 17:00:00+01:00,97.93625,2025-12-13 19:28:13.639528+00:00
2025-01-07 18:00:00+01:00,99.645,2025-12-13 19:28:13.639528+00:00
2025-01-07 19:00:00+01:00,89.91,2025-12-13 19:28:13.639528+00:00
2025-01-07 20:00:00+01:00,82.23625,2025-12-13 19:28:13.639528+00:00
2025-01-07 21:00:00+01:00,71.39750000000001,2025-12-13 19:28:13.639528+00:00
2025-01-07 22:00:00+01:00,67.34625,2025-12-13 19:28:13.639528+00:00
2025-01-07 23:00:00+01:00,45.817499999999995,2025-12-13 19:28:13.639528+00:00
2025-01-08 00:00:00+01:00,59.473749999999995,2025-12-13 19:28:13.639528+00:00
2025-01-08 01:00:00+01:00,56.225,2025-12-13 19:28:13.639528+00:00
2025-01-08 02:00:00+01:00,52.6575,2025-12-13 19:28:13.639528+00:00
2025-01-08 03:00:00+01:00,51.28,2025-12-13 19:28:13.639528+00:00
2025-01-08 04:00:00+01:00,58.56125,2025-12-13 19:28:13.639528+00:00
2025-01-08 05:00:00+01:00,68.46625,2025-12-13 19:28:13.639528+00:00
2025-01-08 06:00:00+01:00,81.77125000000001,2025-12-13 19:28:13.639528+00:00
2025-01-08 07:00:00+01:00,104.66625,2025-12-13 19:28:13.639528+00:00
2025-01-08 08:00:00+01:00,123.8875,2025-12-13 19:28:13.639528+00:00
2025-01-08 09:00:00+01:00,113.23500000000001,2025-12-13 19:28:13.639528+00:00
2025-01-08 10:00:00+01:00,104.48625,2025-12-13 19:28:13.639528+00:00
2025-01-08 11:00:00+01:00,104.72125,2025-12-13 19:28:13.639528+00:00
2025-01-08 12:00:00+01:00,99.12875,2025-12-13 19:28:13.639528+00:00
2025-01-08 13:00:00+01:00,103.67625000000001,2025-12-13 19:28:13.639528+00:00
2025-01-08 14:00:00+01:00,113.7225,2025-12-13 19:28:13.639528+00:00
2025-01-08 15:00:00+01:00,131.89375,2025-12-13 19:28:13.639528+00:00
2025-01-08 16:00:00+01:00,139.39,2025-12-13 19:28:13.639528+00:00
2025-01-08 17:00:00+01:00,153.32125000000002,2025-12-13 19:28:13.639528+00:00
2025-01-08 18:00:00+01:00,150.6575,2025-12-13 19:28:13.639528+00:00
2025-01-08 19:00:00+01:00,144.3275,2025-12-13 19:28:13.639528+00:00
2025-01-08 20:00:00+01:00,138.1525,2025-12-13 19:28:13.639528+00:00
2025-01-08 21:00:00+01:00,126.26625,2025-12-13 19:28:13.639528+00:00
2025-01-08 22:00:00+01:00,115.86,2025-12-13 19:28:13.639528+00:00
2025-01-08 23:00:00+01:00,106.52000000000001,2025-12-13 19:28:13.639528+00:00
2025-01-09 00:00:00+01:00,103.365,2025-12-13 19:28:13.639528+00:00
2025-01-09 01:00:00+01:00,101.20125,2025-12-13 19:28:13.639528+00:00
2025-01-09 02:00:00+01:00,98.53375,2025-12-13 19:28:13.639528+00:00
2025-01-09 03:00:00+01:00,97.145,2025-12-13 19:28:13.639528+00:00
2025-01-09 04:00:00+01:00,100.37125,2025-12-13 19:28:13.639528+00:00
2025-01-09 05:00:00+01:00,107.51125,2025-12-13 19:28:13.639528+00:00
2025-01-09 06:00:00+01:00,134.62,2025-12-13 19:28:13.639528+00:00
2025-01-09 07:00:00+01:00,153.44,2025-12-13 19:28:13.639528+00:00
2025-01-09 08:00:00+01:00,169.23624999999998,2025-12-13 19:28:13.639528+00:00
2025-01-09 09:00:00+01:00,161.63375,2025-12-13 19:28:13.639528+00:00
2025-01-09 10:00:00+01:00,150.35999999999999,2025-12-13 19:28:13.639528+00:00
2025-01-09 11:00:00+01:00,143.50375,2025-12-13 19:28:13.639528+00:00
2025-01-09 12:00:00+01:00,135.85125,2025-12-13 19:28:13.639528+00:00
2025-01-09 13:00:00+01:00,130.40625,2025-12-13 19:28:13.639528+00:00
2025-01-09 14:00:00+01:00,128.57875,2025-12-13 19:28:13.639528+00:00
2025-01-09 15:00:00+01:00,128.93375,2025-12-13 19:28:13.639528+00:00
2025-01-09 16:00:00+01:00,126.86625,2025-12-13 19:28:13.639528+00:00
2025-01-09 17:00:00+01:00,134.635,2025-12-13 19:28:13.639528+00:00
2025-01-09 18:00:00+01:00,133.175,2025-12-13 19:28:13.639528+00:00
2025-01-09 19:00:00+01:00,122.52,2025-12-13 19:28:13.639528+00:00
2025-01-09 20:00:00+01:00,118.275,2025-12-13 19:28:13.639528+00:00
2025-01-09 21:00:00+01:00,105.7725,2025-12-13 19:28:13.639528+00:00
2025-01-09 22:00:00+01:00,96.6075,2025-12-13 19:28:13.639528+00:00
2025-01-09 23:00:00+01:00,83.245,2025-12-13 19:28:13.639528+00:00
2025-01-10 00:00:00+01:00,84.64125,2025-12-13 19:28:13.639528+00:00
2025-01-10 01:00:00+01:00,79.89625000000001,2025-12-13 19:28:13.639528+00:00
2025-01-10 02:00:00+01:00,73.61375000000001,2025-12-13 19:28:13.639528+00:00
2025-01-10 03:00:00+01:00,70.5025,2025-12-13 19:28:13.639528+00:00
2025-01-10 04:00:00+01:00,72.99375,2025-12-13 19:28:13.639528+00:00
2025-01-10 05:00:00+01:00,83.4375,2025-12-13 19:28:13.639528+00:00
2025-01-10 06:00:00+01:00,95.33,2025-12-13 19:28:13.639528+00:00
2025-01-10 07:00:00+01:00,119.84125,2025-12-13 19:28:13.639528+00:00
2025-01-10 08:00:00+01:00,137.17,2025-12-13 19:28:13.639528+00:00
2025-01-10 09:00:00+01:00,135.07125,2025-12-13 19:28:13.639528+00:00
2025-01-10 10:00:00+01:00,122.7375,2025-12-13 19:28:13.639528+00:00
2025-01-10 11:00:00+01:00,112.29625,2025-12-13 19:28:13.639528+00:00
2025-01-10 12:00:00+01:00,109.21625,2025-12-13 19:28:13.639528+00:00
2025-01-10 13:00:00+01:00,106.7675,2025-12-13 19:28:13.639528+00:00
2025-01-10 14:00:00+01:00,111.405,2025-12-13 19:28:13.639528+00:00
2025-01-10 15:00:00+01:00,127.23875,2025-12-13 19:28:13.639528+00:00
2025-01-10 16:00:00+01:00,136.08625,2025-12-13 19:28:13.639528+00:00
2025-01-10 17:00:00+01:00,145.68125,2025-12-13 19:28:13.639528+00:00
2025-01-10 18:00:00+01:00,146.25,2025-12-13 19:28:13.639528+00:00
2025-01-10 19:00:00+01:00,141.47625,2025-12-13 19:28:13.639528+00:00
2025-01-10 20:00:00+01:00,132.66375,2025-12-13 19:28:13.639528+00:00
2025-01-10 21:00:00+01:00,120.855,2025-12-13 19:28:13.639528+00:00
2025-01-10 22:00:00+01:00,118.64625,2025-12-13 19:28:13.639528+00:00
2025-01-10 23:00:00+01:00,109.46249999999999,2025-12-13 19:28:13.639528+00:00
2025-01-11 00:00:00+01:00,106.82,2025-12-13 19:28:13.639528+00:00
2025-01-11 01:00:00+01:00,99.815,2025-12-13 19:28:13.639528+00:00
2025-01-11 02:00:00+01:00,97.55499999999999,2025-12-13 19:28:13.639528+00:00
2025-01-11 03:00:00+01:00,92.5375,2025-12-13 19:28:13.639528+00:00
2025-01-11 04:00:00+01:00,90.72375,2025-12-13 19:28:13.639528+00:00
2025-01-11 05:00:00+01:00,91.25,2025-12-13 19:28:13.639528+00:00
2025-01-11 06:00:00+01:00,91.8425,2025-12-13 19:28:13.639528+00:00
2025-01-11 07:00:00+01:00,100.81125,2025-12-13 19:28:13.639528+00:00
2025-01-11 08:00:00+01:00,112.13375,2025-12-13 19:28:13.639528+00:00
2025-01-11 09:00:00+01:00,110.35,2025-12-13 19:28:13.639528+00:00
2025-01-11 10:00:00+01:00,106.26625,2025-12-13 19:28:13.639528+00:00
2025-01-11 11:00:00+01:00,100.8675,2025-12-13 19:28:13.639528+00:00
2025-01-11 12:00:00+01:00,97.41,2025-12-13 19:28:13.639528+00:00
2025-01-11 13:00:00+01:00,93.775,2025-12-13 19:28:13.639528+00:00
2025-01-11 14:00:00+01:00,94.70125,2025-12-13 19:28:13.639528+00:00
2025-01-11 15:00:00+01:00,105.49125000000001,2025-12-13 19:28:13.639528+00:00
2025-01-11 16:00:00+01:00,114.06,2025-12-13 19:28:13.639528+00:00
2025-01-11 17:00:00+01:00,120.825,2025-12-13 19:28:13.639528+00:00
2025-01-11 18:00:00+01:00,124.695,2025-12-13 19:28:13.639528+00:00
2025-01-11 19:00:00+01:00,118.42625,2025-12-13 19:28:13.639528+00:00
2025-01-11 20:00:00+01:00,112.14625,2025-12-13 19:28:13.639528+00:00
2025-01-11 21:00:00+01:00,105.1675,2025-12-13 19:28:13.639528+00:00
2025-01-11 22:00:00+01:00,104.58624999999999,2025-12-13 19:28:13.639528+00:00
2025-01-11 23:00:00+01:00,102.92,2025-12-13 19:28:13.639528+00:00
2025-01-12 00:00:00+01:00,91.49125,2025-12-13 19:28:13.639528+00:00
2025-01-12 01:00:00+01:00,90.0575,2025-12-13 19:28:13.639528+00:00
2025-01-12 02:00:00+01:00,90.40375,2025-12-13 19:28:13.639528+00:00
2025-01-12 03:00:00+01:00,88.87375,2025-12-13 19:28:13.639528+00:00
2025-01-12 04:00:00+01:00,89.06375,2025-12-13 19:28:13.639528+00:00
2025-01-12 05:00:00+01:00,89.34,2025-12-13 19:28:13.639528+00:00
2025-01-12 06:00:00+01:00,89.955,2025-12-13 19:28:13.639528+00:00
2025-01-12 07:00:00+01:00,100.875,2025-12-13 19:28:13.639528+00:00
2025-01-12 08:00:00+01:00,111.635,2025-12-13 19:28:13.639528+00:00
2025-01-12 09:00:00+01:00,117.86749999999999,2025-12-13 19:28:13.639528+00:00
2025-01-12 10:00:00+01:00,117.13374999999999,2025-12-13 19:28:13.639528+00:00
2025-01-12 11:00:00+01:00,109.405,2025-12-13 19:28:13.639528+00:00
2025-01-12 12:00:00+01:00,107.2575,2025-12-13 19:28:13.639528+00:00
2025-01-12 13:00:00+01:00,105.18,2025-12-13 19:28:13.639528+00:00
2025-01-12 14:00:00+01:00,108.41999999999999,2025-12-13 19:28:13.639528+00:00
2025-01-12 15:00:00+01:00,120.0,2025-12-13 19:28:13.639528+00:00
2025-01-12 16:00:00+01:00,131.26,2025-12-13 19:28:13.639528+00:00
2025-01-12 17:00:00+01:00,140.4,2025-12-13 19:28:13.639528+00:00
2025-01-12 18:00:00+01:00,144.17125,2025-12-13 19:28:13.639528+00:00
2025-01-12 19:00:00+01:00,141.20499999999998,2025-12-13 19:28:13.639528+00:00
2025-01-12 20:00:00+01:00,133.5475,2025-12-13 19:28:13.639528+00:00
2025-01-12 21:00:00+01:00,127.15375,2025-12-13 19:28:13.639528+00:00
2025-01-12 22:00:00+01:00,121.985,2025-12-13 19:28:13.639528+00:00
2025-01-12 23:00:00+01:00,113.40125,2025-12-13 19:28:13.639528+00:00
2025-01-13 00:00:00+01:00,109.245,2025-12-13 19:28:13.639528+00:00
2025-01-13 01:00:00+01:00,103.91,2025-12-13 19:28:13.639528+00:00
2025-01-13 02:00:00+01:00,103.41749999999999,2025-12-13 19:28:13.639528+00:00
2025-01-13 03:00:00+01:00,100.66,2025-12-13 19:28:13.639528+00:00
2025-01-13 04:00:00+01:00,100.85249999999999,2025-12-13 19:28:13.639528+00:00
2025-01-13 05:00:00+01:00,109.7175,2025-12-13 19:28:13.639528+00:00
2025-01-13 06:00:00+01:00,134.94125,2025-12-13 19:28:13.639528+00:00
2025-01-13 07:00:00+01:00,165.52249999999998,2025-12-13 19:28:13.639528+00:00
2025-01-13 08:00:00+01:00,193.0575,2025-12-13 19:28:13.639528+00:00
2025-01-13 09:00:00+01:00,165.39375,2025-12-13 19:28:13.639528+00:00
2025-01-13 10:00:00+01:00,139.89625,2025-12-13 19:28:13.639528+00:00
2025-01-13 11:00:00+01:00,122.01375,2025-12-13 19:28:13.639528+00:00
2025-01-13 12:00:00+01:00,111.44875,2025-12-13 19:28:13.639528+00:00
2025-01-13 13:00:00+01:00,110.22125,2025-12-13 19:28:13.639528+00:00
2025-01-13 14:00:00+01:00,114.5475,2025-12-13 19:28:13.639528+00:00
2025-01-13 15:00:00+01:00,135.325,2025-12-13 19:28:13.639528+00:00
2025-01-13 16:00:00+01:00,140.81125,2025-12-13 19:28:13.639528+00:00
2025-01-13 17:00:00+01:00,151.34125,2025-12-13 19:28:13.639528+00:00
2025-01-13 18:00:00+01:00,148.1975,2025-12-13 19:28:13.639528+00:00
2025-01-13 19:00:00+01:00,138.45125,2025-12-13 19:28:13.639528+00:00
2025-01-13 20:00:00+01:00,126.69125,2025-12-13 19:28:13.639528+00:00
2025-01-13 21:00:00+01:00,118.1725,2025-12-13 19:28:13.639528+00:00
2025-01-13 22:00:00+01:00,114.08624999999999,2025-12-13 19:28:13.639528+00:00
2025-01-13 23:00:00+01:00,100.07875,2025-12-13 19:28:13.639528+00:00
2025-01-14 00:00:00+01:00,107.91375,2025-12-13 19:28:13.639528+00:00
2025-01-14 01:00:00+01:00,104.13625,2025-12-13 19:28:13.639528+00:00
2025-01-14 02:00:00+01:00,99.32875,2025-12-13 19:28:13.639528+00:00
2025-01-14 03:00:00+01:00,98.0,2025-12-13 19:28:13.639528+00:00
2025-01-14 04:00:00+01:00,100.46124999999999,2025-12-13 19:28:13.639528+00:00
2025-01-14 05:00:00+01:00,109.195,2025-12-13 19:28:13.639528+00:00
2025-01-14 06:00:00+01:00,126.29750000000001,2025-12-13 19:28:13.639528+00:00
2025-01-14 07:00:00+01:00,153.86125,2025-12-13 19:28:13.639528+00:00
2025-01-14 08:00:00+01:00,170.6525,2025-12-13 19:28:13.639528+00:00
2025-01-14 09:00:00+01:00,148.06875,2025-12-13 19:28:13.639528+00:00
2025-01-14 10:00:00+01:00,121.76125,2025-12-13 19:28:13.639528+00:00
2025-01-14 11:00:00+01:00,113.68,2025-12-13 19:28:13.639528+00:00
2025-01-14 12:00:00+01:00,106.36625,2025-12-13 19:28:13.639528+00:00
2025-01-14 13:00:00+01:00,110.405,2025-12-13 19:28:13.639528+00:00
2025-01-14 14:00:00+01:00,116.79875,2025-12-13 19:28:13.639528+00:00
2025-01-14 15:00:00+01:00,129.87625,2025-12-13 19:28:13.639528+00:00
2025-01-14 16:00:00+01:00,142.8275,2025-12-13 19:28:13.639528+00:00
2025-01-14 17:00:00+01:00,163.32375000000002,2025-12-13 19:28:13.639528+00:00
2025-01-14 18:00:00+01:00,159.6125,2025-12-13 19:28:13.639528+00:00
2025-01-14 19:00:00+01:00,151.32125,2025-12-13 19:28:13.639528+00:00
2025-01-14 20:00:00+01:00,139.26250000000002,2025-12-13 19:28:13.639528+00:00
2025-01-14 21:00:00+01:00,122.1675,2025-12-13 19:28:13.639528+00:00
2025-01-14 22:00:00+01:00,121.09,2025-12-13 19:28:13.639528+00:00
2025-01-14 23:00:00+01:00,120.89125,2025-12-13 19:28:13.639528+00:00
2025-01-15 00:00:00+01:00,108.68625,2025-12-13 19:28:13.639528+00:00
2025-01-15 01:00:00+01:00,108.60125,2025-12-13 19:28:13.639528+00:00
2025-01-15 02:00:00+01:00,108.98,2025-12-13 19:28:13.639528+00:00
2025-01-15 03:00:00+01:00,108.8525,2025-12-13 19:28:13.639528+00:00
2025-01-15 04:00:00+01:00,109.465,2025-12-13 19:28:13.639528+00:00
2025-01-15 05:00:00+01:00,115.25750000000001,2025-12-13 19:28:13.639528+00:00
2025-01-15 06:00:00+01:00,149.2675,2025-12-13 19:28:13.639528+00:00
2025-01-15 07:00:00+01:00,207.825,2025-12-13 19:28:13.639528+00:00
2025-01-15 08:00:00+01:00,286.56875,2025-12-13 19:28:13.639528+00:00
2025-01-15 09:00:00+01:00,301.115,2025-12-13 19:28:13.639528+00:00
2025-01-15 10:00:00+01:00,300.0525,2025-12-13 19:28:13.639528+00:00
2025-01-15 11:00:00+01:00,302.40250000000003,2025-12-13 19:28:13.639528+00:00
2025-01-15 12:00:00+01:00,300.225,2025-12-13 19:28:13.639528+00:00
2025-01-15 13:00:00+01:00,299.33375,2025-12-13 19:28:13.639528+00:00
2025-01-15 14:00:00+01:00,296.2,2025-12-13 19:28:13.639528+00:00
2025-01-15 15:00:00+01:00,325.23625000000004,2025-12-13 19:28:13.639528+00:00
2025-01-15 16:00:00+01:00,338.3925,2025-12-13 19:28:13.639528+00:00
2025-01-15 17:00:00+01:00,396.43875,2025-12-13 19:28:13.639528+00:00
2025-01-15 18:00:00+01:00,339.475,2025-12-13 19:28:13.639528+00:00
2025-01-15 19:00:00+01:00,289.485,2025-12-13 19:28:13.639528+00:00
2025-01-15 20:00:00+01:00,205.53125,2025-12-13 19:28:13.639528+00:00
2025-01-15 21:00:00+01:00,162.965,2025-12-13 19:28:13.639528+00:00
2025-01-15 22:00:00+01:00,143.63625,2025-12-13 19:28:13.639528+00:00
2025-01-15 23:00:00+01:00,130.99125,2025-12-13 19:28:13.639528+00:00
2025-01-16 00:00:00+01:00,126.59,2025-12-13 19:28:13.639528+00:00
2025-01-16 01:00:00+01:00,119.49000000000001,2025-12-13 19:28:13.639528+00:00
2025-01-16 02:00:00+01:00,117.16875,2025-12-13 19:28:13.639528+00:00
2025-01-16 03:00:00+01:00,114.515,2025-12-13 19:28:13.639528+00:00
2025-01-16 04:00:00+01:00,116.9775,2025-12-13 19:28:13.639528+00:00
2025-01-16 05:00:00+01:00,122.6475,2025-12-13 19:28:13.639528+00:00
2025-01-16 06:00:00+01:00,143.5,2025-12-13 19:28:13.639528+00:00
2025-01-16 07:00:00+01:00,180.73125,2025-12-13 19:28:13.639528+00:00
2025-01-16 08:00:00+01:00,204.56625,2025-12-13 19:28:13.639528+00:00
2025-01-16 09:00:00+01:00,183.545,2025-12-13 19:28:13.639528+00:00
2025-01-16 10:00:00+01:00,162.875,2025-12-13 19:28:13.639528+00:00
2025-01-16 11:00:00+01:00,144.29375,2025-12-13 19:28:13.639528+00:00
2025-01-16 12:00:00+01:00,134.6675,2025-12-13 19:28:13.639528+00:00
2025-01-16 13:00:00+01:00,134.85125,2025-12-13 19:28:13.639528+00:00
2025-01-16 14:00:00+01:00,146.2,2025-12-13 19:28:13.639528+00:00
2025-01-16 15:00:00+01:00,171.42624999999998,2025-12-13 19:28:13.639528+00:00
2025-01-16 16:00:00+01:00,188.35125,2025-12-13 19:28:13.639528+00:00
2025-01-16 17:00:00+01:00,207.50625,2025-12-13 19:28:13.639528+00:00
2025-01-16 18:00:00+01:00,199.405,2025-12-13 19:28:13.639528+00:00
2025-01-16 19:00:00+01:00,186.92375,2025-12-13 19:28:13.639528+00:00
2025-01-16 20:00:00+01:00,163.30875,2025-12-13 19:28:13.639528+00:00
2025-01-16 21:00:00+01:00,141.12375,2025-12-13 19:28:13.639528+00:00
2025-01-16 22:00:00+01:00,134.64625,2025-12-13 19:28:13.639528+00:00
2025-01-16 23:00:00+01:00,123.225,2025-12-13 19:28:13.639528+00:00
2025-01-17 00:00:00+01:00,118.48625,2025-12-13 19:28:13.639528+00:00
2025-01-17 01:00:00+01:00,116.1975,2025-12-13 19:28:13.639528+00:00
2025-01-17 02:00:00+01:00,114.06,2025-12-13 19:28:13.639528+00:00
2025-01-17 03:00:00+01:00,112.55625,2025-12-13 19:28:13.639528+00:00
2025-01-17 04:00:00+01:00,114.37625,2025-12-13 19:28:13.639528+00:00
2025-01-17 05:00:00+01:00,121.42875,2025-12-13 19:28:13.639528+00:00
2025-01-17 06:00:00+01:00,142.94125,2025-12-13 19:28:13.639528+00:00
2025-01-17 07:00:00+01:00,178.08125,2025-12-13 19:28:13.639528+00:00
2025-01-17 08:00:00+01:00,208.09625,2025-12-13 19:28:13.639528+00:00
2025-01-17 09:00:00+01:00,178.5325,2025-12-13 19:28:13.639528+00:00
2025-01-17 10:00:00+01:00,155.99875,2025-12-13 19:28:13.639528+00:00
2025-01-17 11:00:00+01:00,141.45499999999998,2025-12-13 19:28:13.639528+00:00
2025-01-17 12:00:00+01:00,129.43,2025-12-13 19:28:13.639528+00:00
2025-01-17 13:00:00+01:00,126.29125,2025-12-13 19:28:13.639528+00:00
2025-01-17 14:00:00+01:00,133.81625,2025-12-13 19:28:13.639528+00:00
2025-01-17 15:00:00+01:00,151.02,2025-12-13 19:28:13.639528+00:00
2025-01-17 16:00:00+01:00,173.3325,2025-12-13 19:28:13.639528+00:00
2025-01-17 17:00:00+01:00,183.09375,2025-12-13 19:28:13.639528+00:00
2025-01-17 18:00:00+01:00,185.96375,2025-12-13 19:28:13.639528+00:00
2025-01-17 19:00:00+01:00,178.365,2025-12-13 19:28:13.639528+00:00
2025-01-17 20:00:00+01:00,157.09125,2025-12-13 19:28:13.639528+00:00
2025-01-17 21:00:00+01:00,145.4,2025-12-13 19:28:13.639528+00:00
2025-01-17 22:00:00+01:00,138.98375,2025-12-13 19:28:13.639528+00:00
2025-01-17 23:00:00+01:00,128.5225,2025-12-13 19:28:13.639528+00:00
2025-01-18 00:00:00+01:00,125.6975,2025-12-13 19:28:13.639528+00:00
2025-01-18 01:00:00+01:00,121.02374999999999,2025-12-13 19:28:13.639528+00:00
2025-01-18 02:00:00+01:00,120.39875,2025-12-13 19:28:13.639528+00:00
2025-01-18 03:00:00+01:00,118.77625,2025-12-13 19:28:13.639528+00:00
2025-01-18 04:00:00+01:00,117.33125,2025-12-13 19:28:13.639528+00:00
2025-01-18 05:00:00+01:00,118.9725,2025-12-13 19:28:13.639528+00:00
2025-01-18 06:00:00+01:00,121.26875,2025-12-13 19:28:13.639528+00:00
2025-01-18 07:00:00+01:00,134.77125,2025-12-13 19:28:13.639528+00:00
2025-01-18 08:00:00+01:00,145.8275,2025-12-13 19:28:13.639528+00:00
2025-01-18 09:00:00+01:00,144.3,2025-12-13 19:28:13.639528+00:00
2025-01-18 10:00:00+01:00,135.87625,2025-12-13 19:28:13.639528+00:00
2025-01-18 11:00:00+01:00,122.50875,2025-12-13 19:28:13.639528+00:00
2025-01-18 12:00:00+01:00,119.74125000000001,2025-12-13 19:28:13.639528+00:00
2025-01-18 13:00:00+01:00,116.3925,2025-12-13 19:28:13.639528+00:00
2025-01-18 14:00:00+01:00,119.70499999999998,2025-12-13 19:28:13.639528+00:00
2025-01-18 15:00:00+01:00,133.15125,2025-12-13 19:28:13.639528+00:00
2025-01-18 16:00:00+01:00,149.57750000000001,2025-12-13 19:28:13.639528+00:00
2025-01-18 17:00:00+01:00,161.0,2025-12-13 19:28:13.639528+00:00
2025-01-18 18:00:00+01:00,168.66125,2025-12-13 19:28:13.639528+00:00
2025-01-18 19:00:00+01:00,165.93125,2025-12-13 19:28:13.639528+00:00
2025-01-18 20:00:00+01:00,152.20125000000002,2025-12-13 19:28:13.639528+00:00
2025-01-18 21:00:00+01:00,141.30875,2025-12-13 19:28:13.639528+00:00
2025-01-18 22:00:00+01:00,134.20250000000001,2025-12-13 19:28:13.639528+00:00
2025-01-18 23:00:00+01:00,126.9075,2025-12-13 19:28:13.639528+00:00
2025-01-19 00:00:00+01:00,127.49999999999999,2025-12-13 19:28:13.639528+00:00
2025-01-19 01:00:00+01:00,123.445,2025-12-13 19:28:13.639528+00:00
2025-01-19 02:00:00+01:00,121.525,2025-12-13 19:28:13.639528+00:00
2025-01-19 03:00:00+01:00,119.16125,2025-12-13 19:28:13.639528+00:00
2025-01-19 04:00:00+01:00,118.25375,2025-12-13 19:28:13.639528+00:00
2025-01-19 05:00:00+01:00,119.14125,2025-12-13 19:28:13.639528+00:00
2025-01-19 06:00:00+01:00,121.50999999999999,2025-12-13 19:28:13.639528+00:00
2025-01-19 07:00:00+01:00,125.99000000000001,2025-12-13 19:28:13.639528+00:00
2025-01-19 08:00:00+01:00,129.82375,2025-12-13 19:28:13.639528+00:00
2025-01-19 09:00:00+01:00,128.47875,2025-12-13 19:28:13.639528+00:00
2025-01-19 10:00:00+01:00,122.1575,2025-12-13 19:28:13.639528+00:00
2025-01-19 11:00:00+01:00,115.32375,2025-12-13 19:28:13.639528+00:00
2025-01-19 12:00:00+01:00,108.5625,2025-12-13 19:28:13.639528+00:00
2025-01-19 13:00:00+01:00,106.00625,2025-12-13 19:28:13.639528+00:00
2025-01-19 14:00:00+01:00,113.905,2025-12-13 19:28:13.639528+00:00
2025-01-19 15:00:00+01:00,125.64375000000001,2025-12-13 19:28:13.639528+00:00
2025-01-19 16:00:00+01:00,139.725,2025-12-13 19:28:13.639528+00:00
2025-01-19 17:00:00+01:00,150.64499999999998,2025-12-13 19:28:13.639528+00:00
2025-01-19 18:00:00+01:00,156.005,2025-12-13 19:28:13.639528+00:00
2025-01-19 19:00:00+01:00,156.3575,2025-12-13 19:28:13.639528+00:00
2025-01-19 20:00:00+01:00,148.935,2025-12-13 19:28:13.639528+00:00
2025-01-19 21:00:00+01:00,139.82999999999998,2025-12-13 19:28:13.639528+00:00
2025-01-19 22:00:00+01:00,134.58875,2025-12-13 19:28:13.639528+00:00
2025-01-19 23:00:00+01:00,122.67,2025-12-13 19:28:13.639528+00:00
2025-01-20 00:00:00+01:00,125.60374999999999,2025-12-13 19:28:13.639528+00:00
2025-01-20 01:00:00+01:00,123.53875,2025-12-13 19:28:13.639528+00:00
2025-01-20 02:00:00+01:00,120.2175,2025-12-13 19:28:13.639528+00:00
2025-01-20 03:00:00+01:00,118.405,2025-12-13 19:28:13.639528+00:00
2025-01-20 04:00:00+01:00,119.5525,2025-12-13 19:28:13.639528+00:00
2025-01-20 05:00:00+01:00,129.54875,2025-12-13 19:28:13.639528+00:00
2025-01-20 06:00:00+01:00,159.66750000000002,2025-12-13 19:28:13.639528+00:00
2025-01-20 07:00:00+01:00,250.06,2025-12-13 19:28:13.639528+00:00
2025-01-20 08:00:00+01:00,348.4775,2025-12-13 19:28:13.639528+00:00
2025-01-20 09:00:00+01:00,259.2575,2025-12-13 19:28:13.639528+00:00
2025-01-20 10:00:00+01:00,209.48874999999998,2025-12-13 19:28:13.639528+00:00
2025-01-20 11:00:00+01:00,171.385,2025-12-13 19:28:13.639528+00:00
2025-01-20 12:00:00+01:00,159.88,2025-12-13 19:28:13.639528+00:00
2025-01-20 13:00:00+01:00,158.55875,2025-12-13 19:28:13.639528+00:00
2025-01-20 14:00:00+01:00,172.32125,2025-12-13 19:28:13.639528+00:00
2025-01-20 15:00:00+01:00,237.10250000000002,2025-12-13 19:28:13.639528+00:00
2025-01-20 16:00:00+01:00,319.86,2025-12-13 19:28:13.639528+00:00
2025-01-20 17:00:00+01:00,418.975,2025-12-13 19:28:13.639528+00:00
2025-01-20 18:00:00+01:00,356.71625,2025-12-13 19:28:13.639528+00:00
2025-01-20 19:00:00+01:00,251.205,2025-12-13 19:28:13.639528+00:00
2025-01-20 20:00:00+01:00,208.98625,2025-12-13 19:28:13.639528+00:00
2025-01-20 21:00:00+01:00,167.95125000000002,2025-12-13 19:28:13.639528+00:00
2025-01-20 22:00:00+01:00,152.755,2025-12-13 19:28:13.639528+00:00
2025-01-20 23:00:00+01:00,136.7625,2025-12-13 19:28:13.639528+00:00
2025-01-21 00:00:00+01:00,126.58125,2025-12-13 19:28:13.639528+00:00
2025-01-21 01:00:00+01:00,121.3775,2025-12-13 19:28:13.639528+00:00
2025-01-21 02:00:00+01:00,118.07875,2025-12-13 19:28:13.639528+00:00
2025-01-21 03:00:00+01:00,115.5925,2025-12-13 19:28:13.639528+00:00
2025-01-21 04:00:00+01:00,116.42875000000001,2025-12-13 19:28:13.639528+00:00
2025-01-21 05:00:00+01:00,124.02625,2025-12-13 19:28:13.639528+00:00
2025-01-21 06:00:00+01:00,147.6,2025-12-13 19:28:13.639528+00:00
2025-01-21 07:00:00+01:00,202.4575,2025-12-13 19:28:13.639528+00:00
2025-01-21 08:00:00+01:00,241.1025,2025-12-13 19:28:13.639528+00:00
2025-01-21 09:00:00+01:00,214.41,2025-12-13 19:28:13.639528+00:00
2025-01-21 10:00:00+01:00,190.645,2025-12-13 19:28:13.639528+00:00
2025-01-21 11:00:00+01:00,160.2425,2025-12-13 19:28:13.639528+00:00
2025-01-21 12:00:00+01:00,147.62125,2025-12-13 19:28:13.639528+00:00
2025-01-21 13:00:00+01:00,147.54000000000002,2025-12-13 19:28:13.639528+00:00
2025-01-21 14:00:00+01:00,154.42625,2025-12-13 19:28:13.639528+00:00
2025-01-21 15:00:00+01:00,173.9075,2025-12-13 19:28:13.639528+00:00
2025-01-21 16:00:00+01:00,216.97375,2025-12-13 19:28:13.639528+00:00
2025-01-21 17:00:00+01:00,291.8325,2025-12-13 19:28:13.639528+00:00
2025-01-21 18:00:00+01:00,260.5475,2025-12-13 19:28:13.639528+00:00
2025-01-21 19:00:00+01:00,210.61625,2025-12-13 19:28:13.639528+00:00
2025-01-21 20:00:00+01:00,173.46,2025-12-13 19:28:13.639528+00:00
2025-01-21 21:00:00+01:00,150.75375,2025-12-13 19:28:13.639528+00:00
2025-01-21 22:00:00+01:00,138.025,2025-12-13 19:28:13.639528+00:00
2025-01-21 23:00:00+01:00,126.495,2025-12-13 19:28:13.639528+00:00
2025-01-22 00:00:00+01:00,128.44,2025-12-13 19:28:13.639528+00:00
2025-01-22 01:00:00+01:00,124.08125,2025-12-13 19:28:13.639528+00:00
2025-01-22 02:00:00+01:00,121.4925,2025-12-13 19:28:13.639528+00:00
2025-01-22 03:00:00+01:00,119.32249999999999,2025-12-13 19:28:13.639528+00:00
2025-01-22 04:00:00+01:00,120.83125,2025-12-13 19:28:13.639528+00:00
2025-01-22 05:00:00+01:00,125.35875,2025-12-13 19:28:13.639528+00:00
2025-01-22 06:00:00+01:00,156.64374999999998,2025-12-13 19:28:13.639528+00:00
2025-01-22 07:00:00+01:00,200.90125,2025-12-13 19:28:13.639528+00:00
2025-01-22 08:00:00+01:00,228.75,2025-12-13 19:28:13.639528+00:00
2025-01-22 09:00:00+01:00,203.78,2025-12-13 19:28:13.639528+00:00
2025-01-22 10:00:00+01:00,182.07875,2025-12-13 19:28:13.639528+00:00
2025-01-22 11:00:00+01:00,171.42875,2025-12-13 19:28:13.639528+00:00
2025-01-22 12:00:00+01:00,160.99,2025-12-13 19:28:13.639528+00:00
2025-01-22 13:00:00+01:00,162.86375,2025-12-13 19:28:13.639528+00:00
2025-01-22 14:00:00+01:00,173.2725,2025-12-13 19:28:13.639528+00:00
2025-01-22 15:00:00+01:00,192.9025,2025-12-13 19:28:13.639528+00:00
2025-01-22 16:00:00+01:00,197.56625,2025-12-13 19:28:13.639528+00:00
2025-01-22 17:00:00+01:00,212.51625,2025-12-13 19:28:13.639528+00:00
2025-01-22 18:00:00+01:00,191.86375,2025-12-13 19:28:13.639528+00:00
2025-01-22 19:00:00+01:00,169.6975,2025-12-13 19:28:13.639528+00:00
2025-01-22 20:00:00+01:00,137.5225,2025-12-13 19:28:13.639528+00:00
2025-01-22 21:00:00+01:00,125.435,2025-12-13 19:28:13.639528+00:00
2025-01-22 22:00:00+01:00,123.035,2025-12-13 19:28:13.639528+00:00
2025-01-22 23:00:00+01:00,112.5625,2025-12-13 19:28:13.639528+00:00
2025-01-23 00:00:00+01:00,111.15875,2025-12-13 19:28:13.639528+00:00
2025-01-23 01:00:00+01:00,107.66499999999999,2025-12-13 19:28:13.639528+00:00
2025-01-23 02:00:00+01:00,104.10125,2025-12-13 19:28:13.639528+00:00
2025-01-23 03:00:00+01:00,98.8675,2025-12-13 19:28:13.639528+00:00
2025-01-23 04:00:00+01:00,98.24875,2025-12-13 19:28:13.639528+00:00
2025-01-23 05:00:00+01:00,102.12625,2025-12-13 19:28:13.639528+00:00
2025-01-23 06:00:00+01:00,113.78999999999999,2025-12-13 19:28:13.639528+00:00
2025-01-23 07:00:00+01:00,140.77375,2025-12-13 19:28:13.639528+00:00
2025-01-23 08:00:00+01:00,155.52625,2025-12-13 19:28:13.639528+00:00
2025-01-23 09:00:00+01:00,150.20999999999998,2025-12-13 19:28:13.639528+00:00
2025-01-23 10:00:00+01:00,133.185,2025-12-13 19:28:13.639528+00:00
2025-01-23 11:00:00+01:00,120.30125,2025-12-13 19:28:13.639528+00:00
2025-01-23 12:00:00+01:00,104.77625,2025-12-13 19:28:13.639528+00:00
2025-01-23 13:00:00+01:00,97.0,2025-12-13 19:28:13.639528+00:00
2025-01-23 14:00:00+01:00,94.63,2025-12-13 19:28:13.639528+00:00
2025-01-23 15:00:00+01:00,96.41125,2025-12-13 19:28:13.639528+00:00
2025-01-23 16:00:00+01:00,96.28125,2025-12-13 19:28:13.639528+00:00
2025-01-23 17:00:00+01:00,113.49625,2025-12-13 19:28:13.639528+00:00
2025-01-23 18:00:00+01:00,115.11,2025-12-13 19:28:13.639528+00:00
2025-01-23 19:00:00+01:00,104.08500000000001,2025-12-13 19:28:13.639528+00:00
2025-01-23 20:00:00+01:00,91.17,2025-12-13 19:28:13.639528+00:00
2025-01-23 21:00:00+01:00,80.155,2025-12-13 19:28:13.639528+00:00
2025-01-23 22:00:00+01:00,75.99000000000001,2025-12-13 19:28:13.639528+00:00
2025-01-23 23:00:00+01:00,60.14,2025-12-13 19:28:13.639528+00:00
2025-01-24 00:00:00+01:00,67.24375,2025-12-13 19:28:13.639528+00:00
2025-01-24 01:00:00+01:00,59.621249999999996,2025-12-13 19:28:13.639528+00:00
2025-01-24 02:00:00+01:00,51.004999999999995,2025-12-13 19:28:13.639528+00:00
2025-01-24 03:00:00+01:00,43.375,2025-12-13 19:28:13.639528+00:00
2025-01-24 04:00:00+01:00,48.6975,2025-12-13 19:28:13.639528+00:00
2025-01-24 05:00:00+01:00,65.245,2025-12-13 19:28:13.639528+00:00
2025-01-24 06:00:00+01:00,85.1,2025-12-13 19:28:13.639528+00:00
2025-01-24 07:00:00+01:00,109.42875,2025-12-13 19:28:13.639528+00:00
2025-01-24 08:00:00+01:00,122.96375,2025-12-13 19:28:13.639528+00:00
2025-01-24 09:00:00+01:00,106.67,2025-12-13 19:28:13.639528+00:00
2025-01-24 10:00:00+01:00,98.16375000000001,2025-12-13 19:28:13.639528+00:00
2025-01-24 11:00:00+01:00,88.66624999999999,2025-12-13 19:28:13.639528+00:00
2025-01-24 12:00:00+01:00,83.54,2025-12-13 19:28:13.639528+00:00
2025-01-24 13:00:00+01:00,80.02,2025-12-13 19:28:13.639528+00:00
2025-01-24 14:00:00+01:00,77.05875,2025-12-13 19:28:13.639528+00:00
2025-01-24 15:00:00+01:00,74.55625,2025-12-13 19:28:13.639528+00:00
2025-01-24 16:00:00+01:00,73.045,2025-12-13 19:28:13.639528+00:00
2025-01-24 17:00:00+01:00,80.10249999999999,2025-12-13 19:28:13.639528+00:00
2025-01-24 18:00:00+01:00,89.47875,2025-12-13 19:28:13.639528+00:00
2025-01-24 19:00:00+01:00,87.775,2025-12-13 19:28:13.639528+00:00
2025-01-24 20:00:00+01:00,84.7025,2025-12-13 19:28:13.639528+00:00
2025-01-24 21:00:00+01:00,80.815,2025-12-13 19:28:13.639528+00:00
2025-01-24 22:00:00+01:00,86.82375,2025-12-13 19:28:13.639528+00:00
2025-01-24 23:00:00+01:00,82.26,2025-12-13 19:28:13.639528+00:00
2025-01-25 00:00:00+01:00,71.6475,2025-12-13 19:28:13.639528+00:00
2025-01-25 01:00:00+01:00,72.88,2025-12-13 19:28:13.639528+00:00
2025-01-25 02:00:00+01:00,70.6,2025-12-13 19:28:13.639528+00:00
2025-01-25 03:00:00+01:00,71.975,2025-12-13 19:28:13.639528+00:00
2025-01-25 04:00:00+01:00,77.1825,2025-12-13 19:28:13.639528+00:00
2025-01-25 05:00:00+01:00,76.02,2025-12-13 19:28:13.639528+00:00
2025-01-25 06:00:00+01:00,80.42625,2025-12-13 19:28:13.639528+00:00
2025-01-25 07:00:00+01:00,83.3475,2025-12-13 19:28:13.639528+00:00
2025-01-25 08:00:00+01:00,92.40125,2025-12-13 19:28:13.639528+00:00
2025-01-25 09:00:00+01:00,92.56625,2025-12-13 19:28:13.639528+00:00
2025-01-25 10:00:00+01:00,93.30125,2025-12-13 19:28:13.639528+00:00
2025-01-25 11:00:00+01:00,93.775,2025-12-13 19:28:13.639528+00:00
2025-01-25 12:00:00+01:00,90.12875,2025-12-13 19:28:13.639528+00:00
2025-01-25 13:00:00+01:00,90.235,2025-12-13 19:28:13.639528+00:00
2025-01-25 14:00:00+01:00,94.67375,2025-12-13 19:28:13.639528+00:00
2025-01-25 15:00:00+01:00,106.02875,2025-12-13 19:28:13.639528+00:00
2025-01-25 16:00:00+01:00,126.88499999999999,2025-12-13 19:28:13.639528+00:00
2025-01-25 17:00:00+01:00,138.975,2025-12-13 19:28:13.639528+00:00
2025-01-25 18:00:00+01:00,148.17625,2025-12-13 19:28:13.639528+00:00
2025-01-25 19:00:00+01:00,146.5575,2025-12-13 19:28:13.639528+00:00
2025-01-25 20:00:00+01:00,136.545,2025-12-13 19:28:13.639528+00:00
2025-01-25 21:00:00+01:00,132.68625,2025-12-13 19:28:13.639528+00:00
2025-01-25 22:00:00+01:00,130.87125,2025-12-13 19:28:13.639528+00:00
2025-01-25 23:00:00+01:00,123.83375000000001,2025-12-13 19:28:13.639528+00:00
2025-01-26 00:00:00+01:00,123.02499999999999,2025-12-13 19:28:13.639528+00:00
2025-01-26 01:00:00+01:00,115.185,2025-12-13 19:28:13.639528+00:00
2025-01-26 02:00:00+01:00,110.78,2025-12-13 19:28:13.639528+00:00
2025-01-26 03:00:00+01:00,107.42625,2025-12-13 19:28:13.639528+00:00
2025-01-26 04:00:00+01:00,106.19125,2025-12-13 19:28:13.639528+00:00
2025-01-26 05:00:00+01:00,107.29375,2025-12-13 19:28:13.639528+00:00
2025-01-26 06:00:00+01:00,109.5675,2025-12-13 19:28:13.639528+00:00
2025-01-26 07:00:00+01:00,115.68625,2025-12-13 19:28:13.639528+00:00
2025-01-26 08:00:00+01:00,122.745,2025-12-13 19:28:13.639528+00:00
2025-01-26 09:00:00+01:00,121.68125,2025-12-13 19:28:13.639528+00:00
2025-01-26 10:00:00+01:00,109.7925,2025-12-13 19:28:13.639528+00:00
2025-01-26 11:00:00+01:00,104.8775,2025-12-13 19:28:13.639528+00:00
2025-01-26 12:00:00+01:00,98.86500000000001,2025-12-13 19:28:13.639528+00:00
2025-01-26 13:00:00+01:00,91.21,2025-12-13 19:28:13.639528+00:00
2025-01-26 14:00:00+01:00,93.465,2025-12-13 19:28:13.639528+00:00
2025-01-26 15:00:00+01:00,105.28999999999999,2025-12-13 19:28:13.639528+00:00
2025-01-26 16:00:00+01:00,120.665,2025-12-13 19:28:13.639528+00:00
2025-01-26 17:00:00+01:00,129.1725,2025-12-13 19:28:13.639528+00:00
2025-01-26 18:00:00+01:00,121.47125,2025-12-13 19:28:13.639528+00:00
2025-01-26 19:00:00+01:00,100.2375,2025-12-13 19:28:13.639528+00:00
2025-01-26 20:00:00+01:00,84.44125,2025-12-13 19:28:13.639528+00:00
2025-01-26 21:00:00+01:00,71.6875,2025-12-13 19:28:13.639528+00:00
2025-01-26 22:00:00+01:00,59.525,2025-12-13 19:28:13.639528+00:00
2025-01-26 23:00:00+01:00,33.65375,2025-12-13 19:28:13.639528+00:00
2025-01-27 00:00:00+01:00,33.401250000000005,2025-12-13 19:28:13.639528+00:00
2025-01-27 01:00:00+01:00,25.9375,2025-12-13 19:28:13.639528+00:00
2025-01-27 02:00:00+01:00,19.6875,2025-12-13 19:28:13.639528+00:00
2025-01-27 03:00:00+01:00,12.598749999999999,2025-12-13 19:28:13.639528+00:00
2025-01-27 04:00:00+01:00,10.5,2025-12-13 19:28:13.639528+00:00
2025-01-27 05:00:00+01:00,19.86875,2025-12-13 19:28:13.639528+00:00
2025-01-27 06:00:00+01:00,39.6875,2025-12-13 19:28:13.639528+00:00
2025-01-27 07:00:00+01:00,69.845,2025-12-13 19:28:13.639528+00:00
2025-01-27 08:00:00+01:00,82.64750000000001,2025-12-13 19:28:13.639528+00:00
2025-01-27 09:00:00+01:00,75.82625,2025-12-13 19:28:13.639528+00:00
2025-01-27 10:00:00+01:00,62.12,2025-12-13 19:28:13.639528+00:00
2025-01-27 11:00:00+01:00,56.05,2025-12-13 19:28:13.639528+00:00
2025-01-27 12:00:00+01:00,50.88125,2025-12-13 19:28:13.639528+00:00
2025-01-27 13:00:00+01:00,51.5375,2025-12-13 19:28:13.639528+00:00
2025-01-27 14:00:00+01:00,66.66875,2025-12-13 19:28:13.639528+00:00
2025-01-27 15:00:00+01:00,89.24375,2025-12-13 19:28:13.639528+00:00
2025-01-27 16:00:00+01:00,103.36999999999999,2025-12-13 19:28:13.639528+00:00
2025-01-27 17:00:00+01:00,118.90625,2025-12-13 19:28:13.639528+00:00
2025-01-27 18:00:00+01:00,118.23625,2025-12-13 19:28:13.639528+00:00
2025-01-27 19:00:00+01:00,113.96125,2025-12-13 19:28:13.639528+00:00
2025-01-27 20:00:00+01:00,105.38499999999999,2025-12-13 19:28:13.639528+00:00
2025-01-27 21:00:00+01:00,92.31625,2025-12-13 19:28:13.639528+00:00
2025-01-27 22:00:00+01:00,88.68,2025-12-13 19:28:13.639528+00:00
2025-01-27 23:00:00+01:00,75.97749999999999,2025-12-13 19:28:13.639528+00:00
2025-01-28 00:00:00+01:00,69.43,2025-12-13 19:28:13.639528+00:00
2025-01-28 01:00:00+01:00,64.50125,2025-12-13 19:28:13.639528+00:00
2025-01-28 02:00:00+01:00,55.61,2025-12-13 19:28:13.639528+00:00
2025-01-28 03:00:00+01:00,63.34875,2025-12-13 19:28:13.639528+00:00
2025-01-28 04:00:00+01:00,74.9625,2025-12-13 19:28:13.639528+00:00
2025-01-28 05:00:00+01:00,81.59625,2025-12-13 19:28:13.639528+00:00
2025-01-28 06:00:00+01:00,100.10374999999999,2025-12-13 19:28:13.639528+00:00
2025-01-28 07:00:00+01:00,127.05,2025-12-13 19:28:13.639528+00:00
2025-01-28 08:00:00+01:00,142.4875,2025-12-13 19:28:13.639528+00:00
2025-01-28 09:00:00+01:00,132.59,2025-12-13 19:28:13.639528+00:00
2025-01-28 10:00:00+01:00,121.04875,2025-12-13 19:28:13.639528+00:00
2025-01-28 11:00:00+01:00,116.71875,2025-12-13 19:28:13.639528+00:00
2025-01-28 12:00:00+01:00,114.57,2025-12-13 19:28:13.639528+00:00
2025-01-28 13:00:00+01:00,115.545,2025-12-13 19:28:13.639528+00:00
2025-01-28 14:00:00+01:00,123.0875,2025-12-13 19:28:13.639528+00:00
2025-01-28 15:00:00+01:00,139.89125,2025-12-13 19:28:13.639528+00:00
2025-01-28 16:00:00+01:00,146.54,2025-12-13 19:28:13.639528+00:00
2025-01-28 17:00:00+01:00,147.7125,2025-12-13 19:28:13.639528+00:00
2025-01-28 18:00:00+01:00,134.81875,2025-12-13 19:28:13.639528+00:00
2025-01-28 19:00:00+01:00,125.02875,2025-12-13 19:28:13.639528+00:00
2025-01-28 20:00:00+01:00,102.4,2025-12-13 19:28:13.639528+00:00
2025-01-28 21:00:00+01:00,90.01375,2025-12-13 19:28:13.639528+00:00
2025-01-28 22:00:00+01:00,82.8,2025-12-13 19:28:13.639528+00:00
2025-01-28 23:00:00+01:00,68.5025,2025-12-13 19:28:13.639528+00:00
2025-01-29 00:00:00+01:00,82.98,2025-12-13 19:28:13.639528+00:00
2025-01-29 01:00:00+01:00,77.415,2025-12-13 19:28:13.639528+00:00
2025-01-29 02:00:00+01:00,72.835,2025-12-13 19:28:13.639528+00:00
2025-01-29 03:00:00+01:00,71.04125,2025-12-13 19:28:13.639528+00:00
2025-01-29 04:00:00+01:00,76.11125,2025-12-13 19:28:13.639528+00:00
2025-01-29 05:00:00+01:00,84.575,2025-12-13 19:28:13.639528+00:00
2025-01-29 06:00:00+01:00,96.06875,2025-12-13 19:28:13.639528+00:00
2025-01-29 07:00:00+01:00,133.8375,2025-12-13 19:28:13.639528+00:00
2025-01-29 08:00:00+01:00,143.07,2025-12-13 19:28:13.639528+00:00
2025-01-29 09:00:00+01:00,126.79124999999999,2025-12-13 19:28:13.639528+00:00
2025-01-29 10:00:00+01:00,105.81,2025-12-13 19:28:13.639528+00:00
2025-01-29 11:00:00+01:00,92.925,2025-12-13 19:28:13.639528+00:00
2025-01-29 12:00:00+01:00,87.775,2025-12-13 19:28:13.639528+00:00
2025-01-29 13:00:00+01:00,86.7375,2025-12-13 19:28:13.639528+00:00
2025-01-29 14:00:00+01:00,88.82875,2025-12-13 19:28:13.639528+00:00
2025-01-29 15:00:00+01:00,101.2825,2025-12-13 19:28:13.639528+00:00
2025-01-29 16:00:00+01:00,128.06,2025-12-13 19:28:13.639528+00:00
2025-01-29 17:00:00+01:00,149.33625,2025-12-13 19:28:13.639528+00:00
2025-01-29 18:00:00+01:00,149.05625,2025-12-13 19:28:13.639528+00:00
2025-01-29 19:00:00+01:00,144.1125,2025-12-13 19:28:13.639528+00:00
2025-01-29 20:00:00+01:00,131.375,2025-12-13 19:28:13.639528+00:00
2025-01-29 21:00:00+01:00,120.22875,2025-12-13 19:28:13.639528+00:00
2025-01-29 22:00:00+01:00,112.99625,2025-12-13 19:28:13.639528+00:00
2025-01-29 23:00:00+01:00,102.3875,2025-12-13 19:28:13.639528+00:00
2025-01-30 00:00:00+01:00,93.3425,2025-12-13 19:28:13.639528+00:00
2025-01-30 01:00:00+01:00,93.895,2025-12-13 19:28:13.639528+00:00
2025-01-30 02:00:00+01:00,93.5875,2025-12-13 19:28:13.639528+00:00
2025-01-30 03:00:00+01:00,93.32375,2025-12-13 19:28:13.639528+00:00
2025-01-30 04:00:00+01:00,95.2025,2025-12-13 19:28:13.639528+00:00
2025-01-30 05:00:00+01:00,108.3375,2025-12-13 19:28:13.639528+00:00
2025-01-30 06:00:00+01:00,136.70000000000002,2025-12-13 19:28:13.639528+00:00
2025-01-30 07:00:00+01:00,157.67249999999999,2025-12-13 19:28:13.639528+00:00
2025-01-30 08:00:00+01:00,163.59125,2025-12-13 19:28:13.639528+00:00
2025-01-30 09:00:00+01:00,156.70499999999998,2025-12-13 19:28:13.639528+00:00
2025-01-30 10:00:00+01:00,141.29625000000001,2025-12-13 19:28:13.639528+00:00
2025-01-30 11:00:00+01:00,130.41375,2025-12-13 19:28:13.639528+00:00
2025-01-30 12:00:00+01:00,126.09875,2025-12-13 19:28:13.639528+00:00
2025-01-30 13:00:00+01:00,126.57625,2025-12-13 19:28:13.639528+00:00
2025-01-30 14:00:00+01:00,135.20374999999999,2025-12-13 19:28:13.639528+00:00
2025-01-30 15:00:00+01:00,152.595,2025-12-13 19:28:13.639528+00:00
2025-01-30 16:00:00+01:00,163.37125,2025-12-13 19:28:13.639528+00:00
2025-01-30 17:00:00+01:00,181.5825,2025-12-13 19:28:13.639528+00:00
2025-01-30 18:00:00+01:00,176.62125,2025-12-13 19:28:13.639528+00:00
2025-01-30 19:00:00+01:00,164.94125,2025-12-13 19:28:13.639528+00:00
2025-01-30 20:00:00+01:00,154.23125,2025-12-13 19:28:13.639528+00:00
2025-01-30 21:00:00+01:00,137.69,2025-12-13 19:28:13.639528+00:00
2025-01-30 22:00:00+01:00,130.00125,2025-12-13 19:28:13.639528+00:00
2025-01-30 23:00:00+01:00,120.07375,2025-12-13 19:28:13.639528+00:00
2025-01-31 00:00:00+01:00,119.32625,2025-12-13 19:28:13.639528+00:00
2025-01-31 01:00:00+01:00,115.3275,2025-12-13 19:28:13.639528+00:00
2025-01-31 02:00:00+01:00,111.4825,2025-12-13 19:28:13.639528+00:00
2025-01-31 03:00:00+01:00,110.0625,2025-12-13 19:28:13.639528+00:00
2025-01-31 04:00:00+01:00,111.02125000000001,2025-12-13 19:28:13.639528+00:00
2025-01-31 05:00:00+01:00,117.96875,2025-12-13 19:28:13.639528+00:00
2025-01-31 06:00:00+01:00,131.23375000000001,2025-12-13 19:28:13.639528+00:00
2025-01-31 07:00:00+01:00,155.98125,2025-12-13 19:28:13.639528+00:00
2025-01-31 08:00:00+01:00,164.5775,2025-12-13 19:28:13.639528+00:00
2025-01-31 09:00:00+01:00,154.01125,2025-12-13 19:28:13.639528+00:00
2025-01-31 10:00:00+01:00,137.55875,2025-12-13 19:28:13.639528+00:00
2025-01-31 11:00:00+01:00,126.82125,2025-12-13 19:28:13.639528+00:00
2025-01-31 12:00:00+01:00,120.28,2025-12-13 19:28:13.639528+00:00
2025-01-31 13:00:00+01:00,120.115,2025-12-13 19:28:13.639528+00:00
2025-01-31 14:00:00+01:00,126.13125,2025-12-13 19:28:13.639528+00:00
2025-01-31 15:00:00+01:00,148.47875,2025-12-13 19:28:13.639528+00:00
2025-01-31 16:00:00+01:00,161.95125,2025-12-13 19:28:13.639528+00:00
2025-01-31 17:00:00+01:00,187.85125,2025-12-13 19:28:13.639528+00:00
2025-01-31 18:00:00+01:00,181.77625,2025-12-13 19:28:13.639528+00:00
2025-01-31 19:00:00+01:00,177.87125,2025-12-13 19:28:13.639528+00:00
2025-01-31 20:00:00+01:00,161.22625,2025-12-13 19:28:13.639528+00:00
2025-01-31 21:00:00+01:00,149.0,2025-12-13 19:28:13.639528+00:00
2025-01-31 22:00:00+01:00,144.3625,2025-12-13 19:28:13.639528+00:00
2025-01-31 23:00:00+01:00,131.335,2025-12-13 19:28:13.639528+00:00
2025-02-01 00:00:00+01:00,136.11375,2025-12-13 19:28:13.639528+00:00
2025-02-01 01:00:00+01:00,130.0925,2025-12-13 19:28:13.639528+00:00
2025-02-01 02:00:00+01:00,124.67125,2025-12-13 19:28:13.639528+00:00
2025-02-01 03:00:00+01:00,121.04375,2025-12-13 19:28:13.639528+00:00
2025-02-01 04:00:00+01:00,121.135,2025-12-13 19:28:13.639528+00:00
2025-02-01 05:00:00+01:00,123.20750000000001,2025-12-13 19:28:13.639528+00:00
2025-02-01 06:00:00+01:00,128.45125000000002,2025-12-13 19:28:13.639528+00:00
2025-02-01 07:00:00+01:00,142.53125,2025-12-13 19:28:13.639528+00:00
2025-02-01 08:00:00+01:00,149.3125,2025-12-13 19:28:13.639528+00:00
2025-02-01 09:00:00+01:00,138.63625,2025-12-13 19:28:13.639528+00:00
2025-02-01 10:00:00+01:00,126.77625,2025-12-13 19:28:13.639528+00:00
2025-02-01 11:00:00+01:00,117.4025,2025-12-13 19:28:13.639528+00:00
2025-02-01 12:00:00+01:00,109.39875,2025-12-13 19:28:13.639528+00:00
2025-02-01 13:00:00+01:00,103.60000000000001,2025-12-13 19:28:13.639528+00:00
2025-02-01 14:00:00+01:00,111.72875,2025-12-13 19:28:13.639528+00:00
2025-02-01 15:00:00+01:00,126.95,2025-12-13 19:28:13.639528+00:00
2025-02-01 16:00:00+01:00,150.1225,2025-12-13 19:28:13.639528+00:00
2025-02-01 17:00:00+01:00,167.03625,2025-12-13 19:28:13.639528+00:00
2025-02-01 18:00:00+01:00,165.4675,2025-12-13 19:28:13.639528+00:00
2025-02-01 19:00:00+01:00,161.7825,2025-12-13 19:28:13.639528+00:00
2025-02-01 20:00:00+01:00,154.865,2025-12-13 19:28:13.639528+00:00
2025-02-01 21:00:00+01:00,144.255,2025-12-13 19:28:13.639528+00:00
2025-02-01 22:00:00+01:00,139.015,2025-12-13 19:28:13.639528+00:00
2025-02-01 23:00:00+01:00,129.4475,2025-12-13 19:28:13.639528+00:00
2025-02-02 00:00:00+01:00,131.98499999999999,2025-12-13 19:28:13.639528+00:00
2025-02-02 01:00:00+01:00,126.205,2025-12-13 19:28:13.639528+00:00
2025-02-02 02:00:00+01:00,123.01875,2025-12-13 19:28:13.639528+00:00
2025-02-02 03:00:00+01:00,121.73375,2025-12-13 19:28:13.639528+00:00
2025-02-02 04:00:00+01:00,122.57000000000001,2025-12-13 19:28:13.639528+00:00
2025-02-02 05:00:00+01:00,124.17375,2025-12-13 19:28:13.639528+00:00
2025-02-02 06:00:00+01:00,125.34375,2025-12-13 19:28:13.639528+00:00
2025-02-02 07:00:00+01:00,133.3375,2025-12-13 19:28:13.639528+00:00
2025-02-02 08:00:00+01:00,136.99,2025-12-13 19:28:13.639528+00:00
2025-02-02 09:00:00+01:00,133.48125,2025-12-13 19:28:13.639528+00:00
2025-02-02 10:00:00+01:00,124.52,2025-12-13 19:28:13.639528+00:00
2025-02-02 11:00:00+01:00,119.76625000000001,2025-12-13 19:28:13.639528+00:00
2025-02-02 12:00:00+01:00,113.515,2025-12-13 19:28:13.639528+00:00
2025-02-02 13:00:00+01:00,107.2025,2025-12-13 19:28:13.639528+00:00
2025-02-02 14:00:00+01:00,111.785,2025-12-13 19:28:13.639528+00:00
2025-02-02 15:00:00+01:00,126.13375,2025-12-13 19:28:13.639528+00:00
2025-02-02 16:00:00+01:00,146.6275,2025-12-13 19:28:13.639528+00:00
2025-02-02 17:00:00+01:00,164.03625,2025-12-13 19:28:13.639528+00:00
2025-02-02 18:00:00+01:00,167.65625,2025-12-13 19:28:13.639528+00:00
2025-02-02 19:00:00+01:00,168.70374999999999,2025-12-13 19:28:13.639528+00:00
2025-02-02 20:00:00+01:00,159.9,2025-12-13 19:28:13.639528+00:00
2025-02-02 21:00:00+01:00,151.28875,2025-12-13 19:28:13.639528+00:00
2025-02-02 22:00:00+01:00,145.2275,2025-12-13 19:28:13.639528+00:00
2025-02-02 23:00:00+01:00,133.63,2025-12-13 19:28:13.639528+00:00
2025-02-03 00:00:00+01:00,131.06625,2025-12-13 19:28:13.639528+00:00
2025-02-03 01:00:00+01:00,126.58,2025-12-13 19:28:13.639528+00:00
2025-02-03 02:00:00+01:00,124.13875,2025-12-13 19:28:13.639528+00:00
2025-02-03 03:00:00+01:00,120.715,2025-12-13 19:28:13.639528+00:00
2025-02-03 04:00:00+01:00,123.1825,2025-12-13 19:28:13.639528+00:00
2025-02-03 05:00:00+01:00,133.0525,2025-12-13 19:28:13.639528+00:00
2025-02-03 06:00:00+01:00,165.27875,2025-12-13 19:28:13.639528+00:00
2025-02-03 07:00:00+01:00,220.83875,2025-12-13 19:28:13.639528+00:00
2025-02-03 08:00:00+01:00,281.615,2025-12-13 19:28:13.639528+00:00
2025-02-03 09:00:00+01:00,211.82,2025-12-13 19:28:13.639528+00:00
2025-02-03 10:00:00+01:00,165.54375,2025-12-13 19:28:13.639528+00:00
2025-02-03 11:00:00+01:00,143.85125,2025-12-13 19:28:13.639528+00:00
2025-02-03 12:00:00+01:00,130.6025,2025-12-13 19:28:13.639528+00:00
2025-02-03 13:00:00+01:00,125.9675,2025-12-13 19:28:13.639528+00:00
2025-02-03 14:00:00+01:00,133.88,2025-12-13 19:28:13.639528+00:00
2025-02-03 15:00:00+01:00,158.46,2025-12-13 19:28:13.639528+00:00
2025-02-03 16:00:00+01:00,201.685,2025-12-13 19:28:13.639528+00:00
2025-02-03 17:00:00+01:00,249.56,2025-12-13 19:28:13.639528+00:00
2025-02-03 18:00:00+01:00,244.655,2025-12-13 19:28:13.639528+00:00
2025-02-03 19:00:00+01:00,218.55125,2025-12-13 19:28:13.639528+00:00
2025-02-03 20:00:00+01:00,179.005,2025-12-13 19:28:13.639528+00:00
2025-02-03 21:00:00+01:00,157.275,2025-12-13 19:28:13.639528+00:00
2025-02-03 22:00:00+01:00,145.6175,2025-12-13 19:28:13.639528+00:00
2025-02-03 23:00:00+01:00,137.505,2025-12-13 19:28:13.639528+00:00
2025-02-04 00:00:00+01:00,134.14,2025-12-13 19:28:13.639528+00:00
2025-02-04 01:00:00+01:00,128.6025,2025-12-13 19:28:13.639528+00:00
2025-02-04 02:00:00+01:00,125.37,2025-12-13 19:28:13.639528+00:00
2025-02-04 03:00:00+01:00,124.44375,2025-12-13 19:28:13.639528+00:00
2025-02-04 04:00:00+01:00,124.86375,2025-12-13 19:28:13.639528+00:00
2025-02-04 05:00:00+01:00,130.715,2025-12-13 19:28:13.639528+00:00
2025-02-04 06:00:00+01:00,159.66,2025-12-13 19:28:13.639528+00:00
2025-02-04 07:00:00+01:00,192.01375000000002,2025-12-13 19:28:13.639528+00:00
2025-02-04 08:00:00+01:00,203.9725,2025-12-13 19:28:13.639528+00:00
2025-02-04 09:00:00+01:00,166.24,2025-12-13 19:28:13.639528+00:00
2025-02-04 10:00:00+01:00,137.675,2025-12-13 19:28:13.639528+00:00
2025-02-04 11:00:00+01:00,124.77374999999999,2025-12-13 19:28:13.639528+00:00
2025-02-04 12:00:00+01:00,114.62375,2025-12-13 19:28:13.639528+00:00
2025-02-04 13:00:00+01:00,112.26875,2025-12-13 19:28:13.639528+00:00
2025-02-04 14:00:00+01:00,118.76125,2025-12-13 19:28:13.639528+00:00
2025-02-04 15:00:00+01:00,131.78875,2025-12-13 19:28:13.639528+00:00
2025-02-04 16:00:00+01:00,165.90375,2025-12-13 19:28:13.639528+00:00
2025-02-04 17:00:00+01:00,174.41625,2025-12-13 19:28:13.639528+00:00
2025-02-04 18:00:00+01:00,177.42875,2025-12-13 19:28:13.639528+00:00
2025-02-04 19:00:00+01:00,165.52125,2025-12-13 19:28:13.639528+00:00
2025-02-04 20:00:00+01:00,149.64249999999998,2025-12-13 19:28:13.639528+00:00
2025-02-04 21:00:00+01:00,135.4,2025-12-13 19:28:13.639528+00:00
2025-02-04 22:00:00+01:00,127.9725,2025-12-13 19:28:13.639528+00:00
2025-02-04 23:00:00+01:00,117.67875000000001,2025-12-13 19:28:13.639528+00:00
2025-02-05 00:00:00+01:00,116.72,2025-12-13 19:28:13.639528+00:00
2025-02-05 01:00:00+01:00,112.7525,2025-12-13 19:28:13.639528+00:00
2025-02-05 02:00:00+01:00,110.46875,2025-12-13 19:28:13.639528+00:00
2025-02-05 03:00:00+01:00,109.24000000000001,2025-12-13 19:28:13.639528+00:00
2025-02-05 04:00:00+01:00,113.10375,2025-12-13 19:28:13.639528+00:00
2025-02-05 05:00:00+01:00,120.84875,2025-12-13 19:28:13.639528+00:00
2025-02-05 06:00:00+01:00,136.37375,2025-12-13 19:28:13.639528+00:00
2025-02-05 07:00:00+01:00,161.19875,2025-12-13 19:28:13.639528+00:00
2025-02-05 08:00:00+01:00,176.64249999999998,2025-12-13 19:28:13.639528+00:00
2025-02-05 09:00:00+01:00,156.80625,2025-12-13 19:28:13.639528+00:00
2025-02-05 10:00:00+01:00,133.605,2025-12-13 19:28:13.639528+00:00
2025-02-05 11:00:00+01:00,122.28375,2025-12-13 19:28:13.639528+00:00
2025-02-05 12:00:00+01:00,117.46375,2025-12-13 19:28:13.639528+00:00
2025-02-05 13:00:00+01:00,120.19875,2025-12-13 19:28:13.639528+00:00
2025-02-05 14:00:00+01:00,127.75375,2025-12-13 19:28:13.639528+00:00
2025-02-05 15:00:00+01:00,143.9225,2025-12-13 19:28:13.639528+00:00
2025-02-05 16:00:00+01:00,162.7975,2025-12-13 19:28:13.639528+00:00
2025-02-05 17:00:00+01:00,179.19875,2025-12-13 19:28:13.639528+00:00
2025-02-05 18:00:00+01:00,189.05875,2025-12-13 19:28:13.639528+00:00
2025-02-05 19:00:00+01:00,188.00625,2025-12-13 19:28:13.639528+00:00
2025-02-05 20:00:00+01:00,170.91875,2025-12-13 19:28:13.639528+00:00
2025-02-05 21:00:00+01:00,156.57375,2025-12-13 19:28:13.639528+00:00
2025-02-05 22:00:00+01:00,146.57375,2025-12-13 19:28:13.639528+00:00
2025-02-05 23:00:00+01:00,135.06125,2025-12-13 19:28:13.639528+00:00
2025-02-06 00:00:00+01:00,135.27125,2025-12-13 19:28:13.639528+00:00
2025-02-06 01:00:00+01:00,131.0675,2025-12-13 19:28:13.639528+00:00
2025-02-06 02:00:00+01:00,127.6975,2025-12-13 19:28:13.639528+00:00
2025-02-06 03:00:00+01:00,126.9375,2025-12-13 19:28:13.639528+00:00
2025-02-06 04:00:00+01:00,127.32375,2025-12-13 19:28:13.639528+00:00
2025-02-06 05:00:00+01:00,135.92875,2025-12-13 19:28:13.639528+00:00
2025-02-06 06:00:00+01:00,156.16750000000002,2025-12-13 19:28:13.639528+00:00
2025-02-06 07:00:00+01:00,185.7625,2025-12-13 19:28:13.639528+00:00
2025-02-06 08:00:00+01:00,215.3075,2025-12-13 19:28:13.639528+00:00
2025-02-06 09:00:00+01:00,179.99,2025-12-13 19:28:13.639528+00:00
2025-02-06 10:00:00+01:00,165.15125,2025-12-13 19:28:13.639528+00:00
2025-02-06 11:00:00+01:00,155.18125,2025-12-13 19:28:13.639528+00:00
2025-02-06 12:00:00+01:00,147.43875,2025-12-13 19:28:13.639528+00:00
2025-02-06 13:00:00+01:00,144.52125,2025-12-13 19:28:13.639528+00:00
2025-02-06 14:00:00+01:00,143.245,2025-12-13 19:28:13.639528+00:00
2025-02-06 15:00:00+01:00,152.5,2025-12-13 19:28:13.639528+00:00
2025-02-06 16:00:00+01:00,165.755,2025-12-13 19:28:13.639528+00:00
2025-02-06 17:00:00+01:00,170.8875,2025-12-13 19:28:13.639528+00:00
2025-02-06 18:00:00+01:00,168.79874999999998,2025-12-13 19:28:13.639528+00:00
2025-02-06 19:00:00+01:00,160.49375,2025-12-13 19:28:13.639528+00:00
2025-02-06 20:00:00+01:00,143.16500000000002,2025-12-13 19:28:13.639528+00:00
2025-02-06 21:00:00+01:00,132.5725,2025-12-13 19:28:13.639528+00:00
2025-02-06 22:00:00+01:00,130.57,2025-12-13 19:28:13.639528+00:00
2025-02-06 23:00:00+01:00,116.9525,2025-12-13 19:28:13.639528+00:00
2025-02-07 00:00:00+01:00,121.465,2025-12-13 19:28:13.639528+00:00
2025-02-07 01:00:00+01:00,111.73625,2025-12-13 19:28:13.639528+00:00
2025-02-07 02:00:00+01:00,107.41499999999999,2025-12-13 19:28:13.639528+00:00
2025-02-07 03:00:00+01:00,103.39875,2025-12-13 19:28:13.639528+00:00
2025-02-07 04:00:00+01:00,102.60625,2025-12-13 19:28:13.639528+00:00
2025-02-07 05:00:00+01:00,104.79625,2025-12-13 19:28:13.639528+00:00
2025-02-07 06:00:00+01:00,114.6575,2025-12-13 19:28:13.639528+00:00
2025-02-07 07:00:00+01:00,141.3425,2025-12-13 19:28:13.639528+00:00
2025-02-07 08:00:00+01:00,159.03375,2025-12-13 19:28:13.639528+00:00
2025-02-07 09:00:00+01:00,145.16875000000002,2025-12-13 19:28:13.639528+00:00
2025-02-07 10:00:00+01:00,126.4425,2025-12-13 19:28:13.639528+00:00
2025-02-07 11:00:00+01:00,110.11375,2025-12-13 19:28:13.639528+00:00
2025-02-07 12:00:00+01:00,104.57625,2025-12-13 19:28:13.639528+00:00
2025-02-07 13:00:00+01:00,101.48125,2025-12-13 19:28:13.639528+00:00
2025-02-07 14:00:00+01:00,104.17625,2025-12-13 19:28:13.639528+00:00
2025-02-07 15:00:00+01:00,111.20750000000001,2025-12-13 19:28:13.639528+00:00
2025-02-07 16:00:00+01:00,125.925,2025-12-13 19:28:13.639528+00:00
2025-02-07 17:00:00+01:00,139.42625,2025-12-13 19:28:13.639528+00:00
2025-02-07 18:00:00+01:00,143.9725,2025-12-13 19:28:13.639528+00:00
2025-02-07 19:00:00+01:00,138.61374999999998,2025-12-13 19:28:13.639528+00:00
2025-02-07 20:00:00+01:00,123.95875000000001,2025-12-13 19:28:13.639528+00:00
2025-02-07 21:00:00+01:00,105.42125,2025-12-13 19:28:13.639528+00:00
2025-02-07 22:00:00+01:00,102.785,2025-12-13 19:28:13.639528+00:00
2025-02-07 23:00:00+01:00,102.38625,2025-12-13 19:28:13.639528+00:00
2025-02-08 00:00:00+01:00,87.265,2025-12-13 19:28:13.639528+00:00
2025-02-08 01:00:00+01:00,88.525,2025-12-13 19:28:13.639528+00:00
2025-02-08 02:00:00+01:00,88.25125,2025-12-13 19:28:13.639528+00:00
2025-02-08 03:00:00+01:00,88.64125,2025-12-13 19:28:13.639528+00:00
2025-02-08 04:00:00+01:00,89.9075,2025-12-13 19:28:13.639528+00:00
2025-02-08 05:00:00+01:00,89.77,2025-12-13 19:28:13.639528+00:00
2025-02-08 06:00:00+01:00,91.015,2025-12-13 19:28:13.639528+00:00
2025-02-08 07:00:00+01:00,96.21625,2025-12-13 19:28:13.639528+00:00
2025-02-08 08:00:00+01:00,112.3675,2025-12-13 19:28:13.639528+00:00
2025-02-08 09:00:00+01:00,97.75375,2025-12-13 19:28:13.639528+00:00
2025-02-08 10:00:00+01:00,83.4775,2025-12-13 19:28:13.639528+00:00
2025-02-08 11:00:00+01:00,75.32625,2025-12-13 19:28:13.639528+00:00
2025-02-08 12:00:00+01:00,74.77875,2025-12-13 19:28:13.639528+00:00
2025-02-08 13:00:00+01:00,81.30125,2025-12-13 19:28:13.639528+00:00
2025-02-08 14:00:00+01:00,90.01875,2025-12-13 19:28:13.639528+00:00
2025-02-08 15:00:00+01:00,116.10125,2025-12-13 19:28:13.639528+00:00
2025-02-08 16:00:00+01:00,137.71125,2025-12-13 19:28:13.639528+00:00
2025-02-08 17:00:00+01:00,150.32,2025-12-13 19:28:13.639528+00:00
2025-02-08 18:00:00+01:00,159.7575,2025-12-13 19:28:13.639528+00:00
2025-02-08 19:00:00+01:00,157.81125,2025-12-13 19:28:13.639528+00:00
2025-02-08 20:00:00+01:00,150.20624999999998,2025-12-13 19:28:13.639528+00:00
2025-02-08 21:00:00+01:00,145.5575,2025-12-13 19:28:13.639528+00:00
2025-02-08 22:00:00+01:00,143.2025,2025-12-13 19:28:13.639528+00:00
2025-02-08 23:00:00+01:00,136.60375,2025-12-13 19:28:13.639528+00:00
2025-02-09 00:00:00+01:00,134.335,2025-12-13 19:28:13.639528+00:00
2025-02-09 01:00:00+01:00,131.64,2025-12-13 19:28:13.639528+00:00
2025-02-09 02:00:00+01:00,129.39000000000001,2025-12-13 19:28:13.639528+00:00
2025-02-09 03:00:00+01:00,121.95,2025-12-13 19:28:13.639528+00:00
2025-02-09 04:00:00+01:00,121.57875,2025-12-13 19:28:13.639528+00:00
2025-02-09 05:00:00+01:00,119.68625,2025-12-13 19:28:13.639528+00:00
2025-02-09 06:00:00+01:00,120.5075,2025-12-13 19:28:13.639528+00:00
2025-02-09 07:00:00+01:00,132.115,2025-12-13 19:28:13.639528+00:00
2025-02-09 08:00:00+01:00,137.01875,2025-12-13 19:28:13.639528+00:00
2025-02-09 09:00:00+01:00,126.06625,2025-12-13 19:28:13.639528+00:00
2025-02-09 10:00:00+01:00,114.39250000000001,2025-12-13 19:28:13.639528+00:00
2025-02-09 11:00:00+01:00,108.23,2025-12-13 19:28:13.639528+00:00
2025-02-09 12:00:00+01:00,102.405,2025-12-13 19:28:13.639528+00:00
2025-02-09 13:00:00+01:00,98.76375,2025-12-13 19:28:13.639528+00:00
2025-02-09 14:00:00+01:00,109.55000000000001,2025-12-13 19:28:13.639528+00:00
2025-02-09 15:00:00+01:00,118.84125,2025-12-13 19:28:13.639528+00:00
2025-02-09 16:00:00+01:00,136.23000000000002,2025-12-13 19:28:13.639528+00:00
2025-02-09 17:00:00+01:00,147.36375,2025-12-13 19:28:13.639528+00:00
2025-02-09 18:00:00+01:00,158.08875,2025-12-13 19:28:13.639528+00:00
2025-02-09 19:00:00+01:00,153.275,2025-12-13 19:28:13.639528+00:00
2025-02-09 20:00:00+01:00,146.99125,2025-12-13 19:28:13.639528+00:00
2025-02-09 21:00:00+01:00,139.38,2025-12-13 19:28:13.639528+00:00
2025-02-09 22:00:00+01:00,139.1875,2025-12-13 19:28:13.639528+00:00
2025-02-09 23:00:00+01:00,125.92375,2025-12-13 19:28:13.639528+00:00
2025-02-10 00:00:00+01:00,118.73125,2025-12-13 19:28:13.639528+00:00
2025-02-10 01:00:00+01:00,114.59625,2025-12-13 19:28:13.639528+00:00
2025-02-10 02:00:00+01:00,112.26125,2025-12-13 19:28:13.639528+00:00
2025-02-10 03:00:00+01:00,110.21000000000001,2025-12-13 19:28:13.639528+00:00
2025-02-10 04:00:00+01:00,105.91499999999999,2025-12-13 19:28:13.639528+00:00
2025-02-10 05:00:00+01:00,114.89875,2025-12-13 19:28:13.639528+00:00
2025-02-10 06:00:00+01:00,141.325,2025-12-13 19:28:13.639528+00:00
2025-02-10 07:00:00+01:00,162.4775,2025-12-13 19:28:13.639528+00:00
2025-02-10 08:00:00+01:00,177.035,2025-12-13 19:28:13.639528+00:00
2025-02-10 09:00:00+01:00,160.74,2025-12-13 19:28:13.639528+00:00
2025-02-10 10:00:00+01:00,138.19125,2025-12-13 19:28:13.639528+00:00
2025-02-10 11:00:00+01:00,120.755,2025-12-13 19:28:13.639528+00:00
2025-02-10 12:00:00+01:00,114.94875,2025-12-13 19:28:13.639528+00:00
2025-02-10 13:00:00+01:00,114.13875,2025-12-13 19:28:13.639528+00:00
2025-02-10 14:00:00+01:00,123.4825,2025-12-13 19:28:13.639528+00:00
2025-02-10 15:00:00+01:00,129.82874999999999,2025-12-13 19:28:13.639528+00:00
2025-02-10 16:00:00+01:00,136.14000000000001,2025-12-13 19:28:13.639528+00:00
2025-02-10 17:00:00+01:00,145.37,2025-12-13 19:28:13.639528+00:00
2025-02-10 18:00:00+01:00,152.31625,2025-12-13 19:28:13.639528+00:00
2025-02-10 19:00:00+01:00,135.71375,2025-12-13 19:28:13.639528+00:00
2025-02-10 20:00:00+01:00,114.055,2025-12-13 19:28:13.639528+00:00
2025-02-10 21:00:00+01:00,106.39,2025-12-13 19:28:13.639528+00:00
2025-02-10 22:00:00+01:00,102.07375,2025-12-13 19:28:13.639528+00:00
2025-02-10 23:00:00+01:00,97.7575,2025-12-13 19:28:13.639528+00:00
2025-02-11 00:00:00+01:00,73.89750000000001,2025-12-13 19:28:13.639528+00:00
2025-02-11 01:00:00+01:00,70.24375,2025-12-13 19:28:13.639528+00:00
2025-02-11 02:00:00+01:00,69.5675,2025-12-13 19:28:13.639528+00:00
2025-02-11 03:00:00+01:00,71.425,2025-12-13 19:28:13.639528+00:00
2025-02-11 04:00:00+01:00,74.42875000000001,2025-12-13 19:28:13.639528+00:00
2025-02-11 05:00:00+01:00,83.02,2025-12-13 19:28:13.639528+00:00
2025-02-11 06:00:00+01:00,103.53,2025-12-13 19:28:13.639528+00:00
2025-02-11 07:00:00+01:00,134.92875,2025-12-13 19:28:13.639528+00:00
2025-02-11 08:00:00+01:00,151.94,2025-12-13 19:28:13.639528+00:00
2025-02-11 09:00:00+01:00,137.0275,2025-12-13 19:28:13.639528+00:00
2025-02-11 10:00:00+01:00,108.77875,2025-12-13 19:28:13.639528+00:00
2025-02-11 11:00:00+01:00,104.64,2025-12-13 19:28:13.639528+00:00
2025-02-11 12:00:00+01:00,105.3425,2025-12-13 19:28:13.639528+00:00
2025-02-11 13:00:00+01:00,113.31,2025-12-13 19:28:13.639528+00:00
2025-02-11 14:00:00+01:00,120.53375,2025-12-13 19:28:13.639528+00:00
2025-02-11 15:00:00+01:00,141.12125,2025-12-13 19:28:13.639528+00:00
2025-02-11 16:00:00+01:00,142.785,2025-12-13 19:28:13.639528+00:00
2025-02-11 17:00:00+01:00,160.67000000000002,2025-12-13 19:28:13.639528+00:00
2025-02-11 18:00:00+01:00,173.18,2025-12-13 19:28:13.639528+00:00
2025-02-11 19:00:00+01:00,171.20125,2025-12-13 19:28:13.639528+00:00
2025-02-11 20:00:00+01:00,160.71625,2025-12-13 19:28:13.639528+00:00
2025-02-11 21:00:00+01:00,147.325,2025-12-13 19:28:13.639528+00:00
2025-02-11 22:00:00+01:00,141.0075,2025-12-13 19:28:13.639528+00:00
2025-02-11 23:00:00+01:00,126.92125,2025-12-13 19:28:13.639528+00:00
2025-02-12 00:00:00+01:00,126.015,2025-12-13 19:28:13.639528+00:00
2025-02-12 01:00:00+01:00,123.63624999999999,2025-12-13 19:28:13.639528+00:00
2025-02-12 02:00:00+01:00,122.70125,2025-12-13 19:28:13.639528+00:00
2025-02-12 03:00:00+01:00,122.51125,2025-12-13 19:28:13.639528+00:00
2025-02-12 04:00:00+01:00,124.24125000000001,2025-12-13 19:28:13.639528+00:00
2025-02-12 05:00:00+01:00,129.59,2025-12-13 19:28:13.639528+00:00
2025-02-12 06:00:00+01:00,149.64625,2025-12-13 19:28:13.639528+00:00
2025-02-12 07:00:00+01:00,169.37,2025-12-13 19:28:13.639528+00:00
2025-02-12 08:00:00+01:00,186.12375,2025-12-13 19:28:13.639528+00:00
2025-02-12 09:00:00+01:00,176.3375,2025-12-13 19:28:13.639528+00:00
2025-02-12 10:00:00+01:00,159.25125,2025-12-13 19:28:13.639528+00:00
2025-02-12 11:00:00+01:00,146.055,2025-12-13 19:28:13.639528+00:00
2025-02-12 12:00:00+01:00,138.32375,2025-12-13 19:28:13.639528+00:00
2025-02-12 13:00:00+01:00,142.40375,2025-12-13 19:28:13.639528+00:00
2025-02-12 14:00:00+01:00,148.82125,2025-12-13 19:28:13.639528+00:00
2025-02-12 15:00:00+01:00,159.58374999999998,2025-12-13 19:28:13.639528+00:00
2025-02-12 16:00:00+01:00,172.12375,2025-12-13 19:28:13.639528+00:00
2025-02-12 17:00:00+01:00,179.31375,2025-12-13 19:28:13.639528+00:00
2025-02-12 18:00:00+01:00,191.27625,2025-12-13 19:28:13.639528+00:00
2025-02-12 19:00:00+01:00,189.27499999999998,2025-12-13 19:28:13.639528+00:00
2025-02-12 20:00:00+01:00,172.16875,2025-12-13 19:28:13.639528+00:00
2025-02-12 21:00:00+01:00,156.2525,2025-12-13 19:28:13.639528+00:00
2025-02-12 22:00:00+01:00,149.87125,2025-12-13 19:28:13.639528+00:00
2025-02-12 23:00:00+01:00,139.99625,2025-12-13 19:28:13.639528+00:00
2025-02-13 00:00:00+01:00,144.615,2025-12-13 19:28:13.639528+00:00
2025-02-13 01:00:00+01:00,138.7575,2025-12-13 19:28:13.639528+00:00
2025-02-13 02:00:00+01:00,137.71125,2025-12-13 19:28:13.639528+00:00
2025-02-13 03:00:00+01:00,135.4125,2025-12-13 19:28:13.639528+00:00
2025-02-13 04:00:00+01:00,137.48875,2025-12-13 19:28:13.639528+00:00
2025-02-13 05:00:00+01:00,142.26,2025-12-13 19:28:13.639528+00:00
2025-02-13 06:00:00+01:00,160.23375000000001,2025-12-13 19:28:13.639528+00:00
2025-02-13 07:00:00+01:00,188.71375,2025-12-13 19:28:13.639528+00:00
2025-02-13 08:00:00+01:00,219.0875,2025-12-13 19:28:13.639528+00:00
2025-02-13 09:00:00+01:00,205.4925,2025-12-13 19:28:13.639528+00:00
2025-02-13 10:00:00+01:00,189.40375,2025-12-13 19:28:13.639528+00:00
2025-02-13 11:00:00+01:00,175.83875,2025-12-13 19:28:13.639528+00:00
2025-02-13 12:00:00+01:00,165.6575,2025-12-13 19:28:13.639528+00:00
2025-02-13 13:00:00+01:00,163.41875,2025-12-13 19:28:13.639528+00:00
2025-02-13 14:00:00+01:00,162.55625,2025-12-13 19:28:13.639528+00:00
2025-02-13 15:00:00+01:00,168.33125,2025-12-13 19:28:13.639528+00:00
2025-02-13 16:00:00+01:00,178.72125,2025-12-13 19:28:13.639528+00:00
2025-02-13 17:00:00+01:00,200.20250000000001,2025-12-13 19:28:13.639528+00:00
2025-02-13 18:00:00+01:00,202.03375,2025-12-13 19:28:13.639528+00:00
2025-02-13 19:00:00+01:00,194.0075,2025-12-13 19:28:13.639528+00:00
2025-02-13 20:00:00+01:00,175.7775,2025-12-13 19:28:13.639528+00:00
2025-02-13 21:00:00+01:00,161.25,2025-12-13 19:28:13.639528+00:00
2025-02-13 22:00:00+01:00,152.34,2025-12-13 19:28:13.639528+00:00
2025-02-13 23:00:00+01:00,139.78375,2025-12-13 19:28:13.639528+00:00
2025-02-14 00:00:00+01:00,138.99875,2025-12-13 19:28:13.639528+00:00
2025-02-14 01:00:00+01:00,133.9,2025-12-13 19:28:13.639528+00:00
2025-02-14 02:00:00+01:00,131.64875,2025-12-13 19:28:13.639528+00:00
2025-02-14 03:00:00+01:00,130.925,2025-12-13 19:28:13.639528+00:00
2025-02-14 04:00:00+01:00,132.9425,2025-12-13 19:28:13.639528+00:00
2025-02-14 05:00:00+01:00,142.14375,2025-12-13 19:28:13.639528+00:00
2025-02-14 06:00:00+01:00,172.77124999999998,2025-12-13 19:28:13.639528+00:00
2025-02-14 07:00:00+01:00,230.78875,2025-12-13 19:28:13.639528+00:00
2025-02-14 08:00:00+01:00,257.70875,2025-12-13 19:28:13.639528+00:00
2025-02-14 09:00:00+01:00,226.92000000000002,2025-12-13 19:28:13.639528+00:00
2025-02-14 10:00:00+01:00,190.9975,2025-12-13 19:28:13.639528+00:00
2025-02-14 11:00:00+01:00,172.7575,2025-12-13 19:28:13.639528+00:00
2025-02-14 12:00:00+01:00,160.99625,2025-12-13 19:28:13.639528+00:00
2025-02-14 13:00:00+01:00,159.81875000000002,2025-12-13 19:28:13.639528+00:00
2025-02-14 14:00:00+01:00,168.7125,2025-12-13 19:28:13.639528+00:00
2025-02-14 15:00:00+01:00,194.715,2025-12-13 19:28:13.639528+00:00
2025-02-14 16:00:00+01:00,214.92374999999998,2025-12-13 19:28:13.639528+00:00
2025-02-14 17:00:00+01:00,302.10875,2025-12-13 19:28:13.639528+00:00
2025-02-14 18:00:00+01:00,287.275,2025-12-13 19:28:13.639528+00:00
2025-02-14 19:00:00+01:00,226.3225,2025-12-13 19:28:13.639528+00:00
2025-02-14 20:00:00+01:00,193.6225,2025-12-13 19:28:13.639528+00:00
2025-02-14 21:00:00+01:00,168.9875,2025-12-13 19:28:13.639528+00:00
2025-02-14 22:00:00+01:00,156.755,2025-12-13 19:28:13.639528+00:00
2025-02-14 23:00:00+01:00,144.93,2025-12-13 19:28:13.639528+00:00
2025-02-15 00:00:00+01:00,137.505,2025-12-13 19:28:13.639528+00:00
2025-02-15 01:00:00+01:00,131.6125,2025-12-13 19:28:13.639528+00:00
2025-02-15 02:00:00+01:00,124.5125,2025-12-13 19:28:13.639528+00:00
2025-02-15 03:00:00+01:00,122.14625000000001,2025-12-13 19:28:13.639528+00:00
2025-02-15 04:00:00+01:00,123.15,2025-12-13 19:28:13.639528+00:00
2025-02-15 05:00:00+01:00,124.05875,2025-12-13 19:28:13.639528+00:00
2025-02-15 06:00:00+01:00,132.565,2025-12-13 19:28:13.639528+00:00
2025-02-15 07:00:00+01:00,146.42875,2025-12-13 19:28:13.639528+00:00
2025-02-15 08:00:00+01:00,150.56625,2025-12-13 19:28:13.639528+00:00
2025-02-15 09:00:00+01:00,137.46625,2025-12-13 19:28:13.639528+00:00
2025-02-15 10:00:00+01:00,127.64625000000001,2025-12-13 19:28:13.639528+00:00
2025-02-15 11:00:00+01:00,120.0975,2025-12-13 19:28:13.639528+00:00
2025-02-15 12:00:00+01:00,113.33500000000001,2025-12-13 19:28:13.639528+00:00
2025-02-15 13:00:00+01:00,111.74625,2025-12-13 19:28:13.639528+00:00
2025-02-15 14:00:00+01:00,117.98500000000001,2025-12-13 19:28:13.639528+00:00
2025-02-15 15:00:00+01:00,132.26,2025-12-13 19:28:13.639528+00:00
2025-02-15 16:00:00+01:00,149.02249999999998,2025-12-13 19:28:13.639528+00:00
2025-02-15 17:00:00+01:00,169.49375,2025-12-13 19:28:13.639528+00:00
2025-02-15 18:00:00+01:00,177.85125,2025-12-13 19:28:13.639528+00:00
2025-02-15 19:00:00+01:00,167.15375,2025-12-13 19:28:13.639528+00:00
2025-02-15 20:00:00+01:00,152.08875,2025-12-13 19:28:13.639528+00:00
2025-02-15 21:00:00+01:00,136.04625,2025-12-13 19:28:13.639528+00:00
2025-02-15 22:00:00+01:00,134.11125,2025-12-13 19:28:13.639528+00:00
2025-02-15 23:00:00+01:00,126.435,2025-12-13 19:28:13.639528+00:00
2025-02-16 00:00:00+01:00,131.75125,2025-12-13 19:28:13.639528+00:00
2025-02-16 01:00:00+01:00,126.69,2025-12-13 19:28:13.639528+00:00
2025-02-16 02:00:00+01:00,121.7825,2025-12-13 19:28:13.639528+00:00
2025-02-16 03:00:00+01:00,118.38125,2025-12-13 19:28:13.639528+00:00
2025-02-16 04:00:00+01:00,118.03999999999999,2025-12-13 19:28:13.639528+00:00
2025-02-16 05:00:00+01:00,117.995,2025-12-13 19:28:13.639528+00:00
2025-02-16 06:00:00+01:00,117.78625,2025-12-13 19:28:13.639528+00:00
2025-02-16 07:00:00+01:00,124.87125,2025-12-13 19:28:13.639528+00:00
2025-02-16 08:00:00+01:00,126.82375,2025-12-13 19:28:13.639528+00:00
2025-02-16 09:00:00+01:00,123.19500000000001,2025-12-13 19:28:13.639528+00:00
2025-02-16 10:00:00+01:00,117.83125,2025-12-13 19:28:13.639528+00:00
2025-02-16 11:00:00+01:00,112.55125,2025-12-13 19:28:13.639528+00:00
2025-02-16 12:00:00+01:00,111.84625,2025-12-13 19:28:13.639528+00:00
2025-02-16 13:00:00+01:00,107.94624999999999,2025-12-13 19:28:13.639528+00:00
2025-02-16 14:00:00+01:00,111.36749999999999,2025-12-13 19:28:13.639528+00:00
2025-02-16 15:00:00+01:00,122.58000000000001,2025-12-13 19:28:13.639528+00:00
2025-02-16 16:00:00+01:00,135.34,2025-12-13 19:28:13.639528+00:00
2025-02-16 17:00:00+01:00,150.9125,2025-12-13 19:28:13.639528+00:00
2025-02-16 18:00:00+01:00,163.40625,2025-12-13 19:28:13.639528+00:00
2025-02-16 19:00:00+01:00,157.5975,2025-12-13 19:28:13.639528+00:00
2025-02-16 20:00:00+01:00,150.00875,2025-12-13 19:28:13.639528+00:00
2025-02-16 21:00:00+01:00,138.72125,2025-12-13 19:28:13.639528+00:00
2025-02-16 22:00:00+01:00,136.51625,2025-12-13 19:28:13.639528+00:00
2025-02-16 23:00:00+01:00,130.15625,2025-12-13 19:28:13.639528+00:00
2025-02-17 00:00:00+01:00,126.9675,2025-12-13 19:28:13.639528+00:00
2025-02-17 01:00:00+01:00,123.805,2025-12-13 19:28:13.639528+00:00
2025-02-17 02:00:00+01:00,121.305,2025-12-13 19:28:13.639528+00:00
2025-02-17 03:00:00+01:00,122.52499999999999,2025-12-13 19:28:13.639528+00:00
2025-02-17 04:00:00+01:00,124.41499999999999,2025-12-13 19:28:13.639528+00:00
2025-02-17 05:00:00+01:00,131.57,2025-12-13 19:28:13.639528+00:00
2025-02-17 06:00:00+01:00,159.60125,2025-12-13 19:28:13.639528+00:00
2025-02-17 07:00:00+01:00,207.55875,2025-12-13 19:28:13.639528+00:00
2025-02-17 08:00:00+01:00,208.09875,2025-12-13 19:28:13.639528+00:00
2025-02-17 09:00:00+01:00,171.4275,2025-12-13 19:28:13.639528+00:00
2025-02-17 10:00:00+01:00,137.32625,2025-12-13 19:28:13.639528+00:00
2025-02-17 11:00:00+01:00,119.8325,2025-12-13 19:28:13.639528+00:00
2025-02-17 12:00:00+01:00,114.68625,2025-12-13 19:28:13.639528+00:00
2025-02-17 13:00:00+01:00,113.25999999999999,2025-12-13 19:28:13.639528+00:00
2025-02-17 14:00:00+01:00,117.17875000000001,2025-12-13 19:28:13.639528+00:00
2025-02-17 15:00:00+01:00,136.08,2025-12-13 19:28:13.639528+00:00
2025-02-17 16:00:00+01:00,163.77625,2025-12-13 19:28:13.639528+00:00
2025-02-17 17:00:00+01:00,234.2925,2025-12-13 19:28:13.639528+00:00
2025-02-17 18:00:00+01:00,272.7625,2025-12-13 19:28:13.639528+00:00
2025-02-17 19:00:00+01:00,214.09625,2025-12-13 19:28:13.639528+00:00
2025-02-17 20:00:00+01:00,181.78,2025-12-13 19:28:13.639528+00:00
2025-02-17 21:00:00+01:00,161.495,2025-12-13 19:28:13.639528+00:00
2025-02-17 22:00:00+01:00,147.1825,2025-12-13 19:28:13.639528+00:00
2025-02-17 23:00:00+01:00,135.62875,2025-12-13 19:28:13.639528+00:00
2025-02-18 00:00:00+01:00,134.265,2025-12-13 19:28:13.639528+00:00
2025-02-18 01:00:00+01:00,128.335,2025-12-13 19:28:13.639528+00:00
2025-02-18 02:00:00+01:00,125.74875,2025-12-13 19:28:13.639528+00:00
2025-02-18 03:00:00+01:00,122.39750000000001,2025-12-13 19:28:13.639528+00:00
2025-02-18 04:00:00+01:00,122.29375,2025-12-13 19:28:13.639528+00:00
2025-02-18 05:00:00+01:00,127.35875,2025-12-13 19:28:13.639528+00:00
2025-02-18 06:00:00+01:00,148.94625000000002,2025-12-13 19:28:13.639528+00:00
2025-02-18 07:00:00+01:00,191.92000000000002,2025-12-13 19:28:13.639528+00:00
2025-02-18 08:00:00+01:00,190.59625,2025-12-13 19:28:13.639528+00:00
2025-02-18 09:00:00+01:00,148.20125000000002,2025-12-13 19:28:13.639528+00:00
2025-02-18 10:00:00+01:00,124.97500000000001,2025-12-13 19:28:13.639528+00:00
2025-02-18 11:00:00+01:00,107.87,2025-12-13 19:28:13.639528+00:00
2025-02-18 12:00:00+01:00,96.1525,2025-12-13 19:28:13.639528+00:00
2025-02-18 13:00:00+01:00,91.63375,2025-12-13 19:28:13.639528+00:00
2025-02-18 14:00:00+01:00,99.06875,2025-12-13 19:28:13.639528+00:00
2025-02-18 15:00:00+01:00,113.2525,2025-12-13 19:28:13.639528+00:00
2025-02-18 16:00:00+01:00,135.29375,2025-12-13 19:28:13.639528+00:00
2025-02-18 17:00:00+01:00,175.14000000000001,2025-12-13 19:28:13.639528+00:00
2025-02-18 18:00:00+01:00,175.93375,2025-12-13 19:28:13.639528+00:00
2025-02-18 19:00:00+01:00,159.1775,2025-12-13 19:28:13.639528+00:00
2025-02-18 20:00:00+01:00,143.29874999999998,2025-12-13 19:28:13.639528+00:00
2025-02-18 21:00:00+01:00,128.67374999999998,2025-12-13 19:28:13.639528+00:00
2025-02-18 22:00:00+01:00,121.55,2025-12-13 19:28:13.639528+00:00
2025-02-18 23:00:00+01:00,113.09375,2025-12-13 19:28:13.639528+00:00
2025-02-19 00:00:00+01:00,106.32000000000001,2025-12-13 19:28:13.639528+00:00
2025-02-19 01:00:00+01:00,101.39,2025-12-13 19:28:13.639528+00:00
2025-02-19 02:00:00+01:00,100.92999999999999,2025-12-13 19:28:13.639528+00:00
2025-02-19 03:00:00+01:00,98.4425,2025-12-13 19:28:13.639528+00:00
2025-02-19 04:00:00+01:00,97.0775,2025-12-13 19:28:13.639528+00:00
2025-02-19 05:00:00+01:00,100.42625,2025-12-13 19:28:13.639528+00:00
2025-02-19 06:00:00+01:00,118.43625,2025-12-13 19:28:13.639528+00:00
2025-02-19 07:00:00+01:00,147.29875,2025-12-13 19:28:13.639528+00:00
2025-02-19 08:00:00+01:00,159.50375,2025-12-13 19:28:13.639528+00:00
2025-02-19 09:00:00+01:00,127.0975,2025-12-13 19:28:13.639528+00:00
2025-02-19 10:00:00+01:00,104.45125,2025-12-13 19:28:13.639528+00:00
2025-02-19 11:00:00+01:00,85.3475,2025-12-13 19:28:13.639528+00:00
2025-02-19 12:00:00+01:00,80.54875,2025-12-13 19:28:13.639528+00:00
2025-02-19 13:00:00+01:00,79.82625,2025-12-13 19:28:13.639528+00:00
2025-02-19 14:00:00+01:00,83.20875000000001,2025-12-13 19:28:13.639528+00:00
2025-02-19 15:00:00+01:00,96.00874999999999,2025-12-13 19:28:13.639528+00:00
2025-02-19 16:00:00+01:00,112.96625,2025-12-13 19:28:13.639528+00:00
2025-02-19 17:00:00+01:00,137.97625,2025-12-13 19:28:13.639528+00:00
2025-02-19 18:00:00+01:00,147.2625,2025-12-13 19:28:13.639528+00:00
2025-02-19 19:00:00+01:00,143.10999999999999,2025-12-13 19:28:13.639528+00:00
2025-02-19 20:00:00+01:00,123.47375,2025-12-13 19:28:13.639528+00:00
2025-02-19 21:00:00+01:00,115.185,2025-12-13 19:28:13.639528+00:00
2025-02-19 22:00:00+01:00,108.2,2025-12-13 19:28:13.639528+00:00
2025-02-19 23:00:00+01:00,101.53,2025-12-13 19:28:13.639528+00:00
2025-02-20 00:00:00+01:00,90.2325,2025-12-13 19:28:13.639528+00:00
2025-02-20 01:00:00+01:00,88.16625,2025-12-13 19:28:13.639528+00:00
2025-02-20 02:00:00+01:00,87.025,2025-12-13 19:28:13.639528+00:00
2025-02-20 03:00:00+01:00,84.4675,2025-12-13 19:28:13.639528+00:00
2025-02-20 04:00:00+01:00,83.58875,2025-12-13 19:28:13.639528+00:00
2025-02-20 05:00:00+01:00,87.02375,2025-12-13 19:28:13.639528+00:00
2025-02-20 06:00:00+01:00,95.67750000000001,2025-12-13 19:28:13.639528+00:00
2025-02-20 07:00:00+01:00,122.515,2025-12-13 19:28:13.639528+00:00
2025-02-20 08:00:00+01:00,134.985,2025-12-13 19:28:13.639528+00:00
2025-02-20 09:00:00+01:00,113.19,2025-12-13 19:28:13.639528+00:00
2025-02-20 10:00:00+01:00,99.64625,2025-12-13 19:28:13.639528+00:00
2025-02-20 11:00:00+01:00,90.80875,2025-12-13 19:28:13.639528+00:00
2025-02-20 12:00:00+01:00,88.47875,2025-12-13 19:28:13.639528+00:00
2025-02-20 13:00:00+01:00,87.0175,2025-12-13 19:28:13.639528+00:00
2025-02-20 14:00:00+01:00,89.94,2025-12-13 19:28:13.639528+00:00
2025-02-20 15:00:00+01:00,96.225,2025-12-13 19:28:13.639528+00:00
2025-02-20 16:00:00+01:00,104.97125,2025-12-13 19:28:13.639528+00:00
2025-02-20 17:00:00+01:00,116.0875,2025-12-13 19:28:13.639528+00:00
2025-02-20 18:00:00+01:00,119.0375,2025-12-13 19:28:13.639528+00:00
2025-02-20 19:00:00+01:00,123.38,2025-12-13 19:28:13.639528+00:00
2025-02-20 20:00:00+01:00,108.02875,2025-12-13 19:28:13.639528+00:00
2025-02-20 21:00:00+01:00,95.605,2025-12-13 19:28:13.639528+00:00
2025-02-20 22:00:00+01:00,93.40125,2025-12-13 19:28:13.639528+00:00
2025-02-20 23:00:00+01:00,84.08375,2025-12-13 19:28:13.639528+00:00
2025-02-21 00:00:00+01:00,77.29625,2025-12-13 19:28:13.639528+00:00
2025-02-21 01:00:00+01:00,75.98125,2025-12-13 19:28:13.639528+00:00
2025-02-21 02:00:00+01:00,77.26375,2025-12-13 19:28:13.639528+00:00
2025-02-21 03:00:00+01:00,80.0925,2025-12-13 19:28:13.639528+00:00
2025-02-21 04:00:00+01:00,81.2825,2025-12-13 19:28:13.639528+00:00
2025-02-21 05:00:00+01:00,82.95375,2025-12-13 19:28:13.639528+00:00
2025-02-21 06:00:00+01:00,106.06,2025-12-13 19:28:13.639528+00:00
2025-02-21 07:00:00+01:00,145.9925,2025-12-13 19:28:13.639528+00:00
2025-02-21 08:00:00+01:00,145.835,2025-12-13 19:28:13.639528+00:00
2025-02-21 09:00:00+01:00,123.14125,2025-12-13 19:28:13.639528+00:00
2025-02-21 10:00:00+01:00,101.265,2025-12-13 19:28:13.639528+00:00
2025-02-21 11:00:00+01:00,84.185,2025-12-13 19:28:13.639528+00:00
2025-02-21 12:00:00+01:00,79.47625,2025-12-13 19:28:13.639528+00:00
2025-02-21 13:00:00+01:00,78.2975,2025-12-13 19:28:13.639528+00:00
2025-02-21 14:00:00+01:00,79.81625,2025-12-13 19:28:13.639528+00:00
2025-02-21 15:00:00+01:00,83.8775,2025-12-13 19:28:13.639528+00:00
2025-02-21 16:00:00+01:00,98.88374999999999,2025-12-13 19:28:13.639528+00:00
2025-02-21 17:00:00+01:00,105.31375,2025-12-13 19:28:13.639528+00:00
2025-02-21 18:00:00+01:00,102.315,2025-12-13 19:28:13.639528+00:00
2025-02-21 19:00:00+01:00,86.45875000000001,2025-12-13 19:28:13.639528+00:00
2025-02-21 20:00:00+01:00,80.7125,2025-12-13 19:28:13.639528+00:00
2025-02-21 21:00:00+01:00,72.33749999999999,2025-12-13 19:28:13.639528+00:00
2025-02-21 22:00:00+01:00,70.92375,2025-12-13 19:28:13.639528+00:00
2025-02-21 23:00:00+01:00,65.43625,2025-12-13 19:28:13.639528+00:00
2025-02-22 00:00:00+01:00,53.88,2025-12-13 19:28:13.639528+00:00
2025-02-22 01:00:00+01:00,50.3925,2025-12-13 19:28:13.639528+00:00
2025-02-22 02:00:00+01:00,48.9025,2025-12-13 19:28:13.639528+00:00
2025-02-22 03:00:00+01:00,44.58625,2025-12-13 19:28:13.639528+00:00
2025-02-22 04:00:00+01:00,43.93625,2025-12-13 19:28:13.639528+00:00
2025-02-22 05:00:00+01:00,50.17125,2025-12-13 19:28:13.639528+00:00
2025-02-22 06:00:00+01:00,54.1225,2025-12-13 19:28:13.639528+00:00
2025-02-22 07:00:00+01:00,66.22999999999999,2025-12-13 19:28:13.639528+00:00
2025-02-22 08:00:00+01:00,72.27625,2025-12-13 19:28:13.639528+00:00
2025-02-22 09:00:00+01:00,67.68124999999999,2025-12-13 19:28:13.639528+00:00
2025-02-22 10:00:00+01:00,54.837500000000006,2025-12-13 19:28:13.639528+00:00
2025-02-22 11:00:00+01:00,48.35,2025-12-13 19:28:13.639528+00:00
2025-02-22 12:00:00+01:00,43.7875,2025-12-13 19:28:13.639528+00:00
2025-02-22 13:00:00+01:00,50.8,2025-12-13 19:28:13.639528+00:00
2025-02-22 14:00:00+01:00,61.84375,2025-12-13 19:28:13.639528+00:00
2025-02-22 15:00:00+01:00,80.17875,2025-12-13 19:28:13.639528+00:00
2025-02-22 16:00:00+01:00,95.875,2025-12-13 19:28:13.639528+00:00
2025-02-22 17:00:00+01:00,106.24,2025-12-13 19:28:13.639528+00:00
2025-02-22 18:00:00+01:00,110.965,2025-12-13 19:28:13.639528+00:00
2025-02-22 19:00:00+01:00,113.28875000000001,2025-12-13 19:28:13.639528+00:00
2025-02-22 20:00:00+01:00,101.265,2025-12-13 19:28:13.639528+00:00
2025-02-22 21:00:00+01:00,95.67125,2025-12-13 19:28:13.639528+00:00
2025-02-22 22:00:00+01:00,91.985,2025-12-13 19:28:13.639528+00:00
2025-02-22 23:00:00+01:00,85.05625,2025-12-13 19:28:13.639528+00:00
2025-02-23 00:00:00+01:00,86.22625,2025-12-13 19:28:13.639528+00:00
2025-02-23 01:00:00+01:00,82.09,2025-12-13 19:28:13.639528+00:00
2025-02-23 02:00:00+01:00,81.98625,2025-12-13 19:28:13.639528+00:00
2025-02-23 03:00:00+01:00,81.76875,2025-12-13 19:28:13.639528+00:00
2025-02-23 04:00:00+01:00,82.6425,2025-12-13 19:28:13.639528+00:00
2025-02-23 05:00:00+01:00,83.115,2025-12-13 19:28:13.639528+00:00
2025-02-23 06:00:00+01:00,83.6225,2025-12-13 19:28:13.639528+00:00
2025-02-23 07:00:00+01:00,98.2,2025-12-13 19:28:13.639528+00:00
2025-02-23 08:00:00+01:00,104.6125,2025-12-13 19:28:13.639528+00:00
2025-02-23 09:00:00+01:00,94.875,2025-12-13 19:28:13.639528+00:00
2025-02-23 10:00:00+01:00,80.75,2025-12-13 19:28:13.639528+00:00
2025-02-23 11:00:00+01:00,74.72,2025-12-13 19:28:13.639528+00:00
2025-02-23 12:00:00+01:00,62.67875,2025-12-13 19:28:13.639528+00:00
2025-02-23 13:00:00+01:00,57.92625,2025-12-13 19:28:13.639528+00:00
2025-02-23 14:00:00+01:00,56.90875,2025-12-13 19:28:13.639528+00:00
2025-02-23 15:00:00+01:00,66.63125,2025-12-13 19:28:13.639528+00:00
2025-02-23 16:00:00+01:00,90.10249999999999,2025-12-13 19:28:13.639528+00:00
2025-02-23 17:00:00+01:00,129.41,2025-12-13 19:28:13.639528+00:00
2025-02-23 18:00:00+01:00,138.14499999999998,2025-12-13 19:28:13.639528+00:00
2025-02-23 19:00:00+01:00,113.485,2025-12-13 19:28:13.639528+00:00
2025-02-23 20:00:00+01:00,95.66375000000001,2025-12-13 19:28:13.639528+00:00
2025-02-23 21:00:00+01:00,83.73375,2025-12-13 19:28:13.639528+00:00
2025-02-23 22:00:00+01:00,80.26875,2025-12-13 19:28:13.639528+00:00
2025-02-23 23:00:00+01:00,68.24625,2025-12-13 19:28:13.639528+00:00
2025-02-24 00:00:00+01:00,61.71375,2025-12-13 19:28:13.639528+00:00
2025-02-24 01:00:00+01:00,54.94125,2025-12-13 19:28:13.639528+00:00
2025-02-24 02:00:00+01:00,36.21875,2025-12-13 19:28:13.639528+00:00
2025-02-24 03:00:00+01:00,32.6775,2025-12-13 19:28:13.639528+00:00
2025-02-24 04:00:00+01:00,47.41125,2025-12-13 19:28:13.639528+00:00
2025-02-24 05:00:00+01:00,60.46375,2025-12-13 19:28:13.639528+00:00
2025-02-24 06:00:00+01:00,79.90125,2025-12-13 19:28:13.639528+00:00
2025-02-24 07:00:00+01:00,97.365,2025-12-13 19:28:13.639528+00:00
2025-02-24 08:00:00+01:00,110.855,2025-12-13 19:28:13.639528+00:00
2025-02-24 09:00:00+01:00,97.25875,2025-12-13 19:28:13.639528+00:00
2025-02-24 10:00:00+01:00,86.035,2025-12-13 19:28:13.639528+00:00
2025-02-24 11:00:00+01:00,82.83,2025-12-13 19:28:13.639528+00:00
2025-02-24 12:00:00+01:00,78.81625,2025-12-13 19:28:13.639528+00:00
2025-02-24 13:00:00+01:00,81.275,2025-12-13 19:28:13.639528+00:00
2025-02-24 14:00:00+01:00,85.36625000000001,2025-12-13 19:28:13.639528+00:00
2025-02-24 15:00:00+01:00,92.7225,2025-12-13 19:28:13.639528+00:00
2025-02-24 16:00:00+01:00,105.0675,2025-12-13 19:28:13.639528+00:00
2025-02-24 17:00:00+01:00,118.42,2025-12-13 19:28:13.639528+00:00
2025-02-24 18:00:00+01:00,139.56,2025-12-13 19:28:13.639528+00:00
2025-02-24 19:00:00+01:00,143.735,2025-12-13 19:28:13.639528+00:00
2025-02-24 20:00:00+01:00,130.66375,2025-12-13 19:28:13.639528+00:00
2025-02-24 21:00:00+01:00,115.345,2025-12-13 19:28:13.639528+00:00
2025-02-24 22:00:00+01:00,113.67125,2025-12-13 19:28:13.639528+00:00
2025-02-24 23:00:00+01:00,108.38875,2025-12-13 19:28:13.639528+00:00
2025-02-25 00:00:00+01:00,87.17875,2025-12-13 19:28:13.639528+00:00
2025-02-25 01:00:00+01:00,89.335,2025-12-13 19:28:13.639528+00:00
2025-02-25 02:00:00+01:00,91.53999999999999,2025-12-13 19:28:13.639528+00:00
2025-02-25 03:00:00+01:00,92.82875,2025-12-13 19:28:13.639528+00:00
2025-02-25 04:00:00+01:00,97.76625,2025-12-13 19:28:13.639528+00:00
2025-02-25 05:00:00+01:00,106.05,2025-12-13 19:28:13.639528+00:00
2025-02-25 06:00:00+01:00,137.30625,2025-12-13 19:28:13.639528+00:00
2025-02-25 07:00:00+01:00,165.72875,2025-12-13 19:28:13.639528+00:00
2025-02-25 08:00:00+01:00,170.42000000000002,2025-12-13 19:28:13.639528+00:00
2025-02-25 09:00:00+01:00,153.06375,2025-12-13 19:28:13.639528+00:00
2025-02-25 10:00:00+01:00,136.94500000000002,2025-12-13 19:28:13.639528+00:00
2025-02-25 11:00:00+01:00,123.665,2025-12-13 19:28:13.639528+00:00
2025-02-25 12:00:00+01:00,122.615,2025-12-13 19:28:13.639528+00:00
2025-02-25 13:00:00+01:00,125.0125,2025-12-13 19:28:13.639528+00:00
2025-02-25 14:00:00+01:00,135.64875,2025-12-13 19:28:13.639528+00:00
2025-02-25 15:00:00+01:00,152.49625,2025-12-13 19:28:13.639528+00:00
2025-02-25 16:00:00+01:00,171.4725,2025-12-13 19:28:13.639528+00:00
2025-02-25 17:00:00+01:00,209.7375,2025-12-13 19:28:13.639528+00:00
2025-02-25 18:00:00+01:00,229.7225,2025-12-13 19:28:13.639528+00:00
2025-02-25 19:00:00+01:00,200.07125,2025-12-13 19:28:13.639528+00:00
2025-02-25 20:00:00+01:00,163.22125,2025-12-13 19:28:13.639528+00:00
2025-02-25 21:00:00+01:00,143.30875,2025-12-13 19:28:13.639528+00:00
2025-02-25 22:00:00+01:00,131.32,2025-12-13 19:28:13.639528+00:00
2025-02-25 23:00:00+01:00,117.865,2025-12-13 19:28:13.639528+00:00
2025-02-26 00:00:00+01:00,121.05875,2025-12-13 19:28:13.639528+00:00
2025-02-26 01:00:00+01:00,117.25874999999999,2025-12-13 19:28:13.639528+00:00
2025-02-26 02:00:00+01:00,114.53,2025-12-13 19:28:13.639528+00:00
2025-02-26 03:00:00+01:00,114.595,2025-12-13 19:28:13.639528+00:00
2025-02-26 04:00:00+01:00,115.6425,2025-12-13 19:28:13.639528+00:00
2025-02-26 05:00:00+01:00,119.55375000000001,2025-12-13 19:28:13.639528+00:00
2025-02-26 06:00:00+01:00,144.05,2025-12-13 19:28:13.639528+00:00
2025-02-26 07:00:00+01:00,168.5525,2025-12-13 19:28:13.639528+00:00
2025-02-26 08:00:00+01:00,180.4675,2025-12-13 19:28:13.639528+00:00
2025-02-26 09:00:00+01:00,163.8225,2025-12-13 19:28:13.639528+00:00
2025-02-26 10:00:00+01:00,146.83125,2025-12-13 19:28:13.639528+00:00
2025-02-26 11:00:00+01:00,133.47625,2025-12-13 19:28:13.639528+00:00
2025-02-26 12:00:00+01:00,124.91375,2025-12-13 19:28:13.639528+00:00
2025-02-26 13:00:00+01:00,122.11874999999999,2025-12-13 19:28:13.639528+00:00
2025-02-26 14:00:00+01:00,125.92750000000001,2025-12-13 19:28:13.639528+00:00
2025-02-26 15:00:00+01:00,135.07375000000002,2025-12-13 19:28:13.639528+00:00
2025-02-26 16:00:00+01:00,151.98624999999998,2025-12-13 19:28:13.639528+00:00
2025-02-26 17:00:00+01:00,170.55875,2025-12-13 19:28:13.639528+00:00
2025-02-26 18:00:00+01:00,179.27125,2025-12-13 19:28:13.639528+00:00
2025-02-26 19:00:00+01:00,167.06875,2025-12-13 19:28:13.639528+00:00
2025-02-26 20:00:00+01:00,150.745,2025-12-13 19:28:13.639528+00:00
2025-02-26 21:00:00+01:00,122.96875,2025-12-13 19:28:13.639528+00:00
2025-02-26 22:00:00+01:00,121.06875,2025-12-13 19:28:13.639528+00:00
2025-02-26 23:00:00+01:00,111.72125,2025-12-13 19:28:13.639528+00:00
2025-02-27 00:00:00+01:00,101.86875,2025-12-13 19:28:13.639528+00:00
2025-02-27 01:00:00+01:00,101.62125,2025-12-13 19:28:13.639528+00:00
2025-02-27 02:00:00+01:00,100.2725,2025-12-13 19:28:13.639528+00:00
2025-02-27 03:00:00+01:00,99.1725,2025-12-13 19:28:13.639528+00:00
2025-02-27 04:00:00+01:00,100.93875,2025-12-13 19:28:13.639528+00:00
2025-02-27 05:00:00+01:00,105.93125,2025-12-13 19:28:13.639528+00:00
2025-02-27 06:00:00+01:00,119.915,2025-12-13 19:28:13.639528+00:00
2025-02-27 07:00:00+01:00,151.04749999999999,2025-12-13 19:28:13.639528+00:00
2025-02-27 08:00:00+01:00,161.56875,2025-12-13 19:28:13.639528+00:00
2025-02-27 09:00:00+01:00,144.62,2025-12-13 19:28:13.639528+00:00
2025-02-27 10:00:00+01:00,127.03625,2025-12-13 19:28:13.639528+00:00
2025-02-27 11:00:00+01:00,112.91125,2025-12-13 19:28:13.639528+00:00
2025-02-27 12:00:00+01:00,106.58125,2025-12-13 19:28:13.639528+00:00
2025-02-27 13:00:00+01:00,110.49000000000001,2025-12-13 19:28:13.639528+00:00
2025-02-27 14:00:00+01:00,111.29875,2025-12-13 19:28:13.639528+00:00
2025-02-27 15:00:00+01:00,124.19874999999999,2025-12-13 19:28:13.639528+00:00
2025-02-27 16:00:00+01:00,143.785,2025-12-13 19:28:13.639528+00:00
2025-02-27 17:00:00+01:00,162.00375,2025-12-13 19:28:13.639528+00:00
2025-02-27 18:00:00+01:00,176.4925,2025-12-13 19:28:13.639528+00:00
2025-02-27 19:00:00+01:00,165.20999999999998,2025-12-13 19:28:13.639528+00:00
2025-02-27 20:00:00+01:00,145.3025,2025-12-13 19:28:13.639528+00:00
2025-02-27 21:00:00+01:00,135.59,2025-12-13 19:28:13.639528+00:00
2025-02-27 22:00:00+01:00,124.19875,2025-12-13 19:28:13.639528+00:00
2025-02-27 23:00:00+01:00,116.105,2025-12-13 19:28:13.639528+00:00
2025-02-28 00:00:00+01:00,115.835,2025-12-13 19:28:13.639528+00:00
2025-02-28 01:00:00+01:00,110.2225,2025-12-13 19:28:13.639528+00:00
2025-02-28 02:00:00+01:00,108.7875,2025-12-13 19:28:13.639528+00:00
2025-02-28 03:00:00+01:00,106.77125000000001,2025-12-13 19:28:13.639528+00:00
2025-02-28 04:00:00+01:00,110.20375,2025-12-13 19:28:13.639528+00:00
2025-02-28 05:00:00+01:00,114.21625,2025-12-13 19:28:13.639528+00:00
2025-02-28 06:00:00+01:00,137.04500000000002,2025-12-13 19:28:13.639528+00:00
2025-02-28 07:00:00+01:00,158.18625,2025-12-13 19:28:13.639528+00:00
2025-02-28 08:00:00+01:00,165.995,2025-12-13 19:28:13.639528+00:00
2025-02-28 09:00:00+01:00,146.51500000000001,2025-12-13 19:28:13.639528+00:00
2025-02-28 10:00:00+01:00,131.1775,2025-12-13 19:28:13.639528+00:00
2025-02-28 11:00:00+01:00,120.63875,2025-12-13 19:28:13.639528+00:00
2025-02-28 12:00:00+01:00,112.25375,2025-12-13 19:28:13.639528+00:00
2025-02-28 13:00:00+01:00,110.42125,2025-12-13 19:28:13.639528+00:00
2025-02-28 14:00:00+01:00,113.98625,2025-12-13 19:28:13.639528+00:00
2025-02-28 15:00:00+01:00,123.89,2025-12-13 19:28:13.639528+00:00
2025-02-28 16:00:00+01:00,138.27625,2025-12-13 19:28:13.639528+00:00
2025-02-28 17:00:00+01:00,156.83375,2025-12-13 19:28:13.639528+00:00
2025-02-28 18:00:00+01:00,169.1325,2025-12-13 19:28:13.639528+00:00
2025-02-28 19:00:00+01:00,160.32875,2025-12-13 19:28:13.639528+00:00
2025-02-28 20:00:00+01:00,144.9425,2025-12-13 19:28:13.639528+00:00
2025-02-28 21:00:00+01:00,131.97125,2025-12-13 19:28:13.639528+00:00
2025-02-28 22:00:00+01:00,126.59125,2025-12-13 19:28:13.639528+00:00
2025-02-28 23:00:00+01:00,118.0125,2025-12-13 19:28:13.639528+00:00
2025-03-01 00:00:00+01:00,124.63374999999999,2025-12-13 19:28:13.639528+00:00
2025-03-01 01:00:00+01:00,119.57875,2025-12-13 19:28:13.639528+00:00
2025-03-01 02:00:00+01:00,114.54375,2025-12-13 19:28:13.639528+00:00
2025-03-01 03:00:00+01:00,112.315,2025-12-13 19:28:13.639528+00:00
2025-03-01 04:00:00+01:00,110.805,2025-12-13 19:28:13.639528+00:00
2025-03-01 05:00:00+01:00,113.04124999999999,2025-12-13 19:28:13.639528+00:00
2025-03-01 06:00:00+01:00,119.29625,2025-12-13 19:28:13.639528+00:00
2025-03-01 07:00:00+01:00,131.39375,2025-12-13 19:28:13.639528+00:00
2025-03-01 08:00:00+01:00,135.945,2025-12-13 19:28:13.639528+00:00
2025-03-01 09:00:00+01:00,130.91875000000002,2025-12-13 19:28:13.639528+00:00
2025-03-01 10:00:00+01:00,119.6075,2025-12-13 19:28:13.639528+00:00
2025-03-01 11:00:00+01:00,107.0925,2025-12-13 19:28:13.639528+00:00
2025-03-01 12:00:00+01:00,99.42375,2025-12-13 19:28:13.639528+00:00
2025-03-01 13:00:00+01:00,96.815,2025-12-13 19:28:13.639528+00:00
2025-03-01 14:00:00+01:00,99.34375,2025-12-13 19:28:13.639528+00:00
2025-03-01 15:00:00+01:00,108.06625,2025-12-13 19:28:13.639528+00:00
2025-03-01 16:00:00+01:00,121.42,2025-12-13 19:28:13.639528+00:00
2025-03-01 17:00:00+01:00,142.0,2025-12-13 19:28:13.639528+00:00
2025-03-01 18:00:00+01:00,154.23250000000002,2025-12-13 19:28:13.639528+00:00
2025-03-01 19:00:00+01:00,148.17000000000002,2025-12-13 19:28:13.639528+00:00
2025-03-01 20:00:00+01:00,135.495,2025-12-13 19:28:13.639528+00:00
2025-03-01 21:00:00+01:00,124.5375,2025-12-13 19:28:13.639528+00:00
2025-03-01 22:00:00+01:00,120.3425,2025-12-13 19:28:13.639528+00:00
2025-03-01 23:00:00+01:00,115.5625,2025-12-13 19:28:13.639528+00:00
2025-03-02 00:00:00+01:00,114.6,2025-12-13 19:28:13.639528+00:00
2025-03-02 01:00:00+01:00,107.0575,2025-12-13 19:28:13.639528+00:00
2025-03-02 02:00:00+01:00,101.20875,2025-12-13 19:28:13.639528+00:00
2025-03-02 03:00:00+01:00,96.45875000000001,2025-12-13 19:28:13.639528+00:00
2025-03-02 04:00:00+01:00,97.09875,2025-12-13 19:28:13.639528+00:00
2025-03-02 05:00:00+01:00,96.59,2025-12-13 19:28:13.639528+00:00
2025-03-02 06:00:00+01:00,97.91875,2025-12-13 19:28:13.639528+00:00
2025-03-02 07:00:00+01:00,101.75,2025-12-13 19:28:13.639528+00:00
2025-03-02 08:00:00+01:00,101.00375,2025-12-13 19:28:13.639528+00:00
2025-03-02 09:00:00+01:00,86.11375,2025-12-13 19:28:13.639528+00:00
2025-03-02 10:00:00+01:00,65.09,2025-12-13 19:28:13.639528+00:00
2025-03-02 11:00:00+01:00,46.089999999999996,2025-12-13 19:28:13.639528+00:00
2025-03-02 12:00:00+01:00,28.724999999999998,2025-12-13 19:28:13.639528+00:00
2025-03-02 13:00:00+01:00,13.1,2025-12-13 19:28:13.639528+00:00
2025-03-02 14:00:00+01:00,16.345,2025-12-13 19:28:13.639528+00:00
2025-03-02 15:00:00+01:00,50.99375,2025-12-13 19:28:13.639528+00:00
2025-03-02 16:00:00+01:00,85.22500000000001,2025-12-13 19:28:13.639528+00:00
2025-03-02 17:00:00+01:00,126.97999999999999,2025-12-13 19:28:13.639528+00:00
2025-03-02 18:00:00+01:00,143.2875,2025-12-13 19:28:13.639528+00:00
2025-03-02 19:00:00+01:00,143.9,2025-12-13 19:28:13.639528+00:00
2025-03-02 20:00:00+01:00,133.11,2025-12-13 19:28:13.639528+00:00
2025-03-02 21:00:00+01:00,118.7225,2025-12-13 19:28:13.639528+00:00
2025-03-02 22:00:00+01:00,116.67375,2025-12-13 19:28:13.639528+00:00
2025-03-02 23:00:00+01:00,110.08875,2025-12-13 19:28:13.639528+00:00
2025-03-03 00:00:00+01:00,104.92125,2025-12-13 19:28:13.639528+00:00
2025-03-03 01:00:00+01:00,102.4925,2025-12-13 19:28:13.639528+00:00
2025-03-03 02:00:00+01:00,100.52125000000001,2025-12-13 19:28:13.639528+00:00
2025-03-03 03:00:00+01:00,97.9025,2025-12-13 19:28:13.639528+00:00
2025-03-03 04:00:00+01:00,98.665,2025-12-13 19:28:13.639528+00:00
2025-03-03 05:00:00+01:00,109.05125,2025-12-13 19:28:13.639528+00:00
2025-03-03 06:00:00+01:00,130.18625,2025-12-13 19:28:13.639528+00:00
2025-03-03 07:00:00+01:00,150.0075,2025-12-13 19:28:13.639528+00:00
2025-03-03 08:00:00+01:00,140.745,2025-12-13 19:28:13.639528+00:00
2025-03-03 09:00:00+01:00,105.9575,2025-12-13 19:28:13.639528+00:00
2025-03-03 10:00:00+01:00,74.28875,2025-12-13 19:28:13.639528+00:00
2025-03-03 11:00:00+01:00,32.27,2025-12-13 19:28:13.639528+00:00
2025-03-03 12:00:00+01:00,17.765,2025-12-13 19:28:13.639528+00:00
2025-03-03 13:00:00+01:00,14.79125,2025-12-13 19:28:13.639528+00:00
2025-03-03 14:00:00+01:00,57.75,2025-12-13 19:28:13.639528+00:00
2025-03-03 15:00:00+01:00,80.63374999999999,2025-12-13 19:28:13.639528+00:00
2025-03-03 16:00:00+01:00,103.58125,2025-12-13 19:28:13.639528+00:00
2025-03-03 17:00:00+01:00,140.90375,2025-12-13 19:28:13.639528+00:00
2025-03-03 18:00:00+01:00,170.74374999999998,2025-12-13 19:28:13.639528+00:00
2025-03-03 19:00:00+01:00,169.7775,2025-12-13 19:28:13.639528+00:00
2025-03-03 20:00:00+01:00,145.67000000000002,2025-12-13 19:28:13.639528+00:00
2025-03-03 21:00:00+01:00,127.59750000000001,2025-12-13 19:28:13.639528+00:00
2025-03-03 22:00:00+01:00,120.465,2025-12-13 19:28:13.639528+00:00
2025-03-03 23:00:00+01:00,115.3,2025-12-13 19:28:13.639528+00:00
2025-03-04 00:00:00+01:00,119.45,2025-12-13 19:28:13.639528+00:00
2025-03-04 01:00:00+01:00,112.285,2025-12-13 19:28:13.639528+00:00
2025-03-04 02:00:00+01:00,108.045,2025-12-13 19:28:13.639528+00:00
2025-03-04 03:00:00+01:00,108.42875,2025-12-13 19:28:13.639528+00:00
2025-03-04 04:00:00+01:00,106.88875,2025-12-13 19:28:13.639528+00:00
2025-03-04 05:00:00+01:00,116.54375,2025-12-13 19:28:13.639528+00:00
2025-03-04 06:00:00+01:00,142.3975,2025-12-13 19:28:13.639528+00:00
2025-03-04 07:00:00+01:00,167.48125000000002,2025-12-13 19:28:13.639528+00:00
2025-03-04 08:00:00+01:00,145.82625,2025-12-13 19:28:13.639528+00:00
2025-03-04 09:00:00+01:00,113.905,2025-12-13 19:28:13.639528+00:00
2025-03-04 10:00:00+01:00,82.5275,2025-12-13 19:28:13.639528+00:00
2025-03-04 11:00:00+01:00,48.8575,2025-12-13 19:28:13.639528+00:00
2025-03-04 12:00:00+01:00,20.64375,2025-12-13 19:28:13.639528+00:00
2025-03-04 13:00:00+01:00,16.42375,2025-12-13 19:28:13.639528+00:00
2025-03-04 14:00:00+01:00,49.64875,2025-12-13 19:28:13.639528+00:00
2025-03-04 15:00:00+01:00,80.595,2025-12-13 19:28:13.639528+00:00
2025-03-04 16:00:00+01:00,108.56,2025-12-13 19:28:13.639528+00:00
2025-03-04 17:00:00+01:00,149.26875,2025-12-13 19:28:13.639528+00:00
2025-03-04 18:00:00+01:00,178.7575,2025-12-13 19:28:13.639528+00:00
2025-03-04 19:00:00+01:00,164.73375,2025-12-13 19:28:13.639528+00:00
2025-03-04 20:00:00+01:00,136.55625,2025-12-13 19:28:13.639528+00:00
2025-03-04 21:00:00+01:00,118.25375,2025-12-13 19:28:13.639528+00:00
2025-03-04 22:00:00+01:00,114.12375,2025-12-13 19:28:13.639528+00:00
2025-03-04 23:00:00+01:00,105.9675,2025-12-13 19:28:13.639528+00:00
2025-03-05 00:00:00+01:00,93.9375,2025-12-13 19:28:13.639528+00:00
2025-03-05 01:00:00+01:00,88.59,2025-12-13 19:28:13.639528+00:00
2025-03-05 02:00:00+01:00,86.855,2025-12-13 19:28:13.639528+00:00
2025-03-05 03:00:00+01:00,84.2175,2025-12-13 19:28:13.639528+00:00
2025-03-05 04:00:00+01:00,85.17,2025-12-13 19:28:13.639528+00:00
2025-03-05 05:00:00+01:00,93.53875,2025-12-13 19:28:13.639528+00:00
2025-03-05 06:00:00+01:00,114.645,2025-12-13 19:28:13.639528+00:00
2025-03-05 07:00:00+01:00,136.8125,2025-12-13 19:28:13.639528+00:00
2025-03-05 08:00:00+01:00,92.46875,2025-12-13 19:28:13.639528+00:00
2025-03-05 09:00:00+01:00,48.0625,2025-12-13 19:28:13.639528+00:00
2025-03-05 10:00:00+01:00,5.9662500000000005,2025-12-13 19:28:13.639528+00:00
2025-03-05 11:00:00+01:00,1.5362500000000001,2025-12-13 19:28:13.639528+00:00
2025-03-05 12:00:00+01:00,-2.06125,2025-12-13 19:28:13.639528+00:00
2025-03-05 13:00:00+01:00,-1.7650000000000001,2025-12-13 19:28:13.639528+00:00
2025-03-05 14:00:00+01:00,2.75625,2025-12-13 19:28:13.639528+00:00
2025-03-05 15:00:00+01:00,51.47125,2025-12-13 19:28:13.639528+00:00
2025-03-05 16:00:00+01:00,91.5675,2025-12-13 19:28:13.639528+00:00
2025-03-05 17:00:00+01:00,133.06375,2025-12-13 19:28:13.639528+00:00
2025-03-05 18:00:00+01:00,148.4475,2025-12-13 19:28:13.639528+00:00
2025-03-05 19:00:00+01:00,147.6775,2025-12-13 19:28:13.639528+00:00
2025-03-05 20:00:00+01:00,125.91875,2025-12-13 19:28:13.639528+00:00
2025-03-05 21:00:00+01:00,112.055,2025-12-13 19:28:13.639528+00:00
2025-03-05 22:00:00+01:00,110.15125,2025-12-13 19:28:13.639528+00:00
2025-03-05 23:00:00+01:00,99.065,2025-12-13 19:28:13.639528+00:00
2025-03-06 00:00:00+01:00,86.53,2025-12-13 19:28:13.639528+00:00
2025-03-06 01:00:00+01:00,86.38875,2025-12-13 19:28:13.639528+00:00
2025-03-06 02:00:00+01:00,86.0375,2025-12-13 19:28:13.639528+00:00
2025-03-06 03:00:00+01:00,86.9475,2025-12-13 19:28:13.639528+00:00
2025-03-06 04:00:00+01:00,91.47,2025-12-13 19:28:13.639528+00:00
2025-03-06 05:00:00+01:00,96.68125,2025-12-13 19:28:13.639528+00:00
2025-03-06 06:00:00+01:00,130.04,2025-12-13 19:28:13.639528+00:00
2025-03-06 07:00:00+01:00,148.07875,2025-12-13 19:28:13.639528+00:00
2025-03-06 08:00:00+01:00,111.8175,2025-12-13 19:28:13.639528+00:00
2025-03-06 09:00:00+01:00,77.5175,2025-12-13 19:28:13.639528+00:00
2025-03-06 10:00:00+01:00,49.885,2025-12-13 19:28:13.639528+00:00
2025-03-06 11:00:00+01:00,13.483749999999999,2025-12-13 19:28:13.639528+00:00
2025-03-06 12:00:00+01:00,4.8525,2025-12-13 19:28:13.639528+00:00
2025-03-06 13:00:00+01:00,5.08625,2025-12-13 19:28:13.639528+00:00
2025-03-06 14:00:00+01:00,21.863750000000003,2025-12-13 19:28:13.639528+00:00
2025-03-06 15:00:00+01:00,71.735,2025-12-13 19:28:13.639528+00:00
2025-03-06 16:00:00+01:00,111.5625,2025-12-13 19:28:13.639528+00:00
2025-03-06 17:00:00+01:00,149.39625,2025-12-13 19:28:13.639528+00:00
2025-03-06 18:00:00+01:00,162.8075,2025-12-13 19:28:13.639528+00:00
2025-03-06 19:00:00+01:00,151.73875,2025-12-13 19:28:13.639528+00:00
2025-03-06 20:00:00+01:00,129.9325,2025-12-13 19:28:13.639528+00:00
2025-03-06 21:00:00+01:00,110.0975,2025-12-13 19:28:13.639528+00:00
2025-03-06 22:00:00+01:00,103.50625,2025-12-13 19:28:13.639528+00:00
2025-03-06 23:00:00+01:00,92.15875,2025-12-13 19:28:13.639528+00:00
2025-03-07 00:00:00+01:00,89.88125,2025-12-13 19:28:13.639528+00:00
2025-03-07 01:00:00+01:00,90.41875,2025-12-13 19:28:13.639528+00:00
2025-03-07 02:00:00+01:00,90.69125,2025-12-13 19:28:13.639528+00:00
2025-03-07 03:00:00+01:00,92.16375,2025-12-13 19:28:13.639528+00:00
2025-03-07 04:00:00+01:00,97.835,2025-12-13 19:28:13.639528+00:00
2025-03-07 05:00:00+01:00,111.64875,2025-12-13 19:28:13.639528+00:00
2025-03-07 06:00:00+01:00,135.915,2025-12-13 19:28:13.639528+00:00
2025-03-07 07:00:00+01:00,149.14,2025-12-13 19:28:13.639528+00:00
2025-03-07 08:00:00+01:00,121.625,2025-12-13 19:28:13.639528+00:00
2025-03-07 09:00:00+01:00,82.53625,2025-12-13 19:28:13.639528+00:00
2025-03-07 10:00:00+01:00,62.25125,2025-12-13 19:28:13.639528+00:00
2025-03-07 11:00:00+01:00,31.916249999999998,2025-12-13 19:28:13.639528+00:00
2025-03-07 12:00:00+01:00,13.278749999999999,2025-12-13 19:28:13.639528+00:00
2025-03-07 13:00:00+01:00,11.02125,2025-12-13 19:28:13.639528+00:00
2025-03-07 14:00:00+01:00,37.60125,2025-12-13 19:28:13.639528+00:00
2025-03-07 15:00:00+01:00,85.57625,2025-12-13 19:28:13.639528+00:00
2025-03-07 16:00:00+01:00,125.66499999999999,2025-12-13 19:28:13.639528+00:00
2025-03-07 17:00:00+01:00,153.7275,2025-12-13 19:28:13.639528+00:00
2025-03-07 18:00:00+01:00,211.7325,2025-12-13 19:28:13.639528+00:00
2025-03-07 19:00:00+01:00,178.72625,2025-12-13 19:28:13.639528+00:00
2025-03-07 20:00:00+01:00,146.315,2025-12-13 19:28:13.639528+00:00
2025-03-07 21:00:00+01:00,129.76125,2025-12-13 19:28:13.639528+00:00
2025-03-07 22:00:00+01:00,118.855,2025-12-13 19:28:13.639528+00:00
2025-03-07 23:00:00+01:00,112.39875,2025-12-13 19:28:13.639528+00:00
2025-03-08 00:00:00+01:00,117.83375,2025-12-13 19:28:13.639528+00:00
2025-03-08 01:00:00+01:00,111.935,2025-12-13 19:28:13.639528+00:00
2025-03-08 02:00:00+01:00,113.24000000000001,2025-12-13 19:28:13.639528+00:00
2025-03-08 03:00:00+01:00,112.845,2025-12-13 19:28:13.639528+00:00
2025-03-08 04:00:00+01:00,114.10125,2025-12-13 19:28:13.639528+00:00
2025-03-08 05:00:00+01:00,115.6325,2025-12-13 19:28:13.639528+00:00
2025-03-08 06:00:00+01:00,120.2875,2025-12-13 19:28:13.639528+00:00
2025-03-08 07:00:00+01:00,116.19875,2025-12-13 19:28:13.639528+00:00
2025-03-08 08:00:00+01:00,97.52000000000001,2025-12-13 19:28:13.639528+00:00
2025-03-08 09:00:00+01:00,63.42,2025-12-13 19:28:13.639528+00:00
2025-03-08 10:00:00+01:00,19.96,2025-12-13 19:28:13.639528+00:00
2025-03-08 11:00:00+01:00,4.53625,2025-12-13 19:28:13.639528+00:00
2025-03-08 12:00:00+01:00,1.3562499999999997,2025-12-13 19:28:13.639528+00:00
2025-03-08 13:00:00+01:00,-0.5750000000000004,2025-12-13 19:28:13.639528+00:00
2025-03-08 14:00:00+01:00,3.575,2025-12-13 19:28:13.639528+00:00
2025-03-08 15:00:00+01:00,46.61125,2025-12-13 19:28:13.639528+00:00
2025-03-08 16:00:00+01:00,93.3125,2025-12-13 19:28:13.639528+00:00
2025-03-08 17:00:00+01:00,132.85875000000001,2025-12-13 19:28:13.639528+00:00
2025-03-08 18:00:00+01:00,156.5925,2025-12-13 19:28:13.639528+00:00
2025-03-08 19:00:00+01:00,134.735,2025-12-13 19:28:13.639528+00:00
2025-03-08 20:00:00+01:00,111.58125,2025-12-13 19:28:13.639528+00:00
2025-03-08 21:00:00+01:00,97.86375,2025-12-13 19:28:13.639528+00:00
2025-03-08 22:00:00+01:00,96.25,2025-12-13 19:28:13.639528+00:00
2025-03-08 23:00:00+01:00,90.52625,2025-12-13 19:28:13.639528+00:00
2025-03-09 00:00:00+01:00,92.74,2025-12-13 19:28:13.639528+00:00
2025-03-09 01:00:00+01:00,91.265,2025-12-13 19:28:13.639528+00:00
2025-03-09 02:00:00+01:00,90.92125,2025-12-13 19:28:13.639528+00:00
2025-03-09 03:00:00+01:00,91.33500000000001,2025-12-13 19:28:13.639528+00:00
2025-03-09 04:00:00+01:00,93.235,2025-12-13 19:28:13.639528+00:00
2025-03-09 05:00:00+01:00,94.105,2025-12-13 19:28:13.639528+00:00
2025-03-09 06:00:00+01:00,94.49249999999999,2025-12-13 19:28:13.639528+00:00
2025-03-09 07:00:00+01:00,88.19,2025-12-13 19:28:13.639528+00:00
2025-03-09 08:00:00+01:00,58.097500000000004,2025-12-13 19:28:13.639528+00:00
2025-03-09 09:00:00+01:00,24.205,2025-12-13 19:28:13.639528+00:00
2025-03-09 10:00:00+01:00,5.92375,2025-12-13 19:28:13.639528+00:00
2025-03-09 11:00:00+01:00,0.00375,2025-12-13 19:28:13.639528+00:00
2025-03-09 12:00:00+01:00,-3.32125,2025-12-13 19:28:13.639528+00:00
2025-03-09 13:00:00+01:00,-3.26,2025-12-13 19:28:13.639528+00:00
2025-03-09 14:00:00+01:00,-0.008750000000000036,2025-12-13 19:28:13.639528+00:00
2025-03-09 15:00:00+01:00,19.097500000000004,2025-12-13 19:28:13.639528+00:00
2025-03-09 16:00:00+01:00,83.255,2025-12-13 19:28:13.639528+00:00
2025-03-09 17:00:00+01:00,117.7025,2025-12-13 19:28:13.639528+00:00
2025-03-09 18:00:00+01:00,134.3725,2025-12-13 19:28:13.639528+00:00
2025-03-09 19:00:00+01:00,133.75125,2025-12-13 19:28:13.639528+00:00
2025-03-09 20:00:00+01:00,127.5475,2025-12-13 19:28:13.639528+00:00
2025-03-09 21:00:00+01:00,118.88125,2025-12-13 19:28:13.639528+00:00
2025-03-09 22:00:00+01:00,114.09375,2025-12-13 19:28:13.639528+00:00
2025-03-09 23:00:00+01:00,104.84,2025-12-13 19:28:13.639528+00:00
2025-03-10 00:00:00+01:00,98.16625,2025-12-13 19:28:13.639528+00:00
2025-03-10 01:00:00+01:00,96.53875000000001,2025-12-13 19:28:13.639528+00:00
2025-03-10 02:00:00+01:00,96.3675,2025-12-13 19:28:13.639528+00:00
2025-03-10 03:00:00+01:00,96.28,2025-12-13 19:28:13.639528+00:00
2025-03-10 04:00:00+01:00,97.325,2025-12-13 19:28:13.639528+00:00
2025-03-10 05:00:00+01:00,109.37625,2025-12-13 19:28:13.639528+00:00
2025-03-10 06:00:00+01:00,144.46125,2025-12-13 19:28:13.639528+00:00
2025-03-10 07:00:00+01:00,164.95375,2025-12-13 19:28:13.639528+00:00
2025-03-10 08:00:00+01:00,141.23000000000002,2025-12-13 19:28:13.639528+00:00
2025-03-10 09:00:00+01:00,110.18375,2025-12-13 19:28:13.639528+00:00
2025-03-10 10:00:00+01:00,90.6125,2025-12-13 19:28:13.639528+00:00
2025-03-10 11:00:00+01:00,81.38,2025-12-13 19:28:13.639528+00:00
2025-03-10 12:00:00+01:00,77.45375,2025-12-13 19:28:13.639528+00:00
2025-03-10 13:00:00+01:00,77.92375,2025-12-13 19:28:13.639528+00:00
2025-03-10 14:00:00+01:00,84.7025,2025-12-13 19:28:13.639528+00:00
2025-03-10 15:00:00+01:00,99.83625,2025-12-13 19:28:13.639528+00:00
2025-03-10 16:00:00+01:00,127.765,2025-12-13 19:28:13.639528+00:00
2025-03-10 17:00:00+01:00,153.32125,2025-12-13 19:28:13.639528+00:00
2025-03-10 18:00:00+01:00,174.82,2025-12-13 19:28:13.639528+00:00
2025-03-10 19:00:00+01:00,162.07,2025-12-13 19:28:13.639528+00:00
2025-03-10 20:00:00+01:00,142.68875,2025-12-13 19:28:13.639528+00:00
2025-03-10 21:00:00+01:00,125.01125,2025-12-13 19:28:13.639528+00:00
2025-03-10 22:00:00+01:00,111.13125,2025-12-13 19:28:13.639528+00:00
2025-03-10 23:00:00+01:00,99.39125,2025-12-13 19:28:13.639528+00:00
2025-03-11 00:00:00+01:00,102.3175,2025-12-13 19:28:13.639528+00:00
2025-03-11 01:00:00+01:00,100.53,2025-12-13 19:28:13.639528+00:00
2025-03-11 02:00:00+01:00,99.2175,2025-12-13 19:28:13.639528+00:00
2025-03-11 03:00:00+01:00,99.785,2025-12-13 19:28:13.639528+00:00
2025-03-11 04:00:00+01:00,102.015,2025-12-13 19:28:13.639528+00:00
2025-03-11 05:00:00+01:00,109.8825,2025-12-13 19:28:13.639528+00:00
2025-03-11 06:00:00+01:00,146.79625,2025-12-13 19:28:13.639528+00:00
2025-03-11 07:00:00+01:00,159.89249999999998,2025-12-13 19:28:13.639528+00:00
2025-03-11 08:00:00+01:00,148.7875,2025-12-13 19:28:13.639528+00:00
2025-03-11 09:00:00+01:00,130.15125,2025-12-13 19:28:13.639528+00:00
2025-03-11 10:00:00+01:00,103.07375,2025-12-13 19:28:13.639528+00:00
2025-03-11 11:00:00+01:00,97.0175,2025-12-13 19:28:13.639528+00:00
2025-03-11 12:00:00+01:00,95.1975,2025-12-13 19:28:13.639528+00:00
2025-03-11 13:00:00+01:00,96.445,2025-12-13 19:28:13.639528+00:00
2025-03-11 14:00:00+01:00,101.61375,2025-12-13 19:28:13.639528+00:00
2025-03-11 15:00:00+01:00,112.65625,2025-12-13 19:28:13.639528+00:00
2025-03-11 16:00:00+01:00,134.22125,2025-12-13 19:28:13.639528+00:00
2025-03-11 17:00:00+01:00,167.8875,2025-12-13 19:28:13.639528+00:00
2025-03-11 18:00:00+01:00,196.41750000000002,2025-12-13 19:28:13.639528+00:00
2025-03-11 19:00:00+01:00,177.61624999999998,2025-12-13 19:28:13.639528+00:00
2025-03-11 20:00:00+01:00,149.16,2025-12-13 19:28:13.639528+00:00
2025-03-11 21:00:00+01:00,132.175,2025-12-13 19:28:13.639528+00:00
2025-03-11 22:00:00+01:00,117.91375,2025-12-13 19:28:13.639528+00:00
2025-03-11 23:00:00+01:00,106.68625,2025-12-13 19:28:13.639528+00:00
2025-03-12 00:00:00+01:00,100.435,2025-12-13 19:28:13.639528+00:00
2025-03-12 01:00:00+01:00,98.96375,2025-12-13 19:28:13.639528+00:00
2025-03-12 02:00:00+01:00,97.97500000000001,2025-12-13 19:28:13.639528+00:00
2025-03-12 03:00:00+01:00,98.51625,2025-12-13 19:28:13.639528+00:00
2025-03-12 04:00:00+01:00,101.55375,2025-12-13 19:28:13.639528+00:00
2025-03-12 05:00:00+01:00,109.70875000000001,2025-12-13 19:28:13.639528+00:00
2025-03-12 06:00:00+01:00,140.47125,2025-12-13 19:28:13.639528+00:00
2025-03-12 07:00:00+01:00,158.36875,2025-12-13 19:28:13.639528+00:00
2025-03-12 08:00:00+01:00,147.755,2025-12-13 19:28:13.639528+00:00
2025-03-12 09:00:00+01:00,127.23,2025-12-13 19:28:13.639528+00:00
2025-03-12 10:00:00+01:00,108.5475,2025-12-13 19:28:13.639528+00:00
2025-03-12 11:00:00+01:00,102.45625,2025-12-13 19:28:13.639528+00:00
2025-03-12 12:00:00+01:00,100.41749999999999,2025-12-13 19:28:13.639528+00:00
2025-03-12 13:00:00+01:00,100.95375,2025-12-13 19:28:13.639528+00:00
2025-03-12 14:00:00+01:00,104.725,2025-12-13 19:28:13.639528+00:00
2025-03-12 15:00:00+01:00,117.4225,2025-12-13 19:28:13.639528+00:00
2025-03-12 16:00:00+01:00,143.625,2025-12-13 19:28:13.639528+00:00
2025-03-12 17:00:00+01:00,163.06375,2025-12-13 19:28:13.639528+00:00
2025-03-12 18:00:00+01:00,199.875,2025-12-13 19:28:13.639528+00:00
2025-03-12 19:00:00+01:00,180.5175,2025-12-13 19:28:13.639528+00:00
2025-03-12 20:00:00+01:00,150.455,2025-12-13 19:28:13.639528+00:00
2025-03-12 21:00:00+01:00,135.24875,2025-12-13 19:28:13.639528+00:00
2025-03-12 22:00:00+01:00,120.03375,2025-12-13 19:28:13.639528+00:00
2025-03-12 23:00:00+01:00,110.10499999999999,2025-12-13 19:28:13.639528+00:00
2025-03-13 00:00:00+01:00,108.45625,2025-12-13 19:28:13.639528+00:00
2025-03-13 01:00:00+01:00,102.37,2025-12-13 19:28:13.639528+00:00
2025-03-13 02:00:00+01:00,99.99000000000001,2025-12-13 19:28:13.639528+00:00
2025-03-13 03:00:00+01:00,98.35374999999999,2025-12-13 19:28:13.639528+00:00
2025-03-13 04:00:00+01:00,99.76875,2025-12-13 19:28:13.639528+00:00
2025-03-13 05:00:00+01:00,105.4025,2025-12-13 19:28:13.639528+00:00
2025-03-13 06:00:00+01:00,134.23875,2025-12-13 19:28:13.639528+00:00
2025-03-13 07:00:00+01:00,154.07125,2025-12-13 19:28:13.639528+00:00
2025-03-13 08:00:00+01:00,152.49375,2025-12-13 19:28:13.639528+00:00
2025-03-13 09:00:00+01:00,141.59125,2025-12-13 19:28:13.639528+00:00
2025-03-13 10:00:00+01:00,120.5025,2025-12-13 19:28:13.639528+00:00
2025-03-13 11:00:00+01:00,108.69875,2025-12-13 19:28:13.639528+00:00
2025-03-13 12:00:00+01:00,106.3375,2025-12-13 19:28:13.639528+00:00
2025-03-13 13:00:00+01:00,105.10875,2025-12-13 19:28:13.639528+00:00
2025-03-13 14:00:00+01:00,105.26875000000001,2025-12-13 19:28:13.639528+00:00
2025-03-13 15:00:00+01:00,110.85,2025-12-13 19:28:13.639528+00:00
2025-03-13 16:00:00+01:00,122.735,2025-12-13 19:28:13.639528+00:00
2025-03-13 17:00:00+01:00,144.2025,2025-12-13 19:28:13.639528+00:00
2025-03-13 18:00:00+01:00,165.3475,2025-12-13 19:28:13.639528+00:00
2025-03-13 19:00:00+01:00,175.01,2025-12-13 19:28:13.639528+00:00
2025-03-13 20:00:00+01:00,150.8425,2025-12-13 19:28:13.639528+00:00
2025-03-13 21:00:00+01:00,136.16625,2025-12-13 19:28:13.639528+00:00
2025-03-13 22:00:00+01:00,126.27375,2025-12-13 19:28:13.639528+00:00
2025-03-13 23:00:00+01:00,112.23,2025-12-13 19:28:13.639528+00:00
2025-03-14 00:00:00+01:00,109.41375000000001,2025-12-13 19:28:13.639528+00:00
2025-03-14 01:00:00+01:00,107.32124999999999,2025-12-13 19:28:13.639528+00:00
2025-03-14 02:00:00+01:00,106.24375,2025-12-13 19:28:13.639528+00:00
2025-03-14 03:00:00+01:00,104.08500000000001,2025-12-13 19:28:13.639528+00:00
2025-03-14 04:00:00+01:00,104.5,2025-12-13 19:28:13.639528+00:00
2025-03-14 05:00:00+01:00,111.3975,2025-12-13 19:28:13.639528+00:00
2025-03-14 06:00:00+01:00,139.2275,2025-12-13 19:28:13.639528+00:00
2025-03-14 07:00:00+01:00,156.01375000000002,2025-12-13 19:28:13.639528+00:00
2025-03-14 08:00:00+01:00,154.50125,2025-12-13 19:28:13.639528+00:00
2025-03-14 09:00:00+01:00,136.4225,2025-12-13 19:28:13.639528+00:00
2025-03-14 10:00:00+01:00,117.26625,2025-12-13 19:28:13.639528+00:00
2025-03-14 11:00:00+01:00,108.27374999999999,2025-12-13 19:28:13.639528+00:00
2025-03-14 12:00:00+01:00,106.24875,2025-12-13 19:28:13.639528+00:00
2025-03-14 13:00:00+01:00,105.14500000000001,2025-12-13 19:28:13.639528+00:00
2025-03-14 14:00:00+01:00,106.395,2025-12-13 19:28:13.639528+00:00
2025-03-14 15:00:00+01:00,110.6725,2025-12-13 19:28:13.639528+00:00
2025-03-14 16:00:00+01:00,123.1575,2025-12-13 19:28:13.639528+00:00
2025-03-14 17:00:00+01:00,141.46125,2025-12-13 19:28:13.639528+00:00
2025-03-14 18:00:00+01:00,155.41375,2025-12-13 19:28:13.639528+00:00
2025-03-14 19:00:00+01:00,150.285,2025-12-13 19:28:13.639528+00:00
2025-03-14 20:00:00+01:00,134.06375,2025-12-13 19:28:13.639528+00:00
2025-03-14 21:00:00+01:00,115.17,2025-12-13 19:28:13.639528+00:00
2025-03-14 22:00:00+01:00,113.65,2025-12-13 19:28:13.639528+00:00
2025-03-14 23:00:00+01:00,105.24875,2025-12-13 19:28:13.639528+00:00
2025-03-15 00:00:00+01:00,108.375,2025-12-13 19:28:13.639528+00:00
2025-03-15 01:00:00+01:00,102.205,2025-12-13 19:28:13.639528+00:00
2025-03-15 02:00:00+01:00,96.08125,2025-12-13 19:28:13.639528+00:00
2025-03-15 03:00:00+01:00,92.34625,2025-12-13 19:28:13.639528+00:00
2025-03-15 04:00:00+01:00,91.015,2025-12-13 19:28:13.639528+00:00
2025-03-15 05:00:00+01:00,92.77625,2025-12-13 19:28:13.639528+00:00
2025-03-15 06:00:00+01:00,98.27625,2025-12-13 19:28:13.639528+00:00
2025-03-15 07:00:00+01:00,100.14750000000001,2025-12-13 19:28:13.639528+00:00
2025-03-15 08:00:00+01:00,99.07124999999999,2025-12-13 19:28:13.639528+00:00
2025-03-15 09:00:00+01:00,87.47500000000001,2025-12-13 19:28:13.639528+00:00
2025-03-15 10:00:00+01:00,72.175,2025-12-13 19:28:13.639528+00:00
2025-03-15 11:00:00+01:00,63.629999999999995,2025-12-13 19:28:13.639528+00:00
2025-03-15 12:00:00+01:00,58.56375,2025-12-13 19:28:13.639528+00:00
2025-03-15 13:00:00+01:00,54.0,2025-12-13 19:28:13.639528+00:00
2025-03-15 14:00:00+01:00,59.519999999999996,2025-12-13 19:28:13.639528+00:00
2025-03-15 15:00:00+01:00,74.36,2025-12-13 19:28:13.639528+00:00
2025-03-15 16:00:00+01:00,90.03125,2025-12-13 19:28:13.639528+00:00
2025-03-15 17:00:00+01:00,120.43375,2025-12-13 19:28:13.639528+00:00
2025-03-15 18:00:00+01:00,131.18375,2025-12-13 19:28:13.639528+00:00
2025-03-15 19:00:00+01:00,131.25875,2025-12-13 19:28:13.639528+00:00
2025-03-15 20:00:00+01:00,118.535,2025-12-13 19:28:13.639528+00:00
2025-03-15 21:00:00+01:00,106.66125,2025-12-13 19:28:13.639528+00:00
2025-03-15 22:00:00+01:00,103.07499999999999,2025-12-13 19:28:13.639528+00:00
2025-03-15 23:00:00+01:00,95.65125,2025-12-13 19:28:13.639528+00:00
2025-03-16 00:00:00+01:00,95.12375,2025-12-13 19:28:13.639528+00:00
2025-03-16 01:00:00+01:00,91.36125,2025-12-13 19:28:13.639528+00:00
2025-03-16 02:00:00+01:00,87.18875,2025-12-13 19:28:13.639528+00:00
2025-03-16 03:00:00+01:00,85.44500000000001,2025-12-13 19:28:13.639528+00:00
2025-03-16 04:00:00+01:00,85.645,2025-12-13 19:28:13.639528+00:00
2025-03-16 05:00:00+01:00,86.92875000000001,2025-12-13 19:28:13.639528+00:00
2025-03-16 06:00:00+01:00,89.07,2025-12-13 19:28:13.639528+00:00
2025-03-16 07:00:00+01:00,84.23375,2025-12-13 19:28:13.639528+00:00
2025-03-16 08:00:00+01:00,76.47375,2025-12-13 19:28:13.639528+00:00
2025-03-16 09:00:00+01:00,56.39375,2025-12-13 19:28:13.639528+00:00
2025-03-16 10:00:00+01:00,28.606250000000003,2025-12-13 19:28:13.639528+00:00
2025-03-16 11:00:00+01:00,15.91625,2025-12-13 19:28:13.639528+00:00
2025-03-16 12:00:00+01:00,11.056249999999999,2025-12-13 19:28:13.639528+00:00
2025-03-16 13:00:00+01:00,7.545,2025-12-13 19:28:13.639528+00:00
2025-03-16 14:00:00+01:00,14.515,2025-12-13 19:28:13.639528+00:00
2025-03-16 15:00:00+01:00,39.055,2025-12-13 19:28:13.639528+00:00
2025-03-16 16:00:00+01:00,75.25,2025-12-13 19:28:13.639528+00:00
2025-03-16 17:00:00+01:00,112.13,2025-12-13 19:28:13.639528+00:00
2025-03-16 18:00:00+01:00,128.91375,2025-12-13 19:28:13.639528+00:00
2025-03-16 19:00:00+01:00,134.59875,2025-12-13 19:28:13.639528+00:00
2025-03-16 20:00:00+01:00,121.78625,2025-12-13 19:28:13.639528+00:00
2025-03-16 21:00:00+01:00,106.25750000000001,2025-12-13 19:28:13.639528+00:00
2025-03-16 22:00:00+01:00,102.4375,2025-12-13 19:28:13.639528+00:00
2025-03-16 23:00:00+01:00,87.07124999999999,2025-12-13 19:28:13.639528+00:00
2025-03-17 00:00:00+01:00,83.19749999999999,2025-12-13 19:28:13.639528+00:00
2025-03-17 01:00:00+01:00,82.5675,2025-12-13 19:28:13.639528+00:00
2025-03-17 02:00:00+01:00,81.595,2025-12-13 19:28:13.639528+00:00
2025-03-17 03:00:00+01:00,83.6875,2025-12-13 19:28:13.639528+00:00
2025-03-17 04:00:00+01:00,88.07375,2025-12-13 19:28:13.639528+00:00
2025-03-17 05:00:00+01:00,102.4475,2025-12-13 19:28:13.639528+00:00
2025-03-17 06:00:00+01:00,129.18625,2025-12-13 19:28:13.639528+00:00
2025-03-17 07:00:00+01:00,148.7525,2025-12-13 19:28:13.639528+00:00
2025-03-17 08:00:00+01:00,131.71875,2025-12-13 19:28:13.639528+00:00
2025-03-17 09:00:00+01:00,99.465,2025-12-13 19:28:13.639528+00:00
2025-03-17 10:00:00+01:00,69.61,2025-12-13 19:28:13.639528+00:00
2025-03-17 11:00:00+01:00,54.495000000000005,2025-12-13 19:28:13.639528+00:00
2025-03-17 12:00:00+01:00,35.09625,2025-12-13 19:28:13.639528+00:00
2025-03-17 13:00:00+01:00,32.12625,2025-12-13 19:28:13.639528+00:00
2025-03-17 14:00:00+01:00,51.09125,2025-12-13 19:28:13.639528+00:00
2025-03-17 15:00:00+01:00,71.33,2025-12-13 19:28:13.639528+00:00
2025-03-17 16:00:00+01:00,99.57,2025-12-13 19:28:13.639528+00:00
2025-03-17 17:00:00+01:00,139.435,2025-12-13 19:28:13.639528+00:00
2025-03-17 18:00:00+01:00,169.215,2025-12-13 19:28:13.639528+00:00
2025-03-17 19:00:00+01:00,165.775,2025-12-13 19:28:13.639528+00:00
2025-03-17 20:00:00+01:00,143.0975,2025-12-13 19:28:13.639528+00:00
2025-03-17 21:00:00+01:00,123.925,2025-12-13 19:28:13.639528+00:00
2025-03-17 22:00:00+01:00,113.92875,2025-12-13 19:28:13.639528+00:00
2025-03-17 23:00:00+01:00,101.96875,2025-12-13 19:28:13.639528+00:00
2025-03-18 00:00:00+01:00,94.575,2025-12-13 19:28:13.639528+00:00
2025-03-18 01:00:00+01:00,93.49625,2025-12-13 19:28:13.639528+00:00
2025-03-18 02:00:00+01:00,93.37125,2025-12-13 19:28:13.639528+00:00
2025-03-18 03:00:00+01:00,93.1875,2025-12-13 19:28:13.639528+00:00
2025-03-18 04:00:00+01:00,98.0125,2025-12-13 19:28:13.639528+00:00
2025-03-18 05:00:00+01:00,109.97375,2025-12-13 19:28:13.639528+00:00
2025-03-18 06:00:00+01:00,138.99875,2025-12-13 19:28:13.639528+00:00
2025-03-18 07:00:00+01:00,136.99,2025-12-13 19:28:13.639528+00:00
2025-03-18 08:00:00+01:00,105.38,2025-12-13 19:28:13.639528+00:00
2025-03-18 09:00:00+01:00,67.94500000000001,2025-12-13 19:28:13.639528+00:00
2025-03-18 10:00:00+01:00,20.971249999999998,2025-12-13 19:28:13.639528+00:00
2025-03-18 11:00:00+01:00,2.3225,2025-12-13 19:28:13.639528+00:00
2025-03-18 12:00:00+01:00,-1.18,2025-12-13 19:28:13.639528+00:00
2025-03-18 13:00:00+01:00,0.7712499999999999,2025-12-13 19:28:13.639528+00:00
2025-03-18 14:00:00+01:00,8.296249999999999,2025-12-13 19:28:13.639528+00:00
2025-03-18 15:00:00+01:00,50.29,2025-12-13 19:28:13.639528+00:00
2025-03-18 16:00:00+01:00,95.37,2025-12-13 19:28:13.639528+00:00
2025-03-18 17:00:00+01:00,141.6475,2025-12-13 19:28:13.639528+00:00
2025-03-18 18:00:00+01:00,170.51,2025-12-13 19:28:13.639528+00:00
2025-03-18 19:00:00+01:00,169.22875,2025-12-13 19:28:13.639528+00:00
2025-03-18 20:00:00+01:00,143.945,2025-12-13 19:28:13.639528+00:00
2025-03-18 21:00:00+01:00,122.67125000000001,2025-12-13 19:28:13.639528+00:00
2025-03-18 22:00:00+01:00,115.21375,2025-12-13 19:28:13.639528+00:00
2025-03-18 23:00:00+01:00,103.12375,2025-12-13 19:28:13.639528+00:00
2025-03-19 00:00:00+01:00,106.22875,2025-12-13 19:28:13.639528+00:00
2025-03-19 01:00:00+01:00,102.105,2025-12-13 19:28:13.639528+00:00
2025-03-19 02:00:00+01:00,100.81875,2025-12-13 19:28:13.639528+00:00
2025-03-19 03:00:00+01:00,101.92,2025-12-13 19:28:13.639528+00:00
2025-03-19 04:00:00+01:00,107.09125,2025-12-13 19:28:13.639528+00:00
2025-03-19 05:00:00+01:00,121.79124999999999,2025-12-13 19:28:13.639528+00:00
2025-03-19 06:00:00+01:00,151.58875,2025-12-13 19:28:13.639528+00:00
2025-03-19 07:00:00+01:00,147.4175,2025-12-13 19:28:13.639528+00:00
2025-03-19 08:00:00+01:00,109.56375,2025-12-13 19:28:13.639528+00:00
2025-03-19 09:00:00+01:00,79.37625,2025-12-13 19:28:13.639528+00:00
2025-03-19 10:00:00+01:00,32.6025,2025-12-13 19:28:13.639528+00:00
2025-03-19 11:00:00+01:00,8.5975,2025-12-13 19:28:13.639528+00:00
2025-03-19 12:00:00+01:00,2.71375,2025-12-13 19:28:13.639528+00:00
2025-03-19 13:00:00+01:00,3.84625,2025-12-13 19:28:13.639528+00:00
2025-03-19 14:00:00+01:00,11.48875,2025-12-13 19:28:13.639528+00:00
2025-03-19 15:00:00+01:00,65.86500000000001,2025-12-13 19:28:13.639528+00:00
2025-03-19 16:00:00+01:00,110.77125,2025-12-13 19:28:13.639528+00:00
2025-03-19 17:00:00+01:00,150.4,2025-12-13 19:28:13.639528+00:00
2025-03-19 18:00:00+01:00,228.22,2025-12-13 19:28:13.639528+00:00
2025-03-19 19:00:00+01:00,211.37375,2025-12-13 19:28:13.639528+00:00
2025-03-19 20:00:00+01:00,171.64,2025-12-13 19:28:13.639528+00:00
2025-03-19 21:00:00+01:00,136.35375,2025-12-13 19:28:13.639528+00:00
2025-03-19 22:00:00+01:00,122.89750000000001,2025-12-13 19:28:13.639528+00:00
2025-03-19 23:00:00+01:00,112.62625,2025-12-13 19:28:13.639528+00:00
2025-03-20 00:00:00+01:00,114.71875,2025-12-13 19:28:13.639528+00:00
2025-03-20 01:00:00+01:00,106.02,2025-12-13 19:28:13.639528+00:00
2025-03-20 02:00:00+01:00,102.93,2025-12-13 19:28:13.639528+00:00
2025-03-20 03:00:00+01:00,102.6175,2025-12-13 19:28:13.639528+00:00
2025-03-20 04:00:00+01:00,105.1975,2025-12-13 19:28:13.639528+00:00
2025-03-20 05:00:00+01:00,120.25,2025-12-13 19:28:13.639528+00:00
2025-03-20 06:00:00+01:00,146.9125,2025-12-13 19:28:13.639528+00:00
2025-03-20 07:00:00+01:00,144.73125000000002,2025-12-13 19:28:13.639528+00:00
2025-03-20 08:00:00+01:00,106.04,2025-12-13 19:28:13.639528+00:00
2025-03-20 09:00:00+01:00,76.56125,2025-12-13 19:28:13.639528+00:00
2025-03-20 10:00:00+01:00,36.94,2025-12-13 19:28:13.639528+00:00
2025-03-20 11:00:00+01:00,6.275,2025-12-13 19:28:13.639528+00:00
2025-03-20 12:00:00+01:00,0.5662499999999999,2025-12-13 19:28:13.639528+00:00
2025-03-20 13:00:00+01:00,3.43,2025-12-13 19:28:13.639528+00:00
2025-03-20 14:00:00+01:00,19.51125,2025-12-13 19:28:13.639528+00:00
2025-03-20 15:00:00+01:00,75.7425,2025-12-13 19:28:13.639528+00:00
2025-03-20 16:00:00+01:00,116.58,2025-12-13 19:28:13.639528+00:00
2025-03-20 17:00:00+01:00,153.17249999999999,2025-12-13 19:28:13.639528+00:00
2025-03-20 18:00:00+01:00,257.9275,2025-12-13 19:28:13.639528+00:00
2025-03-20 19:00:00+01:00,235.2925,2025-12-13 19:28:13.639528+00:00
2025-03-20 20:00:00+01:00,160.34375,2025-12-13 19:28:13.639528+00:00
2025-03-20 21:00:00+01:00,138.7425,2025-12-13 19:28:13.639528+00:00
2025-03-20 22:00:00+01:00,128.4575,2025-12-13 19:28:13.639528+00:00
2025-03-20 23:00:00+01:00,116.88625,2025-12-13 19:28:13.639528+00:00
2025-03-21 00:00:00+01:00,123.8975,2025-12-13 19:28:13.639528+00:00
2025-03-21 01:00:00+01:00,116.41,2025-12-13 19:28:13.639528+00:00
2025-03-21 02:00:00+01:00,110.77625,2025-12-13 19:28:13.639528+00:00
2025-03-21 03:00:00+01:00,107.63125,2025-12-13 19:28:13.639528+00:00
2025-03-21 04:00:00+01:00,109.80875,2025-12-13 19:28:13.639528+00:00
2025-03-21 05:00:00+01:00,127.3175,2025-12-13 19:28:13.639528+00:00
2025-03-21 06:00:00+01:00,153.32,2025-12-13 19:28:13.639528+00:00
2025-03-21 07:00:00+01:00,146.60750000000002,2025-12-13 19:28:13.639528+00:00
2025-03-21 08:00:00+01:00,105.125,2025-12-13 19:28:13.639528+00:00
2025-03-21 09:00:00+01:00,63.205000000000005,2025-12-13 19:28:13.639528+00:00
2025-03-21 10:00:00+01:00,24.86,2025-12-13 19:28:13.639528+00:00
2025-03-21 11:00:00+01:00,3.1850000000000005,2025-12-13 19:28:13.639528+00:00
2025-03-21 12:00:00+01:00,-2.3200000000000003,2025-12-13 19:28:13.639528+00:00
2025-03-21 13:00:00+01:00,-2.8425,2025-12-13 19:28:13.639528+00:00
2025-03-21 14:00:00+01:00,-1.6025,2025-12-13 19:28:13.639528+00:00
2025-03-21 15:00:00+01:00,7.793749999999999,2025-12-13 19:28:13.639528+00:00
2025-03-21 16:00:00+01:00,39.11,2025-12-13 19:28:13.639528+00:00
2025-03-21 17:00:00+01:00,87.19749999999999,2025-12-13 19:28:13.639528+00:00
2025-03-21 18:00:00+01:00,106.2525,2025-12-13 19:28:13.639528+00:00
2025-03-21 19:00:00+01:00,79.6825,2025-12-13 19:28:13.639528+00:00
2025-03-21 20:00:00+01:00,64.0025,2025-12-13 19:28:13.639528+00:00
2025-03-21 21:00:00+01:00,40.09,2025-12-13 19:28:13.639528+00:00
2025-03-21 22:00:00+01:00,29.64875,2025-12-13 19:28:13.639528+00:00
2025-03-21 23:00:00+01:00,22.56625,2025-12-13 19:28:13.639528+00:00
2025-03-22 00:00:00+01:00,21.990000000000002,2025-12-13 19:28:13.639528+00:00
2025-03-22 01:00:00+01:00,14.8575,2025-12-13 19:28:13.639528+00:00
2025-03-22 02:00:00+01:00,10.475,2025-12-13 19:28:13.639528+00:00
2025-03-22 03:00:00+01:00,7.606249999999999,2025-12-13 19:28:13.639528+00:00
2025-03-22 04:00:00+01:00,9.12,2025-12-13 19:28:13.639528+00:00
2025-03-22 05:00:00+01:00,13.91,2025-12-13 19:28:13.639528+00:00
2025-03-22 06:00:00+01:00,9.28,2025-12-13 19:28:13.639528+00:00
2025-03-22 07:00:00+01:00,9.217499999999998,2025-12-13 19:28:13.639528+00:00
2025-03-22 08:00:00+01:00,5.405,2025-12-13 19:28:13.639528+00:00
2025-03-22 09:00:00+01:00,0.48499999999999943,2025-12-13 19:28:13.639528+00:00
2025-03-22 10:00:00+01:00,-1.1087500000000006,2025-12-13 19:28:13.639528+00:00
2025-03-22 11:00:00+01:00,-6.116250000000002,2025-12-13 19:28:13.639528+00:00
2025-03-22 12:00:00+01:00,-21.0675,2025-12-13 19:28:13.639528+00:00
2025-03-22 13:00:00+01:00,-21.05125,2025-12-13 19:28:13.639528+00:00
2025-03-22 14:00:00+01:00,-4.587500000000002,2025-12-13 19:28:13.639528+00:00
2025-03-22 15:00:00+01:00,-1.7537500000000013,2025-12-13 19:28:13.639528+00:00
2025-03-22 16:00:00+01:00,5.216249999999999,2025-12-13 19:28:13.639528+00:00
2025-03-22 17:00:00+01:00,32.65,2025-12-13 19:28:13.639528+00:00
2025-03-22 18:00:00+01:00,57.026250000000005,2025-12-13 19:28:13.639528+00:00
2025-03-22 19:00:00+01:00,50.026250000000005,2025-12-13 19:28:13.639528+00:00
2025-03-22 20:00:00+01:00,41.7375,2025-12-13 19:28:13.639528+00:00
2025-03-22 21:00:00+01:00,35.808749999999996,2025-12-13 19:28:13.639528+00:00
2025-03-22 22:00:00+01:00,36.09875,2025-12-13 19:28:13.639528+00:00
2025-03-22 23:00:00+01:00,32.824999999999996,2025-12-13 19:28:13.639528+00:00
2025-03-23 00:00:00+01:00,17.31,2025-12-13 19:28:13.639528+00:00
2025-03-23 01:00:00+01:00,20.525000000000002,2025-12-13 19:28:13.639528+00:00
2025-03-23 02:00:00+01:00,23.9075,2025-12-13 19:28:13.639528+00:00
2025-03-23 03:00:00+01:00,27.5575,2025-12-13 19:28:13.639528+00:00
2025-03-23 04:00:00+01:00,29.6075,2025-12-13 19:28:13.639528+00:00
2025-03-23 05:00:00+01:00,27.71125,2025-12-13 19:28:13.639528+00:00
2025-03-23 06:00:00+01:00,27.1725,2025-12-13 19:28:13.639528+00:00
2025-03-23 07:00:00+01:00,26.7975,2025-12-13 19:28:13.639528+00:00
2025-03-23 08:00:00+01:00,20.439999999999998,2025-12-13 19:28:13.639528+00:00
2025-03-23 09:00:00+01:00,18.46875,2025-12-13 19:28:13.639528+00:00
2025-03-23 10:00:00+01:00,10.785,2025-12-13 19:28:13.639528+00:00
2025-03-23 11:00:00+01:00,7.9725,2025-12-13 19:28:13.639528+00:00
2025-03-23 12:00:00+01:00,9.185,2025-12-13 19:28:13.639528+00:00
2025-03-23 13:00:00+01:00,5.213749999999999,2025-12-13 19:28:13.639528+00:00
2025-03-23 14:00:00+01:00,15.932500000000001,2025-12-13 19:28:13.639528+00:00
2025-03-23 15:00:00+01:00,44.27875,2025-12-13 19:28:13.639528+00:00
2025-03-23 16:00:00+01:00,85.08375000000001,2025-12-13 19:28:13.639528+00:00
2025-03-23 17:00:00+01:00,123.15875,2025-12-13 19:28:13.639528+00:00
2025-03-23 18:00:00+01:00,141.94125,2025-12-13 19:28:13.639528+00:00
2025-03-23 19:00:00+01:00,145.27625,2025-12-13 19:28:13.639528+00:00
2025-03-23 20:00:00+01:00,135.80125,2025-12-13 19:28:13.639528+00:00
2025-03-23 21:00:00+01:00,125.55,2025-12-13 19:28:13.639528+00:00
2025-03-23 22:00:00+01:00,122.0425,2025-12-13 19:28:13.639528+00:00
2025-03-23 23:00:00+01:00,110.2475,2025-12-13 19:28:13.639528+00:00
2025-03-24 00:00:00+01:00,104.58625,2025-12-13 19:28:13.639528+00:00
2025-03-24 01:00:00+01:00,103.3575,2025-12-13 19:28:13.639528+00:00
2025-03-24 02:00:00+01:00,100.6675,2025-12-13 19:28:13.639528+00:00
2025-03-24 03:00:00+01:00,99.1075,2025-12-13 19:28:13.639528+00:00
2025-03-24 04:00:00+01:00,101.16499999999999,2025-12-13 19:28:13.639528+00:00
2025-03-24 05:00:00+01:00,115.91,2025-12-13 19:28:13.639528+00:00
2025-03-24 06:00:00+01:00,142.14375,2025-12-13 19:28:13.639528+00:00
2025-03-24 07:00:00+01:00,159.49,2025-12-13 19:28:13.639528+00:00
2025-03-24 08:00:00+01:00,152.18,2025-12-13 19:28:13.639528+00:00
2025-03-24 09:00:00+01:00,127.46875,2025-12-13 19:28:13.639528+00:00
2025-03-24 10:00:00+01:00,108.19125,2025-12-13 19:28:13.639528+00:00
2025-03-24 11:00:00+01:00,98.5,2025-12-13 19:28:13.639528+00:00
2025-03-24 12:00:00+01:00,92.555,2025-12-13 19:28:13.639528+00:00
2025-03-24 13:00:00+01:00,93.83500000000001,2025-12-13 19:28:13.639528+00:00
2025-03-24 14:00:00+01:00,100.9225,2025-12-13 19:28:13.639528+00:00
2025-03-24 15:00:00+01:00,110.975,2025-12-13 19:28:13.639528+00:00
2025-03-24 16:00:00+01:00,128.47125,2025-12-13 19:28:13.639528+00:00
2025-03-24 17:00:00+01:00,151.4075,2025-12-13 19:28:13.639528+00:00
2025-03-24 18:00:00+01:00,194.205,2025-12-13 19:28:13.639528+00:00
2025-03-24 19:00:00+01:00,183.85625,2025-12-13 19:28:13.639528+00:00
2025-03-24 20:00:00+01:00,157.57,2025-12-13 19:28:13.639528+00:00
2025-03-24 21:00:00+01:00,134.90625,2025-12-13 19:28:13.639528+00:00
2025-03-24 22:00:00+01:00,122.99,2025-12-13 19:28:13.639528+00:00
2025-03-24 23:00:00+01:00,110.53125,2025-12-13 19:28:13.639528+00:00
2025-03-25 00:00:00+01:00,107.86874999999999,2025-12-13 19:28:13.639528+00:00
2025-03-25 01:00:00+01:00,104.9775,2025-12-13 19:28:13.639528+00:00
2025-03-25 02:00:00+01:00,102.15,2025-12-13 19:28:13.639528+00:00
2025-03-25 03:00:00+01:00,102.2975,2025-12-13 19:28:13.639528+00:00
2025-03-25 04:00:00+01:00,102.395,2025-12-13 19:28:13.639528+00:00
2025-03-25 05:00:00+01:00,109.995,2025-12-13 19:28:13.639528+00:00
2025-03-25 06:00:00+01:00,134.01125000000002,2025-12-13 19:28:13.639528+00:00
2025-03-25 07:00:00+01:00,143.0775,2025-12-13 19:28:13.639528+00:00
2025-03-25 08:00:00+01:00,130.875,2025-12-13 19:28:13.639528+00:00
2025-03-25 09:00:00+01:00,106.13125,2025-12-13 19:28:13.639528+00:00
2025-03-25 10:00:00+01:00,88.87375,2025-12-13 19:28:13.639528+00:00
2025-03-25 11:00:00+01:00,78.3725,2025-12-13 19:28:13.639528+00:00
2025-03-25 12:00:00+01:00,68.175,2025-12-13 19:28:13.639528+00:00
2025-03-25 13:00:00+01:00,65.7475,2025-12-13 19:28:13.639528+00:00
2025-03-25 14:00:00+01:00,77.7325,2025-12-13 19:28:13.639528+00:00
2025-03-25 15:00:00+01:00,91.67625,2025-12-13 19:28:13.639528+00:00
2025-03-25 16:00:00+01:00,109.23375,2025-12-13 19:28:13.639528+00:00
2025-03-25 17:00:00+01:00,137.37375,2025-12-13 19:28:13.639528+00:00
2025-03-25 18:00:00+01:00,156.8225,2025-12-13 19:28:13.639528+00:00
2025-03-25 19:00:00+01:00,163.00875000000002,2025-12-13 19:28:13.639528+00:00
2025-03-25 20:00:00+01:00,143.2,2025-12-13 19:28:13.639528+00:00
2025-03-25 21:00:00+01:00,121.545,2025-12-13 19:28:13.639528+00:00
2025-03-25 22:00:00+01:00,112.49,2025-12-13 19:28:13.639528+00:00
2025-03-25 23:00:00+01:00,99.78,2025-12-13 19:28:13.639528+00:00
2025-03-26 00:00:00+01:00,99.2475,2025-12-13 19:28:13.639528+00:00
2025-03-26 01:00:00+01:00,95.82,2025-12-13 19:28:13.639528+00:00
2025-03-26 02:00:00+01:00,94.34125,2025-12-13 19:28:13.639528+00:00
2025-03-26 03:00:00+01:00,93.49125,2025-12-13 19:28:13.639528+00:00
2025-03-26 04:00:00+01:00,94.1475,2025-12-13 19:28:13.639528+00:00
2025-03-26 05:00:00+01:00,100.10499999999999,2025-12-13 19:28:13.639528+00:00
2025-03-26 06:00:00+01:00,127.94874999999999,2025-12-13 19:28:13.639528+00:00
2025-03-26 07:00:00+01:00,140.45374999999999,2025-12-13 19:28:13.639528+00:00
2025-03-26 08:00:00+01:00,135.44375,2025-12-13 19:28:13.639528+00:00
2025-03-26 09:00:00+01:00,114.1725,2025-12-13 19:28:13.639528+00:00
2025-03-26 10:00:00+01:00,101.8625,2025-12-13 19:28:13.639528+00:00
2025-03-26 11:00:00+01:00,96.345,2025-12-13 19:28:13.639528+00:00
2025-03-26 12:00:00+01:00,92.13374999999999,2025-12-13 19:28:13.639528+00:00
2025-03-26 13:00:00+01:00,86.07124999999999,2025-12-13 19:28:13.639528+00:00
2025-03-26 14:00:00+01:00,89.49875,2025-12-13 19:28:13.639528+00:00
2025-03-26 15:00:00+01:00,94.8125,2025-12-13 19:28:13.639528+00:00
2025-03-26 16:00:00+01:00,105.9425,2025-12-13 19:28:13.639528+00:00
2025-03-26 17:00:00+01:00,138.265,2025-12-13 19:28:13.639528+00:00
2025-03-26 18:00:00+01:00,164.4325,2025-12-13 19:28:13.639528+00:00
2025-03-26 19:00:00+01:00,166.5025,2025-12-13 19:28:13.639528+00:00
2025-03-26 20:00:00+01:00,149.85500000000002,2025-12-13 19:28:13.639528+00:00
2025-03-26 21:00:00+01:00,129.61125,2025-12-13 19:28:13.639528+00:00
2025-03-26 22:00:00+01:00,119.56,2025-12-13 19:28:13.639528+00:00
2025-03-26 23:00:00+01:00,106.97,2025-12-13 19:28:13.639528+00:00
2025-03-27 00:00:00+01:00,105.44875,2025-12-13 19:28:13.639528+00:00
2025-03-27 01:00:00+01:00,100.54,2025-12-13 19:28:13.639528+00:00
2025-03-27 02:00:00+01:00,98.565,2025-12-13 19:28:13.639528+00:00
2025-03-27 03:00:00+01:00,98.06125,2025-12-13 19:28:13.639528+00:00
2025-03-27 04:00:00+01:00,97.74125,2025-12-13 19:28:13.639528+00:00
2025-03-27 05:00:00+01:00,105.84625,2025-12-13 19:28:13.639528+00:00
2025-03-27 06:00:00+01:00,130.01875,2025-12-13 19:28:13.639528+00:00
2025-03-27 07:00:00+01:00,138.78,2025-12-13 19:28:13.639528+00:00
2025-03-27 08:00:00+01:00,123.43,2025-12-13 19:28:13.639528+00:00
2025-03-27 09:00:00+01:00,93.6225,2025-12-13 19:28:13.639528+00:00
2025-03-27 10:00:00+01:00,74.40875,2025-12-13 19:28:13.639528+00:00
2025-03-27 11:00:00+01:00,43.552499999999995,2025-12-13 19:28:13.639528+00:00
2025-03-27 12:00:00+01:00,23.405,2025-12-13 19:28:13.639528+00:00
2025-03-27 13:00:00+01:00,13.333749999999998,2025-12-13 19:28:13.639528+00:00
2025-03-27 14:00:00+01:00,29.265,2025-12-13 19:28:13.639528+00:00
2025-03-27 15:00:00+01:00,69.80875,2025-12-13 19:28:13.639528+00:00
2025-03-27 16:00:00+01:00,92.14750000000001,2025-12-13 19:28:13.639528+00:00
2025-03-27 17:00:00+01:00,130.49375,2025-12-13 19:28:13.639528+00:00
2025-03-27 18:00:00+01:00,163.775,2025-12-13 19:28:13.639528+00:00
2025-03-27 19:00:00+01:00,173.91875,2025-12-13 19:28:13.639528+00:00
2025-03-27 20:00:00+01:00,143.51625,2025-12-13 19:28:13.639528+00:00
2025-03-27 21:00:00+01:00,125.21000000000001,2025-12-13 19:28:13.639528+00:00
2025-03-27 22:00:00+01:00,114.00625,2025-12-13 19:28:13.639528+00:00
2025-03-27 23:00:00+01:00,101.58875,2025-12-13 19:28:13.639528+00:00
2025-03-28 00:00:00+01:00,93.1125,2025-12-13 19:28:13.639528+00:00
2025-03-28 01:00:00+01:00,84.895,2025-12-13 19:28:13.639528+00:00
2025-03-28 02:00:00+01:00,84.12625,2025-12-13 19:28:13.639528+00:00
2025-03-28 03:00:00+01:00,84.0275,2025-12-13 19:28:13.639528+00:00
2025-03-28 04:00:00+01:00,85.04125,2025-12-13 19:28:13.639528+00:00
2025-03-28 05:00:00+01:00,100.01375,2025-12-13 19:28:13.639528+00:00
2025-03-28 06:00:00+01:00,123.29125,2025-12-13 19:28:13.639528+00:00
2025-03-28 07:00:00+01:00,120.115,2025-12-13 19:28:13.639528+00:00
2025-03-28 08:00:00+01:00,93.70375,2025-12-13 19:28:13.639528+00:00
2025-03-28 09:00:00+01:00,67.06125,2025-12-13 19:28:13.639528+00:00
2025-03-28 10:00:00+01:00,22.16,2025-12-13 19:28:13.639528+00:00
2025-03-28 11:00:00+01:00,2.38875,2025-12-13 19:28:13.639528+00:00
2025-03-28 12:00:00+01:00,0.6237500000000002,2025-12-13 19:28:13.639528+00:00
2025-03-28 13:00:00+01:00,-0.026250000000000107,2025-12-13 19:28:13.639528+00:00
2025-03-28 14:00:00+01:00,14.39,2025-12-13 19:28:13.639528+00:00
2025-03-28 15:00:00+01:00,65.54875,2025-12-13 19:28:13.639528+00:00
2025-03-28 16:00:00+01:00,98.59375,2025-12-13 19:28:13.639528+00:00
2025-03-28 17:00:00+01:00,130.92374999999998,2025-12-13 19:28:13.639528+00:00
2025-03-28 18:00:00+01:00,162.02875,2025-12-13 19:28:13.639528+00:00
2025-03-28 19:00:00+01:00,163.5175,2025-12-13 19:28:13.639528+00:00
2025-03-28 20:00:00+01:00,145.1625,2025-12-13 19:28:13.639528+00:00
2025-03-28 21:00:00+01:00,124.4775,2025-12-13 19:28:13.639528+00:00
2025-03-28 22:00:00+01:00,116.195,2025-12-13 19:28:13.639528+00:00
2025-03-28 23:00:00+01:00,106.6825,2025-12-13 19:28:13.639528+00:00
2025-03-29 00:00:00+01:00,107.675,2025-12-13 19:28:13.639528+00:00
2025-03-29 01:00:00+01:00,101.00625,2025-12-13 19:28:13.639528+00:00
2025-03-29 02:00:00+01:00,95.42,2025-12-13 19:28:13.639528+00:00
2025-03-29 03:00:00+01:00,95.235,2025-12-13 19:28:13.639528+00:00
2025-03-29 04:00:00+01:00,94.2,2025-12-13 19:28:13.639528+00:00
2025-03-29 05:00:00+01:00,92.74,2025-12-13 19:28:13.639528+00:00
2025-03-29 06:00:00+01:00,94.7675,2025-12-13 19:28:13.639528+00:00
2025-03-29 07:00:00+01:00,97.91875,2025-12-13 19:28:13.639528+00:00
2025-03-29 08:00:00+01:00,93.64125,2025-12-13 19:28:13.639528+00:00
2025-03-29 09:00:00+01:00,79.17,2025-12-13 19:28:13.639528+00:00
2025-03-29 10:00:00+01:00,60.085,2025-12-13 19:28:13.639528+00:00
2025-03-29 11:00:00+01:00,54.3325,2025-12-13 19:28:13.639528+00:00
2025-03-29 12:00:00+01:00,46.47125,2025-12-13 19:28:13.639528+00:00
2025-03-29 13:00:00+01:00,7.68,2025-12-13 19:28:13.639528+00:00
2025-03-29 14:00:00+01:00,10.70875,2025-12-13 19:28:13.639528+00:00
2025-03-29 15:00:00+01:00,31.8175,2025-12-13 19:28:13.639528+00:00
2025-03-29 16:00:00+01:00,64.28625,2025-12-13 19:28:13.639528+00:00
2025-03-29 17:00:00+01:00,99.4025,2025-12-13 19:28:13.639528+00:00
2025-03-29 18:00:00+01:00,137.6225,2025-12-13 19:28:13.639528+00:00
2025-03-29 19:00:00+01:00,143.16,2025-12-13 19:28:13.639528+00:00
2025-03-29 20:00:00+01:00,120.02499999999999,2025-12-13 19:28:13.639528+00:00
2025-03-29 21:00:00+01:00,101.36125,2025-12-13 19:28:13.639528+00:00
2025-03-29 22:00:00+01:00,87.39625,2025-12-13 19:28:13.639528+00:00
2025-03-29 23:00:00+01:00,74.13624999999999,2025-12-13 19:28:13.639528+00:00
2025-03-30 00:00:00+01:00,58.47,2025-12-13 19:28:13.639528+00:00
2025-03-30 01:00:00+01:00,25.858333333333334,2025-12-13 19:28:13.639528+00:00
2025-03-30 03:00:00+02:00,30.661666666666665,2025-12-13 19:28:13.639528+00:00
2025-03-30 04:00:00+02:00,16.478749999999998,2025-12-13 19:28:13.639528+00:00
2025-03-30 05:00:00+02:00,10.04625,2025-12-13 19:28:13.639528+00:00
2025-03-30 06:00:00+02:00,8.16875,2025-12-13 19:28:13.639528+00:00
2025-03-30 07:00:00+02:00,0.685,2025-12-13 19:28:13.639528+00:00
2025-03-30 08:00:00+02:00,1.1199999999999997,2025-12-13 19:28:13.639528+00:00
2025-03-30 09:00:00+02:00,-0.32374999999999987,2025-12-13 19:28:13.639528+00:00
2025-03-30 10:00:00+02:00,-2.03625,2025-12-13 19:28:13.639528+00:00
2025-03-30 11:00:00+02:00,-10.4025,2025-12-13 19:28:13.639528+00:00
2025-03-30 12:00:00+02:00,-13.485,2025-12-13 19:28:13.639528+00:00
2025-03-30 13:00:00+02:00,-19.415,2025-12-13 19:28:13.639528+00:00
2025-03-30 14:00:00+02:00,-19.841250000000002,2025-12-13 19:28:13.639528+00:00
2025-03-30 15:00:00+02:00,-13.71625,2025-12-13 19:28:13.639528+00:00
2025-03-30 16:00:00+02:00,-7.436249999999999,2025-12-13 19:28:13.639528+00:00
2025-03-30 17:00:00+02:00,0.845,2025-12-13 19:28:13.639528+00:00
2025-03-30 18:00:00+02:00,14.9025,2025-12-13 19:28:13.639528+00:00
2025-03-30 19:00:00+02:00,52.224999999999994,2025-12-13 19:28:13.639528+00:00
2025-03-30 20:00:00+02:00,55.93,2025-12-13 19:28:13.639528+00:00
2025-03-30 21:00:00+02:00,48.0375,2025-12-13 19:28:13.639528+00:00
2025-03-30 22:00:00+02:00,48.355,2025-12-13 19:28:13.639528+00:00
2025-03-30 23:00:00+02:00,40.38125,2025-12-13 19:28:13.639528+00:00
2025-03-31 00:00:00+02:00,48.199999999999996,2025-12-13 19:28:13.639528+00:00
2025-03-31 01:00:00+02:00,48.14125,2025-12-13 19:28:13.639528+00:00
2025-03-31 02:00:00+02:00,45.63375,2025-12-13 19:28:13.639528+00:00
2025-03-31 03:00:00+02:00,49.97875,2025-12-13 19:28:13.639528+00:00
2025-03-31 04:00:00+02:00,62.985,2025-12-13 19:28:13.639528+00:00
2025-03-31 05:00:00+02:00,79.5825,2025-12-13 19:28:13.639528+00:00
2025-03-31 06:00:00+02:00,102.08500000000001,2025-12-13 19:28:13.639528+00:00
2025-03-31 07:00:00+02:00,134.12125,2025-12-13 19:28:13.639528+00:00
2025-03-31 08:00:00+02:00,144.11499999999998,2025-12-13 19:28:13.639528+00:00
2025-03-31 09:00:00+02:00,115.48625,2025-12-13 19:28:13.639528+00:00
2025-03-31 10:00:00+02:00,97.63625,2025-12-13 19:28:13.639528+00:00
2025-03-31 11:00:00+02:00,88.58125,2025-12-13 19:28:13.639528+00:00
2025-03-31 12:00:00+02:00,78.85125000000001,2025-12-13 19:28:13.639528+00:00
2025-03-31 13:00:00+02:00,66.75,2025-12-13 19:28:13.639528+00:00
2025-03-31 14:00:00+02:00,61.165,2025-12-13 19:28:13.639528+00:00
2025-03-31 15:00:00+02:00,73.01875,2025-12-13 19:28:13.639528+00:00
2025-03-31 16:00:00+02:00,78.87125,2025-12-13 19:28:13.639528+00:00
2025-03-31 17:00:00+02:00,102.255,2025-12-13 19:28:13.639528+00:00
2025-03-31 18:00:00+02:00,132.80625,2025-12-13 19:28:13.639528+00:00
2025-03-31 19:00:00+02:00,171.0675,2025-12-13 19:28:13.639528+00:00
2025-03-31 20:00:00+02:00,164.76375,2025-12-13 19:28:13.639528+00:00
2025-03-31 21:00:00+02:00,134.51375,2025-12-13 19:28:13.639528+00:00
2025-03-31 22:00:00+02:00,119.62375,2025-12-13 19:28:13.639528+00:00
2025-03-31 23:00:00+02:00,106.97,2025-12-13 19:28:13.639528+00:00
2025-04-01 00:00:00+02:00,103.63,2025-12-13 19:28:13.639528+00:00
2025-04-01 01:00:00+02:00,98.2475,2025-12-13 19:28:13.639528+00:00
2025-04-01 02:00:00+02:00,96.78999999999999,2025-12-13 19:28:13.639528+00:00
2025-04-01 03:00:00+02:00,96.90375,2025-12-13 19:28:13.639528+00:00
2025-04-01 04:00:00+02:00,97.315,2025-12-13 19:28:13.639528+00:00
2025-04-01 05:00:00+02:00,106.955,2025-12-13 19:28:13.639528+00:00
2025-04-01 06:00:00+02:00,135.4575,2025-12-13 19:28:13.639528+00:00
2025-04-01 07:00:00+02:00,179.88500000000002,2025-12-13 19:28:13.639528+00:00
2025-04-01 08:00:00+02:00,162.54875,2025-12-13 19:28:13.639528+00:00
2025-04-01 09:00:00+02:00,118.45375,2025-12-13 19:28:13.639528+00:00
2025-04-01 10:00:00+02:00,89.98375,2025-12-13 19:28:13.639528+00:00
2025-04-01 11:00:00+02:00,67.08875,2025-12-13 19:28:13.639528+00:00
2025-04-01 12:00:00+02:00,45.44875,2025-12-13 19:28:13.639528+00:00
2025-04-01 13:00:00+02:00,16.46,2025-12-13 19:28:13.639528+00:00
2025-04-01 14:00:00+02:00,14.39625,2025-12-13 19:28:13.639528+00:00
2025-04-01 15:00:00+02:00,25.91,2025-12-13 19:28:13.639528+00:00
2025-04-01 16:00:00+02:00,59.51375,2025-12-13 19:28:13.639528+00:00
2025-04-01 17:00:00+02:00,82.88374999999999,2025-12-13 19:28:13.639528+00:00
2025-04-01 18:00:00+02:00,121.445,2025-12-13 19:28:13.639528+00:00
2025-04-01 19:00:00+02:00,155.44875,2025-12-13 19:28:13.639528+00:00
2025-04-01 20:00:00+02:00,139.72625,2025-12-13 19:28:13.639528+00:00
2025-04-01 21:00:00+02:00,110.0,2025-12-13 19:28:13.639528+00:00
2025-04-01 22:00:00+02:00,95.035,2025-12-13 19:28:13.639528+00:00
2025-04-01 23:00:00+02:00,80.09125,2025-12-13 19:28:13.639528+00:00
2025-04-02 00:00:00+02:00,69.9125,2025-12-13 19:28:13.639528+00:00
2025-04-02 01:00:00+02:00,69.35375,2025-12-13 19:28:13.639528+00:00
2025-04-02 02:00:00+02:00,70.455,2025-12-13 19:28:13.639528+00:00
2025-04-02 03:00:00+02:00,71.07625,2025-12-13 19:28:13.639528+00:00
2025-04-02 04:00:00+02:00,72.73875000000001,2025-12-13 19:28:13.639528+00:00
2025-04-02 05:00:00+02:00,84.44,2025-12-13 19:28:13.639528+00:00
2025-04-02 06:00:00+02:00,115.97,2025-12-13 19:28:13.639528+00:00
2025-04-02 07:00:00+02:00,146.15375,2025-12-13 19:28:13.639528+00:00
2025-04-02 08:00:00+02:00,124.815,2025-12-13 19:28:13.639528+00:00
2025-04-02 09:00:00+02:00,86.3875,2025-12-13 19:28:13.639528+00:00
2025-04-02 10:00:00+02:00,51.26375,2025-12-13 19:28:13.639528+00:00
2025-04-02 11:00:00+02:00,4.375,2025-12-13 19:28:13.639528+00:00
2025-04-02 12:00:00+02:00,-3.5225,2025-12-13 19:28:13.639528+00:00
2025-04-02 13:00:00+02:00,-14.33,2025-12-13 19:28:13.639528+00:00
2025-04-02 14:00:00+02:00,-15.21125,2025-12-13 19:28:13.639528+00:00
2025-04-02 15:00:00+02:00,-10.09375,2025-12-13 19:28:13.639528+00:00
2025-04-02 16:00:00+02:00,-1.0150000000000023,2025-12-13 19:28:13.639528+00:00
2025-04-02 17:00:00+02:00,22.7525,2025-12-13 19:28:13.639528+00:00
2025-04-02 18:00:00+02:00,89.06875,2025-12-13 19:28:13.639528+00:00
2025-04-02 19:00:00+02:00,125.14875,2025-12-13 19:28:13.639528+00:00
2025-04-02 20:00:00+02:00,115.6,2025-12-13 19:28:13.639528+00:00
2025-04-02 21:00:00+02:00,96.1125,2025-12-13 19:28:13.639528+00:00
2025-04-02 22:00:00+02:00,85.1525,2025-12-13 19:28:13.639528+00:00
2025-04-02 23:00:00+02:00,72.78750000000001,2025-12-13 19:28:13.639528+00:00
2025-04-03 00:00:00+02:00,62.1925,2025-12-13 19:28:13.639528+00:00
2025-04-03 01:00:00+02:00,61.75,2025-12-13 19:28:13.639528+00:00
2025-04-03 02:00:00+02:00,64.61625000000001,2025-12-13 19:28:13.639528+00:00
2025-04-03 03:00:00+02:00,68.325,2025-12-13 19:28:13.639528+00:00
2025-04-03 04:00:00+02:00,71.85,2025-12-13 19:28:13.639528+00:00
2025-04-03 05:00:00+02:00,86.6475,2025-12-13 19:28:13.639528+00:00
2025-04-03 06:00:00+02:00,123.7625,2025-12-13 19:28:13.639528+00:00
2025-04-03 07:00:00+02:00,158.4675,2025-12-13 19:28:13.639528+00:00
2025-04-03 08:00:00+02:00,129.12625,2025-12-13 19:28:13.639528+00:00
2025-04-03 09:00:00+02:00,79.2175,2025-12-13 19:28:13.639528+00:00
2025-04-03 10:00:00+02:00,41.8575,2025-12-13 19:28:13.639528+00:00
2025-04-03 11:00:00+02:00,1.9800000000000009,2025-12-13 19:28:13.639528+00:00
2025-04-03 12:00:00+02:00,-2.6,2025-12-13 19:28:13.639528+00:00
2025-04-03 13:00:00+02:00,-10.125,2025-12-13 19:28:13.639528+00:00
2025-04-03 14:00:00+02:00,-9.12875,2025-12-13 19:28:13.639528+00:00
2025-04-03 15:00:00+02:00,-1.5812500000000007,2025-12-13 19:28:13.639528+00:00
2025-04-03 16:00:00+02:00,18.369999999999997,2025-12-13 19:28:13.639528+00:00
2025-04-03 17:00:00+02:00,80.69624999999999,2025-12-13 19:28:13.639528+00:00
2025-04-03 18:00:00+02:00,137.21375,2025-12-13 19:28:13.639528+00:00
2025-04-03 19:00:00+02:00,169.13,2025-12-13 19:28:13.639528+00:00
2025-04-03 20:00:00+02:00,157.89,2025-12-13 19:28:13.639528+00:00
2025-04-03 21:00:00+02:00,135.13125,2025-12-13 19:28:13.639528+00:00
2025-04-03 22:00:00+02:00,115.89375,2025-12-13 19:28:13.639528+00:00
2025-04-03 23:00:00+02:00,106.13374999999999,2025-12-13 19:28:13.639528+00:00
2025-04-04 00:00:00+02:00,105.7625,2025-12-13 19:28:13.639528+00:00
2025-04-04 01:00:00+02:00,102.02,2025-12-13 19:28:13.639528+00:00
2025-04-04 02:00:00+02:00,102.045,2025-12-13 19:28:13.639528+00:00
2025-04-04 03:00:00+02:00,102.39875,2025-12-13 19:28:13.639528+00:00
2025-04-04 04:00:00+02:00,106.12125,2025-12-13 19:28:13.639528+00:00
2025-04-04 05:00:00+02:00,116.0475,2025-12-13 19:28:13.639528+00:00
2025-04-04 06:00:00+02:00,151.74375,2025-12-13 19:28:13.639528+00:00
2025-04-04 07:00:00+02:00,176.3075,2025-12-13 19:28:13.639528+00:00
2025-04-04 08:00:00+02:00,142.77,2025-12-13 19:28:13.639528+00:00
2025-04-04 09:00:00+02:00,94.32375,2025-12-13 19:28:13.639528+00:00
2025-04-04 10:00:00+02:00,63.67875,2025-12-13 19:28:13.639528+00:00
2025-04-04 11:00:00+02:00,7.9475,2025-12-13 19:28:13.639528+00:00
2025-04-04 12:00:00+02:00,0.1999999999999995,2025-12-13 19:28:13.639528+00:00
2025-04-04 13:00:00+02:00,-3.7087499999999998,2025-12-13 19:28:13.639528+00:00
2025-04-04 14:00:00+02:00,-4.984999999999999,2025-12-13 19:28:13.639528+00:00
2025-04-04 15:00:00+02:00,0.3274999999999988,2025-12-13 19:28:13.639528+00:00
2025-04-04 16:00:00+02:00,28.94875,2025-12-13 19:28:13.639528+00:00
2025-04-04 17:00:00+02:00,76.92,2025-12-13 19:28:13.639528+00:00
2025-04-04 18:00:00+02:00,125.52625,2025-12-13 19:28:13.639528+00:00
2025-04-04 19:00:00+02:00,163.46875,2025-12-13 19:28:13.639528+00:00
2025-04-04 20:00:00+02:00,150.09625,2025-12-13 19:28:13.639528+00:00
2025-04-04 21:00:00+02:00,120.58625,2025-12-13 19:28:13.639528+00:00
2025-04-04 22:00:00+02:00,106.02625,2025-12-13 19:28:13.639528+00:00
2025-04-04 23:00:00+02:00,94.28625,2025-12-13 19:28:13.639528+00:00
2025-04-05 00:00:00+02:00,100.415,2025-12-13 19:28:13.639528+00:00
2025-04-05 01:00:00+02:00,95.11125,2025-12-13 19:28:13.639528+00:00
2025-04-05 02:00:00+02:00,93.19624999999999,2025-12-13 19:28:13.639528+00:00
2025-04-05 03:00:00+02:00,91.3425,2025-12-13 19:28:13.639528+00:00
2025-04-05 04:00:00+02:00,89.38,2025-12-13 19:28:13.639528+00:00
2025-04-05 05:00:00+02:00,89.19875,2025-12-13 19:28:13.639528+00:00
2025-04-05 06:00:00+02:00,94.68875,2025-12-13 19:28:13.639528+00:00
2025-04-05 07:00:00+02:00,99.01,2025-12-13 19:28:13.639528+00:00
2025-04-05 08:00:00+02:00,87.1025,2025-12-13 19:28:13.639528+00:00
2025-04-05 09:00:00+02:00,49.58,2025-12-13 19:28:13.639528+00:00
2025-04-05 10:00:00+02:00,0.8212500000000009,2025-12-13 19:28:13.639528+00:00
2025-04-05 11:00:00+02:00,-2.9837500000000006,2025-12-13 19:28:13.639528+00:00
2025-04-05 12:00:00+02:00,-26.259999999999998,2025-12-13 19:28:13.639528+00:00
2025-04-05 13:00:00+02:00,-48.0725,2025-12-13 19:28:13.639528+00:00
2025-04-05 14:00:00+02:00,-48.93875,2025-12-13 19:28:13.639528+00:00
2025-04-05 15:00:00+02:00,-26.37375,2025-12-13 19:28:13.639528+00:00
2025-04-05 16:00:00+02:00,-6.526250000000001,2025-12-13 19:28:13.639528+00:00
2025-04-05 17:00:00+02:00,4.428749999999999,2025-12-13 19:28:13.639528+00:00
2025-04-05 18:00:00+02:00,60.95125,2025-12-13 19:28:13.639528+00:00
2025-04-05 19:00:00+02:00,91.79,2025-12-13 19:28:13.639528+00:00
2025-04-05 20:00:00+02:00,91.61375000000001,2025-12-13 19:28:13.639528+00:00
2025-04-05 21:00:00+02:00,81.87625,2025-12-13 19:28:13.639528+00:00
2025-04-05 22:00:00+02:00,70.97125,2025-12-13 19:28:13.639528+00:00
2025-04-05 23:00:00+02:00,58.335,2025-12-13 19:28:13.639528+00:00
2025-04-06 00:00:00+02:00,57.225,2025-12-13 19:28:13.639528+00:00
2025-04-06 01:00:00+02:00,50.448750000000004,2025-12-13 19:28:13.639528+00:00
2025-04-06 02:00:00+02:00,53.97375,2025-12-13 19:28:13.639528+00:00
2025-04-06 03:00:00+02:00,56.78875,2025-12-13 19:28:13.639528+00:00
2025-04-06 04:00:00+02:00,56.65375,2025-12-13 19:28:13.639528+00:00
2025-04-06 05:00:00+02:00,62.526250000000005,2025-12-13 19:28:13.639528+00:00
2025-04-06 06:00:00+02:00,67.5725,2025-12-13 19:28:13.639528+00:00
2025-04-06 07:00:00+02:00,68.49375,2025-12-13 19:28:13.639528+00:00
2025-04-06 08:00:00+02:00,42.65,2025-12-13 19:28:13.639528+00:00
2025-04-06 09:00:00+02:00,4.68875,2025-12-13 19:28:13.639528+00:00
2025-04-06 10:00:00+02:00,-2.9512500000000017,2025-12-13 19:28:13.639528+00:00
2025-04-06 11:00:00+02:00,-20.6725,2025-12-13 19:28:13.639528+00:00
2025-04-06 12:00:00+02:00,-39.849999999999994,2025-12-13 19:28:13.639528+00:00
2025-04-06 13:00:00+02:00,-81.82125,2025-12-13 19:28:13.639528+00:00
2025-04-06 14:00:00+02:00,-84.765,2025-12-13 19:28:13.639528+00:00
2025-04-06 15:00:00+02:00,-48.1825,2025-12-13 19:28:13.639528+00:00
2025-04-06 16:00:00+02:00,-11.498750000000001,2025-12-13 19:28:13.639528+00:00
2025-04-06 17:00:00+02:00,16.58,2025-12-13 19:28:13.639528+00:00
2025-04-06 18:00:00+02:00,99.19749999999999,2025-12-13 19:28:13.639528+00:00
2025-04-06 19:00:00+02:00,132.77875,2025-12-13 19:28:13.639528+00:00
2025-04-06 20:00:00+02:00,137.99875,2025-12-13 19:28:13.639528+00:00
2025-04-06 21:00:00+02:00,123.9725,2025-12-13 19:28:13.639528+00:00
2025-04-06 22:00:00+02:00,111.91875,2025-12-13 19:28:13.639528+00:00
2025-04-06 23:00:00+02:00,101.84375,2025-12-13 19:28:13.639528+00:00
2025-04-07 00:00:00+02:00,89.00375,2025-12-13 19:28:13.639528+00:00
2025-04-07 01:00:00+02:00,87.14375,2025-12-13 19:28:13.639528+00:00
2025-04-07 02:00:00+02:00,85.49625,2025-12-13 19:28:13.639528+00:00
2025-04-07 03:00:00+02:00,86.46875,2025-12-13 19:28:13.639528+00:00
2025-04-07 04:00:00+02:00,89.93625,2025-12-13 19:28:13.639528+00:00
2025-04-07 05:00:00+02:00,102.91624999999999,2025-12-13 19:28:13.639528+00:00
2025-04-07 06:00:00+02:00,135.48624999999998,2025-12-13 19:28:13.639528+00:00
2025-04-07 07:00:00+02:00,179.10375,2025-12-13 19:28:13.639528+00:00
2025-04-07 08:00:00+02:00,143.73000000000002,2025-12-13 19:28:13.639528+00:00
2025-04-07 09:00:00+02:00,107.89874999999999,2025-12-13 19:28:13.639528+00:00
2025-04-07 10:00:00+02:00,76.00875,2025-12-13 19:28:13.639528+00:00
2025-04-07 11:00:00+02:00,53.0,2025-12-13 19:28:13.639528+00:00
2025-04-07 12:00:00+02:00,14.438749999999999,2025-12-13 19:28:13.639528+00:00
2025-04-07 13:00:00+02:00,3.2962500000000006,2025-12-13 19:28:13.639528+00:00
2025-04-07 14:00:00+02:00,4.55625,2025-12-13 19:28:13.639528+00:00
2025-04-07 15:00:00+02:00,40.62625,2025-12-13 19:28:13.639528+00:00
2025-04-07 16:00:00+02:00,60.198750000000004,2025-12-13 19:28:13.639528+00:00
2025-04-07 17:00:00+02:00,94.065,2025-12-13 19:28:13.639528+00:00
2025-04-07 18:00:00+02:00,129.11875,2025-12-13 19:28:13.639528+00:00
2025-04-07 19:00:00+02:00,173.80374999999998,2025-12-13 19:28:13.639528+00:00
2025-04-07 20:00:00+02:00,173.01625,2025-12-13 19:28:13.639528+00:00
2025-04-07 21:00:00+02:00,138.0625,2025-12-13 19:28:13.639528+00:00
2025-04-07 22:00:00+02:00,121.51125,2025-12-13 19:28:13.639528+00:00
2025-04-07 23:00:00+02:00,107.00375,2025-12-13 19:28:13.639528+00:00
2025-04-08 00:00:00+02:00,96.01625,2025-12-13 19:28:13.639528+00:00
2025-04-08 01:00:00+02:00,90.615,2025-12-13 19:28:13.639528+00:00
2025-04-08 02:00:00+02:00,91.03125,2025-12-13 19:28:13.639528+00:00
2025-04-08 03:00:00+02:00,90.45,2025-12-13 19:28:13.639528+00:00
2025-04-08 04:00:00+02:00,92.785,2025-12-13 19:28:13.639528+00:00
2025-04-08 05:00:00+02:00,106.51875,2025-12-13 19:28:13.639528+00:00
2025-04-08 06:00:00+02:00,142.05875,2025-12-13 19:28:13.639528+00:00
2025-04-08 07:00:00+02:00,184.57750000000001,2025-12-13 19:28:13.639528+00:00
2025-04-08 08:00:00+02:00,141.41750000000002,2025-12-13 19:28:13.639528+00:00
2025-04-08 09:00:00+02:00,94.78375,2025-12-13 19:28:13.639528+00:00
2025-04-08 10:00:00+02:00,76.59125,2025-12-13 19:28:13.639528+00:00
2025-04-08 11:00:00+02:00,58.38,2025-12-13 19:28:13.639528+00:00
2025-04-08 12:00:00+02:00,28.09125,2025-12-13 19:28:13.639528+00:00
2025-04-08 13:00:00+02:00,21.70375,2025-12-13 19:28:13.639528+00:00
2025-04-08 14:00:00+02:00,33.11875,2025-12-13 19:28:13.639528+00:00
2025-04-08 15:00:00+02:00,60.301249999999996,2025-12-13 19:28:13.639528+00:00
2025-04-08 16:00:00+02:00,78.2375,2025-12-13 19:28:13.639528+00:00
2025-04-08 17:00:00+02:00,97.14375,2025-12-13 19:28:13.639528+00:00
2025-04-08 18:00:00+02:00,124.54125,2025-12-13 19:28:13.639528+00:00
2025-04-08 19:00:00+02:00,186.0675,2025-12-13 19:28:13.639528+00:00
2025-04-08 20:00:00+02:00,175.46,2025-12-13 19:28:13.639528+00:00
2025-04-08 21:00:00+02:00,137.6,2025-12-13 19:28:13.639528+00:00
2025-04-08 22:00:00+02:00,120.535,2025-12-13 19:28:13.639528+00:00
2025-04-08 23:00:00+02:00,104.44,2025-12-13 19:28:13.639528+00:00
2025-04-09 00:00:00+02:00,101.22874999999999,2025-12-13 19:28:13.639528+00:00
2025-04-09 01:00:00+02:00,95.195,2025-12-13 19:28:13.639528+00:00
2025-04-09 02:00:00+02:00,94.67125,2025-12-13 19:28:13.639528+00:00
2025-04-09 03:00:00+02:00,94.04875,2025-12-13 19:28:13.639528+00:00
2025-04-09 04:00:00+02:00,95.34125,2025-12-13 19:28:13.639528+00:00
2025-04-09 05:00:00+02:00,108.14125,2025-12-13 19:28:13.639528+00:00
2025-04-09 06:00:00+02:00,145.65625,2025-12-13 19:28:13.639528+00:00
2025-04-09 07:00:00+02:00,177.2125,2025-12-13 19:28:13.639528+00:00
2025-04-09 08:00:00+02:00,136.28125,2025-12-13 19:28:13.639528+00:00
2025-04-09 09:00:00+02:00,95.24125000000001,2025-12-13 19:28:13.639528+00:00
2025-04-09 10:00:00+02:00,79.13499999999999,2025-12-13 19:28:13.639528+00:00
2025-04-09 11:00:00+02:00,53.7675,2025-12-13 19:28:13.639528+00:00
2025-04-09 12:00:00+02:00,16.2225,2025-12-13 19:28:13.639528+00:00
2025-04-09 13:00:00+02:00,11.657499999999999,2025-12-13 19:28:13.639528+00:00
2025-04-09 14:00:00+02:00,17.846249999999998,2025-12-13 19:28:13.639528+00:00
2025-04-09 15:00:00+02:00,38.38625,2025-12-13 19:28:13.639528+00:00
2025-04-09 16:00:00+02:00,61.0175,2025-12-13 19:28:13.639528+00:00
2025-04-09 17:00:00+02:00,79.7125,2025-12-13 19:28:13.639528+00:00
2025-04-09 18:00:00+02:00,104.64375000000001,2025-12-13 19:28:13.639528+00:00
2025-04-09 19:00:00+02:00,132.9425,2025-12-13 19:28:13.639528+00:00
2025-04-09 20:00:00+02:00,138.48499999999999,2025-12-13 19:28:13.639528+00:00
2025-04-09 21:00:00+02:00,114.58125,2025-12-13 19:28:13.639528+00:00
2025-04-09 22:00:00+02:00,100.92125,2025-12-13 19:28:13.639528+00:00
2025-04-09 23:00:00+02:00,94.82625,2025-12-13 19:28:13.639528+00:00
2025-04-10 00:00:00+02:00,91.44375000000001,2025-12-13 19:28:13.639528+00:00
2025-04-10 01:00:00+02:00,88.47875,2025-12-13 19:28:13.639528+00:00
2025-04-10 02:00:00+02:00,88.21375,2025-12-13 19:28:13.639528+00:00
2025-04-10 03:00:00+02:00,87.79875,2025-12-13 19:28:13.639528+00:00
2025-04-10 04:00:00+02:00,88.84875,2025-12-13 19:28:13.639528+00:00
2025-04-10 05:00:00+02:00,99.76750000000001,2025-12-13 19:28:13.639528+00:00
2025-04-10 06:00:00+02:00,133.43125,2025-12-13 19:28:13.639528+00:00
2025-04-10 07:00:00+02:00,165.95875,2025-12-13 19:28:13.639528+00:00
2025-04-10 08:00:00+02:00,135.6175,2025-12-13 19:28:13.639528+00:00
2025-04-10 09:00:00+02:00,103.45375,2025-12-13 19:28:13.639528+00:00
2025-04-10 10:00:00+02:00,82.5375,2025-12-13 19:28:13.639528+00:00
2025-04-10 11:00:00+02:00,61.785000000000004,2025-12-13 19:28:13.639528+00:00
2025-04-10 12:00:00+02:00,23.1675,2025-12-13 19:28:13.639528+00:00
2025-04-10 13:00:00+02:00,1.6537499999999998,2025-12-13 19:28:13.639528+00:00
2025-04-10 14:00:00+02:00,0.06874999999999987,2025-12-13 19:28:13.639528+00:00
2025-04-10 15:00:00+02:00,1.6825,2025-12-13 19:28:13.639528+00:00
2025-04-10 16:00:00+02:00,39.765,2025-12-13 19:28:13.639528+00:00
2025-04-10 17:00:00+02:00,72.02875,2025-12-13 19:28:13.639528+00:00
2025-04-10 18:00:00+02:00,101.84875,2025-12-13 19:28:13.639528+00:00
2025-04-10 19:00:00+02:00,137.57125,2025-12-13 19:28:13.639528+00:00
2025-04-10 20:00:00+02:00,132.60375,2025-12-13 19:28:13.639528+00:00
2025-04-10 21:00:00+02:00,98.63625,2025-12-13 19:28:13.639528+00:00
2025-04-10 22:00:00+02:00,93.38374999999999,2025-12-13 19:28:13.639528+00:00
2025-04-10 23:00:00+02:00,80.72625,2025-12-13 19:28:13.639528+00:00
2025-04-11 00:00:00+02:00,67.66375,2025-12-13 19:28:13.639528+00:00
2025-04-11 01:00:00+02:00,62.15,2025-12-13 19:28:13.639528+00:00
2025-04-11 02:00:00+02:00,59.9825,2025-12-13 19:28:13.639528+00:00
2025-04-11 03:00:00+02:00,61.29875,2025-12-13 19:28:13.639528+00:00
2025-04-11 04:00:00+02:00,61.801249999999996,2025-12-13 19:28:13.639528+00:00
2025-04-11 05:00:00+02:00,70.545,2025-12-13 19:28:13.639528+00:00
2025-04-11 06:00:00+02:00,94.5875,2025-12-13 19:28:13.639528+00:00
2025-04-11 07:00:00+02:00,108.985,2025-12-13 19:28:13.639528+00:00
2025-04-11 08:00:00+02:00,85.0575,2025-12-13 19:28:13.639528+00:00
2025-04-11 09:00:00+02:00,58.605000000000004,2025-12-13 19:28:13.639528+00:00
2025-04-11 10:00:00+02:00,10.805,2025-12-13 19:28:13.639528+00:00
2025-04-11 11:00:00+02:00,-1.0624999999999998,2025-12-13 19:28:13.639528+00:00
2025-04-11 12:00:00+02:00,-3.8362499999999997,2025-12-13 19:28:13.639528+00:00
2025-04-11 13:00:00+02:00,-7.91625,2025-12-13 19:28:13.639528+00:00
2025-04-11 14:00:00+02:00,-8.473749999999999,2025-12-13 19:28:13.639528+00:00
2025-04-11 15:00:00+02:00,-3.1987499999999995,2025-12-13 19:28:13.639528+00:00
2025-04-11 16:00:00+02:00,1.90125,2025-12-13 19:28:13.639528+00:00
2025-04-11 17:00:00+02:00,62.375,2025-12-13 19:28:13.639528+00:00
2025-04-11 18:00:00+02:00,106.18125,2025-12-13 19:28:13.639528+00:00
2025-04-11 19:00:00+02:00,131.27,2025-12-13 19:28:13.639528+00:00
2025-04-11 20:00:00+02:00,148.1525,2025-12-13 19:28:13.639528+00:00
2025-04-11 21:00:00+02:00,123.93125,2025-12-13 19:28:13.639528+00:00
2025-04-11 22:00:00+02:00,114.2075,2025-12-13 19:28:13.639528+00:00
2025-04-11 23:00:00+02:00,103.56375,2025-12-13 19:28:13.639528+00:00
2025-04-12 00:00:00+02:00,106.89500000000001,2025-12-13 19:28:13.639528+00:00
2025-04-12 01:00:00+02:00,102.13624999999999,2025-12-13 19:28:13.639528+00:00
2025-04-12 02:00:00+02:00,98.0725,2025-12-13 19:28:13.639528+00:00
2025-04-12 03:00:00+02:00,96.775,2025-12-13 19:28:13.639528+00:00
2025-04-12 04:00:00+02:00,96.94375,2025-12-13 19:28:13.639528+00:00
2025-04-12 05:00:00+02:00,99.535,2025-12-13 19:28:13.639528+00:00
2025-04-12 06:00:00+02:00,107.79625,2025-12-13 19:28:13.639528+00:00
2025-04-12 07:00:00+02:00,108.73625,2025-12-13 19:28:13.639528+00:00
2025-04-12 08:00:00+02:00,96.81375,2025-12-13 19:28:13.639528+00:00
2025-04-12 09:00:00+02:00,68.345,2025-12-13 19:28:13.639528+00:00
2025-04-12 10:00:00+02:00,21.36875,2025-12-13 19:28:13.639528+00:00
2025-04-12 11:00:00+02:00,-0.08749999999999991,2025-12-13 19:28:13.639528+00:00
2025-04-12 12:00:00+02:00,-10.73125,2025-12-13 19:28:13.639528+00:00
2025-04-12 13:00:00+02:00,-38.49875,2025-12-13 19:28:13.639528+00:00
2025-04-12 14:00:00+02:00,-42.3625,2025-12-13 19:28:13.639528+00:00
2025-04-12 15:00:00+02:00,-22.27375,2025-12-13 19:28:13.639528+00:00
2025-04-12 16:00:00+02:00,-0.8312499999999989,2025-12-13 19:28:13.639528+00:00
2025-04-12 17:00:00+02:00,53.5325,2025-12-13 19:28:13.639528+00:00
2025-04-12 18:00:00+02:00,103.80250000000001,2025-12-13 19:28:13.639528+00:00
2025-04-12 19:00:00+02:00,140.23,2025-12-13 19:28:13.639528+00:00
2025-04-12 20:00:00+02:00,120.94500000000001,2025-12-13 19:28:13.639528+00:00
2025-04-12 21:00:00+02:00,93.84875,2025-12-13 19:28:13.639528+00:00
2025-04-12 22:00:00+02:00,86.0625,2025-12-13 19:28:13.639528+00:00
2025-04-12 23:00:00+02:00,68.71625,2025-12-13 19:28:13.639528+00:00
2025-04-13 00:00:00+02:00,61.81875,2025-12-13 19:28:13.639528+00:00
2025-04-13 01:00:00+02:00,52.725,2025-12-13 19:28:13.639528+00:00
2025-04-13 02:00:00+02:00,43.08,2025-12-13 19:28:13.639528+00:00
2025-04-13 03:00:00+02:00,35.45625,2025-12-13 19:28:13.639528+00:00
2025-04-13 04:00:00+02:00,35.05875,2025-12-13 19:28:13.639528+00:00
2025-04-13 05:00:00+02:00,36.00375,2025-12-13 19:28:13.639528+00:00
2025-04-13 06:00:00+02:00,33.85875,2025-12-13 19:28:13.639528+00:00
2025-04-13 07:00:00+02:00,33.075,2025-12-13 19:28:13.639528+00:00
2025-04-13 08:00:00+02:00,18.97,2025-12-13 19:28:13.639528+00:00
2025-04-13 09:00:00+02:00,9.306250000000002,2025-12-13 19:28:13.639528+00:00
2025-04-13 10:00:00+02:00,2.3999999999999995,2025-12-13 19:28:13.639528+00:00
2025-04-13 11:00:00+02:00,0.2049999999999998,2025-12-13 19:28:13.639528+00:00
2025-04-13 12:00:00+02:00,-2.01,2025-12-13 19:28:13.639528+00:00
2025-04-13 13:00:00+02:00,-10.3275,2025-12-13 19:28:13.639528+00:00
2025-04-13 14:00:00+02:00,-17.08,2025-12-13 19:28:13.639528+00:00
2025-04-13 15:00:00+02:00,-10.30625,2025-12-13 19:28:13.639528+00:00
2025-04-13 16:00:00+02:00,0.24499999999999922,2025-12-13 19:28:13.639528+00:00
2025-04-13 17:00:00+02:00,24.4525,2025-12-13 19:28:13.639528+00:00
2025-04-13 18:00:00+02:00,92.05,2025-12-13 19:28:13.639528+00:00
2025-04-13 19:00:00+02:00,117.20375,2025-12-13 19:28:13.639528+00:00
2025-04-13 20:00:00+02:00,125.85375,2025-12-13 19:28:13.639528+00:00
2025-04-13 21:00:00+02:00,112.01125,2025-12-13 19:28:13.639528+00:00
2025-04-13 22:00:00+02:00,106.325,2025-12-13 19:28:13.639528+00:00
2025-04-13 23:00:00+02:00,95.4775,2025-12-13 19:28:13.639528+00:00
2025-04-14 00:00:00+02:00,85.59875,2025-12-13 19:28:13.639528+00:00
2025-04-14 01:00:00+02:00,81.845,2025-12-13 19:28:13.639528+00:00
2025-04-14 02:00:00+02:00,81.34625,2025-12-13 19:28:13.639528+00:00
2025-04-14 03:00:00+02:00,81.27250000000001,2025-12-13 19:28:13.639528+00:00
2025-04-14 04:00:00+02:00,83.47375,2025-12-13 19:28:13.639528+00:00
2025-04-14 05:00:00+02:00,95.50625,2025-12-13 19:28:13.639528+00:00
2025-04-14 06:00:00+02:00,124.05250000000001,2025-12-13 19:28:13.639528+00:00
2025-04-14 07:00:00+02:00,154.97375,2025-12-13 19:28:13.639528+00:00
2025-04-14 08:00:00+02:00,142.85125,2025-12-13 19:28:13.639528+00:00
2025-04-14 09:00:00+02:00,105.525,2025-12-13 19:28:13.639528+00:00
2025-04-14 10:00:00+02:00,91.49,2025-12-13 19:28:13.639528+00:00
2025-04-14 11:00:00+02:00,80.91749999999999,2025-12-13 19:28:13.639528+00:00
2025-04-14 12:00:00+02:00,67.47125,2025-12-13 19:28:13.639528+00:00
2025-04-14 13:00:00+02:00,65.0875,2025-12-13 19:28:13.639528+00:00
2025-04-14 14:00:00+02:00,66.2775,2025-12-13 19:28:13.639528+00:00
2025-04-14 15:00:00+02:00,77.29125,2025-12-13 19:28:13.639528+00:00
2025-04-14 16:00:00+02:00,87.80499999999999,2025-12-13 19:28:13.639528+00:00
2025-04-14 17:00:00+02:00,104.34625,2025-12-13 19:28:13.639528+00:00
2025-04-14 18:00:00+02:00,123.2575,2025-12-13 19:28:13.639528+00:00
2025-04-14 19:00:00+02:00,169.46125,2025-12-13 19:28:13.639528+00:00
2025-04-14 20:00:00+02:00,148.255,2025-12-13 19:28:13.639528+00:00
2025-04-14 21:00:00+02:00,114.2175,2025-12-13 19:28:13.639528+00:00
2025-04-14 22:00:00+02:00,93.1,2025-12-13 19:28:13.639528+00:00
2025-04-14 23:00:00+02:00,83.7075,2025-12-13 19:28:13.639528+00:00
2025-04-15 00:00:00+02:00,69.30000000000001,2025-12-13 19:28:13.639528+00:00
2025-04-15 01:00:00+02:00,65.66125,2025-12-13 19:28:13.639528+00:00
2025-04-15 02:00:00+02:00,60.2025,2025-12-13 19:28:13.639528+00:00
2025-04-15 03:00:00+02:00,58.645,2025-12-13 19:28:13.639528+00:00
2025-04-15 04:00:00+02:00,59.4125,2025-12-13 19:28:13.639528+00:00
2025-04-15 05:00:00+02:00,68.605,2025-12-13 19:28:13.639528+00:00
2025-04-15 06:00:00+02:00,88.15375,2025-12-13 19:28:13.639528+00:00
2025-04-15 07:00:00+02:00,103.495,2025-12-13 19:28:13.639528+00:00
2025-04-15 08:00:00+02:00,94.78,2025-12-13 19:28:13.639528+00:00
2025-04-15 09:00:00+02:00,63.917500000000004,2025-12-13 19:28:13.639528+00:00
2025-04-15 10:00:00+02:00,43.28,2025-12-13 19:28:13.639528+00:00
2025-04-15 11:00:00+02:00,11.678749999999999,2025-12-13 19:28:13.639528+00:00
2025-04-15 12:00:00+02:00,3.0124999999999997,2025-12-13 19:28:13.639528+00:00
2025-04-15 13:00:00+02:00,3.7787499999999996,2025-12-13 19:28:13.639528+00:00
2025-04-15 14:00:00+02:00,5.9375,2025-12-13 19:28:13.639528+00:00
2025-04-15 15:00:00+02:00,33.8225,2025-12-13 19:28:13.639528+00:00
2025-04-15 16:00:00+02:00,63.83,2025-12-13 19:28:13.639528+00:00
2025-04-15 17:00:00+02:00,83.69749999999999,2025-12-13 19:28:13.639528+00:00
2025-04-15 18:00:00+02:00,105.9225,2025-12-13 19:28:13.639528+00:00
2025-04-15 19:00:00+02:00,133.34875,2025-12-13 19:28:13.639528+00:00
2025-04-15 20:00:00+02:00,137.07874999999999,2025-12-13 19:28:13.639528+00:00
2025-04-15 21:00:00+02:00,109.32625,2025-12-13 19:28:13.639528+00:00
2025-04-15 22:00:00+02:00,99.30625,2025-12-13 19:28:13.639528+00:00
2025-04-15 23:00:00+02:00,90.20750000000001,2025-12-13 19:28:13.639528+00:00
2025-04-16 00:00:00+02:00,86.4025,2025-12-13 19:28:13.639528+00:00
2025-04-16 01:00:00+02:00,81.505,2025-12-13 19:28:13.639528+00:00
2025-04-16 02:00:00+02:00,80.54375,2025-12-13 19:28:13.639528+00:00
2025-04-16 03:00:00+02:00,79.75,2025-12-13 19:28:13.639528+00:00
2025-04-16 04:00:00+02:00,81.73875,2025-12-13 19:28:13.639528+00:00
2025-04-16 05:00:00+02:00,94.05,2025-12-13 19:28:13.639528+00:00
2025-04-16 06:00:00+02:00,115.50125,2025-12-13 19:28:13.639528+00:00
2025-04-16 07:00:00+02:00,133.58249999999998,2025-12-13 19:28:13.639528+00:00
2025-04-16 08:00:00+02:00,109.36375,2025-12-13 19:28:13.639528+00:00
2025-04-16 09:00:00+02:00,89.9275,2025-12-13 19:28:13.639528+00:00
2025-04-16 10:00:00+02:00,75.26125,2025-12-13 19:28:13.639528+00:00
2025-04-16 11:00:00+02:00,61.44125,2025-12-13 19:28:13.639528+00:00
2025-04-16 12:00:00+02:00,36.9375,2025-12-13 19:28:13.639528+00:00
2025-04-16 13:00:00+02:00,24.625,2025-12-13 19:28:13.639528+00:00
2025-04-16 14:00:00+02:00,28.115000000000002,2025-12-13 19:28:13.639528+00:00
2025-04-16 15:00:00+02:00,56.86375,2025-12-13 19:28:13.639528+00:00
2025-04-16 16:00:00+02:00,71.8125,2025-12-13 19:28:13.639528+00:00
2025-04-16 17:00:00+02:00,95.04124999999999,2025-12-13 19:28:13.639528+00:00
2025-04-16 18:00:00+02:00,119.81125,2025-12-13 19:28:13.639528+00:00
2025-04-16 19:00:00+02:00,149.14625,2025-12-13 19:28:13.639528+00:00
2025-04-16 20:00:00+02:00,140.7325,2025-12-13 19:28:13.639528+00:00
2025-04-16 21:00:00+02:00,117.08125,2025-12-13 19:28:13.639528+00:00
2025-04-16 22:00:00+02:00,103.4875,2025-12-13 19:28:13.639528+00:00
2025-04-16 23:00:00+02:00,95.22,2025-12-13 19:28:13.639528+00:00
2025-04-17 00:00:00+02:00,88.4,2025-12-13 19:28:13.639528+00:00
2025-04-17 01:00:00+02:00,83.39874999999999,2025-12-13 19:28:13.639528+00:00
2025-04-17 02:00:00+02:00,82.74375,2025-12-13 19:28:13.639528+00:00
2025-04-17 03:00:00+02:00,80.205,2025-12-13 19:28:13.639528+00:00
2025-04-17 04:00:00+02:00,81.94,2025-12-13 19:28:13.639528+00:00
2025-04-17 05:00:00+02:00,90.46375,2025-12-13 19:28:13.639528+00:00
2025-04-17 06:00:00+02:00,109.64125,2025-12-13 19:28:13.639528+00:00
2025-04-17 07:00:00+02:00,127.2,2025-12-13 19:28:13.639528+00:00
2025-04-17 08:00:00+02:00,127.3875,2025-12-13 19:28:13.639528+00:00
2025-04-17 09:00:00+02:00,119.2875,2025-12-13 19:28:13.639528+00:00
2025-04-17 10:00:00+02:00,106.53375,2025-12-13 19:28:13.639528+00:00
2025-04-17 11:00:00+02:00,95.77875,2025-12-13 19:28:13.639528+00:00
2025-04-17 12:00:00+02:00,81.03,2025-12-13 19:28:13.639528+00:00
2025-04-17 13:00:00+02:00,76.27125000000001,2025-12-13 19:28:13.639528+00:00
2025-04-17 14:00:00+02:00,70.6,2025-12-13 19:28:13.639528+00:00
2025-04-17 15:00:00+02:00,73.0125,2025-12-13 19:28:13.639528+00:00
2025-04-17 16:00:00+02:00,80.935,2025-12-13 19:28:13.639528+00:00
2025-04-17 17:00:00+02:00,95.585,2025-12-13 19:28:13.639528+00:00
2025-04-17 18:00:00+02:00,109.09,2025-12-13 19:28:13.639528+00:00
2025-04-17 19:00:00+02:00,124.585,2025-12-13 19:28:13.639528+00:00
2025-04-17 20:00:00+02:00,120.14500000000001,2025-12-13 19:28:13.639528+00:00
2025-04-17 21:00:00+02:00,106.78625,2025-12-13 19:28:13.639528+00:00
2025-04-17 22:00:00+02:00,96.69375000000001,2025-12-13 19:28:13.639528+00:00
2025-04-17 23:00:00+02:00,91.11375,2025-12-13 19:28:13.639528+00:00
2025-04-18 00:00:00+02:00,89.97,2025-12-13 19:28:13.639528+00:00
2025-04-18 01:00:00+02:00,82.0675,2025-12-13 19:28:13.639528+00:00
2025-04-18 02:00:00+02:00,80.045,2025-12-13 19:28:13.639528+00:00
2025-04-18 03:00:00+02:00,77.9525,2025-12-13 19:28:13.639528+00:00
2025-04-18 04:00:00+02:00,76.35,2025-12-13 19:28:13.639528+00:00
2025-04-18 05:00:00+02:00,76.93625,2025-12-13 19:28:13.639528+00:00
2025-04-18 06:00:00+02:00,76.645,2025-12-13 19:28:13.639528+00:00
2025-04-18 07:00:00+02:00,86.70625,2025-12-13 19:28:13.639528+00:00
2025-04-18 08:00:00+02:00,89.8025,2025-12-13 19:28:13.639528+00:00
2025-04-18 09:00:00+02:00,88.3625,2025-12-13 19:28:13.639528+00:00
2025-04-18 10:00:00+02:00,83.6,2025-12-13 19:28:13.639528+00:00
2025-04-18 11:00:00+02:00,79.63625,2025-12-13 19:28:13.639528+00:00
2025-04-18 12:00:00+02:00,71.4775,2025-12-13 19:28:13.639528+00:00
2025-04-18 13:00:00+02:00,60.20625,2025-12-13 19:28:13.639528+00:00
2025-04-18 14:00:00+02:00,57.605,2025-12-13 19:28:13.639528+00:00
2025-04-18 15:00:00+02:00,62.37875,2025-12-13 19:28:13.639528+00:00
2025-04-18 16:00:00+02:00,70.30625,2025-12-13 19:28:13.639528+00:00
2025-04-18 17:00:00+02:00,85.3225,2025-12-13 19:28:13.639528+00:00
2025-04-18 18:00:00+02:00,101.45125,2025-12-13 19:28:13.639528+00:00
2025-04-18 19:00:00+02:00,118.2425,2025-12-13 19:28:13.639528+00:00
2025-04-18 20:00:00+02:00,123.5075,2025-12-13 19:28:13.639528+00:00
2025-04-18 21:00:00+02:00,113.625,2025-12-13 19:28:13.639528+00:00
2025-04-18 22:00:00+02:00,105.72125,2025-12-13 19:28:13.639528+00:00
2025-04-18 23:00:00+02:00,97.90125,2025-12-13 19:28:13.639528+00:00
2025-04-19 00:00:00+02:00,95.31875,2025-12-13 19:28:13.639528+00:00
2025-04-19 01:00:00+02:00,88.7,2025-12-13 19:28:13.639528+00:00
2025-04-19 02:00:00+02:00,91.2375,2025-12-13 19:28:13.639528+00:00
2025-04-19 03:00:00+02:00,88.0325,2025-12-13 19:28:13.639528+00:00
2025-04-19 04:00:00+02:00,88.9325,2025-12-13 19:28:13.639528+00:00
2025-04-19 05:00:00+02:00,95.83,2025-12-13 19:28:13.639528+00:00
2025-04-19 06:00:00+02:00,98.7025,2025-12-13 19:28:13.639528+00:00
2025-04-19 07:00:00+02:00,95.11625000000001,2025-12-13 19:28:13.639528+00:00
2025-04-19 08:00:00+02:00,84.92875,2025-12-13 19:28:13.639528+00:00
2025-04-19 09:00:00+02:00,71.415,2025-12-13 19:28:13.639528+00:00
2025-04-19 10:00:00+02:00,26.854999999999997,2025-12-13 19:28:13.639528+00:00
2025-04-19 11:00:00+02:00,6.51875,2025-12-13 19:28:13.639528+00:00
2025-04-19 12:00:00+02:00,-0.78,2025-12-13 19:28:13.639528+00:00
2025-04-19 13:00:00+02:00,-6.140000000000001,2025-12-13 19:28:13.639528+00:00
2025-04-19 14:00:00+02:00,-8.3675,2025-12-13 19:28:13.639528+00:00
2025-04-19 15:00:00+02:00,-1.0300000000000002,2025-12-13 19:28:13.639528+00:00
2025-04-19 16:00:00+02:00,6.53,2025-12-13 19:28:13.639528+00:00
2025-04-19 17:00:00+02:00,67.58875,2025-12-13 19:28:13.639528+00:00
2025-04-19 18:00:00+02:00,103.47749999999999,2025-12-13 19:28:13.639528+00:00
2025-04-19 19:00:00+02:00,127.7125,2025-12-13 19:28:13.639528+00:00
2025-04-19 20:00:00+02:00,139.46875,2025-12-13 19:28:13.639528+00:00
2025-04-19 21:00:00+02:00,123.37875,2025-12-13 19:28:13.639528+00:00
2025-04-19 22:00:00+02:00,109.675,2025-12-13 19:28:13.639528+00:00
2025-04-19 23:00:00+02:00,98.41999999999999,2025-12-13 19:28:13.639528+00:00
2025-04-20 00:00:00+02:00,96.2575,2025-12-13 19:28:13.639528+00:00
2025-04-20 01:00:00+02:00,91.0925,2025-12-13 19:28:13.639528+00:00
2025-04-20 02:00:00+02:00,92.04125,2025-12-13 19:28:13.639528+00:00
2025-04-20 03:00:00+02:00,91.35,2025-12-13 19:28:13.639528+00:00
2025-04-20 04:00:00+02:00,91.86,2025-12-13 19:28:13.639528+00:00
2025-04-20 05:00:00+02:00,96.30875,2025-12-13 19:28:13.639528+00:00
2025-04-20 06:00:00+02:00,97.13875,2025-12-13 19:28:13.639528+00:00
2025-04-20 07:00:00+02:00,84.495,2025-12-13 19:28:13.639528+00:00
2025-04-20 08:00:00+02:00,56.19125,2025-12-13 19:28:13.639528+00:00
2025-04-20 09:00:00+02:00,15.165,2025-12-13 19:28:13.639528+00:00
2025-04-20 10:00:00+02:00,1.2225000000000001,2025-12-13 19:28:13.639528+00:00
2025-04-20 11:00:00+02:00,-7.683749999999999,2025-12-13 19:28:13.639528+00:00
2025-04-20 12:00:00+02:00,-42.16,2025-12-13 19:28:13.639528+00:00
2025-04-20 13:00:00+02:00,-66.3725,2025-12-13 19:28:13.639528+00:00
2025-04-20 14:00:00+02:00,-52.62625,2025-12-13 19:28:13.639528+00:00
2025-04-20 15:00:00+02:00,-19.419999999999998,2025-12-13 19:28:13.639528+00:00
2025-04-20 16:00:00+02:00,-1.4787499999999998,2025-12-13 19:28:13.639528+00:00
2025-04-20 17:00:00+02:00,50.1275,2025-12-13 19:28:13.639528+00:00
2025-04-20 18:00:00+02:00,97.6625,2025-12-13 19:28:13.639528+00:00
2025-04-20 19:00:00+02:00,120.755,2025-12-13 19:28:13.639528+00:00
2025-04-20 20:00:00+02:00,135.45749999999998,2025-12-13 19:28:13.639528+00:00
2025-04-20 21:00:00+02:00,126.38125,2025-12-13 19:28:13.639528+00:00
2025-04-20 22:00:00+02:00,114.31625,2025-12-13 19:28:13.639528+00:00
2025-04-20 23:00:00+02:00,102.44125,2025-12-13 19:28:13.639528+00:00
2025-04-21 00:00:00+02:00,96.49,2025-12-13 19:28:13.639528+00:00
2025-04-21 01:00:00+02:00,88.795,2025-12-13 19:28:13.639528+00:00
2025-04-21 02:00:00+02:00,86.83375,2025-12-13 19:28:13.639528+00:00
2025-04-21 03:00:00+02:00,87.45125,2025-12-13 19:28:13.639528+00:00
2025-04-21 04:00:00+02:00,88.06125,2025-12-13 19:28:13.639528+00:00
2025-04-21 05:00:00+02:00,88.32000000000001,2025-12-13 19:28:13.639528+00:00
2025-04-21 06:00:00+02:00,83.6825,2025-12-13 19:28:13.639528+00:00
2025-04-21 07:00:00+02:00,78.3875,2025-12-13 19:28:13.639528+00:00
2025-04-21 08:00:00+02:00,68.58125,2025-12-13 19:28:13.639528+00:00
2025-04-21 09:00:00+02:00,63.01499999999999,2025-12-13 19:28:13.639528+00:00
2025-04-21 10:00:00+02:00,36.91374999999999,2025-12-13 19:28:13.639528+00:00
2025-04-21 11:00:00+02:00,17.091250000000002,2025-12-13 19:28:13.639528+00:00
2025-04-21 12:00:00+02:00,6.68125,2025-12-13 19:28:13.639528+00:00
2025-04-21 13:00:00+02:00,0.1450000000000009,2025-12-13 19:28:13.639528+00:00
2025-04-21 14:00:00+02:00,-0.09500000000000064,2025-12-13 19:28:13.639528+00:00
2025-04-21 15:00:00+02:00,4.858750000000001,2025-12-13 19:28:13.639528+00:00
2025-04-21 16:00:00+02:00,27.72625,2025-12-13 19:28:13.639528+00:00
2025-04-21 17:00:00+02:00,67.7625,2025-12-13 19:28:13.639528+00:00
2025-04-21 18:00:00+02:00,93.92625,2025-12-13 19:28:13.639528+00:00
2025-04-21 19:00:00+02:00,112.67500000000001,2025-12-13 19:28:13.639528+00:00
2025-04-21 20:00:00+02:00,126.62124999999999,2025-12-13 19:28:13.639528+00:00
2025-04-21 21:00:00+02:00,118.28,2025-12-13 19:28:13.639528+00:00
2025-04-21 22:00:00+02:00,107.58375,2025-12-13 19:28:13.639528+00:00
2025-04-21 23:00:00+02:00,95.9975,2025-12-13 19:28:13.639528+00:00
2025-04-22 00:00:00+02:00,88.05499999999999,2025-12-13 19:28:13.639528+00:00
2025-04-22 01:00:00+02:00,84.06625,2025-12-13 19:28:13.639528+00:00
2025-04-22 02:00:00+02:00,82.36625000000001,2025-12-13 19:28:13.639528+00:00
2025-04-22 03:00:00+02:00,80.71125,2025-12-13 19:28:13.639528+00:00
2025-04-22 04:00:00+02:00,81.83624999999999,2025-12-13 19:28:13.639528+00:00
2025-04-22 05:00:00+02:00,94.32124999999999,2025-12-13 19:28:13.639528+00:00
2025-04-22 06:00:00+02:00,122.36125,2025-12-13 19:28:13.639528+00:00
2025-04-22 07:00:00+02:00,144.50125,2025-12-13 19:28:13.639528+00:00
2025-04-22 08:00:00+02:00,134.59625,2025-12-13 19:28:13.639528+00:00
2025-04-22 09:00:00+02:00,114.78875,2025-12-13 19:28:13.639528+00:00
2025-04-22 10:00:00+02:00,94.485,2025-12-13 19:28:13.639528+00:00
2025-04-22 11:00:00+02:00,83.43625,2025-12-13 19:28:13.639528+00:00
2025-04-22 12:00:00+02:00,74.25625,2025-12-13 19:28:13.639528+00:00
2025-04-22 13:00:00+02:00,60.32875,2025-12-13 19:28:13.639528+00:00
2025-04-22 14:00:00+02:00,64.79124999999999,2025-12-13 19:28:13.639528+00:00
2025-04-22 15:00:00+02:00,72.225,2025-12-13 19:28:13.639528+00:00
2025-04-22 16:00:00+02:00,82.25,2025-12-13 19:28:13.639528+00:00
2025-04-22 17:00:00+02:00,98.52125000000001,2025-12-13 19:28:13.639528+00:00
2025-04-22 18:00:00+02:00,123.18875,2025-12-13 19:28:13.639528+00:00
2025-04-22 19:00:00+02:00,166.75625,2025-12-13 19:28:13.639528+00:00
2025-04-22 20:00:00+02:00,214.16,2025-12-13 19:28:13.639528+00:00
2025-04-22 21:00:00+02:00,147.875,2025-12-13 19:28:13.639528+00:00
2025-04-22 22:00:00+02:00,121.13,2025-12-13 19:28:13.639528+00:00
2025-04-22 23:00:00+02:00,107.55,2025-12-13 19:28:13.639528+00:00
2025-04-23 00:00:00+02:00,104.2975,2025-12-13 19:28:13.639528+00:00
2025-04-23 01:00:00+02:00,98.27125000000001,2025-12-13 19:28:13.639528+00:00
2025-04-23 02:00:00+02:00,96.9825,2025-12-13 19:28:13.639528+00:00
2025-04-23 03:00:00+02:00,95.57875,2025-12-13 19:28:13.639528+00:00
2025-04-23 04:00:00+02:00,98.93,2025-12-13 19:28:13.639528+00:00
2025-04-23 05:00:00+02:00,107.92125,2025-12-13 19:28:13.639528+00:00
2025-04-23 06:00:00+02:00,139.615,2025-12-13 19:28:13.639528+00:00
2025-04-23 07:00:00+02:00,163.31,2025-12-13 19:28:13.639528+00:00
2025-04-23 08:00:00+02:00,137.68,2025-12-13 19:28:13.639528+00:00
2025-04-23 09:00:00+02:00,104.2975,2025-12-13 19:28:13.639528+00:00
2025-04-23 10:00:00+02:00,95.70125,2025-12-13 19:28:13.639528+00:00
2025-04-23 11:00:00+02:00,92.695,2025-12-13 19:28:13.639528+00:00
2025-04-23 12:00:00+02:00,83.24625,2025-12-13 19:28:13.639528+00:00
2025-04-23 13:00:00+02:00,80.57375,2025-12-13 19:28:13.639528+00:00
2025-04-23 14:00:00+02:00,84.74625,2025-12-13 19:28:13.639528+00:00
2025-04-23 15:00:00+02:00,91.21374999999999,2025-12-13 19:28:13.639528+00:00
2025-04-23 16:00:00+02:00,100.42625,2025-12-13 19:28:13.639528+00:00
2025-04-23 17:00:00+02:00,113.29,2025-12-13 19:28:13.639528+00:00
2025-04-23 18:00:00+02:00,131.58625,2025-12-13 19:28:13.639528+00:00
2025-04-23 19:00:00+02:00,156.59375,2025-12-13 19:28:13.639528+00:00
2025-04-23 20:00:00+02:00,154.06,2025-12-13 19:28:13.639528+00:00
2025-04-23 21:00:00+02:00,127.845,2025-12-13 19:28:13.639528+00:00
2025-04-23 22:00:00+02:00,110.63,2025-12-13 19:28:13.639528+00:00
2025-04-23 23:00:00+02:00,97.97625000000001,2025-12-13 19:28:13.639528+00:00
2025-04-24 00:00:00+02:00,92.18625,2025-12-13 19:28:13.639528+00:00
2025-04-24 01:00:00+02:00,87.625,2025-12-13 19:28:13.639528+00:00
2025-04-24 02:00:00+02:00,86.42625,2025-12-13 19:28:13.639528+00:00
2025-04-24 03:00:00+02:00,86.08875,2025-12-13 19:28:13.639528+00:00
2025-04-24 04:00:00+02:00,85.61625,2025-12-13 19:28:13.639528+00:00
2025-04-24 05:00:00+02:00,91.565,2025-12-13 19:28:13.639528+00:00
2025-04-24 06:00:00+02:00,112.02625,2025-12-13 19:28:13.639528+00:00
2025-04-24 07:00:00+02:00,123.46125,2025-12-13 19:28:13.639528+00:00
2025-04-24 08:00:00+02:00,121.82375,2025-12-13 19:28:13.639528+00:00
2025-04-24 09:00:00+02:00,111.45375,2025-12-13 19:28:13.639528+00:00
2025-04-24 10:00:00+02:00,98.68375,2025-12-13 19:28:13.639528+00:00
2025-04-24 11:00:00+02:00,95.455,2025-12-13 19:28:13.639528+00:00
2025-04-24 12:00:00+02:00,84.28,2025-12-13 19:28:13.639528+00:00
2025-04-24 13:00:00+02:00,81.89625000000001,2025-12-13 19:28:13.639528+00:00
2025-04-24 14:00:00+02:00,81.23,2025-12-13 19:28:13.639528+00:00
2025-04-24 15:00:00+02:00,84.23375,2025-12-13 19:28:13.639528+00:00
2025-04-24 16:00:00+02:00,87.18375,2025-12-13 19:28:13.639528+00:00
2025-04-24 17:00:00+02:00,97.38,2025-12-13 19:28:13.639528+00:00
2025-04-24 18:00:00+02:00,107.76625,2025-12-13 19:28:13.639528+00:00
2025-04-24 19:00:00+02:00,123.3475,2025-12-13 19:28:13.639528+00:00
2025-04-24 20:00:00+02:00,125.6575,2025-12-13 19:28:13.639528+00:00
2025-04-24 21:00:00+02:00,116.73875000000001,2025-12-13 19:28:13.639528+00:00
2025-04-24 22:00:00+02:00,104.61500000000001,2025-12-13 19:28:13.639528+00:00
2025-04-24 23:00:00+02:00,93.505,2025-12-13 19:28:13.639528+00:00
2025-04-25 00:00:00+02:00,90.48875,2025-12-13 19:28:13.639528+00:00
2025-04-25 01:00:00+02:00,83.8875,2025-12-13 19:28:13.639528+00:00
2025-04-25 02:00:00+02:00,83.05,2025-12-13 19:28:13.639528+00:00
2025-04-25 03:00:00+02:00,83.58125,2025-12-13 19:28:13.639528+00:00
2025-04-25 04:00:00+02:00,85.20375,2025-12-13 19:28:13.639528+00:00
2025-04-25 05:00:00+02:00,93.395,2025-12-13 19:28:13.639528+00:00
2025-04-25 06:00:00+02:00,106.785,2025-12-13 19:28:13.639528+00:00
2025-04-25 07:00:00+02:00,115.4975,2025-12-13 19:28:13.639528+00:00
2025-04-25 08:00:00+02:00,114.09875,2025-12-13 19:28:13.639528+00:00
2025-04-25 09:00:00+02:00,100.925,2025-12-13 19:28:13.639528+00:00
2025-04-25 10:00:00+02:00,87.9875,2025-12-13 19:28:13.639528+00:00
2025-04-25 11:00:00+02:00,78.3125,2025-12-13 19:28:13.639528+00:00
2025-04-25 12:00:00+02:00,68.03125,2025-12-13 19:28:13.639528+00:00
2025-04-25 13:00:00+02:00,53.136250000000004,2025-12-13 19:28:13.639528+00:00
2025-04-25 14:00:00+02:00,47.3625,2025-12-13 19:28:13.639528+00:00
2025-04-25 15:00:00+02:00,60.23625,2025-12-13 19:28:13.639528+00:00
2025-04-25 16:00:00+02:00,74.0175,2025-12-13 19:28:13.639528+00:00
2025-04-25 17:00:00+02:00,85.79249999999999,2025-12-13 19:28:13.639528+00:00
2025-04-25 18:00:00+02:00,103.01375,2025-12-13 19:28:13.639528+00:00
2025-04-25 19:00:00+02:00,118.875,2025-12-13 19:28:13.639528+00:00
2025-04-25 20:00:00+02:00,125.94875,2025-12-13 19:28:13.639528+00:00
2025-04-25 21:00:00+02:00,112.11375,2025-12-13 19:28:13.639528+00:00
2025-04-25 22:00:00+02:00,101.21625,2025-12-13 19:28:13.639528+00:00
2025-04-25 23:00:00+02:00,92.89375,2025-12-13 19:28:13.639528+00:00
2025-04-26 00:00:00+02:00,96.66,2025-12-13 19:28:13.639528+00:00
2025-04-26 01:00:00+02:00,89.59,2025-12-13 19:28:13.639528+00:00
2025-04-26 02:00:00+02:00,89.33,2025-12-13 19:28:13.639528+00:00
2025-04-26 03:00:00+02:00,89.01124999999999,2025-12-13 19:28:13.639528+00:00
2025-04-26 04:00:00+02:00,88.38625,2025-12-13 19:28:13.639528+00:00
2025-04-26 05:00:00+02:00,90.78,2025-12-13 19:28:13.639528+00:00
2025-04-26 06:00:00+02:00,90.72125,2025-12-13 19:28:13.639528+00:00
2025-04-26 07:00:00+02:00,87.54625,2025-12-13 19:28:13.639528+00:00
2025-04-26 08:00:00+02:00,76.095,2025-12-13 19:28:13.639528+00:00
2025-04-26 09:00:00+02:00,43.87625,2025-12-13 19:28:13.639528+00:00
2025-04-26 10:00:00+02:00,10.68125,2025-12-13 19:28:13.639528+00:00
2025-04-26 11:00:00+02:00,-0.1349999999999998,2025-12-13 19:28:13.639528+00:00
2025-04-26 12:00:00+02:00,-5.21875,2025-12-13 19:28:13.639528+00:00
2025-04-26 13:00:00+02:00,-13.6625,2025-12-13 19:28:13.639528+00:00
2025-04-26 14:00:00+02:00,-9.895,2025-12-13 19:28:13.639528+00:00
2025-04-26 15:00:00+02:00,-2.8137500000000006,2025-12-13 19:28:13.639528+00:00
2025-04-26 16:00:00+02:00,-0.06125000000000025,2025-12-13 19:28:13.639528+00:00
2025-04-26 17:00:00+02:00,41.146249999999995,2025-12-13 19:28:13.639528+00:00
2025-04-26 18:00:00+02:00,79.99875,2025-12-13 19:28:13.639528+00:00
2025-04-26 19:00:00+02:00,101.40375,2025-12-13 19:28:13.639528+00:00
2025-04-26 20:00:00+02:00,109.36,2025-12-13 19:28:13.639528+00:00
2025-04-26 21:00:00+02:00,95.93625,2025-12-13 19:28:13.639528+00:00
2025-04-26 22:00:00+02:00,86.9025,2025-12-13 19:28:13.639528+00:00
2025-04-26 23:00:00+02:00,74.19,2025-12-13 19:28:13.639528+00:00
2025-04-27 00:00:00+02:00,72.37125,2025-12-13 19:28:13.639528+00:00
2025-04-27 01:00:00+02:00,65.91625,2025-12-13 19:28:13.639528+00:00
2025-04-27 02:00:00+02:00,64.08,2025-12-13 19:28:13.639528+00:00
2025-04-27 03:00:00+02:00,64.0125,2025-12-13 19:28:13.639528+00:00
2025-04-27 04:00:00+02:00,65.39875,2025-12-13 19:28:13.639528+00:00
2025-04-27 05:00:00+02:00,69.62625,2025-12-13 19:28:13.639528+00:00
2025-04-27 06:00:00+02:00,69.07125,2025-12-13 19:28:13.639528+00:00
2025-04-27 07:00:00+02:00,64.35875,2025-12-13 19:28:13.639528+00:00
2025-04-27 08:00:00+02:00,31.230000000000004,2025-12-13 19:28:13.639528+00:00
2025-04-27 09:00:00+02:00,2.4099999999999993,2025-12-13 19:28:13.639528+00:00
2025-04-27 10:00:00+02:00,-3.563749999999999,2025-12-13 19:28:13.639528+00:00
2025-04-27 11:00:00+02:00,-31.43625,2025-12-13 19:28:13.639528+00:00
2025-04-27 12:00:00+02:00,-81.92,2025-12-13 19:28:13.639528+00:00
2025-04-27 13:00:00+02:00,-109.64125,2025-12-13 19:28:13.639528+00:00
2025-04-27 14:00:00+02:00,-100.96125,2025-12-13 19:28:13.639528+00:00
2025-04-27 15:00:00+02:00,-46.5575,2025-12-13 19:28:13.639528+00:00
2025-04-27 16:00:00+02:00,-4.825000000000001,2025-12-13 19:28:13.639528+00:00
2025-04-27 17:00:00+02:00,25.50375,2025-12-13 19:28:13.639528+00:00
2025-04-27 18:00:00+02:00,92.60375,2025-12-13 19:28:13.639528+00:00
2025-04-27 19:00:00+02:00,118.63125,2025-12-13 19:28:13.639528+00:00
2025-04-27 20:00:00+02:00,127.56375,2025-12-13 19:28:13.639528+00:00
2025-04-27 21:00:00+02:00,113.66,2025-12-13 19:28:13.639528+00:00
2025-04-27 22:00:00+02:00,103.21625,2025-12-13 19:28:13.639528+00:00
2025-04-27 23:00:00+02:00,94.81875,2025-12-13 19:28:13.639528+00:00
2025-04-28 00:00:00+02:00,92.28125,2025-12-13 19:28:13.639528+00:00
2025-04-28 01:00:00+02:00,86.745,2025-12-13 19:28:13.639528+00:00
2025-04-28 02:00:00+02:00,84.9425,2025-12-13 19:28:13.639528+00:00
2025-04-28 03:00:00+02:00,85.805,2025-12-13 19:28:13.639528+00:00
2025-04-28 04:00:00+02:00,90.04,2025-12-13 19:28:13.639528+00:00
2025-04-28 05:00:00+02:00,102.38374999999999,2025-12-13 19:28:13.639528+00:00
2025-04-28 06:00:00+02:00,135.12125,2025-12-13 19:28:13.639528+00:00
2025-04-28 07:00:00+02:00,133.145,2025-12-13 19:28:13.639528+00:00
2025-04-28 08:00:00+02:00,103.72625,2025-12-13 19:28:13.639528+00:00
2025-04-28 09:00:00+02:00,74.985,2025-12-13 19:28:13.639528+00:00
2025-04-28 10:00:00+02:00,32.02375,2025-12-13 19:28:13.639528+00:00
2025-04-28 11:00:00+02:00,3.75875,2025-12-13 19:28:13.639528+00:00
2025-04-28 12:00:00+02:00,-1.17,2025-12-13 19:28:13.639528+00:00
2025-04-28 13:00:00+02:00,-2.4162500000000002,2025-12-13 19:28:13.639528+00:00
2025-04-28 14:00:00+02:00,-1.9437499999999996,2025-12-13 19:28:13.639528+00:00
2025-04-28 15:00:00+02:00,1.7212500000000002,2025-12-13 19:28:13.639528+00:00
2025-04-28 16:00:00+02:00,18.75875,2025-12-13 19:28:13.639528+00:00
2025-04-28 17:00:00+02:00,78.69624999999999,2025-12-13 19:28:13.639528+00:00
2025-04-28 18:00:00+02:00,109.26125,2025-12-13 19:28:13.639528+00:00
2025-04-28 19:00:00+02:00,150.78,2025-12-13 19:28:13.639528+00:00
2025-04-28 20:00:00+02:00,189.2775,2025-12-13 19:28:13.639528+00:00
2025-04-28 21:00:00+02:00,132.91375,2025-12-13 19:28:13.639528+00:00
2025-04-28 22:00:00+02:00,113.2825,2025-12-13 19:28:13.639528+00:00
2025-04-28 23:00:00+02:00,99.1625,2025-12-13 19:28:13.639528+00:00
2025-04-29 00:00:00+02:00,93.805,2025-12-13 19:28:13.639528+00:00
2025-04-29 01:00:00+02:00,90.76875,2025-12-13 19:28:13.639528+00:00
2025-04-29 02:00:00+02:00,86.33,2025-12-13 19:28:13.639528+00:00
2025-04-29 03:00:00+02:00,82.97875,2025-12-13 19:28:13.639528+00:00
2025-04-29 04:00:00+02:00,84.86625,2025-12-13 19:28:13.639528+00:00
2025-04-29 05:00:00+02:00,92.71875,2025-12-13 19:28:13.639528+00:00
2025-04-29 06:00:00+02:00,114.11,2025-12-13 19:28:13.639528+00:00
2025-04-29 07:00:00+02:00,118.06375,2025-12-13 19:28:13.639528+00:00
2025-04-29 08:00:00+02:00,99.68125,2025-12-13 19:28:13.639528+00:00
2025-04-29 09:00:00+02:00,73.3525,2025-12-13 19:28:13.639528+00:00
2025-04-29 10:00:00+02:00,16.18625,2025-12-13 19:28:13.639528+00:00
2025-04-29 11:00:00+02:00,2.3074999999999997,2025-12-13 19:28:13.639528+00:00
2025-04-29 12:00:00+02:00,-2.8312500000000003,2025-12-13 19:28:13.639528+00:00
2025-04-29 13:00:00+02:00,-4.3,2025-12-13 19:28:13.639528+00:00
2025-04-29 14:00:00+02:00,-3.28625,2025-12-13 19:28:13.639528+00:00
2025-04-29 15:00:00+02:00,0.6400000000000001,2025-12-13 19:28:13.639528+00:00
2025-04-29 16:00:00+02:00,16.96,2025-12-13 19:28:13.639528+00:00
2025-04-29 17:00:00+02:00,76.10374999999999,2025-12-13 19:28:13.639528+00:00
2025-04-29 18:00:00+02:00,102.94874999999999,2025-12-13 19:28:13.639528+00:00
2025-04-29 19:00:00+02:00,139.75,2025-12-13 19:28:13.639528+00:00
2025-04-29 20:00:00+02:00,172.17624999999998,2025-12-13 19:28:13.639528+00:00
2025-04-29 21:00:00+02:00,132.69,2025-12-13 19:28:13.639528+00:00
2025-04-29 22:00:00+02:00,110.1975,2025-12-13 19:28:13.639528+00:00
2025-04-29 23:00:00+02:00,98.75999999999999,2025-12-13 19:28:13.639528+00:00
2025-04-30 00:00:00+02:00,95.605,2025-12-13 19:28:13.639528+00:00
2025-04-30 01:00:00+02:00,89.40375,2025-12-13 19:28:13.639528+00:00
2025-04-30 02:00:00+02:00,86.99625,2025-12-13 19:28:13.639528+00:00
2025-04-30 03:00:00+02:00,87.4375,2025-12-13 19:28:13.639528+00:00
2025-04-30 04:00:00+02:00,89.12,2025-12-13 19:28:13.639528+00:00
2025-04-30 05:00:00+02:00,96.06375,2025-12-13 19:28:13.639528+00:00
2025-04-30 06:00:00+02:00,117.26,2025-12-13 19:28:13.639528+00:00
2025-04-30 07:00:00+02:00,120.07875,2025-12-13 19:28:13.639528+00:00
2025-04-30 08:00:00+02:00,99.55250000000001,2025-12-13 19:28:13.639528+00:00
2025-04-30 09:00:00+02:00,75.50625000000001,2025-12-13 19:28:13.639528+00:00
2025-04-30 10:00:00+02:00,17.98875,2025-12-13 19:28:13.639528+00:00
2025-04-30 11:00:00+02:00,0.59125,2025-12-13 19:28:13.639528+00:00
2025-04-30 12:00:00+02:00,-2.6374999999999997,2025-12-13 19:28:13.639528+00:00
2025-04-30 13:00:00+02:00,-5.605,2025-12-13 19:28:13.639528+00:00
2025-04-30 14:00:00+02:00,-3.8800000000000003,2025-12-13 19:28:13.639528+00:00
2025-04-30 15:00:00+02:00,-0.05999999999999961,2025-12-13 19:28:13.639528+00:00
2025-04-30 16:00:00+02:00,20.37125,2025-12-13 19:28:13.639528+00:00
2025-04-30 17:00:00+02:00,74.66499999999999,2025-12-13 19:28:13.639528+00:00
2025-04-30 18:00:00+02:00,100.375,2025-12-13 19:28:13.639528+00:00
2025-04-30 19:00:00+02:00,133.42125,2025-12-13 19:28:13.639528+00:00
2025-04-30 20:00:00+02:00,169.81375,2025-12-13 19:28:13.639528+00:00
2025-04-30 21:00:00+02:00,126.315,2025-12-13 19:28:13.639528+00:00
2025-04-30 22:00:00+02:00,107.38875,2025-12-13 19:28:13.639528+00:00
2025-04-30 23:00:00+02:00,95.2525,2025-12-13 19:28:13.639528+00:00
2025-05-01 00:00:00+02:00,96.66625,2025-12-13 19:28:13.639528+00:00
2025-05-01 01:00:00+02:00,92.05250000000001,2025-12-13 19:28:13.639528+00:00
2025-05-01 02:00:00+02:00,89.08125,2025-12-13 19:28:13.639528+00:00
2025-05-01 03:00:00+02:00,88.34,2025-12-13 19:28:13.639528+00:00
2025-05-01 04:00:00+02:00,89.7,2025-12-13 19:28:13.639528+00:00
2025-05-01 05:00:00+02:00,85.72375,2025-12-13 19:28:13.639528+00:00
2025-05-01 06:00:00+02:00,85.88374999999999,2025-12-13 19:28:13.639528+00:00
2025-05-01 07:00:00+02:00,80.61875,2025-12-13 19:28:13.639528+00:00
2025-05-01 08:00:00+02:00,55.19,2025-12-13 19:28:13.639528+00:00
2025-05-01 09:00:00+02:00,5.23,2025-12-13 19:28:13.639528+00:00
2025-05-01 10:00:00+02:00,-7.35,2025-12-13 19:28:13.639528+00:00
2025-05-01 11:00:00+02:00,-36.25125,2025-12-13 19:28:13.639528+00:00
2025-05-01 12:00:00+02:00,-73.4375,2025-12-13 19:28:13.639528+00:00
2025-05-01 13:00:00+02:00,-104.8875,2025-12-13 19:28:13.639528+00:00
2025-05-01 14:00:00+02:00,-107.86500000000001,2025-12-13 19:28:13.639528+00:00
2025-05-01 15:00:00+02:00,-50.7675,2025-12-13 19:28:13.639528+00:00
2025-05-01 16:00:00+02:00,-6.031250000000001,2025-12-13 19:28:13.639528+00:00
2025-05-01 17:00:00+02:00,37.815,2025-12-13 19:28:13.639528+00:00
2025-05-01 18:00:00+02:00,92.345,2025-12-13 19:28:13.639528+00:00
2025-05-01 19:00:00+02:00,121.34875000000001,2025-12-13 19:28:13.639528+00:00
2025-05-01 20:00:00+02:00,149.19,2025-12-13 19:28:13.639528+00:00
2025-05-01 21:00:00+02:00,121.5025,2025-12-13 19:28:13.639528+00:00
2025-05-01 22:00:00+02:00,103.41250000000001,2025-12-13 19:28:13.639528+00:00
2025-05-01 23:00:00+02:00,90.60374999999999,2025-12-13 19:28:13.639528+00:00
2025-05-02 00:00:00+02:00,86.95875000000001,2025-12-13 19:28:13.639528+00:00
2025-05-02 01:00:00+02:00,79.41000000000001,2025-12-13 19:28:13.639528+00:00
2025-05-02 02:00:00+02:00,71.55,2025-12-13 19:28:13.639528+00:00
2025-05-02 03:00:00+02:00,67.705,2025-12-13 19:28:13.639528+00:00
2025-05-02 04:00:00+02:00,68.45,2025-12-13 19:28:13.639528+00:00
2025-05-02 05:00:00+02:00,75.69125000000001,2025-12-13 19:28:13.639528+00:00
2025-05-02 06:00:00+02:00,87.91375,2025-12-13 19:28:13.639528+00:00
2025-05-02 07:00:00+02:00,89.26875,2025-12-13 19:28:13.639528+00:00
2025-05-02 08:00:00+02:00,82.89875,2025-12-13 19:28:13.639528+00:00
2025-05-02 09:00:00+02:00,56.614999999999995,2025-12-13 19:28:13.639528+00:00
2025-05-02 10:00:00+02:00,6.22625,2025-12-13 19:28:13.639528+00:00
2025-05-02 11:00:00+02:00,-0.20624999999999893,2025-12-13 19:28:13.639528+00:00
2025-05-02 12:00:00+02:00,-2.4025,2025-12-13 19:28:13.639528+00:00
2025-05-02 13:00:00+02:00,-8.78,2025-12-13 19:28:13.639528+00:00
2025-05-02 14:00:00+02:00,-11.37,2025-12-13 19:28:13.639528+00:00
2025-05-02 15:00:00+02:00,-3.6499999999999995,2025-12-13 19:28:13.639528+00:00
2025-05-02 16:00:00+02:00,-0.2599999999999998,2025-12-13 19:28:13.639528+00:00
2025-05-02 17:00:00+02:00,56.506249999999994,2025-12-13 19:28:13.639528+00:00
2025-05-02 18:00:00+02:00,95.02250000000001,2025-12-13 19:28:13.639528+00:00
2025-05-02 19:00:00+02:00,118.315,2025-12-13 19:28:13.639528+00:00
2025-05-02 20:00:00+02:00,143.3375,2025-12-13 19:28:13.639528+00:00
2025-05-02 21:00:00+02:00,118.11625,2025-12-13 19:28:13.639528+00:00
2025-05-02 22:00:00+02:00,102.73875,2025-12-13 19:28:13.639528+00:00
2025-05-02 23:00:00+02:00,92.285,2025-12-13 19:28:13.639528+00:00
2025-05-03 00:00:00+02:00,96.90375,2025-12-13 19:28:13.639528+00:00
2025-05-03 01:00:00+02:00,92.07000000000001,2025-12-13 19:28:13.639528+00:00
2025-05-03 02:00:00+02:00,90.09875,2025-12-13 19:28:13.639528+00:00
2025-05-03 03:00:00+02:00,89.49875,2025-12-13 19:28:13.639528+00:00
2025-05-03 04:00:00+02:00,88.66375000000001,2025-12-13 19:28:13.639528+00:00
2025-05-03 05:00:00+02:00,89.53125,2025-12-13 19:28:13.639528+00:00
2025-05-03 06:00:00+02:00,92.23,2025-12-13 19:28:13.639528+00:00
2025-05-03 07:00:00+02:00,86.66625,2025-12-13 19:28:13.639528+00:00
2025-05-03 08:00:00+02:00,76.34,2025-12-13 19:28:13.639528+00:00
2025-05-03 09:00:00+02:00,27.536250000000003,2025-12-13 19:28:13.639528+00:00
2025-05-03 10:00:00+02:00,3.1262499999999998,2025-12-13 19:28:13.639528+00:00
2025-05-03 11:00:00+02:00,-0.28999999999999915,2025-12-13 19:28:13.639528+00:00
2025-05-03 12:00:00+02:00,-1.2850000000000001,2025-12-13 19:28:13.639528+00:00
2025-05-03 13:00:00+02:00,-3.28625,2025-12-13 19:28:13.639528+00:00
2025-05-03 14:00:00+02:00,-3.5312500000000004,2025-12-13 19:28:13.639528+00:00
2025-05-03 15:00:00+02:00,0.4375,2025-12-13 19:28:13.639528+00:00
2025-05-03 16:00:00+02:00,1.4000000000000004,2025-12-13 19:28:13.639528+00:00
2025-05-03 17:00:00+02:00,31.3125,2025-12-13 19:28:13.639528+00:00
2025-05-03 18:00:00+02:00,68.355,2025-12-13 19:28:13.639528+00:00
2025-05-03 19:00:00+02:00,81.25625000000001,2025-12-13 19:28:13.639528+00:00
2025-05-03 20:00:00+02:00,91.99249999999999,2025-12-13 19:28:13.639528+00:00
2025-05-03 21:00:00+02:00,88.00999999999999,2025-12-13 19:28:13.639528+00:00
2025-05-03 22:00:00+02:00,74.81625,2025-12-13 19:28:13.639528+00:00
2025-05-03 23:00:00+02:00,62.848749999999995,2025-12-13 19:28:13.639528+00:00
2025-05-04 00:00:00+02:00,54.65125,2025-12-13 19:28:13.639528+00:00
2025-05-04 01:00:00+02:00,40.26625,2025-12-13 19:28:13.639528+00:00
2025-05-04 02:00:00+02:00,26.2,2025-12-13 19:28:13.639528+00:00
2025-05-04 03:00:00+02:00,19.695,2025-12-13 19:28:13.639528+00:00
2025-05-04 04:00:00+02:00,19.009999999999998,2025-12-13 19:28:13.639528+00:00
2025-05-04 05:00:00+02:00,16.515,2025-12-13 19:28:13.639528+00:00
2025-05-04 06:00:00+02:00,14.985,2025-12-13 19:28:13.639528+00:00
2025-05-04 07:00:00+02:00,9.46375,2025-12-13 19:28:13.639528+00:00
2025-05-04 08:00:00+02:00,5.965,2025-12-13 19:28:13.639528+00:00
2025-05-04 09:00:00+02:00,1.254999999999999,2025-12-13 19:28:13.639528+00:00
2025-05-04 10:00:00+02:00,0.5249999999999997,2025-12-13 19:28:13.639528+00:00
2025-05-04 11:00:00+02:00,-0.13375000000000048,2025-12-13 19:28:13.639528+00:00
2025-05-04 12:00:00+02:00,-0.13374999999999965,2025-12-13 19:28:13.639528+00:00
2025-05-04 13:00:00+02:00,-1.1325000000000003,2025-12-13 19:28:13.639528+00:00
2025-05-04 14:00:00+02:00,-2.6999999999999993,2025-12-13 19:28:13.639528+00:00
2025-05-04 15:00:00+02:00,-0.36625000000000085,2025-12-13 19:28:13.639528+00:00
2025-05-04 16:00:00+02:00,0.9562500000000005,2025-12-13 19:28:13.639528+00:00
2025-05-04 17:00:00+02:00,28.16875,2025-12-13 19:28:13.639528+00:00
2025-05-04 18:00:00+02:00,80.86,2025-12-13 19:28:13.639528+00:00
2025-05-04 19:00:00+02:00,98.47625,2025-12-13 19:28:13.639528+00:00
2025-05-04 20:00:00+02:00,113.66875,2025-12-13 19:28:13.639528+00:00
2025-05-04 21:00:00+02:00,107.63499999999999,2025-12-13 19:28:13.639528+00:00
2025-05-04 22:00:00+02:00,96.80625,2025-12-13 19:28:13.639528+00:00
2025-05-04 23:00:00+02:00,85.86874999999999,2025-12-13 19:28:13.639528+00:00
2025-05-05 00:00:00+02:00,79.48625,2025-12-13 19:28:13.639528+00:00
2025-05-05 01:00:00+02:00,75.3375,2025-12-13 19:28:13.639528+00:00
2025-05-05 02:00:00+02:00,74.59125,2025-12-13 19:28:13.639528+00:00
2025-05-05 03:00:00+02:00,75.845,2025-12-13 19:28:13.639528+00:00
2025-05-05 04:00:00+02:00,76.55375000000001,2025-12-13 19:28:13.639528+00:00
2025-05-05 05:00:00+02:00,87.6725,2025-12-13 19:28:13.639528+00:00
2025-05-05 06:00:00+02:00,109.6975,2025-12-13 19:28:13.639528+00:00
2025-05-05 07:00:00+02:00,123.6775,2025-12-13 19:28:13.639528+00:00
2025-05-05 08:00:00+02:00,104.7475,2025-12-13 19:28:13.639528+00:00
2025-05-05 09:00:00+02:00,86.41125,2025-12-13 19:28:13.639528+00:00
2025-05-05 10:00:00+02:00,76.2125,2025-12-13 19:28:13.639528+00:00
2025-05-05 11:00:00+02:00,61.01,2025-12-13 19:28:13.639528+00:00
2025-05-05 12:00:00+02:00,55.332499999999996,2025-12-13 19:28:13.639528+00:00
2025-05-05 13:00:00+02:00,49.19,2025-12-13 19:28:13.639528+00:00
2025-05-05 14:00:00+02:00,55.79375,2025-12-13 19:28:13.639528+00:00
2025-05-05 15:00:00+02:00,63.83125,2025-12-13 19:28:13.639528+00:00
2025-05-05 16:00:00+02:00,71.09625,2025-12-13 19:28:13.639528+00:00
2025-05-05 17:00:00+02:00,85.05125,2025-12-13 19:28:13.639528+00:00
2025-05-05 18:00:00+02:00,102.44125,2025-12-13 19:28:13.639528+00:00
2025-05-05 19:00:00+02:00,127.45124999999999,2025-12-13 19:28:13.639528+00:00
2025-05-05 20:00:00+02:00,141.0,2025-12-13 19:28:13.639528+00:00
2025-05-05 21:00:00+02:00,117.0725,2025-12-13 19:28:13.639528+00:00
2025-05-05 22:00:00+02:00,101.75999999999999,2025-12-13 19:28:13.639528+00:00
2025-05-05 23:00:00+02:00,93.19624999999999,2025-12-13 19:28:13.639528+00:00
2025-05-06 00:00:00+02:00,82.6375,2025-12-13 19:28:13.639528+00:00
2025-05-06 01:00:00+02:00,80.12125,2025-12-13 19:28:13.639528+00:00
2025-05-06 02:00:00+02:00,82.05875,2025-12-13 19:28:13.639528+00:00
2025-05-06 03:00:00+02:00,81.3775,2025-12-13 19:28:13.639528+00:00
2025-05-06 04:00:00+02:00,83.155,2025-12-13 19:28:13.639528+00:00
2025-05-06 05:00:00+02:00,94.515,2025-12-13 19:28:13.639528+00:00
2025-05-06 06:00:00+02:00,112.49,2025-12-13 19:28:13.639528+00:00
2025-05-06 07:00:00+02:00,119.7025,2025-12-13 19:28:13.639528+00:00
2025-05-06 08:00:00+02:00,103.735,2025-12-13 19:28:13.639528+00:00
2025-05-06 09:00:00+02:00,85.2475,2025-12-13 19:28:13.639528+00:00
2025-05-06 10:00:00+02:00,70.335,2025-12-13 19:28:13.639528+00:00
2025-05-06 11:00:00+02:00,52.2475,2025-12-13 19:28:13.639528+00:00
2025-05-06 12:00:00+02:00,38.003750000000004,2025-12-13 19:28:13.639528+00:00
2025-05-06 13:00:00+02:00,32.14375,2025-12-13 19:28:13.639528+00:00
2025-05-06 14:00:00+02:00,37.84625,2025-12-13 19:28:13.639528+00:00
2025-05-06 15:00:00+02:00,55.3375,2025-12-13 19:28:13.639528+00:00
2025-05-06 16:00:00+02:00,71.7325,2025-12-13 19:28:13.639528+00:00
2025-05-06 17:00:00+02:00,91.27125,2025-12-13 19:28:13.639528+00:00
2025-05-06 18:00:00+02:00,106.695,2025-12-13 19:28:13.639528+00:00
2025-05-06 19:00:00+02:00,132.845,2025-12-13 19:28:13.639528+00:00
2025-05-06 20:00:00+02:00,150.115,2025-12-13 19:28:13.639528+00:00
2025-05-06 21:00:00+02:00,131.92,2025-12-13 19:28:13.639528+00:00
2025-05-06 22:00:00+02:00,115.2525,2025-12-13 19:28:13.639528+00:00
2025-05-06 23:00:00+02:00,100.755,2025-12-13 19:28:13.639528+00:00
2025-05-07 00:00:00+02:00,92.65875,2025-12-13 19:28:13.639528+00:00
2025-05-07 01:00:00+02:00,87.825,2025-12-13 19:28:13.639528+00:00
2025-05-07 02:00:00+02:00,86.395,2025-12-13 19:28:13.639528+00:00
2025-05-07 03:00:00+02:00,88.36875,2025-12-13 19:28:13.639528+00:00
2025-05-07 04:00:00+02:00,94.25874999999999,2025-12-13 19:28:13.639528+00:00
2025-05-07 05:00:00+02:00,105.58624999999999,2025-12-13 19:28:13.639528+00:00
2025-05-07 06:00:00+02:00,128.85,2025-12-13 19:28:13.639528+00:00
2025-05-07 07:00:00+02:00,139.7225,2025-12-13 19:28:13.639528+00:00
2025-05-07 08:00:00+02:00,124.3425,2025-12-13 19:28:13.639528+00:00
2025-05-07 09:00:00+02:00,93.86,2025-12-13 19:28:13.639528+00:00
2025-05-07 10:00:00+02:00,77.4825,2025-12-13 19:28:13.639528+00:00
2025-05-07 11:00:00+02:00,69.45875,2025-12-13 19:28:13.639528+00:00
2025-05-07 12:00:00+02:00,61.448750000000004,2025-12-13 19:28:13.639528+00:00
2025-05-07 13:00:00+02:00,58.5825,2025-12-13 19:28:13.639528+00:00
2025-05-07 14:00:00+02:00,64.28750000000001,2025-12-13 19:28:13.639528+00:00
2025-05-07 15:00:00+02:00,74.07124999999999,2025-12-13 19:28:13.639528+00:00
2025-05-07 16:00:00+02:00,82.5425,2025-12-13 19:28:13.639528+00:00
2025-05-07 17:00:00+02:00,97.29124999999999,2025-12-13 19:28:13.639528+00:00
2025-05-07 18:00:00+02:00,109.74125000000001,2025-12-13 19:28:13.639528+00:00
2025-05-07 19:00:00+02:00,130.2575,2025-12-13 19:28:13.639528+00:00
2025-05-07 20:00:00+02:00,145.56,2025-12-13 19:28:13.639528+00:00
2025-05-07 21:00:00+02:00,126.76125,2025-12-13 19:28:13.639528+00:00
2025-05-07 22:00:00+02:00,109.395,2025-12-13 19:28:13.639528+00:00
2025-05-07 23:00:00+02:00,98.245,2025-12-13 19:28:13.639528+00:00
2025-05-08 00:00:00+02:00,93.92875,2025-12-13 19:28:13.639528+00:00
2025-05-08 01:00:00+02:00,89.42999999999999,2025-12-13 19:28:13.639528+00:00
2025-05-08 02:00:00+02:00,89.055,2025-12-13 19:28:13.639528+00:00
2025-05-08 03:00:00+02:00,89.94125000000001,2025-12-13 19:28:13.639528+00:00
2025-05-08 04:00:00+02:00,94.04625,2025-12-13 19:28:13.639528+00:00
2025-05-08 05:00:00+02:00,105.3975,2025-12-13 19:28:13.639528+00:00
2025-05-08 06:00:00+02:00,122.58250000000001,2025-12-13 19:28:13.639528+00:00
2025-05-08 07:00:00+02:00,137.31625,2025-12-13 19:28:13.639528+00:00
2025-05-08 08:00:00+02:00,121.23125,2025-12-13 19:28:13.639528+00:00
2025-05-08 09:00:00+02:00,98.56625,2025-12-13 19:28:13.639528+00:00
2025-05-08 10:00:00+02:00,83.30375,2025-12-13 19:28:13.639528+00:00
2025-05-08 11:00:00+02:00,71.77625,2025-12-13 19:28:13.639528+00:00
2025-05-08 12:00:00+02:00,61.235,2025-12-13 19:28:13.639528+00:00
2025-05-08 13:00:00+02:00,60.225,2025-12-13 19:28:13.639528+00:00
2025-05-08 14:00:00+02:00,66.9,2025-12-13 19:28:13.639528+00:00
2025-05-08 15:00:00+02:00,76.2375,2025-12-13 19:28:13.639528+00:00
2025-05-08 16:00:00+02:00,83.32124999999999,2025-12-13 19:28:13.639528+00:00
2025-05-08 17:00:00+02:00,93.11625,2025-12-13 19:28:13.639528+00:00
2025-05-08 18:00:00+02:00,108.83625,2025-12-13 19:28:13.639528+00:00
2025-05-08 19:00:00+02:00,135.28125,2025-12-13 19:28:13.639528+00:00
2025-05-08 20:00:00+02:00,171.10875000000001,2025-12-13 19:28:13.639528+00:00
2025-05-08 21:00:00+02:00,140.16,2025-12-13 19:28:13.639528+00:00
2025-05-08 22:00:00+02:00,114.9275,2025-12-13 19:28:13.639528+00:00
2025-05-08 23:00:00+02:00,105.7825,2025-12-13 19:28:13.639528+00:00
2025-05-09 00:00:00+02:00,101.805,2025-12-13 19:28:13.639528+00:00
2025-05-09 01:00:00+02:00,96.32125,2025-12-13 19:28:13.639528+00:00
2025-05-09 02:00:00+02:00,93.90875,2025-12-13 19:28:13.639528+00:00
2025-05-09 03:00:00+02:00,94.27875,2025-12-13 19:28:13.639528+00:00
2025-05-09 04:00:00+02:00,98.7275,2025-12-13 19:28:13.639528+00:00
2025-05-09 05:00:00+02:00,111.38625,2025-12-13 19:28:13.639528+00:00
2025-05-09 06:00:00+02:00,136.39375,2025-12-13 19:28:13.639528+00:00
2025-05-09 07:00:00+02:00,134.47625,2025-12-13 19:28:13.639528+00:00
2025-05-09 08:00:00+02:00,105.29,2025-12-13 19:28:13.639528+00:00
2025-05-09 09:00:00+02:00,84.91875,2025-12-13 19:28:13.639528+00:00
2025-05-09 10:00:00+02:00,58.40125,2025-12-13 19:28:13.639528+00:00
2025-05-09 11:00:00+02:00,16.1525,2025-12-13 19:28:13.639528+00:00
2025-05-09 12:00:00+02:00,7.03625,2025-12-13 19:28:13.639528+00:00
2025-05-09 13:00:00+02:00,6.46875,2025-12-13 19:28:13.639528+00:00
2025-05-09 14:00:00+02:00,8.905,2025-12-13 19:28:13.639528+00:00
2025-05-09 15:00:00+02:00,26.021250000000002,2025-12-13 19:28:13.639528+00:00
2025-05-09 16:00:00+02:00,54.59375,2025-12-13 19:28:13.639528+00:00
2025-05-09 17:00:00+02:00,76.75125,2025-12-13 19:28:13.639528+00:00
2025-05-09 18:00:00+02:00,98.04625,2025-12-13 19:28:13.639528+00:00
2025-05-09 19:00:00+02:00,121.64875,2025-12-13 19:28:13.639528+00:00
2025-05-09 20:00:00+02:00,153.29625,2025-12-13 19:28:13.639528+00:00
2025-05-09 21:00:00+02:00,131.87625,2025-12-13 19:28:13.639528+00:00
2025-05-09 22:00:00+02:00,109.7425,2025-12-13 19:28:13.639528+00:00
2025-05-09 23:00:00+02:00,100.6925,2025-12-13 19:28:13.639528+00:00
2025-05-10 00:00:00+02:00,102.5725,2025-12-13 19:28:13.639528+00:00
2025-05-10 01:00:00+02:00,101.05375,2025-12-13 19:28:13.639528+00:00
2025-05-10 02:00:00+02:00,97.63875,2025-12-13 19:28:13.639528+00:00
2025-05-10 03:00:00+02:00,96.10875,2025-12-13 19:28:13.639528+00:00
2025-05-10 04:00:00+02:00,97.7625,2025-12-13 19:28:13.639528+00:00
2025-05-10 05:00:00+02:00,100.15125,2025-12-13 19:28:13.639528+00:00
2025-05-10 06:00:00+02:00,98.3075,2025-12-13 19:28:13.639528+00:00
2025-05-10 07:00:00+02:00,94.45625,2025-12-13 19:28:13.639528+00:00
2025-05-10 08:00:00+02:00,70.7975,2025-12-13 19:28:13.639528+00:00
2025-05-10 09:00:00+02:00,16.06,2025-12-13 19:28:13.639528+00:00
2025-05-10 10:00:00+02:00,-1.435,2025-12-13 19:28:13.639528+00:00
2025-05-10 11:00:00+02:00,-19.36375,2025-12-13 19:28:13.639528+00:00
2025-05-10 12:00:00+02:00,-52.833749999999995,2025-12-13 19:28:13.639528+00:00
2025-05-10 13:00:00+02:00,-88.47625000000001,2025-12-13 19:28:13.639528+00:00
2025-05-10 14:00:00+02:00,-86.69250000000001,2025-12-13 19:28:13.639528+00:00
2025-05-10 15:00:00+02:00,-41.45375,2025-12-13 19:28:13.639528+00:00
2025-05-10 16:00:00+02:00,-5.623750000000001,2025-12-13 19:28:13.639528+00:00
2025-05-10 17:00:00+02:00,32.2025,2025-12-13 19:28:13.639528+00:00
2025-05-10 18:00:00+02:00,94.735,2025-12-13 19:28:13.639528+00:00
2025-05-10 19:00:00+02:00,117.37,2025-12-13 19:28:13.639528+00:00
2025-05-10 20:00:00+02:00,146.7,2025-12-13 19:28:13.639528+00:00
2025-05-10 21:00:00+02:00,123.74375,2025-12-13 19:28:13.639528+00:00
2025-05-10 22:00:00+02:00,103.46000000000001,2025-12-13 19:28:13.639528+00:00
2025-05-10 23:00:00+02:00,92.1775,2025-12-13 19:28:13.639528+00:00
2025-05-11 00:00:00+02:00,91.27374999999999,2025-12-13 19:28:13.639528+00:00
2025-05-11 01:00:00+02:00,87.7475,2025-12-13 19:28:13.639528+00:00
2025-05-11 02:00:00+02:00,86.27,2025-12-13 19:28:13.639528+00:00
2025-05-11 03:00:00+02:00,85.77875,2025-12-13 19:28:13.639528+00:00
2025-05-11 04:00:00+02:00,85.705,2025-12-13 19:28:13.639528+00:00
2025-05-11 05:00:00+02:00,85.5725,2025-12-13 19:28:13.639528+00:00
2025-05-11 06:00:00+02:00,78.80375,2025-12-13 19:28:13.639528+00:00
2025-05-11 07:00:00+02:00,61.23125,2025-12-13 19:28:13.639528+00:00
2025-05-11 08:00:00+02:00,10.479999999999999,2025-12-13 19:28:13.639528+00:00
2025-05-11 09:00:00+02:00,2.075,2025-12-13 19:28:13.639528+00:00
2025-05-11 10:00:00+02:00,-25.372500000000002,2025-12-13 19:28:13.639528+00:00
2025-05-11 11:00:00+02:00,-66.58,2025-12-13 19:28:13.639528+00:00
2025-05-11 12:00:00+02:00,-160.94,2025-12-13 19:28:13.639528+00:00
2025-05-11 13:00:00+02:00,-205.08249999999998,2025-12-13 19:28:13.639528+00:00
2025-05-11 14:00:00+02:00,-199.1875,2025-12-13 19:28:13.639528+00:00
2025-05-11 15:00:00+02:00,-117.69125,2025-12-13 19:28:13.639528+00:00
2025-05-11 16:00:00+02:00,-44.03875,2025-12-13 19:28:13.639528+00:00
2025-05-11 17:00:00+02:00,-0.8387500000000001,2025-12-13 19:28:13.639528+00:00
2025-05-11 18:00:00+02:00,70.2525,2025-12-13 19:28:13.639528+00:00
2025-05-11 19:00:00+02:00,100.70625,2025-12-13 19:28:13.639528+00:00
2025-05-11 20:00:00+02:00,115.2275,2025-12-13 19:28:13.639528+00:00
2025-05-11 21:00:00+02:00,104.9125,2025-12-13 19:28:13.639528+00:00
2025-05-11 22:00:00+02:00,95.27125,2025-12-13 19:28:13.639528+00:00
2025-05-11 23:00:00+02:00,83.54,2025-12-13 19:28:13.639528+00:00
2025-05-12 00:00:00+02:00,75.09875,2025-12-13 19:28:13.639528+00:00
2025-05-12 01:00:00+02:00,70.58,2025-12-13 19:28:13.639528+00:00
2025-05-12 02:00:00+02:00,70.63375,2025-12-13 19:28:13.639528+00:00
2025-05-12 03:00:00+02:00,70.84,2025-12-13 19:28:13.639528+00:00
2025-05-12 04:00:00+02:00,74.35125000000001,2025-12-13 19:28:13.639528+00:00
2025-05-12 05:00:00+02:00,86.705,2025-12-13 19:28:13.639528+00:00
2025-05-12 06:00:00+02:00,118.57625,2025-12-13 19:28:13.639528+00:00
2025-05-12 07:00:00+02:00,124.0775,2025-12-13 19:28:13.639528+00:00
2025-05-12 08:00:00+02:00,95.19375,2025-12-13 19:28:13.639528+00:00
2025-05-12 09:00:00+02:00,60.5325,2025-12-13 19:28:13.639528+00:00
2025-05-12 10:00:00+02:00,14.8775,2025-12-13 19:28:13.639528+00:00
2025-05-12 11:00:00+02:00,3.6762500000000005,2025-12-13 19:28:13.639528+00:00
2025-05-12 12:00:00+02:00,-27.822499999999998,2025-12-13 19:28:13.639528+00:00
2025-05-12 13:00:00+02:00,-39.6875,2025-12-13 19:28:13.639528+00:00
2025-05-12 14:00:00+02:00,-31.092499999999998,2025-12-13 19:28:13.639528+00:00
2025-05-12 15:00:00+02:00,-8.7575,2025-12-13 19:28:13.639528+00:00
2025-05-12 16:00:00+02:00,13.10125,2025-12-13 19:28:13.639528+00:00
2025-05-12 17:00:00+02:00,59.34,2025-12-13 19:28:13.639528+00:00
2025-05-12 18:00:00+02:00,89.21125,2025-12-13 19:28:13.639528+00:00
2025-05-12 19:00:00+02:00,118.70375,2025-12-13 19:28:13.639528+00:00
2025-05-12 20:00:00+02:00,150.12875,2025-12-13 19:28:13.639528+00:00
2025-05-12 21:00:00+02:00,118.27375,2025-12-13 19:28:13.639528+00:00
2025-05-12 22:00:00+02:00,97.155,2025-12-13 19:28:13.639528+00:00
2025-05-12 23:00:00+02:00,87.43625,2025-12-13 19:28:13.639528+00:00
2025-05-13 00:00:00+02:00,89.93375,2025-12-13 19:28:13.639528+00:00
2025-05-13 01:00:00+02:00,88.5675,2025-12-13 19:28:13.639528+00:00
2025-05-13 02:00:00+02:00,88.89125,2025-12-13 19:28:13.639528+00:00
2025-05-13 03:00:00+02:00,92.21375,2025-12-13 19:28:13.639528+00:00
2025-05-13 04:00:00+02:00,96.85625,2025-12-13 19:28:13.639528+00:00
2025-05-13 05:00:00+02:00,105.9375,2025-12-13 19:28:13.639528+00:00
2025-05-13 06:00:00+02:00,135.90625,2025-12-13 19:28:13.639528+00:00
2025-05-13 07:00:00+02:00,133.10500000000002,2025-12-13 19:28:13.639528+00:00
2025-05-13 08:00:00+02:00,103.05625,2025-12-13 19:28:13.639528+00:00
2025-05-13 09:00:00+02:00,78.82000000000001,2025-12-13 19:28:13.639528+00:00
2025-05-13 10:00:00+02:00,26.67875,2025-12-13 19:28:13.639528+00:00
2025-05-13 11:00:00+02:00,1.3237499999999995,2025-12-13 19:28:13.639528+00:00
2025-05-13 12:00:00+02:00,-9.45,2025-12-13 19:28:13.639528+00:00
2025-05-13 13:00:00+02:00,-16.58125,2025-12-13 19:28:13.639528+00:00
2025-05-13 14:00:00+02:00,-10.77125,2025-12-13 19:28:13.639528+00:00
2025-05-13 15:00:00+02:00,-1.92625,2025-12-13 19:28:13.639528+00:00
2025-05-13 16:00:00+02:00,12.875,2025-12-13 19:28:13.639528+00:00
2025-05-13 17:00:00+02:00,77.30250000000001,2025-12-13 19:28:13.639528+00:00
2025-05-13 18:00:00+02:00,109.11625000000001,2025-12-13 19:28:13.639528+00:00
2025-05-13 19:00:00+02:00,149.535,2025-12-13 19:28:13.639528+00:00
2025-05-13 20:00:00+02:00,203.14375,2025-12-13 19:28:13.639528+00:00
2025-05-13 21:00:00+02:00,149.68,2025-12-13 19:28:13.639528+00:00
2025-05-13 22:00:00+02:00,117.17375,2025-12-13 19:28:13.639528+00:00
2025-05-13 23:00:00+02:00,106.19,2025-12-13 19:28:13.639528+00:00
2025-05-14 00:00:00+02:00,102.44,2025-12-13 19:28:13.639528+00:00
2025-05-14 01:00:00+02:00,98.2525,2025-12-13 19:28:13.639528+00:00
2025-05-14 02:00:00+02:00,96.35374999999999,2025-12-13 19:28:13.639528+00:00
2025-05-14 03:00:00+02:00,96.63499999999999,2025-12-13 19:28:13.639528+00:00
2025-05-14 04:00:00+02:00,99.25125,2025-12-13 19:28:13.639528+00:00
2025-05-14 05:00:00+02:00,107.6825,2025-12-13 19:28:13.639528+00:00
2025-05-14 06:00:00+02:00,133.51000000000002,2025-12-13 19:28:13.639528+00:00
2025-05-14 07:00:00+02:00,127.72375,2025-12-13 19:28:13.639528+00:00
2025-05-14 08:00:00+02:00,103.10375,2025-12-13 19:28:13.639528+00:00
2025-05-14 09:00:00+02:00,71.92125,2025-12-13 19:28:13.639528+00:00
2025-05-14 10:00:00+02:00,5.985,2025-12-13 19:28:13.639528+00:00
2025-05-14 11:00:00+02:00,-3.2175000000000002,2025-12-13 19:28:13.639528+00:00
2025-05-14 12:00:00+02:00,-26.80875,2025-12-13 19:28:13.639528+00:00
2025-05-14 13:00:00+02:00,-43.325,2025-12-13 19:28:13.639528+00:00
2025-05-14 14:00:00+02:00,-41.85875,2025-12-13 19:28:13.639528+00:00
2025-05-14 15:00:00+02:00,-21.27875,2025-12-13 19:28:13.639528+00:00
2025-05-14 16:00:00+02:00,-2.9499999999999993,2025-12-13 19:28:13.639528+00:00
2025-05-14 17:00:00+02:00,41.05125,2025-12-13 19:28:13.639528+00:00
2025-05-14 18:00:00+02:00,94.185,2025-12-13 19:28:13.639528+00:00
2025-05-14 19:00:00+02:00,119.33500000000001,2025-12-13 19:28:13.639528+00:00
2025-05-14 20:00:00+02:00,154.1375,2025-12-13 19:28:13.639528+00:00
2025-05-14 21:00:00+02:00,130.80625,2025-12-13 19:28:13.639528+00:00
2025-05-14 22:00:00+02:00,109.54124999999999,2025-12-13 19:28:13.639528+00:00
2025-05-14 23:00:00+02:00,100.18,2025-12-13 19:28:13.639528+00:00
2025-05-15 00:00:00+02:00,94.0625,2025-12-13 19:28:13.639528+00:00
2025-05-15 01:00:00+02:00,87.35249999999999,2025-12-13 19:28:13.639528+00:00
2025-05-15 02:00:00+02:00,87.605,2025-12-13 19:28:13.639528+00:00
2025-05-15 03:00:00+02:00,87.865,2025-12-13 19:28:13.639528+00:00
2025-05-15 04:00:00+02:00,88.84,2025-12-13 19:28:13.639528+00:00
2025-05-15 05:00:00+02:00,96.9025,2025-12-13 19:28:13.639528+00:00
2025-05-15 06:00:00+02:00,117.8775,2025-12-13 19:28:13.639528+00:00
2025-05-15 07:00:00+02:00,118.995,2025-12-13 19:28:13.639528+00:00
2025-05-15 08:00:00+02:00,98.23625,2025-12-13 19:28:13.639528+00:00
2025-05-15 09:00:00+02:00,70.58250000000001,2025-12-13 19:28:13.639528+00:00
2025-05-15 10:00:00+02:00,14.6775,2025-12-13 19:28:13.639528+00:00
2025-05-15 11:00:00+02:00,-0.060000000000000046,2025-12-13 19:28:13.639528+00:00
2025-05-15 12:00:00+02:00,-7.02125,2025-12-13 19:28:13.639528+00:00
2025-05-15 13:00:00+02:00,-16.17875,2025-12-13 19:28:13.639528+00:00
2025-05-15 14:00:00+02:00,-14.6225,2025-12-13 19:28:13.639528+00:00
2025-05-15 15:00:00+02:00,-9.758750000000001,2025-12-13 19:28:13.639528+00:00
2025-05-15 16:00:00+02:00,-3.34,2025-12-13 19:28:13.639528+00:00
2025-05-15 17:00:00+02:00,13.475,2025-12-13 19:28:13.639528+00:00
2025-05-15 18:00:00+02:00,79.7125,2025-12-13 19:28:13.639528+00:00
2025-05-15 19:00:00+02:00,110.83375000000001,2025-12-13 19:28:13.639528+00:00
2025-05-15 20:00:00+02:00,138.485,2025-12-13 19:28:13.639528+00:00
2025-05-15 21:00:00+02:00,129.61249999999998,2025-12-13 19:28:13.639528+00:00
2025-05-15 22:00:00+02:00,110.5825,2025-12-13 19:28:13.639528+00:00
2025-05-15 23:00:00+02:00,101.48125,2025-12-13 19:28:13.639528+00:00
2025-05-16 00:00:00+02:00,94.78125,2025-12-13 19:28:13.639528+00:00
2025-05-16 01:00:00+02:00,90.16,2025-12-13 19:28:13.639528+00:00
2025-05-16 02:00:00+02:00,86.755,2025-12-13 19:28:13.639528+00:00
2025-05-16 03:00:00+02:00,86.70375,2025-12-13 19:28:13.639528+00:00
2025-05-16 04:00:00+02:00,89.37,2025-12-13 19:28:13.639528+00:00
2025-05-16 05:00:00+02:00,98.08875,2025-12-13 19:28:13.639528+00:00
2025-05-16 06:00:00+02:00,114.61125000000001,2025-12-13 19:28:13.639528+00:00
2025-05-16 07:00:00+02:00,117.35249999999999,2025-12-13 19:28:13.639528+00:00
2025-05-16 08:00:00+02:00,101.32375,2025-12-13 19:28:13.639528+00:00
2025-05-16 09:00:00+02:00,72.84625,2025-12-13 19:28:13.639528+00:00
2025-05-16 10:00:00+02:00,20.42375,2025-12-13 19:28:13.639528+00:00
2025-05-16 11:00:00+02:00,3.4825,2025-12-13 19:28:13.639528+00:00
2025-05-16 12:00:00+02:00,-0.6162499999999997,2025-12-13 19:28:13.639528+00:00
2025-05-16 13:00:00+02:00,-1.24625,2025-12-13 19:28:13.639528+00:00
2025-05-16 14:00:00+02:00,-1.3175,2025-12-13 19:28:13.639528+00:00
2025-05-16 15:00:00+02:00,0.9262499999999996,2025-12-13 19:28:13.639528+00:00
2025-05-16 16:00:00+02:00,13.09,2025-12-13 19:28:13.639528+00:00
2025-05-16 17:00:00+02:00,64.845,2025-12-13 19:28:13.639528+00:00
2025-05-16 18:00:00+02:00,95.36125,2025-12-13 19:28:13.639528+00:00
2025-05-16 19:00:00+02:00,111.6825,2025-12-13 19:28:13.639528+00:00
2025-05-16 20:00:00+02:00,145.0275,2025-12-13 19:28:13.639528+00:00
2025-05-16 21:00:00+02:00,137.11374999999998,2025-12-13 19:28:13.639528+00:00
2025-05-16 22:00:00+02:00,114.24,2025-12-13 19:28:13.639528+00:00
2025-05-16 23:00:00+02:00,100.99125,2025-12-13 19:28:13.639528+00:00
2025-05-17 00:00:00+02:00,95.0775,2025-12-13 19:28:13.639528+00:00
2025-05-17 01:00:00+02:00,92.53625,2025-12-13 19:28:13.639528+00:00
2025-05-17 02:00:00+02:00,88.275,2025-12-13 19:28:13.639528+00:00
2025-05-17 03:00:00+02:00,86.28375,2025-12-13 19:28:13.639528+00:00
2025-05-17 04:00:00+02:00,87.04375,2025-12-13 19:28:13.639528+00:00
2025-05-17 05:00:00+02:00,88.655,2025-12-13 19:28:13.639528+00:00
2025-05-17 06:00:00+02:00,86.195,2025-12-13 19:28:13.639528+00:00
2025-05-17 07:00:00+02:00,82.7775,2025-12-13 19:28:13.639528+00:00
2025-05-17 08:00:00+02:00,49.36,2025-12-13 19:28:13.639528+00:00
2025-05-17 09:00:00+02:00,2.98625,2025-12-13 19:28:13.639528+00:00
2025-05-17 10:00:00+02:00,-2.0549999999999997,2025-12-13 19:28:13.639528+00:00
2025-05-17 11:00:00+02:00,-5.00125,2025-12-13 19:28:13.639528+00:00
2025-05-17 12:00:00+02:00,-9.684999999999999,2025-12-13 19:28:13.639528+00:00
2025-05-17 13:00:00+02:00,-17.82125,2025-12-13 19:28:13.639528+00:00
2025-05-17 14:00:00+02:00,-18.009999999999998,2025-12-13 19:28:13.639528+00:00
2025-05-17 15:00:00+02:00,-7.94875,2025-12-13 19:28:13.639528+00:00
2025-05-17 16:00:00+02:00,-1.4487499999999995,2025-12-13 19:28:13.639528+00:00
2025-05-17 17:00:00+02:00,9.655,2025-12-13 19:28:13.639528+00:00
2025-05-17 18:00:00+02:00,76.93375,2025-12-13 19:28:13.639528+00:00
2025-05-17 19:00:00+02:00,99.67,2025-12-13 19:28:13.639528+00:00
2025-05-17 20:00:00+02:00,126.7175,2025-12-13 19:28:13.639528+00:00
2025-05-17 21:00:00+02:00,126.70375,2025-12-13 19:28:13.639528+00:00
2025-05-17 22:00:00+02:00,121.88375,2025-12-13 19:28:13.639528+00:00
2025-05-17 23:00:00+02:00,107.7475,2025-12-13 19:28:13.639528+00:00
2025-05-18 00:00:00+02:00,103.92750000000001,2025-12-13 19:28:13.639528+00:00
2025-05-18 01:00:00+02:00,99.22874999999999,2025-12-13 19:28:13.639528+00:00
2025-05-18 02:00:00+02:00,96.85,2025-12-13 19:28:13.639528+00:00
2025-05-18 03:00:00+02:00,94.0,2025-12-13 19:28:13.639528+00:00
2025-05-18 04:00:00+02:00,95.47375,2025-12-13 19:28:13.639528+00:00
2025-05-18 05:00:00+02:00,95.85875,2025-12-13 19:28:13.639528+00:00
2025-05-18 06:00:00+02:00,88.6475,2025-12-13 19:28:13.639528+00:00
2025-05-18 07:00:00+02:00,78.63499999999999,2025-12-13 19:28:13.639528+00:00
2025-05-18 08:00:00+02:00,59.4,2025-12-13 19:28:13.639528+00:00
2025-05-18 09:00:00+02:00,10.8,2025-12-13 19:28:13.639528+00:00
2025-05-18 10:00:00+02:00,-1.45125,2025-12-13 19:28:13.639528+00:00
2025-05-18 11:00:00+02:00,-6.1,2025-12-13 19:28:13.639528+00:00
2025-05-18 12:00:00+02:00,-17.71875,2025-12-13 19:28:13.639528+00:00
2025-05-18 13:00:00+02:00,-22.73625,2025-12-13 19:28:13.639528+00:00
2025-05-18 14:00:00+02:00,-27.19875,2025-12-13 19:28:13.639528+00:00
2025-05-18 15:00:00+02:00,-16.27,2025-12-13 19:28:13.639528+00:00
2025-05-18 16:00:00+02:00,-2.3450000000000006,2025-12-13 19:28:13.639528+00:00
2025-05-18 17:00:00+02:00,11.008750000000001,2025-12-13 19:28:13.639528+00:00
2025-05-18 18:00:00+02:00,81.09625,2025-12-13 19:28:13.639528+00:00
2025-05-18 19:00:00+02:00,106.65,2025-12-13 19:28:13.639528+00:00
2025-05-18 20:00:00+02:00,125.1175,2025-12-13 19:28:13.639528+00:00
2025-05-18 21:00:00+02:00,125.98375,2025-12-13 19:28:13.639528+00:00
2025-05-18 22:00:00+02:00,115.4675,2025-12-13 19:28:13.639528+00:00
2025-05-18 23:00:00+02:00,103.26,2025-12-13 19:28:13.639528+00:00
2025-05-19 00:00:00+02:00,103.125,2025-12-13 19:28:13.639528+00:00
2025-05-19 01:00:00+02:00,95.51,2025-12-13 19:28:13.639528+00:00
2025-05-19 02:00:00+02:00,92.37,2025-12-13 19:28:13.639528+00:00
2025-05-19 03:00:00+02:00,89.36875,2025-12-13 19:28:13.639528+00:00
2025-05-19 04:00:00+02:00,94.065,2025-12-13 19:28:13.639528+00:00
2025-05-19 05:00:00+02:00,104.845,2025-12-13 19:28:13.639528+00:00
2025-05-19 06:00:00+02:00,124.11625,2025-12-13 19:28:13.639528+00:00
2025-05-19 07:00:00+02:00,132.3025,2025-12-13 19:28:13.639528+00:00
2025-05-19 08:00:00+02:00,110.905,2025-12-13 19:28:13.639528+00:00
2025-05-19 09:00:00+02:00,92.19375,2025-12-13 19:28:13.639528+00:00
2025-05-19 10:00:00+02:00,60.963750000000005,2025-12-13 19:28:13.639528+00:00
2025-05-19 11:00:00+02:00,33.58875,2025-12-13 19:28:13.639528+00:00
2025-05-19 12:00:00+02:00,22.23375,2025-12-13 19:28:13.639528+00:00
2025-05-19 13:00:00+02:00,20.29875,2025-12-13 19:28:13.639528+00:00
2025-05-19 14:00:00+02:00,24.75,2025-12-13 19:28:13.639528+00:00
2025-05-19 15:00:00+02:00,43.4725,2025-12-13 19:28:13.639528+00:00
2025-05-19 16:00:00+02:00,67.75,2025-12-13 19:28:13.639528+00:00
2025-05-19 17:00:00+02:00,92.6675,2025-12-13 19:28:13.639528+00:00
2025-05-19 18:00:00+02:00,117.14625000000001,2025-12-13 19:28:13.639528+00:00
2025-05-19 19:00:00+02:00,142.91625,2025-12-13 19:28:13.639528+00:00
2025-05-19 20:00:00+02:00,206.53625,2025-12-13 19:28:13.639528+00:00
2025-05-19 21:00:00+02:00,155.42375,2025-12-13 19:28:13.639528+00:00
2025-05-19 22:00:00+02:00,127.6675,2025-12-13 19:28:13.639528+00:00
2025-05-19 23:00:00+02:00,110.89,2025-12-13 19:28:13.639528+00:00
2025-05-20 00:00:00+02:00,111.39125,2025-12-13 19:28:13.639528+00:00
2025-05-20 01:00:00+02:00,105.065,2025-12-13 19:28:13.639528+00:00
2025-05-20 02:00:00+02:00,101.98,2025-12-13 19:28:13.639528+00:00
2025-05-20 03:00:00+02:00,102.57625,2025-12-13 19:28:13.639528+00:00
2025-05-20 04:00:00+02:00,106.57124999999999,2025-12-13 19:28:13.639528+00:00
2025-05-20 05:00:00+02:00,118.48375,2025-12-13 19:28:13.639528+00:00
2025-05-20 06:00:00+02:00,146.19125,2025-12-13 19:28:13.639528+00:00
2025-05-20 07:00:00+02:00,133.79,2025-12-13 19:28:13.639528+00:00
2025-05-20 08:00:00+02:00,104.20625,2025-12-13 19:28:13.639528+00:00
2025-05-20 09:00:00+02:00,87.62125,2025-12-13 19:28:13.639528+00:00
2025-05-20 10:00:00+02:00,59.5025,2025-12-13 19:28:13.639528+00:00
2025-05-20 11:00:00+02:00,15.741249999999999,2025-12-13 19:28:13.639528+00:00
2025-05-20 12:00:00+02:00,3.085,2025-12-13 19:28:13.639528+00:00
2025-05-20 13:00:00+02:00,2.4625,2025-12-13 19:28:13.639528+00:00
2025-05-20 14:00:00+02:00,2.4325,2025-12-13 19:28:13.639528+00:00
2025-05-20 15:00:00+02:00,9.69875,2025-12-13 19:28:13.639528+00:00
2025-05-20 16:00:00+02:00,63.136250000000004,2025-12-13 19:28:13.639528+00:00
2025-05-20 17:00:00+02:00,90.65125,2025-12-13 19:28:13.639528+00:00
2025-05-20 18:00:00+02:00,111.845,2025-12-13 19:28:13.639528+00:00
2025-05-20 19:00:00+02:00,141.71375,2025-12-13 19:28:13.639528+00:00
2025-05-20 20:00:00+02:00,198.03375,2025-12-13 19:28:13.639528+00:00
2025-05-20 21:00:00+02:00,150.41375,2025-12-13 19:28:13.639528+00:00
2025-05-20 22:00:00+02:00,121.9875,2025-12-13 19:28:13.639528+00:00
2025-05-20 23:00:00+02:00,109.61500000000001,2025-12-13 19:28:13.639528+00:00
2025-05-21 00:00:00+02:00,107.93,2025-12-13 19:28:13.639528+00:00
2025-05-21 01:00:00+02:00,102.80375,2025-12-13 19:28:13.639528+00:00
2025-05-21 02:00:00+02:00,97.73,2025-12-13 19:28:13.639528+00:00
2025-05-21 03:00:00+02:00,94.21125,2025-12-13 19:28:13.639528+00:00
2025-05-21 04:00:00+02:00,93.59125,2025-12-13 19:28:13.639528+00:00
2025-05-21 05:00:00+02:00,102.675,2025-12-13 19:28:13.639528+00:00
2025-05-21 06:00:00+02:00,117.10875,2025-12-13 19:28:13.639528+00:00
2025-05-21 07:00:00+02:00,118.89625000000001,2025-12-13 19:28:13.639528+00:00
2025-05-21 08:00:00+02:00,105.05874999999999,2025-12-13 19:28:13.639528+00:00
2025-05-21 09:00:00+02:00,81.59875,2025-12-13 19:28:13.639528+00:00
2025-05-21 10:00:00+02:00,40.91,2025-12-13 19:28:13.639528+00:00
2025-05-21 11:00:00+02:00,1.7937499999999993,2025-12-13 19:28:13.639528+00:00
2025-05-21 12:00:00+02:00,-1.3424999999999996,2025-12-13 19:28:13.639528+00:00
2025-05-21 13:00:00+02:00,-5.9925,2025-12-13 19:28:13.639528+00:00
2025-05-21 14:00:00+02:00,-5.8,2025-12-13 19:28:13.639528+00:00
2025-05-21 15:00:00+02:00,-2.6550000000000002,2025-12-13 19:28:13.639528+00:00
2025-05-21 16:00:00+02:00,4.8825,2025-12-13 19:28:13.639528+00:00
2025-05-21 17:00:00+02:00,50.5325,2025-12-13 19:28:13.639528+00:00
2025-05-21 18:00:00+02:00,84.36,2025-12-13 19:28:13.639528+00:00
2025-05-21 19:00:00+02:00,99.94375,2025-12-13 19:28:13.639528+00:00
2025-05-21 20:00:00+02:00,119.26374999999999,2025-12-13 19:28:13.639528+00:00
2025-05-21 21:00:00+02:00,113.04499999999999,2025-12-13 19:28:13.639528+00:00
2025-05-21 22:00:00+02:00,100.2,2025-12-13 19:28:13.639528+00:00
2025-05-21 23:00:00+02:00,89.995,2025-12-13 19:28:13.639528+00:00
2025-05-22 00:00:00+02:00,94.9325,2025-12-13 19:28:13.639528+00:00
2025-05-22 01:00:00+02:00,87.71125,2025-12-13 19:28:13.639528+00:00
2025-05-22 02:00:00+02:00,83.44625,2025-12-13 19:28:13.639528+00:00
2025-05-22 03:00:00+02:00,82.0,2025-12-13 19:28:13.639528+00:00
2025-05-22 04:00:00+02:00,84.99875,2025-12-13 19:28:13.639528+00:00
2025-05-22 05:00:00+02:00,91.07375,2025-12-13 19:28:13.639528+00:00
2025-05-22 06:00:00+02:00,109.46625,2025-12-13 19:28:13.639528+00:00
2025-05-22 07:00:00+02:00,109.33,2025-12-13 19:28:13.639528+00:00
2025-05-22 08:00:00+02:00,95.41624999999999,2025-12-13 19:28:13.639528+00:00
2025-05-22 09:00:00+02:00,60.855,2025-12-13 19:28:13.639528+00:00
2025-05-22 10:00:00+02:00,10.7325,2025-12-13 19:28:13.639528+00:00
2025-05-22 11:00:00+02:00,0.006249999999999201,2025-12-13 19:28:13.639528+00:00
2025-05-22 12:00:00+02:00,-2.35875,2025-12-13 19:28:13.639528+00:00
2025-05-22 13:00:00+02:00,-10.9825,2025-12-13 19:28:13.639528+00:00
2025-05-22 14:00:00+02:00,-13.6625,2025-12-13 19:28:13.639528+00:00
2025-05-22 15:00:00+02:00,-7.125,2025-12-13 19:28:13.639528+00:00
2025-05-22 16:00:00+02:00,-1.455000000000001,2025-12-13 19:28:13.639528+00:00
2025-05-22 17:00:00+02:00,5.043750000000001,2025-12-13 19:28:13.639528+00:00
2025-05-22 18:00:00+02:00,55.98375,2025-12-13 19:28:13.639528+00:00
2025-05-22 19:00:00+02:00,98.795,2025-12-13 19:28:13.639528+00:00
2025-05-22 20:00:00+02:00,116.36500000000001,2025-12-13 19:28:13.639528+00:00
2025-05-22 21:00:00+02:00,123.0025,2025-12-13 19:28:13.639528+00:00
2025-05-22 22:00:00+02:00,113.10625,2025-12-13 19:28:13.639528+00:00
2025-05-22 23:00:00+02:00,102.2275,2025-12-13 19:28:13.639528+00:00
2025-05-23 00:00:00+02:00,100.17875,2025-12-13 19:28:13.639528+00:00
2025-05-23 01:00:00+02:00,92.91125,2025-12-13 19:28:13.639528+00:00
2025-05-23 02:00:00+02:00,89.13,2025-12-13 19:28:13.639528+00:00
2025-05-23 03:00:00+02:00,88.83500000000001,2025-12-13 19:28:13.639528+00:00
2025-05-23 04:00:00+02:00,92.3475,2025-12-13 19:28:13.639528+00:00
2025-05-23 05:00:00+02:00,104.645,2025-12-13 19:28:13.639528+00:00
2025-05-23 06:00:00+02:00,123.62375,2025-12-13 19:28:13.639528+00:00
2025-05-23 07:00:00+02:00,126.78125000000001,2025-12-13 19:28:13.639528+00:00
2025-05-23 08:00:00+02:00,108.68625,2025-12-13 19:28:13.639528+00:00
2025-05-23 09:00:00+02:00,82.44500000000001,2025-12-13 19:28:13.639528+00:00
2025-05-23 10:00:00+02:00,60.23375,2025-12-13 19:28:13.639528+00:00
2025-05-23 11:00:00+02:00,36.371249999999996,2025-12-13 19:28:13.639528+00:00
2025-05-23 12:00:00+02:00,13.43125,2025-12-13 19:28:13.639528+00:00
2025-05-23 13:00:00+02:00,2.14375,2025-12-13 19:28:13.639528+00:00
2025-05-23 14:00:00+02:00,0.49999999999999994,2025-12-13 19:28:13.639528+00:00
2025-05-23 15:00:00+02:00,1.6600000000000001,2025-12-13 19:28:13.639528+00:00
2025-05-23 16:00:00+02:00,20.90375,2025-12-13 19:28:13.639528+00:00
2025-05-23 17:00:00+02:00,68.8425,2025-12-13 19:28:13.639528+00:00
2025-05-23 18:00:00+02:00,94.21625,2025-12-13 19:28:13.639528+00:00
2025-05-23 19:00:00+02:00,114.115,2025-12-13 19:28:13.639528+00:00
2025-05-23 20:00:00+02:00,134.78375,2025-12-13 19:28:13.639528+00:00
2025-05-23 21:00:00+02:00,140.77625,2025-12-13 19:28:13.639528+00:00
2025-05-23 22:00:00+02:00,121.31375,2025-12-13 19:28:13.639528+00:00
2025-05-23 23:00:00+02:00,106.405,2025-12-13 19:28:13.639528+00:00
2025-05-24 00:00:00+02:00,104.59625,2025-12-13 19:28:13.639528+00:00
2025-05-24 01:00:00+02:00,98.52125000000001,2025-12-13 19:28:13.639528+00:00
2025-05-24 02:00:00+02:00,93.83375,2025-12-13 19:28:13.639528+00:00
2025-05-24 03:00:00+02:00,90.95,2025-12-13 19:28:13.639528+00:00
2025-05-24 04:00:00+02:00,89.915,2025-12-13 19:28:13.639528+00:00
2025-05-24 05:00:00+02:00,90.11874999999999,2025-12-13 19:28:13.639528+00:00
2025-05-24 06:00:00+02:00,90.13374999999999,2025-12-13 19:28:13.639528+00:00
2025-05-24 07:00:00+02:00,83.99125000000001,2025-12-13 19:28:13.639528+00:00
2025-05-24 08:00:00+02:00,67.5625,2025-12-13 19:28:13.639528+00:00
2025-05-24 09:00:00+02:00,21.330000000000002,2025-12-13 19:28:13.639528+00:00
2025-05-24 10:00:00+02:00,1.9699999999999998,2025-12-13 19:28:13.639528+00:00
2025-05-24 11:00:00+02:00,0.44499999999999984,2025-12-13 19:28:13.639528+00:00
2025-05-24 12:00:00+02:00,0.013749999999999929,2025-12-13 19:28:13.639528+00:00
2025-05-24 13:00:00+02:00,-0.4450000000000001,2025-12-13 19:28:13.639528+00:00
2025-05-24 14:00:00+02:00,-0.7637500000000002,2025-12-13 19:28:13.639528+00:00
2025-05-24 15:00:00+02:00,-0.8624999999999998,2025-12-13 19:28:13.639528+00:00
2025-05-24 16:00:00+02:00,4.54125,2025-12-13 19:28:13.639528+00:00
2025-05-24 17:00:00+02:00,49.925000000000004,2025-12-13 19:28:13.639528+00:00
2025-05-24 18:00:00+02:00,87.41875,2025-12-13 19:28:13.639528+00:00
2025-05-24 19:00:00+02:00,109.3125,2025-12-13 19:28:13.639528+00:00
2025-05-24 20:00:00+02:00,112.98125,2025-12-13 19:28:13.639528+00:00
2025-05-24 21:00:00+02:00,107.75875,2025-12-13 19:28:13.639528+00:00
2025-05-24 22:00:00+02:00,93.58,2025-12-13 19:28:13.639528+00:00
2025-05-24 23:00:00+02:00,82.1975,2025-12-13 19:28:13.639528+00:00
2025-05-25 00:00:00+02:00,48.182500000000005,2025-12-13 19:28:13.639528+00:00
2025-05-25 01:00:00+02:00,38.68,2025-12-13 19:28:13.639528+00:00
2025-05-25 02:00:00+02:00,28.29625,2025-12-13 19:28:13.639528+00:00
2025-05-25 03:00:00+02:00,15.16375,2025-12-13 19:28:13.639528+00:00
2025-05-25 04:00:00+02:00,11.76625,2025-12-13 19:28:13.639528+00:00
2025-05-25 05:00:00+02:00,10.78375,2025-12-13 19:28:13.639528+00:00
2025-05-25 06:00:00+02:00,6.815,2025-12-13 19:28:13.639528+00:00
2025-05-25 07:00:00+02:00,5.5125,2025-12-13 19:28:13.639528+00:00
2025-05-25 08:00:00+02:00,4.71625,2025-12-13 19:28:13.639528+00:00
2025-05-25 09:00:00+02:00,1.8987499999999997,2025-12-13 19:28:13.639528+00:00
2025-05-25 10:00:00+02:00,2.3325000000000005,2025-12-13 19:28:13.639528+00:00
2025-05-25 11:00:00+02:00,-0.08250000000000002,2025-12-13 19:28:13.639528+00:00
2025-05-25 12:00:00+02:00,0.0024999999999999467,2025-12-13 19:28:13.639528+00:00
2025-05-25 13:00:00+02:00,-4.54625,2025-12-13 19:28:13.639528+00:00
2025-05-25 14:00:00+02:00,-8.25875,2025-12-13 19:28:13.639528+00:00
2025-05-25 15:00:00+02:00,-7.3575,2025-12-13 19:28:13.639528+00:00
2025-05-25 16:00:00+02:00,-2.51875,2025-12-13 19:28:13.639528+00:00
2025-05-25 17:00:00+02:00,-1.25,2025-12-13 19:28:13.639528+00:00
2025-05-25 18:00:00+02:00,18.4925,2025-12-13 19:28:13.639528+00:00
2025-05-25 19:00:00+02:00,78.0775,2025-12-13 19:28:13.639528+00:00
2025-05-25 20:00:00+02:00,90.7,2025-12-13 19:28:13.639528+00:00
2025-05-25 21:00:00+02:00,95.60625,2025-12-13 19:28:13.639528+00:00
2025-05-25 22:00:00+02:00,96.18,2025-12-13 19:28:13.639528+00:00
2025-05-25 23:00:00+02:00,87.8725,2025-12-13 19:28:13.639528+00:00
2025-05-26 00:00:00+02:00,84.98875,2025-12-13 19:28:13.639528+00:00
2025-05-26 01:00:00+02:00,80.10375,2025-12-13 19:28:13.639528+00:00
2025-05-26 02:00:00+02:00,73.29374999999999,2025-12-13 19:28:13.639528+00:00
2025-05-26 03:00:00+02:00,72.865,2025-12-13 19:28:13.639528+00:00
2025-05-26 04:00:00+02:00,77.24625,2025-12-13 19:28:13.639528+00:00
2025-05-26 05:00:00+02:00,87.6025,2025-12-13 19:28:13.639528+00:00
2025-05-26 06:00:00+02:00,117.69875,2025-12-13 19:28:13.639528+00:00
2025-05-26 07:00:00+02:00,133.27875,2025-12-13 19:28:13.639528+00:00
2025-05-26 08:00:00+02:00,114.345,2025-12-13 19:28:13.639528+00:00
2025-05-26 09:00:00+02:00,81.96124999999999,2025-12-13 19:28:13.639528+00:00
2025-05-26 10:00:00+02:00,26.635,2025-12-13 19:28:13.639528+00:00
2025-05-26 11:00:00+02:00,5.79625,2025-12-13 19:28:13.639528+00:00
2025-05-26 12:00:00+02:00,0.7912500000000002,2025-12-13 19:28:13.639528+00:00
2025-05-26 13:00:00+02:00,-0.34750000000000014,2025-12-13 19:28:13.639528+00:00
2025-05-26 14:00:00+02:00,-0.2287499999999999,2025-12-13 19:28:13.639528+00:00
2025-05-26 15:00:00+02:00,-0.011250000000000426,2025-12-13 19:28:13.639528+00:00
2025-05-26 16:00:00+02:00,1.4500000000000002,2025-12-13 19:28:13.639528+00:00
2025-05-26 17:00:00+02:00,28.67375,2025-12-13 19:28:13.639528+00:00
2025-05-26 18:00:00+02:00,94.29125,2025-12-13 19:28:13.639528+00:00
2025-05-26 19:00:00+02:00,124.08625,2025-12-13 19:28:13.639528+00:00
2025-05-26 20:00:00+02:00,166.31,2025-12-13 19:28:13.639528+00:00
2025-05-26 21:00:00+02:00,156.505,2025-12-13 19:28:13.639528+00:00
2025-05-26 22:00:00+02:00,121.74,2025-12-13 19:28:13.639528+00:00
2025-05-26 23:00:00+02:00,101.9875,2025-12-13 19:28:13.639528+00:00
2025-05-27 00:00:00+02:00,92.25750000000001,2025-12-13 19:28:13.639528+00:00
2025-05-27 01:00:00+02:00,80.77,2025-12-13 19:28:13.639528+00:00
2025-05-27 02:00:00+02:00,68.0875,2025-12-13 19:28:13.639528+00:00
2025-05-27 03:00:00+02:00,64.83875,2025-12-13 19:28:13.639528+00:00
2025-05-27 04:00:00+02:00,67.62375,2025-12-13 19:28:13.639528+00:00
2025-05-27 05:00:00+02:00,66.485,2025-12-13 19:28:13.639528+00:00
2025-05-27 06:00:00+02:00,76.32875,2025-12-13 19:28:13.639528+00:00
2025-05-27 07:00:00+02:00,88.96625,2025-12-13 19:28:13.639528+00:00
2025-05-27 08:00:00+02:00,80.27624999999999,2025-12-13 19:28:13.639528+00:00
2025-05-27 09:00:00+02:00,55.08125,2025-12-13 19:28:13.639528+00:00
2025-05-27 10:00:00+02:00,13.4375,2025-12-13 19:28:13.639528+00:00
2025-05-27 11:00:00+02:00,8.24,2025-12-13 19:28:13.639528+00:00
2025-05-27 12:00:00+02:00,4.04875,2025-12-13 19:28:13.639528+00:00
2025-05-27 13:00:00+02:00,3.5599999999999996,2025-12-13 19:28:13.639528+00:00
2025-05-27 14:00:00+02:00,2.785,2025-12-13 19:28:13.639528+00:00
2025-05-27 15:00:00+02:00,6.805,2025-12-13 19:28:13.639528+00:00
2025-05-27 16:00:00+02:00,48.6575,2025-12-13 19:28:13.639528+00:00
2025-05-27 17:00:00+02:00,81.06375,2025-12-13 19:28:13.639528+00:00
2025-05-27 18:00:00+02:00,103.75125,2025-12-13 19:28:13.639528+00:00
2025-05-27 19:00:00+02:00,126.60249999999999,2025-12-13 19:28:13.639528+00:00
2025-05-27 20:00:00+02:00,139.51,2025-12-13 19:28:13.639528+00:00
2025-05-27 21:00:00+02:00,119.06,2025-12-13 19:28:13.639528+00:00
2025-05-27 22:00:00+02:00,102.53625,2025-12-13 19:28:13.639528+00:00
2025-05-27 23:00:00+02:00,84.10125,2025-12-13 19:28:13.639528+00:00
2025-05-28 00:00:00+02:00,73.91625,2025-12-13 19:28:13.639528+00:00
2025-05-28 01:00:00+02:00,63.861250000000005,2025-12-13 19:28:13.639528+00:00
2025-05-28 02:00:00+02:00,59.36,2025-12-13 19:28:13.639528+00:00
2025-05-28 03:00:00+02:00,54.7325,2025-12-13 19:28:13.639528+00:00
2025-05-28 04:00:00+02:00,57.74625,2025-12-13 19:28:13.639528+00:00
2025-05-28 05:00:00+02:00,63.099999999999994,2025-12-13 19:28:13.639528+00:00
2025-05-28 06:00:00+02:00,83.67999999999999,2025-12-13 19:28:13.639528+00:00
2025-05-28 07:00:00+02:00,95.29,2025-12-13 19:28:13.639528+00:00
2025-05-28 08:00:00+02:00,96.17875,2025-12-13 19:28:13.639528+00:00
2025-05-28 09:00:00+02:00,87.36,2025-12-13 19:28:13.639528+00:00
2025-05-28 10:00:00+02:00,70.305,2025-12-13 19:28:13.639528+00:00
2025-05-28 11:00:00+02:00,61.57375,2025-12-13 19:28:13.639528+00:00
2025-05-28 12:00:00+02:00,49.315000000000005,2025-12-13 19:28:13.639528+00:00
2025-05-28 13:00:00+02:00,42.395,2025-12-13 19:28:13.639528+00:00
2025-05-28 14:00:00+02:00,34.29875,2025-12-13 19:28:13.639528+00:00
2025-05-28 15:00:00+02:00,29.485,2025-12-13 19:28:13.639528+00:00
2025-05-28 16:00:00+02:00,51.09875,2025-12-13 19:28:13.639528+00:00
2025-05-28 17:00:00+02:00,66.5375,2025-12-13 19:28:13.639528+00:00
2025-05-28 18:00:00+02:00,91.045,2025-12-13 19:28:13.639528+00:00
2025-05-28 19:00:00+02:00,111.91624999999999,2025-12-13 19:28:13.639528+00:00
2025-05-28 20:00:00+02:00,135.6225,2025-12-13 19:28:13.639528+00:00
2025-05-28 21:00:00+02:00,135.20375,2025-12-13 19:28:13.639528+00:00
2025-05-28 22:00:00+02:00,118.93875,2025-12-13 19:28:13.639528+00:00
2025-05-28 23:00:00+02:00,102.40625,2025-12-13 19:28:13.639528+00:00
2025-05-29 00:00:00+02:00,98.1125,2025-12-13 19:28:13.639528+00:00
2025-05-29 01:00:00+02:00,93.08875,2025-12-13 19:28:13.639528+00:00
2025-05-29 02:00:00+02:00,92.24000000000001,2025-12-13 19:28:13.639528+00:00
2025-05-29 03:00:00+02:00,90.39625,2025-12-13 19:28:13.639528+00:00
2025-05-29 04:00:00+02:00,90.92,2025-12-13 19:28:13.639528+00:00
2025-05-29 05:00:00+02:00,91.85875,2025-12-13 19:28:13.639528+00:00
2025-05-29 06:00:00+02:00,89.7825,2025-12-13 19:28:13.639528+00:00
2025-05-29 07:00:00+02:00,85.30499999999999,2025-12-13 19:28:13.639528+00:00
2025-05-29 08:00:00+02:00,78.92375,2025-12-13 19:28:13.639528+00:00
2025-05-29 09:00:00+02:00,52.285,2025-12-13 19:28:13.639528+00:00
2025-05-29 10:00:00+02:00,13.15,2025-12-13 19:28:13.639528+00:00
2025-05-29 11:00:00+02:00,0.8262500000000004,2025-12-13 19:28:13.639528+00:00
2025-05-29 12:00:00+02:00,-0.5274999999999999,2025-12-13 19:28:13.639528+00:00
2025-05-29 13:00:00+02:00,-1.5849999999999997,2025-12-13 19:28:13.639528+00:00
2025-05-29 14:00:00+02:00,-1.8462499999999995,2025-12-13 19:28:13.639528+00:00
2025-05-29 15:00:00+02:00,-1.5274999999999999,2025-12-13 19:28:13.639528+00:00
2025-05-29 16:00:00+02:00,-0.4137500000000003,2025-12-13 19:28:13.639528+00:00
2025-05-29 17:00:00+02:00,29.886249999999997,2025-12-13 19:28:13.639528+00:00
2025-05-29 18:00:00+02:00,69.20625,2025-12-13 19:28:13.639528+00:00
2025-05-29 19:00:00+02:00,85.78,2025-12-13 19:28:13.639528+00:00
2025-05-29 20:00:00+02:00,84.78625,2025-12-13 19:28:13.639528+00:00
2025-05-29 21:00:00+02:00,84.33125,2025-12-13 19:28:13.639528+00:00
2025-05-29 22:00:00+02:00,80.26375,2025-12-13 19:28:13.639528+00:00
2025-05-29 23:00:00+02:00,62.98125,2025-12-13 19:28:13.639528+00:00
2025-05-30 00:00:00+02:00,49.9475,2025-12-13 19:28:13.639528+00:00
2025-05-30 01:00:00+02:00,35.3975,2025-12-13 19:28:13.639528+00:00
2025-05-30 02:00:00+02:00,39.95,2025-12-13 19:28:13.639528+00:00
2025-05-30 03:00:00+02:00,38.993750000000006,2025-12-13 19:28:13.639528+00:00
2025-05-30 04:00:00+02:00,41.59625,2025-12-13 19:28:13.639528+00:00
2025-05-30 05:00:00+02:00,55.9725,2025-12-13 19:28:13.639528+00:00
2025-05-30 06:00:00+02:00,64.86500000000001,2025-12-13 19:28:13.639528+00:00
2025-05-30 07:00:00+02:00,69.35875,2025-12-13 19:28:13.639528+00:00
2025-05-30 08:00:00+02:00,50.84875,2025-12-13 19:28:13.639528+00:00
2025-05-30 09:00:00+02:00,21.68125,2025-12-13 19:28:13.639528+00:00
2025-05-30 10:00:00+02:00,0.9975000000000007,2025-12-13 19:28:13.639528+00:00
2025-05-30 11:00:00+02:00,-0.24374999999999947,2025-12-13 19:28:13.639528+00:00
2025-05-30 12:00:00+02:00,-2.8000000000000003,2025-12-13 19:28:13.639528+00:00
2025-05-30 13:00:00+02:00,-5.870000000000001,2025-12-13 19:28:13.639528+00:00
2025-05-30 14:00:00+02:00,-8.245000000000001,2025-12-13 19:28:13.639528+00:00
2025-05-30 15:00:00+02:00,-4.557500000000001,2025-12-13 19:28:13.639528+00:00
2025-05-30 16:00:00+02:00,-2.49625,2025-12-13 19:28:13.639528+00:00
2025-05-30 17:00:00+02:00,6.671250000000001,2025-12-13 19:28:13.639528+00:00
2025-05-30 18:00:00+02:00,68.20125,2025-12-13 19:28:13.639528+00:00
2025-05-30 19:00:00+02:00,111.9325,2025-12-13 19:28:13.639528+00:00
2025-05-30 20:00:00+02:00,131.14999999999998,2025-12-13 19:28:13.639528+00:00
2025-05-30 21:00:00+02:00,137.82125,2025-12-13 19:28:13.639528+00:00
2025-05-30 22:00:00+02:00,128.095,2025-12-13 19:28:13.639528+00:00
2025-05-30 23:00:00+02:00,109.075,2025-12-13 19:28:13.639528+00:00
2025-05-31 00:00:00+02:00,106.5,2025-12-13 19:28:13.639528+00:00
2025-05-31 01:00:00+02:00,101.5425,2025-12-13 19:28:13.639528+00:00
2025-05-31 02:00:00+02:00,101.375,2025-12-13 19:28:13.639528+00:00
2025-05-31 03:00:00+02:00,100.82,2025-12-13 19:28:13.639528+00:00
2025-05-31 04:00:00+02:00,100.08875,2025-12-13 19:28:13.639528+00:00
2025-05-31 05:00:00+02:00,99.28125,2025-12-13 19:28:13.639528+00:00
2025-05-31 06:00:00+02:00,96.17,2025-12-13 19:28:13.639528+00:00
2025-05-31 07:00:00+02:00,90.19875,2025-12-13 19:28:13.639528+00:00
2025-05-31 08:00:00+02:00,61.4,2025-12-13 19:28:13.639528+00:00
2025-05-31 09:00:00+02:00,7.5,2025-12-13 19:28:13.639528+00:00
2025-05-31 10:00:00+02:00,0.9462499999999991,2025-12-13 19:28:13.639528+00:00
2025-05-31 11:00:00+02:00,-0.9499999999999993,2025-12-13 19:28:13.639528+00:00
2025-05-31 12:00:00+02:00,-5.233750000000001,2025-12-13 19:28:13.639528+00:00
2025-05-31 13:00:00+02:00,-12.44375,2025-12-13 19:28:13.639528+00:00
2025-05-31 14:00:00+02:00,-9.665,2025-12-13 19:28:13.639528+00:00
2025-05-31 15:00:00+02:00,-2.92625,2025-12-13 19:28:13.639528+00:00
2025-05-31 16:00:00+02:00,-0.7099999999999991,2025-12-13 19:28:13.639528+00:00
2025-05-31 17:00:00+02:00,45.2375,2025-12-13 19:28:13.639528+00:00
2025-05-31 18:00:00+02:00,94.835,2025-12-13 19:28:13.639528+00:00
2025-05-31 19:00:00+02:00,127.84625,2025-12-13 19:28:13.639528+00:00
2025-05-31 20:00:00+02:00,179.70875,2025-12-13 19:28:13.639528+00:00
2025-05-31 21:00:00+02:00,177.96875,2025-12-13 19:28:13.639528+00:00
2025-05-31 22:00:00+02:00,130.17125000000001,2025-12-13 19:28:13.639528+00:00
2025-05-31 23:00:00+02:00,105.55125,2025-12-13 19:28:13.639528+00:00
2025-06-01 00:00:00+02:00,91.6775,2025-12-13 19:28:13.639528+00:00
2025-06-01 01:00:00+02:00,86.4975,2025-12-13 19:28:13.639528+00:00
2025-06-01 02:00:00+02:00,78.89,2025-12-13 19:28:13.639528+00:00
2025-06-01 03:00:00+02:00,75.7325,2025-12-13 19:28:13.639528+00:00
2025-06-01 04:00:00+02:00,73.8925,2025-12-13 19:28:13.639528+00:00
2025-06-01 05:00:00+02:00,66.07,2025-12-13 19:28:13.639528+00:00
2025-06-01 06:00:00+02:00,51.883750000000006,2025-12-13 19:28:13.639528+00:00
2025-06-01 07:00:00+02:00,36.08125,2025-12-13 19:28:13.639528+00:00
2025-06-01 08:00:00+02:00,18.71,2025-12-13 19:28:13.639528+00:00
2025-06-01 09:00:00+02:00,10.5975,2025-12-13 19:28:13.639528+00:00
2025-06-01 10:00:00+02:00,3.6174999999999997,2025-12-13 19:28:13.639528+00:00
2025-06-01 11:00:00+02:00,-2.5425,2025-12-13 19:28:13.639528+00:00
2025-06-01 12:00:00+02:00,-9.78375,2025-12-13 19:28:13.639528+00:00
2025-06-01 13:00:00+02:00,-16.30625,2025-12-13 19:28:13.639528+00:00
2025-06-01 14:00:00+02:00,-22.322499999999998,2025-12-13 19:28:13.639528+00:00
2025-06-01 15:00:00+02:00,-17.93875,2025-12-13 19:28:13.639528+00:00
2025-06-01 16:00:00+02:00,-10.37,2025-12-13 19:28:13.639528+00:00
2025-06-01 17:00:00+02:00,-3.229999999999999,2025-12-13 19:28:13.639528+00:00
2025-06-01 18:00:00+02:00,28.490000000000002,2025-12-13 19:28:13.639528+00:00
2025-06-01 19:00:00+02:00,77.0475,2025-12-13 19:28:13.639528+00:00
2025-06-01 20:00:00+02:00,94.40625,2025-12-13 19:28:13.639528+00:00
2025-06-01 21:00:00+02:00,100.875,2025-12-13 19:28:13.639528+00:00
2025-06-01 22:00:00+02:00,99.17375,2025-12-13 19:28:13.639528+00:00
2025-06-01 23:00:00+02:00,88.2575,2025-12-13 19:28:13.639528+00:00
2025-06-02 00:00:00+02:00,82.98875,2025-12-13 19:28:13.639528+00:00
2025-06-02 01:00:00+02:00,76.525,2025-12-13 19:28:13.639528+00:00
2025-06-02 02:00:00+02:00,78.275,2025-12-13 19:28:13.639528+00:00
2025-06-02 03:00:00+02:00,79.775,2025-12-13 19:28:13.639528+00:00
2025-06-02 04:00:00+02:00,83.025,2025-12-13 19:28:13.639528+00:00
2025-06-02 05:00:00+02:00,88.2025,2025-12-13 19:28:13.639528+00:00
2025-06-02 06:00:00+02:00,111.14375000000001,2025-12-13 19:28:13.639528+00:00
2025-06-02 07:00:00+02:00,125.61375,2025-12-13 19:28:13.639528+00:00
2025-06-02 08:00:00+02:00,108.17999999999999,2025-12-13 19:28:13.639528+00:00
2025-06-02 09:00:00+02:00,86.14125,2025-12-13 19:28:13.639528+00:00
2025-06-02 10:00:00+02:00,62.09375,2025-12-13 19:28:13.639528+00:00
2025-06-02 11:00:00+02:00,43.25875,2025-12-13 19:28:13.639528+00:00
2025-06-02 12:00:00+02:00,28.00125,2025-12-13 19:28:13.639528+00:00
2025-06-02 13:00:00+02:00,17.72,2025-12-13 19:28:13.639528+00:00
2025-06-02 14:00:00+02:00,12.30125,2025-12-13 19:28:13.639528+00:00
2025-06-02 15:00:00+02:00,21.79875,2025-12-13 19:28:13.639528+00:00
2025-06-02 16:00:00+02:00,53.665000000000006,2025-12-13 19:28:13.639528+00:00
2025-06-02 17:00:00+02:00,77.33125000000001,2025-12-13 19:28:13.639528+00:00
2025-06-02 18:00:00+02:00,98.12,2025-12-13 19:28:13.639528+00:00
2025-06-02 19:00:00+02:00,127.88749999999999,2025-12-13 19:28:13.639528+00:00
2025-06-02 20:00:00+02:00,190.1825,2025-12-13 19:28:13.639528+00:00
2025-06-02 21:00:00+02:00,205.23375000000001,2025-12-13 19:28:13.639528+00:00
2025-06-02 22:00:00+02:00,133.78125,2025-12-13 19:28:13.639528+00:00
2025-06-02 23:00:00+02:00,109.19625,2025-12-13 19:28:13.639528+00:00
2025-06-03 00:00:00+02:00,109.95125,2025-12-13 19:28:13.639528+00:00
2025-06-03 01:00:00+02:00,105.88125,2025-12-13 19:28:13.639528+00:00
2025-06-03 02:00:00+02:00,99.47625,2025-12-13 19:28:13.639528+00:00
2025-06-03 03:00:00+02:00,96.61375,2025-12-13 19:28:13.639528+00:00
2025-06-03 04:00:00+02:00,95.7575,2025-12-13 19:28:13.639528+00:00
2025-06-03 05:00:00+02:00,107.25125,2025-12-13 19:28:13.639528+00:00
2025-06-03 06:00:00+02:00,126.89375,2025-12-13 19:28:13.639528+00:00
2025-06-03 07:00:00+02:00,113.93125,2025-12-13 19:28:13.639528+00:00
2025-06-03 08:00:00+02:00,91.24000000000001,2025-12-13 19:28:13.639528+00:00
2025-06-03 09:00:00+02:00,62.978750000000005,2025-12-13 19:28:13.639528+00:00
2025-06-03 10:00:00+02:00,11.497499999999999,2025-12-13 19:28:13.639528+00:00
2025-06-03 11:00:00+02:00,1.2475,2025-12-13 19:28:13.639528+00:00
2025-06-03 12:00:00+02:00,0.44500000000000006,2025-12-13 19:28:13.639528+00:00
2025-06-03 13:00:00+02:00,-2.20625,2025-12-13 19:28:13.639528+00:00
2025-06-03 14:00:00+02:00,-1.8737500000000002,2025-12-13 19:28:13.639528+00:00
2025-06-03 15:00:00+02:00,1.29125,2025-12-13 19:28:13.639528+00:00
2025-06-03 16:00:00+02:00,6.4225,2025-12-13 19:28:13.639528+00:00
2025-06-03 17:00:00+02:00,66.605,2025-12-13 19:28:13.639528+00:00
2025-06-03 18:00:00+02:00,91.9175,2025-12-13 19:28:13.639528+00:00
2025-06-03 19:00:00+02:00,110.99625,2025-12-13 19:28:13.639528+00:00
2025-06-03 20:00:00+02:00,141.19875,2025-12-13 19:28:13.639528+00:00
2025-06-03 21:00:00+02:00,124.00750000000001,2025-12-13 19:28:13.639528+00:00
2025-06-03 22:00:00+02:00,105.69125,2025-12-13 19:28:13.639528+00:00
2025-06-03 23:00:00+02:00,93.78,2025-12-13 19:28:13.639528+00:00
2025-06-04 00:00:00+02:00,79.98375,2025-12-13 19:28:13.639528+00:00
2025-06-04 01:00:00+02:00,74.3625,2025-12-13 19:28:13.639528+00:00
2025-06-04 02:00:00+02:00,68.6775,2025-12-13 19:28:13.639528+00:00
2025-06-04 03:00:00+02:00,71.02,2025-12-13 19:28:13.639528+00:00
2025-06-04 04:00:00+02:00,72.52499999999999,2025-12-13 19:28:13.639528+00:00
2025-06-04 05:00:00+02:00,84.1925,2025-12-13 19:28:13.639528+00:00
2025-06-04 06:00:00+02:00,99.91125,2025-12-13 19:28:13.639528+00:00
2025-06-04 07:00:00+02:00,112.585,2025-12-13 19:28:13.639528+00:00
2025-06-04 08:00:00+02:00,103.79875,2025-12-13 19:28:13.639528+00:00
2025-06-04 09:00:00+02:00,78.49,2025-12-13 19:28:13.639528+00:00
2025-06-04 10:00:00+02:00,64.57625,2025-12-13 19:28:13.639528+00:00
2025-06-04 11:00:00+02:00,39.27875,2025-12-13 19:28:13.639528+00:00
2025-06-04 12:00:00+02:00,20.567500000000003,2025-12-13 19:28:13.639528+00:00
2025-06-04 13:00:00+02:00,17.307499999999997,2025-12-13 19:28:13.639528+00:00
2025-06-04 14:00:00+02:00,24.12125,2025-12-13 19:28:13.639528+00:00
2025-06-04 15:00:00+02:00,47.03125,2025-12-13 19:28:13.639528+00:00
2025-06-04 16:00:00+02:00,71.02375,2025-12-13 19:28:13.639528+00:00
2025-06-04 17:00:00+02:00,88.50750000000001,2025-12-13 19:28:13.639528+00:00
2025-06-04 18:00:00+02:00,105.0025,2025-12-13 19:28:13.639528+00:00
2025-06-04 19:00:00+02:00,138.2475,2025-12-13 19:28:13.639528+00:00
2025-06-04 20:00:00+02:00,183.33625,2025-12-13 19:28:13.639528+00:00
2025-06-04 21:00:00+02:00,150.38,2025-12-13 19:28:13.639528+00:00
2025-06-04 22:00:00+02:00,117.99375,2025-12-13 19:28:13.639528+00:00
2025-06-04 23:00:00+02:00,101.00874999999999,2025-12-13 19:28:13.639528+00:00
2025-06-05 00:00:00+02:00,95.9725,2025-12-13 19:28:13.639528+00:00
2025-06-05 01:00:00+02:00,91.5,2025-12-13 19:28:13.639528+00:00
2025-06-05 02:00:00+02:00,87.7775,2025-12-13 19:28:13.639528+00:00
2025-06-05 03:00:00+02:00,86.63749999999999,2025-12-13 19:28:13.639528+00:00
2025-06-05 04:00:00+02:00,86.86875,2025-12-13 19:28:13.639528+00:00
2025-06-05 05:00:00+02:00,90.395,2025-12-13 19:28:13.639528+00:00
2025-06-05 06:00:00+02:00,114.7975,2025-12-13 19:28:13.639528+00:00
2025-06-05 07:00:00+02:00,129.89875,2025-12-13 19:28:13.639528+00:00
2025-06-05 08:00:00+02:00,117.93625,2025-12-13 19:28:13.639528+00:00
2025-06-05 09:00:00+02:00,84.54625,2025-12-13 19:28:13.639528+00:00
2025-06-05 10:00:00+02:00,61.47625,2025-12-13 19:28:13.639528+00:00
2025-06-05 11:00:00+02:00,43.371249999999996,2025-12-13 19:28:13.639528+00:00
2025-06-05 12:00:00+02:00,17.88125,2025-12-13 19:28:13.639528+00:00
2025-06-05 13:00:00+02:00,10.58875,2025-12-13 19:28:13.639528+00:00
2025-06-05 14:00:00+02:00,9.58625,2025-12-13 19:28:13.639528+00:00
2025-06-05 15:00:00+02:00,21.2975,2025-12-13 19:28:13.639528+00:00
2025-06-05 16:00:00+02:00,51.07875,2025-12-13 19:28:13.639528+00:00
2025-06-05 17:00:00+02:00,78.11375,2025-12-13 19:28:13.639528+00:00
2025-06-05 18:00:00+02:00,99.1825,2025-12-13 19:28:13.639528+00:00
2025-06-05 19:00:00+02:00,113.84625,2025-12-13 19:28:13.639528+00:00
2025-06-05 20:00:00+02:00,133.145,2025-12-13 19:28:13.639528+00:00
2025-06-05 21:00:00+02:00,112.0525,2025-12-13 19:28:13.639528+00:00
2025-06-05 22:00:00+02:00,95.5825,2025-12-13 19:28:13.639528+00:00
2025-06-05 23:00:00+02:00,80.475,2025-12-13 19:28:13.639528+00:00
2025-06-06 00:00:00+02:00,76.14625000000001,2025-12-13 19:28:13.639528+00:00
2025-06-06 01:00:00+02:00,65.805,2025-12-13 19:28:13.639528+00:00
2025-06-06 02:00:00+02:00,60.975,2025-12-13 19:28:13.639528+00:00
2025-06-06 03:00:00+02:00,54.23625,2025-12-13 19:28:13.639528+00:00
2025-06-06 04:00:00+02:00,51.645,2025-12-13 19:28:13.639528+00:00
2025-06-06 05:00:00+02:00,59.2975,2025-12-13 19:28:13.639528+00:00
2025-06-06 06:00:00+02:00,67.59,2025-12-13 19:28:13.639528+00:00
2025-06-06 07:00:00+02:00,73.87875,2025-12-13 19:28:13.639528+00:00
2025-06-06 08:00:00+02:00,58.35375,2025-12-13 19:28:13.639528+00:00
2025-06-06 09:00:00+02:00,12.67,2025-12-13 19:28:13.639528+00:00
2025-06-06 10:00:00+02:00,0.8050000000000002,2025-12-13 19:28:13.639528+00:00
2025-06-06 11:00:00+02:00,-0.5849999999999995,2025-12-13 19:28:13.639528+00:00
2025-06-06 12:00:00+02:00,-3.035,2025-12-13 19:28:13.639528+00:00
2025-06-06 13:00:00+02:00,-6.515,2025-12-13 19:28:13.639528+00:00
2025-06-06 14:00:00+02:00,-10.18625,2025-12-13 19:28:13.639528+00:00
2025-06-06 15:00:00+02:00,-6.54625,2025-12-13 19:28:13.639528+00:00
2025-06-06 16:00:00+02:00,-1.98625,2025-12-13 19:28:13.639528+00:00
2025-06-06 17:00:00+02:00,1.0812499999999998,2025-12-13 19:28:13.639528+00:00
2025-06-06 18:00:00+02:00,57.631249999999994,2025-12-13 19:28:13.639528+00:00
2025-06-06 19:00:00+02:00,92.5875,2025-12-13 19:28:13.639528+00:00
2025-06-06 20:00:00+02:00,120.0975,2025-12-13 19:28:13.639528+00:00
2025-06-06 21:00:00+02:00,128.65625,2025-12-13 19:28:13.639528+00:00
2025-06-06 22:00:00+02:00,119.4725,2025-12-13 19:28:13.639528+00:00
2025-06-06 23:00:00+02:00,101.27125,2025-12-13 19:28:13.639528+00:00
2025-06-07 00:00:00+02:00,90.65375,2025-12-13 19:28:13.639528+00:00
2025-06-07 01:00:00+02:00,85.145,2025-12-13 19:28:13.639528+00:00
2025-06-07 02:00:00+02:00,80.69,2025-12-13 19:28:13.639528+00:00
2025-06-07 03:00:00+02:00,81.6575,2025-12-13 19:28:13.639528+00:00
2025-06-07 04:00:00+02:00,83.63374999999999,2025-12-13 19:28:13.639528+00:00
2025-06-07 05:00:00+02:00,87.92,2025-12-13 19:28:13.639528+00:00
2025-06-07 06:00:00+02:00,86.135,2025-12-13 19:28:13.639528+00:00
2025-06-07 07:00:00+02:00,85.67,2025-12-13 19:28:13.639528+00:00
2025-06-07 08:00:00+02:00,78.48,2025-12-13 19:28:13.639528+00:00
2025-06-07 09:00:00+02:00,59.28125,2025-12-13 19:28:13.639528+00:00
2025-06-07 10:00:00+02:00,29.41,2025-12-13 19:28:13.639528+00:00
2025-06-07 11:00:00+02:00,8.575,2025-12-13 19:28:13.639528+00:00
2025-06-07 12:00:00+02:00,3.1775,2025-12-13 19:28:13.639528+00:00
2025-06-07 13:00:00+02:00,-0.7662499999999997,2025-12-13 19:28:13.639528+00:00
2025-06-07 14:00:00+02:00,-1.45125,2025-12-13 19:28:13.639528+00:00
2025-06-07 15:00:00+02:00,-1.8087499999999999,2025-12-13 19:28:13.639528+00:00
2025-06-07 16:00:00+02:00,-1.44625,2025-12-13 19:28:13.639528+00:00
2025-06-07 17:00:00+02:00,22.735,2025-12-13 19:28:13.639528+00:00
2025-06-07 18:00:00+02:00,66.18875,2025-12-13 19:28:13.639528+00:00
2025-06-07 19:00:00+02:00,87.405,2025-12-13 19:28:13.639528+00:00
2025-06-07 20:00:00+02:00,107.05000000000001,2025-12-13 19:28:13.639528+00:00
2025-06-07 21:00:00+02:00,108.2675,2025-12-13 19:28:13.639528+00:00
2025-06-07 22:00:00+02:00,94.95375,2025-12-13 19:28:13.639528+00:00
2025-06-07 23:00:00+02:00,80.45,2025-12-13 19:28:13.639528+00:00
2025-06-08 00:00:00+02:00,84.37625,2025-12-13 19:28:13.639528+00:00
2025-06-08 01:00:00+02:00,71.39875,2025-12-13 19:28:13.639528+00:00
2025-06-08 02:00:00+02:00,60.56,2025-12-13 19:28:13.639528+00:00
2025-06-08 03:00:00+02:00,48.769999999999996,2025-12-13 19:28:13.639528+00:00
2025-06-08 04:00:00+02:00,41.96125,2025-12-13 19:28:13.639528+00:00
2025-06-08 05:00:00+02:00,34.481249999999996,2025-12-13 19:28:13.639528+00:00
2025-06-08 06:00:00+02:00,20.155,2025-12-13 19:28:13.639528+00:00
2025-06-08 07:00:00+02:00,1.8087499999999999,2025-12-13 19:28:13.639528+00:00
2025-06-08 08:00:00+02:00,-0.5,2025-12-13 19:28:13.639528+00:00
2025-06-08 09:00:00+02:00,-2.7700000000000005,2025-12-13 19:28:13.639528+00:00
2025-06-08 10:00:00+02:00,-7.28625,2025-12-13 19:28:13.639528+00:00
2025-06-08 11:00:00+02:00,-16.28875,2025-12-13 19:28:13.639528+00:00
2025-06-08 12:00:00+02:00,-44.269999999999996,2025-12-13 19:28:13.639528+00:00
2025-06-08 13:00:00+02:00,-59.04,2025-12-13 19:28:13.639528+00:00
2025-06-08 14:00:00+02:00,-65.77375,2025-12-13 19:28:13.639528+00:00
2025-06-08 15:00:00+02:00,-61.768750000000004,2025-12-13 19:28:13.639528+00:00
2025-06-08 16:00:00+02:00,-45.895,2025-12-13 19:28:13.639528+00:00
2025-06-08 17:00:00+02:00,-18.25375,2025-12-13 19:28:13.639528+00:00
2025-06-08 18:00:00+02:00,-1.4050000000000002,2025-12-13 19:28:13.639528+00:00
2025-06-08 19:00:00+02:00,23.8325,2025-12-13 19:28:13.639528+00:00
2025-06-08 20:00:00+02:00,44.167500000000004,2025-12-13 19:28:13.639528+00:00
2025-06-08 21:00:00+02:00,58.042500000000004,2025-12-13 19:28:13.639528+00:00
2025-06-08 22:00:00+02:00,62.90125,2025-12-13 19:28:13.639528+00:00
2025-06-08 23:00:00+02:00,51.2575,2025-12-13 19:28:13.639528+00:00
2025-06-09 00:00:00+02:00,20.951249999999998,2025-12-13 19:28:13.639528+00:00
2025-06-09 01:00:00+02:00,19.125,2025-12-13 19:28:13.639528+00:00
2025-06-09 02:00:00+02:00,9.95125,2025-12-13 19:28:13.639528+00:00
2025-06-09 03:00:00+02:00,13.58625,2025-12-13 19:28:13.639528+00:00
2025-06-09 04:00:00+02:00,20.60875,2025-12-13 19:28:13.639528+00:00
2025-06-09 05:00:00+02:00,29.45125,2025-12-13 19:28:13.639528+00:00
2025-06-09 06:00:00+02:00,37.6125,2025-12-13 19:28:13.639528+00:00
2025-06-09 07:00:00+02:00,37.13375,2025-12-13 19:28:13.639528+00:00
2025-06-09 08:00:00+02:00,13.9525,2025-12-13 19:28:13.639528+00:00
2025-06-09 09:00:00+02:00,1.5387500000000003,2025-12-13 19:28:13.639528+00:00
2025-06-09 10:00:00+02:00,-5.0912500000000005,2025-12-13 19:28:13.639528+00:00
2025-06-09 11:00:00+02:00,-9.2325,2025-12-13 19:28:13.639528+00:00
2025-06-09 12:00:00+02:00,-20.302500000000002,2025-12-13 19:28:13.639528+00:00
2025-06-09 13:00:00+02:00,-32.0975,2025-12-13 19:28:13.639528+00:00
2025-06-09 14:00:00+02:00,-30.192500000000003,2025-12-13 19:28:13.639528+00:00
2025-06-09 15:00:00+02:00,-17.1125,2025-12-13 19:28:13.639528+00:00
2025-06-09 16:00:00+02:00,-8.155000000000001,2025-12-13 19:28:13.639528+00:00
2025-06-09 17:00:00+02:00,4.0962499999999995,2025-12-13 19:28:13.639528+00:00
2025-06-09 18:00:00+02:00,52.015,2025-12-13 19:28:13.639528+00:00
2025-06-09 19:00:00+02:00,101.29375,2025-12-13 19:28:13.639528+00:00
2025-06-09 20:00:00+02:00,119.24875,2025-12-13 19:28:13.639528+00:00
2025-06-09 21:00:00+02:00,128.60875,2025-12-13 19:28:13.639528+00:00
2025-06-09 22:00:00+02:00,115.8375,2025-12-13 19:28:13.639528+00:00
2025-06-09 23:00:00+02:00,95.87125,2025-12-13 19:28:13.639528+00:00
2025-06-10 00:00:00+02:00,90.32375,2025-12-13 19:28:13.639528+00:00
2025-06-10 01:00:00+02:00,81.50999999999999,2025-12-13 19:28:13.639528+00:00
2025-06-10 02:00:00+02:00,74.73,2025-12-13 19:28:13.639528+00:00
2025-06-10 03:00:00+02:00,69.92625000000001,2025-12-13 19:28:13.639528+00:00
2025-06-10 04:00:00+02:00,66.93625,2025-12-13 19:28:13.639528+00:00
2025-06-10 05:00:00+02:00,76.08625,2025-12-13 19:28:13.639528+00:00
2025-06-10 06:00:00+02:00,100.4325,2025-12-13 19:28:13.639528+00:00
2025-06-10 07:00:00+02:00,104.1275,2025-12-13 19:28:13.639528+00:00
2025-06-10 08:00:00+02:00,85.265,2025-12-13 19:28:13.639528+00:00
2025-06-10 09:00:00+02:00,69.5,2025-12-13 19:28:13.639528+00:00
2025-06-10 10:00:00+02:00,20.606250000000003,2025-12-13 19:28:13.639528+00:00
2025-06-10 11:00:00+02:00,7.250000000000001,2025-12-13 19:28:13.639528+00:00
2025-06-10 12:00:00+02:00,2.8187499999999996,2025-12-13 19:28:13.639528+00:00
2025-06-10 13:00:00+02:00,-0.67625,2025-12-13 19:28:13.639528+00:00
2025-06-10 14:00:00+02:00,1.5,2025-12-13 19:28:13.639528+00:00
2025-06-10 15:00:00+02:00,1.415,2025-12-13 19:28:13.639528+00:00
2025-06-10 16:00:00+02:00,11.5025,2025-12-13 19:28:13.639528+00:00
2025-06-10 17:00:00+02:00,57.90875,2025-12-13 19:28:13.639528+00:00
2025-06-10 18:00:00+02:00,79.14375,2025-12-13 19:28:13.639528+00:00
2025-06-10 19:00:00+02:00,98.29249999999999,2025-12-13 19:28:13.639528+00:00
2025-06-10 20:00:00+02:00,112.61125,2025-12-13 19:28:13.639528+00:00
2025-06-10 21:00:00+02:00,113.45,2025-12-13 19:28:13.639528+00:00
2025-06-10 22:00:00+02:00,110.325,2025-12-13 19:28:13.639528+00:00
2025-06-10 23:00:00+02:00,98.155,2025-12-13 19:28:13.639528+00:00
2025-06-11 00:00:00+02:00,69.58625,2025-12-13 19:28:13.639528+00:00
2025-06-11 01:00:00+02:00,69.8675,2025-12-13 19:28:13.639528+00:00
2025-06-11 02:00:00+02:00,67.785,2025-12-13 19:28:13.639528+00:00
2025-06-11 03:00:00+02:00,68.98,2025-12-13 19:28:13.639528+00:00
2025-06-11 04:00:00+02:00,72.7775,2025-12-13 19:28:13.639528+00:00
2025-06-11 05:00:00+02:00,81.79124999999999,2025-12-13 19:28:13.639528+00:00
2025-06-11 06:00:00+02:00,101.07125,2025-12-13 19:28:13.639528+00:00
2025-06-11 07:00:00+02:00,107.00125,2025-12-13 19:28:13.639528+00:00
2025-06-11 08:00:00+02:00,88.4925,2025-12-13 19:28:13.639528+00:00
2025-06-11 09:00:00+02:00,68.25,2025-12-13 19:28:13.639528+00:00
2025-06-11 10:00:00+02:00,25.82875,2025-12-13 19:28:13.639528+00:00
2025-06-11 11:00:00+02:00,5.5,2025-12-13 19:28:13.639528+00:00
2025-06-11 12:00:00+02:00,-0.15749999999999975,2025-12-13 19:28:13.639528+00:00
2025-06-11 13:00:00+02:00,-1.7412499999999997,2025-12-13 19:28:13.639528+00:00
2025-06-11 14:00:00+02:00,-3.545,2025-12-13 19:28:13.639528+00:00
2025-06-11 15:00:00+02:00,-1.8675,2025-12-13 19:28:13.639528+00:00
2025-06-11 16:00:00+02:00,3.6587499999999995,2025-12-13 19:28:13.639528+00:00
2025-06-11 17:00:00+02:00,64.86,2025-12-13 19:28:13.639528+00:00
2025-06-11 18:00:00+02:00,93.27125000000001,2025-12-13 19:28:13.639528+00:00
2025-06-11 19:00:00+02:00,128.6775,2025-12-13 19:28:13.639528+00:00
2025-06-11 20:00:00+02:00,200.51625,2025-12-13 19:28:13.639528+00:00
2025-06-11 21:00:00+02:00,171.8,2025-12-13 19:28:13.639528+00:00
2025-06-11 22:00:00+02:00,119.8125,2025-12-13 19:28:13.639528+00:00
2025-06-11 23:00:00+02:00,100.48249999999999,2025-12-13 19:28:13.639528+00:00
2025-06-12 00:00:00+02:00,96.21625,2025-12-13 19:28:13.639528+00:00
2025-06-12 01:00:00+02:00,90.10125,2025-12-13 19:28:13.639528+00:00
2025-06-12 02:00:00+02:00,87.52,2025-12-13 19:28:13.639528+00:00
2025-06-12 03:00:00+02:00,86.225,2025-12-13 19:28:13.639528+00:00
2025-06-12 04:00:00+02:00,89.27875,2025-12-13 19:28:13.639528+00:00
2025-06-12 05:00:00+02:00,96.0,2025-12-13 19:28:13.639528+00:00
2025-06-12 06:00:00+02:00,114.475,2025-12-13 19:28:13.639528+00:00
2025-06-12 07:00:00+02:00,106.2125,2025-12-13 19:28:13.639528+00:00
2025-06-12 08:00:00+02:00,83.985,2025-12-13 19:28:13.639528+00:00
2025-06-12 09:00:00+02:00,43.745000000000005,2025-12-13 19:28:13.639528+00:00
2025-06-12 10:00:00+02:00,4.3500000000000005,2025-12-13 19:28:13.639528+00:00
2025-06-12 11:00:00+02:00,-1.5,2025-12-13 19:28:13.639528+00:00
2025-06-12 12:00:00+02:00,-11.06125,2025-12-13 19:28:13.639528+00:00
2025-06-12 13:00:00+02:00,-22.631249999999998,2025-12-13 19:28:13.639528+00:00
2025-06-12 14:00:00+02:00,-21.564999999999998,2025-12-13 19:28:13.639528+00:00
2025-06-12 15:00:00+02:00,-8.965,2025-12-13 19:28:13.639528+00:00
2025-06-12 16:00:00+02:00,2.22125,2025-12-13 19:28:13.639528+00:00
2025-06-12 17:00:00+02:00,22.560000000000002,2025-12-13 19:28:13.639528+00:00
2025-06-12 18:00:00+02:00,76.935,2025-12-13 19:28:13.639528+00:00
2025-06-12 19:00:00+02:00,108.4025,2025-12-13 19:28:13.639528+00:00
2025-06-12 20:00:00+02:00,128.0,2025-12-13 19:28:13.639528+00:00
2025-06-12 21:00:00+02:00,112.49375,2025-12-13 19:28:13.639528+00:00
2025-06-12 22:00:00+02:00,104.00625,2025-12-13 19:28:13.639528+00:00
2025-06-12 23:00:00+02:00,88.6225,2025-12-13 19:28:13.639528+00:00
2025-06-13 00:00:00+02:00,73.52875,2025-12-13 19:28:13.639528+00:00
2025-06-13 01:00:00+02:00,60.195,2025-12-13 19:28:13.639528+00:00
2025-06-13 02:00:00+02:00,61.089999999999996,2025-12-13 19:28:13.639528+00:00
2025-06-13 03:00:00+02:00,62.84,2025-12-13 19:28:13.639528+00:00
2025-06-13 04:00:00+02:00,64.8775,2025-12-13 19:28:13.639528+00:00
2025-06-13 05:00:00+02:00,71.6125,2025-12-13 19:28:13.639528+00:00
2025-06-13 06:00:00+02:00,85.17625000000001,2025-12-13 19:28:13.639528+00:00
2025-06-13 07:00:00+02:00,87.475,2025-12-13 19:28:13.639528+00:00
2025-06-13 08:00:00+02:00,72.69375,2025-12-13 19:28:13.639528+00:00
2025-06-13 09:00:00+02:00,39.90875,2025-12-13 19:28:13.639528+00:00
2025-06-13 10:00:00+02:00,5.37875,2025-12-13 19:28:13.639528+00:00
2025-06-13 11:00:00+02:00,-1.3062500000000004,2025-12-13 19:28:13.639528+00:00
2025-06-13 12:00:00+02:00,-3.68875,2025-12-13 19:28:13.639528+00:00
2025-06-13 13:00:00+02:00,-7.5024999999999995,2025-12-13 19:28:13.639528+00:00
2025-06-13 14:00:00+02:00,-6.80375,2025-12-13 19:28:13.639528+00:00
2025-06-13 15:00:00+02:00,-3.44125,2025-12-13 19:28:13.639528+00:00
2025-06-13 16:00:00+02:00,2.29,2025-12-13 19:28:13.639528+00:00
2025-06-13 17:00:00+02:00,37.41375,2025-12-13 19:28:13.639528+00:00
2025-06-13 18:00:00+02:00,80.61875,2025-12-13 19:28:13.639528+00:00
2025-06-13 19:00:00+02:00,105.2275,2025-12-13 19:28:13.639528+00:00
2025-06-13 20:00:00+02:00,111.65375,2025-12-13 19:28:13.639528+00:00
2025-06-13 21:00:00+02:00,98.39,2025-12-13 19:28:13.639528+00:00
2025-06-13 22:00:00+02:00,89.77375,2025-12-13 19:28:13.639528+00:00
2025-06-13 23:00:00+02:00,74.84875,2025-12-13 19:28:13.639528+00:00
2025-06-14 00:00:00+02:00,69.41499999999999,2025-12-13 19:28:13.639528+00:00
2025-06-14 01:00:00+02:00,64.515,2025-12-13 19:28:13.639528+00:00
2025-06-14 02:00:00+02:00,61.245000000000005,2025-12-13 19:28:13.639528+00:00
2025-06-14 03:00:00+02:00,60.147499999999994,2025-12-13 19:28:13.639528+00:00
2025-06-14 04:00:00+02:00,59.980000000000004,2025-12-13 19:28:13.639528+00:00
2025-06-14 05:00:00+02:00,57.385,2025-12-13 19:28:13.639528+00:00
2025-06-14 06:00:00+02:00,47.28875,2025-12-13 19:28:13.639528+00:00
2025-06-14 07:00:00+02:00,23.9075,2025-12-13 19:28:13.639528+00:00
2025-06-14 08:00:00+02:00,8.6475,2025-12-13 19:28:13.639528+00:00
2025-06-14 09:00:00+02:00,-0.4087499999999995,2025-12-13 19:28:13.639528+00:00
2025-06-14 10:00:00+02:00,-2.0575,2025-12-13 19:28:13.639528+00:00
2025-06-14 11:00:00+02:00,-7.5337499999999995,2025-12-13 19:28:13.639528+00:00
2025-06-14 12:00:00+02:00,-26.30875,2025-12-13 19:28:13.639528+00:00
2025-06-14 13:00:00+02:00,-27.22,2025-12-13 19:28:13.639528+00:00
2025-06-14 14:00:00+02:00,-19.10375,2025-12-13 19:28:13.639528+00:00
2025-06-14 15:00:00+02:00,-6.161250000000001,2025-12-13 19:28:13.639528+00:00
2025-06-14 16:00:00+02:00,0.05125000000000046,2025-12-13 19:28:13.639528+00:00
2025-06-14 17:00:00+02:00,18.04,2025-12-13 19:28:13.639528+00:00
2025-06-14 18:00:00+02:00,80.60624999999999,2025-12-13 19:28:13.639528+00:00
2025-06-14 19:00:00+02:00,110.875,2025-12-13 19:28:13.639528+00:00
2025-06-14 20:00:00+02:00,125.66125,2025-12-13 19:28:13.639528+00:00
2025-06-14 21:00:00+02:00,115.29125,2025-12-13 19:28:13.639528+00:00
2025-06-14 22:00:00+02:00,114.25,2025-12-13 19:28:13.639528+00:00
2025-06-14 23:00:00+02:00,102.70625,2025-12-13 19:28:13.639528+00:00
2025-06-15 00:00:00+02:00,89.16625,2025-12-13 19:28:13.639528+00:00
2025-06-15 01:00:00+02:00,84.855,2025-12-13 19:28:13.639528+00:00
2025-06-15 02:00:00+02:00,84.11500000000001,2025-12-13 19:28:13.639528+00:00
2025-06-15 03:00:00+02:00,85.8825,2025-12-13 19:28:13.639528+00:00
2025-06-15 04:00:00+02:00,86.97874999999999,2025-12-13 19:28:13.639528+00:00
2025-06-15 05:00:00+02:00,85.02000000000001,2025-12-13 19:28:13.639528+00:00
2025-06-15 06:00:00+02:00,79.47375,2025-12-13 19:28:13.639528+00:00
2025-06-15 07:00:00+02:00,65.38374999999999,2025-12-13 19:28:13.639528+00:00
2025-06-15 08:00:00+02:00,49.33,2025-12-13 19:28:13.639528+00:00
2025-06-15 09:00:00+02:00,14.618749999999999,2025-12-13 19:28:13.639528+00:00
2025-06-15 10:00:00+02:00,3.9775000000000005,2025-12-13 19:28:13.639528+00:00
2025-06-15 11:00:00+02:00,0.9512499999999999,2025-12-13 19:28:13.639528+00:00
2025-06-15 12:00:00+02:00,-0.11124999999999985,2025-12-13 19:28:13.639528+00:00
2025-06-15 13:00:00+02:00,-2.805,2025-12-13 19:28:13.639528+00:00
2025-06-15 14:00:00+02:00,-2.57375,2025-12-13 19:28:13.639528+00:00
2025-06-15 15:00:00+02:00,0.3500000000000001,2025-12-13 19:28:13.639528+00:00
2025-06-15 16:00:00+02:00,5.8525,2025-12-13 19:28:13.639528+00:00
2025-06-15 17:00:00+02:00,53.335,2025-12-13 19:28:13.639528+00:00
2025-06-15 18:00:00+02:00,94.33500000000001,2025-12-13 19:28:13.639528+00:00
2025-06-15 19:00:00+02:00,109.75125,2025-12-13 19:28:13.639528+00:00
2025-06-15 20:00:00+02:00,122.39625000000001,2025-12-13 19:28:13.639528+00:00
2025-06-15 21:00:00+02:00,130.80875,2025-12-13 19:28:13.639528+00:00
2025-06-15 22:00:00+02:00,119.80875,2025-12-13 19:28:13.639528+00:00
2025-06-15 23:00:00+02:00,102.04875,2025-12-13 19:28:13.639528+00:00
2025-06-16 00:00:00+02:00,96.39875,2025-12-13 19:28:13.639528+00:00
2025-06-16 01:00:00+02:00,86.45875,2025-12-13 19:28:13.639528+00:00
2025-06-16 02:00:00+02:00,82.67999999999999,2025-12-13 19:28:13.639528+00:00
2025-06-16 03:00:00+02:00,81.775,2025-12-13 19:28:13.639528+00:00
2025-06-16 04:00:00+02:00,81.64125,2025-12-13 19:28:13.639528+00:00
2025-06-16 05:00:00+02:00,87.35,2025-12-13 19:28:13.639528+00:00
2025-06-16 06:00:00+02:00,118.3875,2025-12-13 19:28:13.639528+00:00
2025-06-16 07:00:00+02:00,127.215,2025-12-13 19:28:13.639528+00:00
2025-06-16 08:00:00+02:00,106.46000000000001,2025-12-13 19:28:13.639528+00:00
2025-06-16 09:00:00+02:00,84.5375,2025-12-13 19:28:13.639528+00:00
2025-06-16 10:00:00+02:00,61.01,2025-12-13 19:28:13.639528+00:00
2025-06-16 11:00:00+02:00,35.856249999999996,2025-12-13 19:28:13.639528+00:00
2025-06-16 12:00:00+02:00,7.7775,2025-12-13 19:28:13.639528+00:00
2025-06-16 13:00:00+02:00,5.38375,2025-12-13 19:28:13.639528+00:00
2025-06-16 14:00:00+02:00,5.59875,2025-12-13 19:28:13.639528+00:00
2025-06-16 15:00:00+02:00,5.05,2025-12-13 19:28:13.639528+00:00
2025-06-16 16:00:00+02:00,20.240000000000002,2025-12-13 19:28:13.639528+00:00
2025-06-16 17:00:00+02:00,69.895,2025-12-13 19:28:13.639528+00:00
2025-06-16 18:00:00+02:00,94.645,2025-12-13 19:28:13.639528+00:00
2025-06-16 19:00:00+02:00,120.65125,2025-12-13 19:28:13.639528+00:00
2025-06-16 20:00:00+02:00,176.55,2025-12-13 19:28:13.639528+00:00
2025-06-16 21:00:00+02:00,170.78125,2025-12-13 19:28:13.639528+00:00
2025-06-16 22:00:00+02:00,128.79125,2025-12-13 19:28:13.639528+00:00
2025-06-16 23:00:00+02:00,105.285,2025-12-13 19:28:13.639528+00:00
2025-06-17 00:00:00+02:00,107.14,2025-12-13 19:28:13.639528+00:00
2025-06-17 01:00:00+02:00,101.6275,2025-12-13 19:28:13.639528+00:00
2025-06-17 02:00:00+02:00,97.24000000000001,2025-12-13 19:28:13.639528+00:00
2025-06-17 03:00:00+02:00,97.17,2025-12-13 19:28:13.639528+00:00
2025-06-17 04:00:00+02:00,98.25625,2025-12-13 19:28:13.639528+00:00
2025-06-17 05:00:00+02:00,106.655,2025-12-13 19:28:13.639528+00:00
2025-06-17 06:00:00+02:00,124.485,2025-12-13 19:28:13.639528+00:00
2025-06-17 07:00:00+02:00,115.2525,2025-12-13 19:28:13.639528+00:00
2025-06-17 08:00:00+02:00,99.51,2025-12-13 19:28:13.639528+00:00
2025-06-17 09:00:00+02:00,75.0975,2025-12-13 19:28:13.639528+00:00
2025-06-17 10:00:00+02:00,22.470000000000002,2025-12-13 19:28:13.639528+00:00
2025-06-17 11:00:00+02:00,2.245,2025-12-13 19:28:13.639528+00:00
2025-06-17 12:00:00+02:00,-0.14999999999999997,2025-12-13 19:28:13.639528+00:00
2025-06-17 13:00:00+02:00,-2.38875,2025-12-13 19:28:13.639528+00:00
2025-06-17 14:00:00+02:00,-3.55,2025-12-13 19:28:13.639528+00:00
2025-06-17 15:00:00+02:00,-0.9862499999999996,2025-12-13 19:28:13.639528+00:00
2025-06-17 16:00:00+02:00,18.27625,2025-12-13 19:28:13.639528+00:00
2025-06-17 17:00:00+02:00,77.215,2025-12-13 19:28:13.639528+00:00
2025-06-17 18:00:00+02:00,103.76,2025-12-13 19:28:13.639528+00:00
2025-06-17 19:00:00+02:00,131.51500000000001,2025-12-13 19:28:13.639528+00:00
2025-06-17 20:00:00+02:00,234.22500000000002,2025-12-13 19:28:13.639528+00:00
2025-06-17 21:00:00+02:00,234.64875,2025-12-13 19:28:13.639528+00:00
2025-06-17 22:00:00+02:00,145.33875,2025-12-13 19:28:13.639528+00:00
2025-06-17 23:00:00+02:00,124.31875,2025-12-13 19:28:13.639528+00:00
2025-06-18 00:00:00+02:00,112.00125,2025-12-13 19:28:13.639528+00:00
2025-06-18 01:00:00+02:00,107.39875,2025-12-13 19:28:13.639528+00:00
2025-06-18 02:00:00+02:00,102.25,2025-12-13 19:28:13.639528+00:00
2025-06-18 03:00:00+02:00,97.9375,2025-12-13 19:28:13.639528+00:00
2025-06-18 04:00:00+02:00,98.52125000000001,2025-12-13 19:28:13.639528+00:00
2025-06-18 05:00:00+02:00,105.5025,2025-12-13 19:28:13.639528+00:00
2025-06-18 06:00:00+02:00,113.67375,2025-12-13 19:28:13.639528+00:00
2025-06-18 07:00:00+02:00,114.62,2025-12-13 19:28:13.639528+00:00
2025-06-18 08:00:00+02:00,106.45,2025-12-13 19:28:13.639528+00:00
2025-06-18 09:00:00+02:00,79.135,2025-12-13 19:28:13.639528+00:00
2025-06-18 10:00:00+02:00,24.04375,2025-12-13 19:28:13.639528+00:00
2025-06-18 11:00:00+02:00,2.9312500000000004,2025-12-13 19:28:13.639528+00:00
2025-06-18 12:00:00+02:00,-0.8450000000000004,2025-12-13 19:28:13.639528+00:00
2025-06-18 13:00:00+02:00,-2.5575,2025-12-13 19:28:13.639528+00:00
2025-06-18 14:00:00+02:00,-3.70375,2025-12-13 19:28:13.639528+00:00
2025-06-18 15:00:00+02:00,-2.285,2025-12-13 19:28:13.639528+00:00
2025-06-18 16:00:00+02:00,2.3449999999999998,2025-12-13 19:28:13.639528+00:00
2025-06-18 17:00:00+02:00,69.20875,2025-12-13 19:28:13.639528+00:00
2025-06-18 18:00:00+02:00,97.67500000000001,2025-12-13 19:28:13.639528+00:00
2025-06-18 19:00:00+02:00,114.545,2025-12-13 19:28:13.639528+00:00
2025-06-18 20:00:00+02:00,147.1125,2025-12-13 19:28:13.639528+00:00
2025-06-18 21:00:00+02:00,163.89249999999998,2025-12-13 19:28:13.639528+00:00
2025-06-18 22:00:00+02:00,130.89375,2025-12-13 19:28:13.639528+00:00
2025-06-18 23:00:00+02:00,112.28125,2025-12-13 19:28:13.639528+00:00
2025-06-19 00:00:00+02:00,113.485,2025-12-13 19:28:13.639528+00:00
2025-06-19 01:00:00+02:00,107.24000000000001,2025-12-13 19:28:13.639528+00:00
2025-06-19 02:00:00+02:00,105.19625,2025-12-13 19:28:13.639528+00:00
2025-06-19 03:00:00+02:00,99.7525,2025-12-13 19:28:13.639528+00:00
2025-06-19 04:00:00+02:00,99.20625,2025-12-13 19:28:13.639528+00:00
2025-06-19 05:00:00+02:00,96.56375,2025-12-13 19:28:13.639528+00:00
2025-06-19 06:00:00+02:00,95.11625000000001,2025-12-13 19:28:13.639528+00:00
2025-06-19 07:00:00+02:00,89.98,2025-12-13 19:28:13.639528+00:00
2025-06-19 08:00:00+02:00,66.525,2025-12-13 19:28:13.639528+00:00
2025-06-19 09:00:00+02:00,3.3137500000000006,2025-12-13 19:28:13.639528+00:00
2025-06-19 10:00:00+02:00,-3.987499999999999,2025-12-13 19:28:13.639528+00:00
2025-06-19 11:00:00+02:00,-22.2975,2025-12-13 19:28:13.639528+00:00
2025-06-19 12:00:00+02:00,-49.29625,2025-12-13 19:28:13.639528+00:00
2025-06-19 13:00:00+02:00,-59.73375,2025-12-13 19:28:13.639528+00:00
2025-06-19 14:00:00+02:00,-56.4825,2025-12-13 19:28:13.639528+00:00
2025-06-19 15:00:00+02:00,-30.97,2025-12-13 19:28:13.639528+00:00
2025-06-19 16:00:00+02:00,-4.2612499999999995,2025-12-13 19:28:13.639528+00:00
2025-06-19 17:00:00+02:00,6.2475,2025-12-13 19:28:13.639528+00:00
2025-06-19 18:00:00+02:00,76.23375,2025-12-13 19:28:13.639528+00:00
2025-06-19 19:00:00+02:00,110.97125,2025-12-13 19:28:13.639528+00:00
2025-06-19 20:00:00+02:00,140.12375,2025-12-13 19:28:13.639528+00:00
2025-06-19 21:00:00+02:00,145.67625,2025-12-13 19:28:13.639528+00:00
2025-06-19 22:00:00+02:00,125.25999999999999,2025-12-13 19:28:13.639528+00:00
2025-06-19 23:00:00+02:00,109.44500000000001,2025-12-13 19:28:13.639528+00:00
2025-06-20 00:00:00+02:00,103.6,2025-12-13 19:28:13.639528+00:00
2025-06-20 01:00:00+02:00,100.26625,2025-12-13 19:28:13.639528+00:00
2025-06-20 02:00:00+02:00,99.24375,2025-12-13 19:28:13.639528+00:00
2025-06-20 03:00:00+02:00,99.70625,2025-12-13 19:28:13.639528+00:00
2025-06-20 04:00:00+02:00,100.15375,2025-12-13 19:28:13.639528+00:00
2025-06-20 05:00:00+02:00,104.98,2025-12-13 19:28:13.639528+00:00
2025-06-20 06:00:00+02:00,116.9925,2025-12-13 19:28:13.639528+00:00
2025-06-20 07:00:00+02:00,113.89750000000001,2025-12-13 19:28:13.639528+00:00
2025-06-20 08:00:00+02:00,102.32125,2025-12-13 19:28:13.639528+00:00
2025-06-20 09:00:00+02:00,73.7825,2025-12-13 19:28:13.639528+00:00
2025-06-20 10:00:00+02:00,18.611250000000002,2025-12-13 19:28:13.639528+00:00
2025-06-20 11:00:00+02:00,1.1637500000000003,2025-12-13 19:28:13.639528+00:00
2025-06-20 12:00:00+02:00,-3.2,2025-12-13 19:28:13.639528+00:00
2025-06-20 13:00:00+02:00,-4.6,2025-12-13 19:28:13.639528+00:00
2025-06-20 14:00:00+02:00,-3.935,2025-12-13 19:28:13.639528+00:00
2025-06-20 15:00:00+02:00,-1.9062499999999998,2025-12-13 19:28:13.639528+00:00
2025-06-20 16:00:00+02:00,20.99,2025-12-13 19:28:13.639528+00:00
2025-06-20 17:00:00+02:00,77.39375,2025-12-13 19:28:13.639528+00:00
2025-06-20 18:00:00+02:00,108.76875000000001,2025-12-13 19:28:13.639528+00:00
2025-06-20 19:00:00+02:00,141.02875,2025-12-13 19:28:13.639528+00:00
2025-06-20 20:00:00+02:00,212.38375,2025-12-13 19:28:13.639528+00:00
2025-06-20 21:00:00+02:00,189.3525,2025-12-13 19:28:13.639528+00:00
2025-06-20 22:00:00+02:00,141.48875,2025-12-13 19:28:13.639528+00:00
2025-06-20 23:00:00+02:00,120.46124999999999,2025-12-13 19:28:13.639528+00:00
2025-06-21 00:00:00+02:00,116.42999999999999,2025-12-13 19:28:13.639528+00:00
2025-06-21 01:00:00+02:00,109.65625,2025-12-13 19:28:13.639528+00:00
2025-06-21 02:00:00+02:00,106.1925,2025-12-13 19:28:13.639528+00:00
2025-06-21 03:00:00+02:00,104.7775,2025-12-13 19:28:13.639528+00:00
2025-06-21 04:00:00+02:00,105.92125,2025-12-13 19:28:13.639528+00:00
2025-06-21 05:00:00+02:00,102.93375,2025-12-13 19:28:13.639528+00:00
2025-06-21 06:00:00+02:00,101.1325,2025-12-13 19:28:13.639528+00:00
2025-06-21 07:00:00+02:00,89.92,2025-12-13 19:28:13.639528+00:00
2025-06-21 08:00:00+02:00,71.95750000000001,2025-12-13 19:28:13.639528+00:00
2025-06-21 09:00:00+02:00,20.44375,2025-12-13 19:28:13.639528+00:00
2025-06-21 10:00:00+02:00,-0.4512500000000008,2025-12-13 19:28:13.639528+00:00
2025-06-21 11:00:00+02:00,-1.01375,2025-12-13 19:28:13.639528+00:00
2025-06-21 12:00:00+02:00,-12.367500000000001,2025-12-13 19:28:13.639528+00:00
2025-06-21 13:00:00+02:00,-24.115000000000002,2025-12-13 19:28:13.639528+00:00
2025-06-21 14:00:00+02:00,-22.48625,2025-12-13 19:28:13.639528+00:00
2025-06-21 15:00:00+02:00,-5.18125,2025-12-13 19:28:13.639528+00:00
2025-06-21 16:00:00+02:00,-1.3249999999999993,2025-12-13 19:28:13.639528+00:00
2025-06-21 17:00:00+02:00,50.43,2025-12-13 19:28:13.639528+00:00
2025-06-21 18:00:00+02:00,99.32625,2025-12-13 19:28:13.639528+00:00
2025-06-21 19:00:00+02:00,127.34375,2025-12-13 19:28:13.639528+00:00
2025-06-21 20:00:00+02:00,156.9675,2025-12-13 19:28:13.639528+00:00
2025-06-21 21:00:00+02:00,161.79875,2025-12-13 19:28:13.639528+00:00
2025-06-21 22:00:00+02:00,135.70875,2025-12-13 19:28:13.639528+00:00
2025-06-21 23:00:00+02:00,116.505,2025-12-13 19:28:13.639528+00:00
2025-06-22 00:00:00+02:00,108.33375000000001,2025-12-13 19:28:13.639528+00:00
2025-06-22 01:00:00+02:00,98.86,2025-12-13 19:28:13.639528+00:00
2025-06-22 02:00:00+02:00,93.30125,2025-12-13 19:28:13.639528+00:00
2025-06-22 03:00:00+02:00,88.1,2025-12-13 19:28:13.639528+00:00
2025-06-22 04:00:00+02:00,87.045,2025-12-13 19:28:13.639528+00:00
2025-06-22 05:00:00+02:00,84.48125,2025-12-13 19:28:13.639528+00:00
2025-06-22 06:00:00+02:00,67.14,2025-12-13 19:28:13.639528+00:00
2025-06-22 07:00:00+02:00,32.23,2025-12-13 19:28:13.639528+00:00
2025-06-22 08:00:00+02:00,9.8025,2025-12-13 19:28:13.639528+00:00
2025-06-22 09:00:00+02:00,1.402499999999999,2025-12-13 19:28:13.639528+00:00
2025-06-22 10:00:00+02:00,-6.31625,2025-12-13 19:28:13.639528+00:00
2025-06-22 11:00:00+02:00,-24.795,2025-12-13 19:28:13.639528+00:00
2025-06-22 12:00:00+02:00,-60.83125,2025-12-13 19:28:13.639528+00:00
2025-06-22 13:00:00+02:00,-95.26625,2025-12-13 19:28:13.639528+00:00
2025-06-22 14:00:00+02:00,-79.20125,2025-12-13 19:28:13.639528+00:00
2025-06-22 15:00:00+02:00,-33.275,2025-12-13 19:28:13.639528+00:00
2025-06-22 16:00:00+02:00,-1.2112500000000006,2025-12-13 19:28:13.639528+00:00
2025-06-22 17:00:00+02:00,4.676249999999998,2025-12-13 19:28:13.639528+00:00
2025-06-22 18:00:00+02:00,68.175,2025-12-13 19:28:13.639528+00:00
2025-06-22 19:00:00+02:00,108.78,2025-12-13 19:28:13.639528+00:00
2025-06-22 20:00:00+02:00,122.82875,2025-12-13 19:28:13.639528+00:00
2025-06-22 21:00:00+02:00,134.29000000000002,2025-12-13 19:28:13.639528+00:00
2025-06-22 22:00:00+02:00,122.6325,2025-12-13 19:28:13.639528+00:00
2025-06-22 23:00:00+02:00,104.93375,2025-12-13 19:28:13.639528+00:00
2025-06-23 00:00:00+02:00,77.3,2025-12-13 19:28:13.639528+00:00
2025-06-23 01:00:00+02:00,70.2875,2025-12-13 19:28:13.639528+00:00
2025-06-23 02:00:00+02:00,67.0075,2025-12-13 19:28:13.639528+00:00
2025-06-23 03:00:00+02:00,64.76875,2025-12-13 19:28:13.639528+00:00
2025-06-23 04:00:00+02:00,69.65,2025-12-13 19:28:13.639528+00:00
2025-06-23 05:00:00+02:00,79.235,2025-12-13 19:28:13.639528+00:00
2025-06-23 06:00:00+02:00,92.36,2025-12-13 19:28:13.639528+00:00
2025-06-23 07:00:00+02:00,99.1825,2025-12-13 19:28:13.639528+00:00
2025-06-23 08:00:00+02:00,85.34124999999999,2025-12-13 19:28:13.639528+00:00
2025-06-23 09:00:00+02:00,43.01625,2025-12-13 19:28:13.639528+00:00
2025-06-23 10:00:00+02:00,12.41375,2025-12-13 19:28:13.639528+00:00
2025-06-23 11:00:00+02:00,-2.472500000000001,2025-12-13 19:28:13.639528+00:00
2025-06-23 12:00:00+02:00,-6.59375,2025-12-13 19:28:13.639528+00:00
2025-06-23 13:00:00+02:00,-20.945,2025-12-13 19:28:13.639528+00:00
2025-06-23 14:00:00+02:00,-25.50125,2025-12-13 19:28:13.639528+00:00
2025-06-23 15:00:00+02:00,-25.98375,2025-12-13 19:28:13.639528+00:00
2025-06-23 16:00:00+02:00,-15.64875,2025-12-13 19:28:13.639528+00:00
2025-06-23 17:00:00+02:00,-6.553749999999999,2025-12-13 19:28:13.639528+00:00
2025-06-23 18:00:00+02:00,15.315000000000001,2025-12-13 19:28:13.639528+00:00
2025-06-23 19:00:00+02:00,38.378750000000004,2025-12-13 19:28:13.639528+00:00
2025-06-23 20:00:00+02:00,81.16125,2025-12-13 19:28:13.639528+00:00
2025-06-23 21:00:00+02:00,91.46375,2025-12-13 19:28:13.639528+00:00
2025-06-23 22:00:00+02:00,94.83500000000001,2025-12-13 19:28:13.639528+00:00
2025-06-23 23:00:00+02:00,86.81375,2025-12-13 19:28:13.639528+00:00
2025-06-24 00:00:00+02:00,74.51,2025-12-13 19:28:13.639528+00:00
2025-06-24 01:00:00+02:00,63.88,2025-12-13 19:28:13.639528+00:00
2025-06-24 02:00:00+02:00,61.396249999999995,2025-12-13 19:28:13.639528+00:00
2025-06-24 03:00:00+02:00,57.81125,2025-12-13 19:28:13.639528+00:00
2025-06-24 04:00:00+02:00,60.5325,2025-12-13 19:28:13.639528+00:00
2025-06-24 05:00:00+02:00,67.09125,2025-12-13 19:28:13.639528+00:00
2025-06-24 06:00:00+02:00,82.6275,2025-12-13 19:28:13.639528+00:00
2025-06-24 07:00:00+02:00,83.395,2025-12-13 19:28:13.639528+00:00
2025-06-24 08:00:00+02:00,45.885,2025-12-13 19:28:13.639528+00:00
2025-06-24 09:00:00+02:00,2.84875,2025-12-13 19:28:13.639528+00:00
2025-06-24 10:00:00+02:00,-5.995,2025-12-13 19:28:13.639528+00:00
2025-06-24 11:00:00+02:00,-13.9225,2025-12-13 19:28:13.639528+00:00
2025-06-24 12:00:00+02:00,-22.48125,2025-12-13 19:28:13.639528+00:00
2025-06-24 13:00:00+02:00,-24.915,2025-12-13 19:28:13.639528+00:00
2025-06-24 14:00:00+02:00,-19.875,2025-12-13 19:28:13.639528+00:00
2025-06-24 15:00:00+02:00,-9.379999999999999,2025-12-13 19:28:13.639528+00:00
2025-06-24 16:00:00+02:00,-4.56375,2025-12-13 19:28:13.639528+00:00
2025-06-24 17:00:00+02:00,2.0150000000000006,2025-12-13 19:28:13.639528+00:00
2025-06-24 18:00:00+02:00,61.155,2025-12-13 19:28:13.639528+00:00
2025-06-24 19:00:00+02:00,96.5975,2025-12-13 19:28:13.639528+00:00
2025-06-24 20:00:00+02:00,123.69875,2025-12-13 19:28:13.639528+00:00
2025-06-24 21:00:00+02:00,119.81625,2025-12-13 19:28:13.639528+00:00
2025-06-24 22:00:00+02:00,104.85375,2025-12-13 19:28:13.639528+00:00
2025-06-24 23:00:00+02:00,97.60875,2025-12-13 19:28:13.639528+00:00
2025-06-25 00:00:00+02:00,75.97625,2025-12-13 19:28:13.639528+00:00
2025-06-25 01:00:00+02:00,68.28375,2025-12-13 19:28:13.639528+00:00
2025-06-25 02:00:00+02:00,66.88625,2025-12-13 19:28:13.639528+00:00
2025-06-25 03:00:00+02:00,67.07875,2025-12-13 19:28:13.639528+00:00
2025-06-25 04:00:00+02:00,68.90625,2025-12-13 19:28:13.639528+00:00
2025-06-25 05:00:00+02:00,81.03,2025-12-13 19:28:13.639528+00:00
2025-06-25 06:00:00+02:00,98.455,2025-12-13 19:28:13.639528+00:00
2025-06-25 07:00:00+02:00,105.03375,2025-12-13 19:28:13.639528+00:00
2025-06-25 08:00:00+02:00,92.5125,2025-12-13 19:28:13.639528+00:00
2025-06-25 09:00:00+02:00,63.372499999999995,2025-12-13 19:28:13.639528+00:00
2025-06-25 10:00:00+02:00,14.06375,2025-12-13 19:28:13.639528+00:00
2025-06-25 11:00:00+02:00,-0.48250000000000015,2025-12-13 19:28:13.639528+00:00
2025-06-25 12:00:00+02:00,-1.5325,2025-12-13 19:28:13.639528+00:00
2025-06-25 13:00:00+02:00,-3.0775,2025-12-13 19:28:13.639528+00:00
2025-06-25 14:00:00+02:00,-2.5549999999999997,2025-12-13 19:28:13.639528+00:00
2025-06-25 15:00:00+02:00,-1.0300000000000002,2025-12-13 19:28:13.639528+00:00
2025-06-25 16:00:00+02:00,17.6725,2025-12-13 19:28:13.639528+00:00
2025-06-25 17:00:00+02:00,76.1,2025-12-13 19:28:13.639528+00:00
2025-06-25 18:00:00+02:00,105.105,2025-12-13 19:28:13.639528+00:00
2025-06-25 19:00:00+02:00,134.96125,2025-12-13 19:28:13.639528+00:00
2025-06-25 20:00:00+02:00,210.96125,2025-12-13 19:28:13.639528+00:00
2025-06-25 21:00:00+02:00,247.6375,2025-12-13 19:28:13.639528+00:00
2025-06-25 22:00:00+02:00,182.65875,2025-12-13 19:28:13.639528+00:00
2025-06-25 23:00:00+02:00,137.5275,2025-12-13 19:28:13.639528+00:00
2025-06-26 00:00:00+02:00,122.625,2025-12-13 19:28:13.639528+00:00
2025-06-26 01:00:00+02:00,112.7775,2025-12-13 19:28:13.639528+00:00
2025-06-26 02:00:00+02:00,107.8775,2025-12-13 19:28:13.639528+00:00
2025-06-26 03:00:00+02:00,104.08875,2025-12-13 19:28:13.639528+00:00
2025-06-26 04:00:00+02:00,103.69500000000001,2025-12-13 19:28:13.639528+00:00
2025-06-26 05:00:00+02:00,107.955,2025-12-13 19:28:13.639528+00:00
2025-06-26 06:00:00+02:00,124.16499999999999,2025-12-13 19:28:13.639528+00:00
2025-06-26 07:00:00+02:00,127.47875,2025-12-13 19:28:13.639528+00:00
2025-06-26 08:00:00+02:00,113.53,2025-12-13 19:28:13.639528+00:00
2025-06-26 09:00:00+02:00,98.525,2025-12-13 19:28:13.639528+00:00
2025-06-26 10:00:00+02:00,86.57125,2025-12-13 19:28:13.639528+00:00
2025-06-26 11:00:00+02:00,75.63499999999999,2025-12-13 19:28:13.639528+00:00
2025-06-26 12:00:00+02:00,66.11375,2025-12-13 19:28:13.639528+00:00
2025-06-26 13:00:00+02:00,54.305,2025-12-13 19:28:13.639528+00:00
2025-06-26 14:00:00+02:00,47.04125,2025-12-13 19:28:13.639528+00:00
2025-06-26 15:00:00+02:00,49.64125,2025-12-13 19:28:13.639528+00:00
2025-06-26 16:00:00+02:00,61.082499999999996,2025-12-13 19:28:13.639528+00:00
2025-06-26 17:00:00+02:00,71.2375,2025-12-13 19:28:13.639528+00:00
2025-06-26 18:00:00+02:00,89.9425,2025-12-13 19:28:13.639528+00:00
2025-06-26 19:00:00+02:00,97.27000000000001,2025-12-13 19:28:13.639528+00:00
2025-06-26 20:00:00+02:00,103.24375,2025-12-13 19:28:13.639528+00:00
2025-06-26 21:00:00+02:00,103.7,2025-12-13 19:28:13.639528+00:00
2025-06-26 22:00:00+02:00,107.32,2025-12-13 19:28:13.639528+00:00
2025-06-26 23:00:00+02:00,95.26625,2025-12-13 19:28:13.639528+00:00
2025-06-27 00:00:00+02:00,84.77125,2025-12-13 19:28:13.639528+00:00
2025-06-27 01:00:00+02:00,77.555,2025-12-13 19:28:13.639528+00:00
2025-06-27 02:00:00+02:00,75.19125,2025-12-13 19:28:13.639528+00:00
2025-06-27 03:00:00+02:00,76.15375,2025-12-13 19:28:13.639528+00:00
2025-06-27 04:00:00+02:00,78.19375,2025-12-13 19:28:13.639528+00:00
2025-06-27 05:00:00+02:00,87.0,2025-12-13 19:28:13.639528+00:00
2025-06-27 06:00:00+02:00,104.02875,2025-12-13 19:28:13.639528+00:00
2025-06-27 07:00:00+02:00,112.87875,2025-12-13 19:28:13.639528+00:00
2025-06-27 08:00:00+02:00,106.94875,2025-12-13 19:28:13.639528+00:00
2025-06-27 09:00:00+02:00,89.58,2025-12-13 19:28:13.639528+00:00
2025-06-27 10:00:00+02:00,71.7025,2025-12-13 19:28:13.639528+00:00
2025-06-27 11:00:00+02:00,58.02,2025-12-13 19:28:13.639528+00:00
2025-06-27 12:00:00+02:00,40.86,2025-12-13 19:28:13.639528+00:00
2025-06-27 13:00:00+02:00,19.3725,2025-12-13 19:28:13.639528+00:00
2025-06-27 14:00:00+02:00,5.68625,2025-12-13 19:28:13.639528+00:00
2025-06-27 15:00:00+02:00,11.2025,2025-12-13 19:28:13.639528+00:00
2025-06-27 16:00:00+02:00,30.4225,2025-12-13 19:28:13.639528+00:00
2025-06-27 17:00:00+02:00,62.36750000000001,2025-12-13 19:28:13.639528+00:00
2025-06-27 18:00:00+02:00,87.86500000000001,2025-12-13 19:28:13.639528+00:00
2025-06-27 19:00:00+02:00,107.71625,2025-12-13 19:28:13.639528+00:00
2025-06-27 20:00:00+02:00,127.88749999999999,2025-12-13 19:28:13.639528+00:00
2025-06-27 21:00:00+02:00,137.015,2025-12-13 19:28:13.639528+00:00
2025-06-27 22:00:00+02:00,125.82625,2025-12-13 19:28:13.639528+00:00
2025-06-27 23:00:00+02:00,108.7425,2025-12-13 19:28:13.639528+00:00
2025-06-28 00:00:00+02:00,98.6375,2025-12-13 19:28:13.639528+00:00
2025-06-28 01:00:00+02:00,93.03999999999999,2025-12-13 19:28:13.639528+00:00
2025-06-28 02:00:00+02:00,84.94749999999999,2025-12-13 19:28:13.639528+00:00
2025-06-28 03:00:00+02:00,80.495,2025-12-13 19:28:13.639528+00:00
2025-06-28 04:00:00+02:00,74.7975,2025-12-13 19:28:13.639528+00:00
2025-06-28 05:00:00+02:00,75.71625,2025-12-13 19:28:13.639528+00:00
2025-06-28 06:00:00+02:00,71.85,2025-12-13 19:28:13.639528+00:00
2025-06-28 07:00:00+02:00,56.13625,2025-12-13 19:28:13.639528+00:00
2025-06-28 08:00:00+02:00,29.9975,2025-12-13 19:28:13.639528+00:00
2025-06-28 09:00:00+02:00,2.933750000000001,2025-12-13 19:28:13.639528+00:00
2025-06-28 10:00:00+02:00,0.004999999999999893,2025-12-13 19:28:13.639528+00:00
2025-06-28 11:00:00+02:00,-0.5587499999999997,2025-12-13 19:28:13.639528+00:00
2025-06-28 12:00:00+02:00,-1.77875,2025-12-13 19:28:13.639528+00:00
2025-06-28 13:00:00+02:00,-5.415,2025-12-13 19:28:13.639528+00:00
2025-06-28 14:00:00+02:00,-5.475,2025-12-13 19:28:13.639528+00:00
2025-06-28 15:00:00+02:00,-2.9150000000000005,2025-12-13 19:28:13.639528+00:00
2025-06-28 16:00:00+02:00,-0.8525,2025-12-13 19:28:13.639528+00:00
2025-06-28 17:00:00+02:00,2.08125,2025-12-13 19:28:13.639528+00:00
2025-06-28 18:00:00+02:00,56.55625,2025-12-13 19:28:13.639528+00:00
2025-06-28 19:00:00+02:00,93.21000000000001,2025-12-13 19:28:13.639528+00:00
2025-06-28 20:00:00+02:00,110.19125,2025-12-13 19:28:13.639528+00:00
2025-06-28 21:00:00+02:00,121.37,2025-12-13 19:28:13.639528+00:00
2025-06-28 22:00:00+02:00,115.96875,2025-12-13 19:28:13.639528+00:00
2025-06-28 23:00:00+02:00,102.985,2025-12-13 19:28:13.639528+00:00
2025-06-29 00:00:00+02:00,94.98375,2025-12-13 19:28:13.639528+00:00
2025-06-29 01:00:00+02:00,88.86875,2025-12-13 19:28:13.639528+00:00
2025-06-29 02:00:00+02:00,87.41625,2025-12-13 19:28:13.639528+00:00
2025-06-29 03:00:00+02:00,85.6775,2025-12-13 19:28:13.639528+00:00
2025-06-29 04:00:00+02:00,87.7025,2025-12-13 19:28:13.639528+00:00
2025-06-29 05:00:00+02:00,87.71,2025-12-13 19:28:13.639528+00:00
2025-06-29 06:00:00+02:00,84.94625,2025-12-13 19:28:13.639528+00:00
2025-06-29 07:00:00+02:00,74.49875,2025-12-13 19:28:13.639528+00:00
2025-06-29 08:00:00+02:00,31.7275,2025-12-13 19:28:13.639528+00:00
2025-06-29 09:00:00+02:00,1.3187500000000005,2025-12-13 19:28:13.639528+00:00
2025-06-29 10:00:00+02:00,-0.7400000000000002,2025-12-13 19:28:13.639528+00:00
2025-06-29 11:00:00+02:00,-4.842499999999999,2025-12-13 19:28:13.639528+00:00
2025-06-29 12:00:00+02:00,-10.00875,2025-12-13 19:28:13.639528+00:00
2025-06-29 13:00:00+02:00,-21.9175,2025-12-13 19:28:13.639528+00:00
2025-06-29 14:00:00+02:00,-23.605,2025-12-13 19:28:13.639528+00:00
2025-06-29 15:00:00+02:00,-15.83375,2025-12-13 19:28:13.639528+00:00
2025-06-29 16:00:00+02:00,-2.15125,2025-12-13 19:28:13.639528+00:00
2025-06-29 17:00:00+02:00,2.0024999999999995,2025-12-13 19:28:13.639528+00:00
2025-06-29 18:00:00+02:00,79.17,2025-12-13 19:28:13.639528+00:00
2025-06-29 19:00:00+02:00,106.93875,2025-12-13 19:28:13.639528+00:00
2025-06-29 20:00:00+02:00,123.2575,2025-12-13 19:28:13.639528+00:00
2025-06-29 21:00:00+02:00,127.38499999999999,2025-12-13 19:28:13.639528+00:00
2025-06-29 22:00:00+02:00,123.4925,2025-12-13 19:28:13.639528+00:00
2025-06-29 23:00:00+02:00,112.4,2025-12-13 19:28:13.639528+00:00
2025-06-30 00:00:00+02:00,101.77625,2025-12-13 19:28:13.639528+00:00
2025-06-30 01:00:00+02:00,94.92750000000001,2025-12-13 19:28:13.639528+00:00
2025-06-30 02:00:00+02:00,92.2125,2025-12-13 19:28:13.639528+00:00
2025-06-30 03:00:00+02:00,92.015,2025-12-13 19:28:13.639528+00:00
2025-06-30 04:00:00+02:00,93.4675,2025-12-13 19:28:13.639528+00:00
2025-06-30 05:00:00+02:00,102.54375,2025-12-13 19:28:13.639528+00:00
2025-06-30 06:00:00+02:00,124.3825,2025-12-13 19:28:13.639528+00:00
2025-06-30 07:00:00+02:00,122.33749999999999,2025-12-13 19:28:13.639528+00:00
2025-06-30 08:00:00+02:00,111.52,2025-12-13 19:28:13.639528+00:00
2025-06-30 09:00:00+02:00,92.10875,2025-12-13 19:28:13.639528+00:00
2025-06-30 10:00:00+02:00,71.315,2025-12-13 19:28:13.639528+00:00
2025-06-30 11:00:00+02:00,43.48,2025-12-13 19:28:13.639528+00:00
2025-06-30 12:00:00+02:00,21.86875,2025-12-13 19:28:13.639528+00:00
2025-06-30 13:00:00+02:00,13.11375,2025-12-13 19:28:13.639528+00:00
2025-06-30 14:00:00+02:00,19.61625,2025-12-13 19:28:13.639528+00:00
2025-06-30 15:00:00+02:00,47.676249999999996,2025-12-13 19:28:13.639528+00:00
2025-06-30 16:00:00+02:00,76.8125,2025-12-13 19:28:13.639528+00:00
2025-06-30 17:00:00+02:00,98.13625,2025-12-13 19:28:13.639528+00:00
2025-06-30 18:00:00+02:00,119.30125,2025-12-13 19:28:13.639528+00:00
2025-06-30 19:00:00+02:00,167.70499999999998,2025-12-13 19:28:13.639528+00:00
2025-06-30 20:00:00+02:00,253.61125,2025-12-13 19:28:13.639528+00:00
2025-06-30 21:00:00+02:00,216.245,2025-12-13 19:28:13.639528+00:00
2025-06-30 22:00:00+02:00,152.9475,2025-12-13 19:28:13.639528+00:00
2025-06-30 23:00:00+02:00,121.77250000000001,2025-12-13 19:28:13.639528+00:00
2025-07-01 00:00:00+02:00,109.815,2025-12-13 19:28:13.639528+00:00
2025-07-01 01:00:00+02:00,95.41250000000001,2025-12-13 19:28:13.639528+00:00
2025-07-01 02:00:00+02:00,90.49499999999999,2025-12-13 19:28:13.639528+00:00
2025-07-01 03:00:00+02:00,89.47749999999999,2025-12-13 19:28:13.639528+00:00
2025-07-01 04:00:00+02:00,90.43125,2025-12-13 19:28:13.639528+00:00
2025-07-01 05:00:00+02:00,98.73,2025-12-13 19:28:13.639528+00:00
2025-07-01 06:00:00+02:00,114.325,2025-12-13 19:28:13.639528+00:00
2025-07-01 07:00:00+02:00,121.45500000000001,2025-12-13 19:28:13.639528+00:00
2025-07-01 08:00:00+02:00,114.55875,2025-12-13 19:28:13.639528+00:00
2025-07-01 09:00:00+02:00,93.6375,2025-12-13 19:28:13.639528+00:00
2025-07-01 10:00:00+02:00,79.95,2025-12-13 19:28:13.639528+00:00
2025-07-01 11:00:00+02:00,67.33,2025-12-13 19:28:13.639528+00:00
2025-07-01 12:00:00+02:00,44.58,2025-12-13 19:28:13.639528+00:00
2025-07-01 13:00:00+02:00,38.82125,2025-12-13 19:28:13.639528+00:00
2025-07-01 14:00:00+02:00,52.8525,2025-12-13 19:28:13.639528+00:00
2025-07-01 15:00:00+02:00,74.6425,2025-12-13 19:28:13.639528+00:00
2025-07-01 16:00:00+02:00,88.2875,2025-12-13 19:28:13.639528+00:00
2025-07-01 17:00:00+02:00,101.47625,2025-12-13 19:28:13.639528+00:00
2025-07-01 18:00:00+02:00,136.92000000000002,2025-12-13 19:28:13.639528+00:00
2025-07-01 19:00:00+02:00,252.30875,2025-12-13 19:28:13.639528+00:00
2025-07-01 20:00:00+02:00,404.91125,2025-12-13 19:28:13.639528+00:00
2025-07-01 21:00:00+02:00,338.00374999999997,2025-12-13 19:28:13.639528+00:00
2025-07-01 22:00:00+02:00,209.52375,2025-12-13 19:28:13.639528+00:00
2025-07-01 23:00:00+02:00,137.5375,2025-12-13 19:28:13.639528+00:00
2025-07-02 00:00:00+02:00,115.87125,2025-12-13 19:28:13.639528+00:00
2025-07-02 01:00:00+02:00,102.20125,2025-12-13 19:28:13.639528+00:00
2025-07-02 02:00:00+02:00,93.9625,2025-12-13 19:28:13.639528+00:00
2025-07-02 03:00:00+02:00,93.49249999999999,2025-12-13 19:28:13.639528+00:00
2025-07-02 04:00:00+02:00,94.35624999999999,2025-12-13 19:28:13.639528+00:00
2025-07-02 05:00:00+02:00,102.43875,2025-12-13 19:28:13.639528+00:00
2025-07-02 06:00:00+02:00,119.56,2025-12-13 19:28:13.639528+00:00
2025-07-02 07:00:00+02:00,118.35125000000001,2025-12-13 19:28:13.639528+00:00
2025-07-02 08:00:00+02:00,109.0175,2025-12-13 19:28:13.639528+00:00
2025-07-02 09:00:00+02:00,94.845,2025-12-13 19:28:13.639528+00:00
2025-07-02 10:00:00+02:00,81.28125,2025-12-13 19:28:13.639528+00:00
2025-07-02 11:00:00+02:00,68.30375000000001,2025-12-13 19:28:13.639528+00:00
2025-07-02 12:00:00+02:00,34.54875,2025-12-13 19:28:13.639528+00:00
2025-07-02 13:00:00+02:00,36.28375,2025-12-13 19:28:13.639528+00:00
2025-07-02 14:00:00+02:00,47.542500000000004,2025-12-13 19:28:13.639528+00:00
2025-07-02 15:00:00+02:00,69.645,2025-12-13 19:28:13.639528+00:00
2025-07-02 16:00:00+02:00,80.07374999999999,2025-12-13 19:28:13.639528+00:00
2025-07-02 17:00:00+02:00,91.60374999999999,2025-12-13 19:28:13.639528+00:00
2025-07-02 18:00:00+02:00,114.70375,2025-12-13 19:28:13.639528+00:00
2025-07-02 19:00:00+02:00,175.66,2025-12-13 19:28:13.639528+00:00
2025-07-02 20:00:00+02:00,240.15625,2025-12-13 19:28:13.639528+00:00
2025-07-02 21:00:00+02:00,184.47375,2025-12-13 19:28:13.639528+00:00
2025-07-02 22:00:00+02:00,143.565,2025-12-13 19:28:13.639528+00:00
2025-07-02 23:00:00+02:00,113.81375,2025-12-13 19:28:13.639528+00:00
2025-07-03 00:00:00+02:00,88.8475,2025-12-13 19:28:13.639528+00:00
2025-07-03 01:00:00+02:00,82.225,2025-12-13 19:28:13.639528+00:00
2025-07-03 02:00:00+02:00,79.60875,2025-12-13 19:28:13.639528+00:00
2025-07-03 03:00:00+02:00,76.78625,2025-12-13 19:28:13.639528+00:00
2025-07-03 04:00:00+02:00,77.865,2025-12-13 19:28:13.639528+00:00
2025-07-03 05:00:00+02:00,85.62875,2025-12-13 19:28:13.639528+00:00
2025-07-03 06:00:00+02:00,99.705,2025-12-13 19:28:13.639528+00:00
2025-07-03 07:00:00+02:00,105.88875,2025-12-13 19:28:13.639528+00:00
2025-07-03 08:00:00+02:00,100.49875,2025-12-13 19:28:13.639528+00:00
2025-07-03 09:00:00+02:00,86.0925,2025-12-13 19:28:13.639528+00:00
2025-07-03 10:00:00+02:00,69.68875,2025-12-13 19:28:13.639528+00:00
2025-07-03 11:00:00+02:00,51.235,2025-12-13 19:28:13.639528+00:00
2025-07-03 12:00:00+02:00,36.46375,2025-12-13 19:28:13.639528+00:00
2025-07-03 13:00:00+02:00,28.8525,2025-12-13 19:28:13.639528+00:00
2025-07-03 14:00:00+02:00,24.61125,2025-12-13 19:28:13.639528+00:00
2025-07-03 15:00:00+02:00,36.03,2025-12-13 19:28:13.639528+00:00
2025-07-03 16:00:00+02:00,52.26875,2025-12-13 19:28:13.639528+00:00
2025-07-03 17:00:00+02:00,82.7325,2025-12-13 19:28:13.639528+00:00
2025-07-03 18:00:00+02:00,100.34375,2025-12-13 19:28:13.639528+00:00
2025-07-03 19:00:00+02:00,120.13625,2025-12-13 19:28:13.639528+00:00
2025-07-03 20:00:00+02:00,165.60500000000002,2025-12-13 19:28:13.639528+00:00
2025-07-03 21:00:00+02:00,173.09,2025-12-13 19:28:13.639528+00:00
2025-07-03 22:00:00+02:00,134.64000000000001,2025-12-13 19:28:13.639528+00:00
2025-07-03 23:00:00+02:00,117.21000000000001,2025-12-13 19:28:13.639528+00:00
2025-07-04 00:00:00+02:00,110.05625,2025-12-13 19:28:13.639528+00:00
2025-07-04 01:00:00+02:00,104.94375,2025-12-13 19:28:13.639528+00:00
2025-07-04 02:00:00+02:00,100.505,2025-12-13 19:28:13.639528+00:00
2025-07-04 03:00:00+02:00,98.22749999999999,2025-12-13 19:28:13.639528+00:00
2025-07-04 04:00:00+02:00,101.27375,2025-12-13 19:28:13.639528+00:00
2025-07-04 05:00:00+02:00,106.3825,2025-12-13 19:28:13.639528+00:00
2025-07-04 06:00:00+02:00,124.1275,2025-12-13 19:28:13.639528+00:00
2025-07-04 07:00:00+02:00,119.31875,2025-12-13 19:28:13.639528+00:00
2025-07-04 08:00:00+02:00,101.195,2025-12-13 19:28:13.639528+00:00
2025-07-04 09:00:00+02:00,90.715,2025-12-13 19:28:13.639528+00:00
2025-07-04 10:00:00+02:00,67.64,2025-12-13 19:28:13.639528+00:00
2025-07-04 11:00:00+02:00,21.244999999999997,2025-12-13 19:28:13.639528+00:00
2025-07-04 12:00:00+02:00,7.51625,2025-12-13 19:28:13.639528+00:00
2025-07-04 13:00:00+02:00,1.6762499999999998,2025-12-13 19:28:13.639528+00:00
2025-07-04 14:00:00+02:00,-0.15875000000000017,2025-12-13 19:28:13.639528+00:00
2025-07-04 15:00:00+02:00,3.5225,2025-12-13 19:28:13.639528+00:00
2025-07-04 16:00:00+02:00,18.799999999999997,2025-12-13 19:28:13.639528+00:00
2025-07-04 17:00:00+02:00,65.03,2025-12-13 19:28:13.639528+00:00
2025-07-04 18:00:00+02:00,91.03750000000001,2025-12-13 19:28:13.639528+00:00
2025-07-04 19:00:00+02:00,111.8575,2025-12-13 19:28:13.639528+00:00
2025-07-04 20:00:00+02:00,143.11875,2025-12-13 19:28:13.639528+00:00
2025-07-04 21:00:00+02:00,156.6875,2025-12-13 19:28:13.639528+00:00
2025-07-04 22:00:00+02:00,130.26375000000002,2025-12-13 19:28:13.639528+00:00
2025-07-04 23:00:00+02:00,108.41,2025-12-13 19:28:13.639528+00:00
2025-07-05 00:00:00+02:00,102.33,2025-12-13 19:28:13.639528+00:00
2025-07-05 01:00:00+02:00,95.715,2025-12-13 19:28:13.639528+00:00
2025-07-05 02:00:00+02:00,93.86875,2025-12-13 19:28:13.639528+00:00
2025-07-05 03:00:00+02:00,90.25500000000001,2025-12-13 19:28:13.639528+00:00
2025-07-05 04:00:00+02:00,89.56,2025-12-13 19:28:13.639528+00:00
2025-07-05 05:00:00+02:00,82.82,2025-12-13 19:28:13.639528+00:00
2025-07-05 06:00:00+02:00,79.44375,2025-12-13 19:28:13.639528+00:00
2025-07-05 07:00:00+02:00,55.20125,2025-12-13 19:28:13.639528+00:00
2025-07-05 08:00:00+02:00,31.98625,2025-12-13 19:28:13.639528+00:00
2025-07-05 09:00:00+02:00,9.137500000000001,2025-12-13 19:28:13.639528+00:00
2025-07-05 10:00:00+02:00,2.0600000000000005,2025-12-13 19:28:13.639528+00:00
2025-07-05 11:00:00+02:00,0.11625000000000041,2025-12-13 19:28:13.639528+00:00
2025-07-05 12:00:00+02:00,-1.5849999999999997,2025-12-13 19:28:13.639528+00:00
2025-07-05 13:00:00+02:00,-3.6375,2025-12-13 19:28:13.639528+00:00
2025-07-05 14:00:00+02:00,-3.75875,2025-12-13 19:28:13.639528+00:00
2025-07-05 15:00:00+02:00,-1.69625,2025-12-13 19:28:13.639528+00:00
2025-07-05 16:00:00+02:00,-0.7274999999999994,2025-12-13 19:28:13.639528+00:00
2025-07-05 17:00:00+02:00,2.665,2025-12-13 19:28:13.639528+00:00
2025-07-05 18:00:00+02:00,51.585,2025-12-13 19:28:13.639528+00:00
2025-07-05 19:00:00+02:00,89.05875,2025-12-13 19:28:13.639528+00:00
2025-07-05 20:00:00+02:00,108.90375,2025-12-13 19:28:13.639528+00:00
2025-07-05 21:00:00+02:00,120.0925,2025-12-13 19:28:13.639528+00:00
2025-07-05 22:00:00+02:00,115.4825,2025-12-13 19:28:13.639528+00:00
2025-07-05 23:00:00+02:00,105.405,2025-12-13 19:28:13.639528+00:00
2025-07-06 00:00:00+02:00,94.16,2025-12-13 19:28:13.639528+00:00
2025-07-06 01:00:00+02:00,90.41125,2025-12-13 19:28:13.639528+00:00
2025-07-06 02:00:00+02:00,85.905,2025-12-13 19:28:13.639528+00:00
2025-07-06 03:00:00+02:00,83.18,2025-12-13 19:28:13.639528+00:00
2025-07-06 04:00:00+02:00,83.26124999999999,2025-12-13 19:28:13.639528+00:00
2025-07-06 05:00:00+02:00,83.1125,2025-12-13 19:28:13.639528+00:00
2025-07-06 06:00:00+02:00,76.26124999999999,2025-12-13 19:28:13.639528+00:00
2025-07-06 07:00:00+02:00,75.10374999999999,2025-12-13 19:28:13.639528+00:00
2025-07-06 08:00:00+02:00,68.335,2025-12-13 19:28:13.639528+00:00
2025-07-06 09:00:00+02:00,40.0125,2025-12-13 19:28:13.639528+00:00
2025-07-06 10:00:00+02:00,21.705000000000002,2025-12-13 19:28:13.639528+00:00
2025-07-06 11:00:00+02:00,14.4725,2025-12-13 19:28:13.639528+00:00
2025-07-06 12:00:00+02:00,10.13125,2025-12-13 19:28:13.639528+00:00
2025-07-06 13:00:00+02:00,3.45125,2025-12-13 19:28:13.639528+00:00
2025-07-06 14:00:00+02:00,6.123749999999999,2025-12-13 19:28:13.639528+00:00
2025-07-06 15:00:00+02:00,30.33125,2025-12-13 19:28:13.639528+00:00
2025-07-06 16:00:00+02:00,52.24375,2025-12-13 19:28:13.639528+00:00
2025-07-06 17:00:00+02:00,82.49375,2025-12-13 19:28:13.639528+00:00
2025-07-06 18:00:00+02:00,99.69749999999999,2025-12-13 19:28:13.639528+00:00
2025-07-06 19:00:00+02:00,109.88749999999999,2025-12-13 19:28:13.639528+00:00
2025-07-06 20:00:00+02:00,122.8075,2025-12-13 19:28:13.639528+00:00
2025-07-06 21:00:00+02:00,127.06,2025-12-13 19:28:13.639528+00:00
2025-07-06 22:00:00+02:00,119.005,2025-12-13 19:28:13.639528+00:00
2025-07-06 23:00:00+02:00,106.7525,2025-12-13 19:28:13.639528+00:00
2025-07-07 00:00:00+02:00,108.43375,2025-12-13 19:28:13.639528+00:00
2025-07-07 01:00:00+02:00,98.60875,2025-12-13 19:28:13.639528+00:00
2025-07-07 02:00:00+02:00,94.1125,2025-12-13 19:28:13.639528+00:00
2025-07-07 03:00:00+02:00,92.28875000000001,2025-12-13 19:28:13.639528+00:00
2025-07-07 04:00:00+02:00,93.9725,2025-12-13 19:28:13.639528+00:00
2025-07-07 05:00:00+02:00,102.73375,2025-12-13 19:28:13.639528+00:00
2025-07-07 06:00:00+02:00,125.48374999999999,2025-12-13 19:28:13.639528+00:00
2025-07-07 07:00:00+02:00,132.49625,2025-12-13 19:28:13.639528+00:00
2025-07-07 08:00:00+02:00,131.68375,2025-12-13 19:28:13.639528+00:00
2025-07-07 09:00:00+02:00,112.63625,2025-12-13 19:28:13.639528+00:00
2025-07-07 10:00:00+02:00,96.26125,2025-12-13 19:28:13.639528+00:00
2025-07-07 11:00:00+02:00,92.08125,2025-12-13 19:28:13.639528+00:00
2025-07-07 12:00:00+02:00,71.70875,2025-12-13 19:28:13.639528+00:00
2025-07-07 13:00:00+02:00,56.24375,2025-12-13 19:28:13.639528+00:00
2025-07-07 14:00:00+02:00,46.535000000000004,2025-12-13 19:28:13.639528+00:00
2025-07-07 15:00:00+02:00,48.120000000000005,2025-12-13 19:28:13.639528+00:00
2025-07-07 16:00:00+02:00,56.14,2025-12-13 19:28:13.639528+00:00
2025-07-07 17:00:00+02:00,73.33375,2025-12-13 19:28:13.639528+00:00
2025-07-07 18:00:00+02:00,88.8475,2025-12-13 19:28:13.639528+00:00
2025-07-07 19:00:00+02:00,98.55499999999999,2025-12-13 19:28:13.639528+00:00
2025-07-07 20:00:00+02:00,107.09375,2025-12-13 19:28:13.639528+00:00
2025-07-07 21:00:00+02:00,112.78875000000001,2025-12-13 19:28:13.639528+00:00
2025-07-07 22:00:00+02:00,109.20125,2025-12-13 19:28:13.639528+00:00
2025-07-07 23:00:00+02:00,96.65125,2025-12-13 19:28:13.639528+00:00
2025-07-08 00:00:00+02:00,99.2625,2025-12-13 19:28:13.639528+00:00
2025-07-08 01:00:00+02:00,91.32875,2025-12-13 19:28:13.639528+00:00
2025-07-08 02:00:00+02:00,86.8025,2025-12-13 19:28:13.639528+00:00
2025-07-08 03:00:00+02:00,85.2725,2025-12-13 19:28:13.639528+00:00
2025-07-08 04:00:00+02:00,86.14125,2025-12-13 19:28:13.639528+00:00
2025-07-08 05:00:00+02:00,91.03,2025-12-13 19:28:13.639528+00:00
2025-07-08 06:00:00+02:00,106.9425,2025-12-13 19:28:13.639528+00:00
2025-07-08 07:00:00+02:00,117.21000000000001,2025-12-13 19:28:13.639528+00:00
2025-07-08 08:00:00+02:00,112.35625,2025-12-13 19:28:13.639528+00:00
2025-07-08 09:00:00+02:00,96.18,2025-12-13 19:28:13.639528+00:00
2025-07-08 10:00:00+02:00,84.34125,2025-12-13 19:28:13.639528+00:00
2025-07-08 11:00:00+02:00,78.32124999999999,2025-12-13 19:28:13.639528+00:00
2025-07-08 12:00:00+02:00,60.276250000000005,2025-12-13 19:28:13.639528+00:00
2025-07-08 13:00:00+02:00,55.70875,2025-12-13 19:28:13.639528+00:00
2025-07-08 14:00:00+02:00,51.48875,2025-12-13 19:28:13.639528+00:00
2025-07-08 15:00:00+02:00,55.363749999999996,2025-12-13 19:28:13.639528+00:00
2025-07-08 16:00:00+02:00,66.32625,2025-12-13 19:28:13.639528+00:00
2025-07-08 17:00:00+02:00,82.8675,2025-12-13 19:28:13.639528+00:00
2025-07-08 18:00:00+02:00,89.01875,2025-12-13 19:28:13.639528+00:00
2025-07-08 19:00:00+02:00,109.76249999999999,2025-12-13 19:28:13.639528+00:00
2025-07-08 20:00:00+02:00,126.64,2025-12-13 19:28:13.639528+00:00
2025-07-08 21:00:00+02:00,126.5,2025-12-13 19:28:13.639528+00:00
2025-07-08 22:00:00+02:00,117.4025,2025-12-13 19:28:13.639528+00:00
2025-07-08 23:00:00+02:00,101.62,2025-12-13 19:28:13.639528+00:00
2025-07-09 00:00:00+02:00,97.68375,2025-12-13 19:28:13.639528+00:00
2025-07-09 01:00:00+02:00,89.16874999999999,2025-12-13 19:28:13.639528+00:00
2025-07-09 02:00:00+02:00,86.7675,2025-12-13 19:28:13.639528+00:00
2025-07-09 03:00:00+02:00,86.575,2025-12-13 19:28:13.639528+00:00
2025-07-09 04:00:00+02:00,87.64999999999999,2025-12-13 19:28:13.639528+00:00
2025-07-09 05:00:00+02:00,96.58625,2025-12-13 19:28:13.639528+00:00
2025-07-09 06:00:00+02:00,111.48375,2025-12-13 19:28:13.639528+00:00
2025-07-09 07:00:00+02:00,115.41749999999999,2025-12-13 19:28:13.639528+00:00
2025-07-09 08:00:00+02:00,111.83875,2025-12-13 19:28:13.639528+00:00
2025-07-09 09:00:00+02:00,96.31625,2025-12-13 19:28:13.639528+00:00
2025-07-09 10:00:00+02:00,83.42750000000001,2025-12-13 19:28:13.639528+00:00
2025-07-09 11:00:00+02:00,77.35249999999999,2025-12-13 19:28:13.639528+00:00
2025-07-09 12:00:00+02:00,65.65875,2025-12-13 19:28:13.639528+00:00
2025-07-09 13:00:00+02:00,49.1575,2025-12-13 19:28:13.639528+00:00
2025-07-09 14:00:00+02:00,43.5775,2025-12-13 19:28:13.639528+00:00
2025-07-09 15:00:00+02:00,52.385000000000005,2025-12-13 19:28:13.639528+00:00
2025-07-09 16:00:00+02:00,68.94,2025-12-13 19:28:13.639528+00:00
2025-07-09 17:00:00+02:00,83.4875,2025-12-13 19:28:13.639528+00:00
2025-07-09 18:00:00+02:00,98.0025,2025-12-13 19:28:13.639528+00:00
2025-07-09 19:00:00+02:00,117.34,2025-12-13 19:28:13.639528+00:00
2025-07-09 20:00:00+02:00,140.42125,2025-12-13 19:28:13.639528+00:00
2025-07-09 21:00:00+02:00,141.6725,2025-12-13 19:28:13.639528+00:00
2025-07-09 22:00:00+02:00,121.86375000000001,2025-12-13 19:28:13.639528+00:00
2025-07-09 23:00:00+02:00,106.45125,2025-12-13 19:28:13.639528+00:00
2025-07-10 00:00:00+02:00,101.19125,2025-12-13 19:28:13.639528+00:00
2025-07-10 01:00:00+02:00,95.75125,2025-12-13 19:28:13.639528+00:00
2025-07-10 02:00:00+02:00,91.1475,2025-12-13 19:28:13.639528+00:00
2025-07-10 03:00:00+02:00,89.92375,2025-12-13 19:28:13.639528+00:00
2025-07-10 04:00:00+02:00,91.13125,2025-12-13 19:28:13.639528+00:00
2025-07-10 05:00:00+02:00,100.25875,2025-12-13 19:28:13.639528+00:00
2025-07-10 06:00:00+02:00,113.8425,2025-12-13 19:28:13.639528+00:00
2025-07-10 07:00:00+02:00,115.11375000000001,2025-12-13 19:28:13.639528+00:00
2025-07-10 08:00:00+02:00,108.97375,2025-12-13 19:28:13.639528+00:00
2025-07-10 09:00:00+02:00,92.7025,2025-12-13 19:28:13.639528+00:00
2025-07-10 10:00:00+02:00,81.55375,2025-12-13 19:28:13.639528+00:00
2025-07-10 11:00:00+02:00,67.58625,2025-12-13 19:28:13.639528+00:00
2025-07-10 12:00:00+02:00,48.10375,2025-12-13 19:28:13.639528+00:00
2025-07-10 13:00:00+02:00,42.2675,2025-12-13 19:28:13.639528+00:00
2025-07-10 14:00:00+02:00,43.2175,2025-12-13 19:28:13.639528+00:00
2025-07-10 15:00:00+02:00,56.205,2025-12-13 19:28:13.639528+00:00
2025-07-10 16:00:00+02:00,74.74,2025-12-13 19:28:13.639528+00:00
2025-07-10 17:00:00+02:00,87.05625,2025-12-13 19:28:13.639528+00:00
2025-07-10 18:00:00+02:00,101.59625,2025-12-13 19:28:13.639528+00:00
2025-07-10 19:00:00+02:00,116.4875,2025-12-13 19:28:13.639528+00:00
2025-07-10 20:00:00+02:00,136.7175,2025-12-13 19:28:13.639528+00:00
2025-07-10 21:00:00+02:00,134.26749999999998,2025-12-13 19:28:13.639528+00:00
2025-07-10 22:00:00+02:00,120.20875,2025-12-13 19:28:13.639528+00:00
2025-07-10 23:00:00+02:00,106.97749999999999,2025-12-13 19:28:13.639528+00:00
2025-07-11 00:00:00+02:00,104.155,2025-12-13 19:28:13.639528+00:00
2025-07-11 01:00:00+02:00,98.78625,2025-12-13 19:28:13.639528+00:00
2025-07-11 02:00:00+02:00,94.31375,2025-12-13 19:28:13.639528+00:00
2025-07-11 03:00:00+02:00,92.02,2025-12-13 19:28:13.639528+00:00
2025-07-11 04:00:00+02:00,92.34,2025-12-13 19:28:13.639528+00:00
2025-07-11 05:00:00+02:00,99.3125,2025-12-13 19:28:13.639528+00:00
2025-07-11 06:00:00+02:00,110.48,2025-12-13 19:28:13.639528+00:00
2025-07-11 07:00:00+02:00,110.90875,2025-12-13 19:28:13.639528+00:00
2025-07-11 08:00:00+02:00,105.12,2025-12-13 19:28:13.639528+00:00
2025-07-11 09:00:00+02:00,92.6675,2025-12-13 19:28:13.639528+00:00
2025-07-11 10:00:00+02:00,81.54,2025-12-13 19:28:13.639528+00:00
2025-07-11 11:00:00+02:00,71.12625,2025-12-13 19:28:13.639528+00:00
2025-07-11 12:00:00+02:00,59.265,2025-12-13 19:28:13.639528+00:00
2025-07-11 13:00:00+02:00,39.3475,2025-12-13 19:28:13.639528+00:00
2025-07-11 14:00:00+02:00,29.60625,2025-12-13 19:28:13.639528+00:00
2025-07-11 15:00:00+02:00,38.14125,2025-12-13 19:28:13.639528+00:00
2025-07-11 16:00:00+02:00,61.97875,2025-12-13 19:28:13.639528+00:00
2025-07-11 17:00:00+02:00,80.76875,2025-12-13 19:28:13.639528+00:00
2025-07-11 18:00:00+02:00,88.89375,2025-12-13 19:28:13.639528+00:00
2025-07-11 19:00:00+02:00,101.8575,2025-12-13 19:28:13.639528+00:00
2025-07-11 20:00:00+02:00,120.555,2025-12-13 19:28:13.639528+00:00
2025-07-11 21:00:00+02:00,120.47625,2025-12-13 19:28:13.639528+00:00
2025-07-11 22:00:00+02:00,113.13,2025-12-13 19:28:13.639528+00:00
2025-07-11 23:00:00+02:00,102.10499999999999,2025-12-13 19:28:13.639528+00:00
2025-07-12 00:00:00+02:00,106.995,2025-12-13 19:28:13.639528+00:00
2025-07-12 01:00:00+02:00,100.13499999999999,2025-12-13 19:28:13.639528+00:00
2025-07-12 02:00:00+02:00,98.215,2025-12-13 19:28:13.639528+00:00
2025-07-12 03:00:00+02:00,94.89125,2025-12-13 19:28:13.639528+00:00
2025-07-12 04:00:00+02:00,91.58375,2025-12-13 19:28:13.639528+00:00
2025-07-12 05:00:00+02:00,90.255,2025-12-13 19:28:13.639528+00:00
2025-07-12 06:00:00+02:00,85.72375,2025-12-13 19:28:13.639528+00:00
2025-07-12 07:00:00+02:00,88.34375,2025-12-13 19:28:13.639528+00:00
2025-07-12 08:00:00+02:00,80.52624999999999,2025-12-13 19:28:13.639528+00:00
2025-07-12 09:00:00+02:00,56.95125,2025-12-13 19:28:13.639528+00:00
2025-07-12 10:00:00+02:00,21.1825,2025-12-13 19:28:13.639528+00:00
2025-07-12 11:00:00+02:00,5.114999999999999,2025-12-13 19:28:13.639528+00:00
2025-07-12 12:00:00+02:00,0.9612499999999999,2025-12-13 19:28:13.639528+00:00
2025-07-12 13:00:00+02:00,0.43625000000000025,2025-12-13 19:28:13.639528+00:00
2025-07-12 14:00:00+02:00,0.2250000000000001,2025-12-13 19:28:13.639528+00:00
2025-07-12 15:00:00+02:00,1.30875,2025-12-13 19:28:13.639528+00:00
2025-07-12 16:00:00+02:00,16.71125,2025-12-13 19:28:13.639528+00:00
2025-07-12 17:00:00+02:00,61.7525,2025-12-13 19:28:13.639528+00:00
2025-07-12 18:00:00+02:00,96.99375,2025-12-13 19:28:13.639528+00:00
2025-07-12 19:00:00+02:00,103.51,2025-12-13 19:28:13.639528+00:00
2025-07-12 20:00:00+02:00,116.4375,2025-12-13 19:28:13.639528+00:00
2025-07-12 21:00:00+02:00,121.55875,2025-12-13 19:28:13.639528+00:00
2025-07-12 22:00:00+02:00,118.71,2025-12-13 19:28:13.639528+00:00
2025-07-12 23:00:00+02:00,110.24125000000001,2025-12-13 19:28:13.639528+00:00
2025-07-13 00:00:00+02:00,108.97749999999999,2025-12-13 19:28:13.639528+00:00
2025-07-13 01:00:00+02:00,104.23375,2025-12-13 19:28:13.639528+00:00
2025-07-13 02:00:00+02:00,102.36125,2025-12-13 19:28:13.639528+00:00
2025-07-13 03:00:00+02:00,101.2025,2025-12-13 19:28:13.639528+00:00
2025-07-13 04:00:00+02:00,99.99875,2025-12-13 19:28:13.639528+00:00
2025-07-13 05:00:00+02:00,98.1,2025-12-13 19:28:13.639528+00:00
2025-07-13 06:00:00+02:00,94.18125,2025-12-13 19:28:13.639528+00:00
2025-07-13 07:00:00+02:00,87.565,2025-12-13 19:28:13.639528+00:00
2025-07-13 08:00:00+02:00,78.19749999999999,2025-12-13 19:28:13.639528+00:00
2025-07-13 09:00:00+02:00,51.46125,2025-12-13 19:28:13.639528+00:00
2025-07-13 10:00:00+02:00,13.1775,2025-12-13 19:28:13.639528+00:00
2025-07-13 11:00:00+02:00,2.94125,2025-12-13 19:28:13.639528+00:00
2025-07-13 12:00:00+02:00,1.0012500000000002,2025-12-13 19:28:13.639528+00:00
2025-07-13 13:00:00+02:00,0.6037500000000001,2025-12-13 19:28:13.639528+00:00
2025-07-13 14:00:00+02:00,0.6687500000000002,2025-12-13 19:28:13.639528+00:00
2025-07-13 15:00:00+02:00,1.0375,2025-12-13 19:28:13.639528+00:00
2025-07-13 16:00:00+02:00,9.415,2025-12-13 19:28:13.639528+00:00
2025-07-13 17:00:00+02:00,67.725,2025-12-13 19:28:13.639528+00:00
2025-07-13 18:00:00+02:00,95.905,2025-12-13 19:28:13.639528+00:00
2025-07-13 19:00:00+02:00,111.725,2025-12-13 19:28:13.639528+00:00
2025-07-13 20:00:00+02:00,123.1,2025-12-13 19:28:13.639528+00:00
2025-07-13 21:00:00+02:00,131.4125,2025-12-13 19:28:13.639528+00:00
2025-07-13 22:00:00+02:00,127.25375,2025-12-13 19:28:13.639528+00:00
2025-07-13 23:00:00+02:00,113.23375,2025-12-13 19:28:13.639528+00:00
2025-07-14 00:00:00+02:00,109.27,2025-12-13 19:28:13.639528+00:00
2025-07-14 01:00:00+02:00,102.64,2025-12-13 19:28:13.639528+00:00
2025-07-14 02:00:00+02:00,97.555,2025-12-13 19:28:13.639528+00:00
2025-07-14 03:00:00+02:00,95.94624999999999,2025-12-13 19:28:13.639528+00:00
2025-07-14 04:00:00+02:00,98.85624999999999,2025-12-13 19:28:13.639528+00:00
2025-07-14 05:00:00+02:00,107.13625,2025-12-13 19:28:13.639528+00:00
2025-07-14 06:00:00+02:00,123.255,2025-12-13 19:28:13.639528+00:00
2025-07-14 07:00:00+02:00,126.54,2025-12-13 19:28:13.639528+00:00
2025-07-14 08:00:00+02:00,114.43125,2025-12-13 19:28:13.639528+00:00
2025-07-14 09:00:00+02:00,98.165,2025-12-13 19:28:13.639528+00:00
2025-07-14 10:00:00+02:00,87.94375,2025-12-13 19:28:13.639528+00:00
2025-07-14 11:00:00+02:00,81.2475,2025-12-13 19:28:13.639528+00:00
2025-07-14 12:00:00+02:00,73.54875,2025-12-13 19:28:13.639528+00:00
2025-07-14 13:00:00+02:00,66.1975,2025-12-13 19:28:13.639528+00:00
2025-07-14 14:00:00+02:00,61.99375,2025-12-13 19:28:13.639528+00:00
2025-07-14 15:00:00+02:00,62.269999999999996,2025-12-13 19:28:13.639528+00:00
2025-07-14 16:00:00+02:00,76.0025,2025-12-13 19:28:13.639528+00:00
2025-07-14 17:00:00+02:00,88.01625,2025-12-13 19:28:13.639528+00:00
2025-07-14 18:00:00+02:00,102.92125,2025-12-13 19:28:13.639528+00:00
2025-07-14 19:00:00+02:00,121.595,2025-12-13 19:28:13.639528+00:00
2025-07-14 20:00:00+02:00,149.26375000000002,2025-12-13 19:28:13.639528+00:00
2025-07-14 21:00:00+02:00,158.355,2025-12-13 19:28:13.639528+00:00
2025-07-14 22:00:00+02:00,129.95749999999998,2025-12-13 19:28:13.639528+00:00
2025-07-14 23:00:00+02:00,114.575,2025-12-13 19:28:13.639528+00:00
2025-07-15 00:00:00+02:00,106.185,2025-12-13 19:28:13.639528+00:00
2025-07-15 01:00:00+02:00,101.42125,2025-12-13 19:28:13.639528+00:00
2025-07-15 02:00:00+02:00,93.8275,2025-12-13 19:28:13.639528+00:00
2025-07-15 03:00:00+02:00,88.6175,2025-12-13 19:28:13.639528+00:00
2025-07-15 04:00:00+02:00,89.2325,2025-12-13 19:28:13.639528+00:00
2025-07-15 05:00:00+02:00,95.06,2025-12-13 19:28:13.639528+00:00
2025-07-15 06:00:00+02:00,111.28375,2025-12-13 19:28:13.639528+00:00
2025-07-15 07:00:00+02:00,113.97,2025-12-13 19:28:13.639528+00:00
2025-07-15 08:00:00+02:00,104.75875,2025-12-13 19:28:13.639528+00:00
2025-07-15 09:00:00+02:00,90.435,2025-12-13 19:28:13.639528+00:00
2025-07-15 10:00:00+02:00,76.3275,2025-12-13 19:28:13.639528+00:00
2025-07-15 11:00:00+02:00,66.02375,2025-12-13 19:28:13.639528+00:00
2025-07-15 12:00:00+02:00,58.0175,2025-12-13 19:28:13.639528+00:00
2025-07-15 13:00:00+02:00,45.295,2025-12-13 19:28:13.639528+00:00
2025-07-15 14:00:00+02:00,39.695,2025-12-13 19:28:13.639528+00:00
2025-07-15 15:00:00+02:00,47.026250000000005,2025-12-13 19:28:13.639528+00:00
2025-07-15 16:00:00+02:00,66.5525,2025-12-13 19:28:13.639528+00:00
2025-07-15 17:00:00+02:00,84.485,2025-12-13 19:28:13.639528+00:00
2025-07-15 18:00:00+02:00,98.28625,2025-12-13 19:28:13.639528+00:00
2025-07-15 19:00:00+02:00,109.33625,2025-12-13 19:28:13.639528+00:00
2025-07-15 20:00:00+02:00,127.69,2025-12-13 19:28:13.639528+00:00
2025-07-15 21:00:00+02:00,141.18,2025-12-13 19:28:13.639528+00:00
2025-07-15 22:00:00+02:00,122.93875,2025-12-13 19:28:13.639528+00:00
2025-07-15 23:00:00+02:00,112.375,2025-12-13 19:28:13.639528+00:00
2025-07-16 00:00:00+02:00,100.765,2025-12-13 19:28:13.639528+00:00
2025-07-16 01:00:00+02:00,95.22375,2025-12-13 19:28:13.639528+00:00
2025-07-16 02:00:00+02:00,88.83375000000001,2025-12-13 19:28:13.639528+00:00
2025-07-16 03:00:00+02:00,85.515,2025-12-13 19:28:13.639528+00:00
2025-07-16 04:00:00+02:00,86.03,2025-12-13 19:28:13.639528+00:00
2025-07-16 05:00:00+02:00,91.965,2025-12-13 19:28:13.639528+00:00
2025-07-16 06:00:00+02:00,106.64625,2025-12-13 19:28:13.639528+00:00
2025-07-16 07:00:00+02:00,112.22,2025-12-13 19:28:13.639528+00:00
2025-07-16 08:00:00+02:00,111.5475,2025-12-13 19:28:13.639528+00:00
2025-07-16 09:00:00+02:00,101.335,2025-12-13 19:28:13.639528+00:00
2025-07-16 10:00:00+02:00,91.89874999999999,2025-12-13 19:28:13.639528+00:00
2025-07-16 11:00:00+02:00,87.17500000000001,2025-12-13 19:28:13.639528+00:00
2025-07-16 12:00:00+02:00,80.73125,2025-12-13 19:28:13.639528+00:00
2025-07-16 13:00:00+02:00,76.26875,2025-12-13 19:28:13.639528+00:00
2025-07-16 14:00:00+02:00,65.9075,2025-12-13 19:28:13.639528+00:00
2025-07-16 15:00:00+02:00,68.39375,2025-12-13 19:28:13.639528+00:00
2025-07-16 16:00:00+02:00,79.7175,2025-12-13 19:28:13.639528+00:00
2025-07-16 17:00:00+02:00,89.8325,2025-12-13 19:28:13.639528+00:00
2025-07-16 18:00:00+02:00,97.245,2025-12-13 19:28:13.639528+00:00
2025-07-16 19:00:00+02:00,109.83500000000001,2025-12-13 19:28:13.639528+00:00
2025-07-16 20:00:00+02:00,121.71,2025-12-13 19:28:13.639528+00:00
2025-07-16 21:00:00+02:00,127.935,2025-12-13 19:28:13.639528+00:00
2025-07-16 22:00:00+02:00,121.35499999999999,2025-12-13 19:28:13.639528+00:00
2025-07-16 23:00:00+02:00,109.875,2025-12-13 19:28:13.639528+00:00
2025-07-17 00:00:00+02:00,103.26625,2025-12-13 19:28:13.639528+00:00
2025-07-17 01:00:00+02:00,97.1375,2025-12-13 19:28:13.639528+00:00
2025-07-17 02:00:00+02:00,90.94999999999999,2025-12-13 19:28:13.639528+00:00
2025-07-17 03:00:00+02:00,88.1875,2025-12-13 19:28:13.639528+00:00
2025-07-17 04:00:00+02:00,88.6975,2025-12-13 19:28:13.639528+00:00
2025-07-17 05:00:00+02:00,91.8,2025-12-13 19:28:13.639528+00:00
2025-07-17 06:00:00+02:00,106.18375,2025-12-13 19:28:13.639528+00:00
2025-07-17 07:00:00+02:00,110.5325,2025-12-13 19:28:13.639528+00:00
2025-07-17 08:00:00+02:00,107.14750000000001,2025-12-13 19:28:13.639528+00:00
2025-07-17 09:00:00+02:00,94.62875,2025-12-13 19:28:13.639528+00:00
2025-07-17 10:00:00+02:00,86.2,2025-12-13 19:28:13.639528+00:00
2025-07-17 11:00:00+02:00,75.1275,2025-12-13 19:28:13.639528+00:00
2025-07-17 12:00:00+02:00,69.1225,2025-12-13 19:28:13.639528+00:00
2025-07-17 13:00:00+02:00,57.339999999999996,2025-12-13 19:28:13.639528+00:00
2025-07-17 14:00:00+02:00,52.43875,2025-12-13 19:28:13.639528+00:00
2025-07-17 15:00:00+02:00,63.59,2025-12-13 19:28:13.639528+00:00
2025-07-17 16:00:00+02:00,74.08875,2025-12-13 19:28:13.639528+00:00
2025-07-17 17:00:00+02:00,84.35499999999999,2025-12-13 19:28:13.639528+00:00
2025-07-17 18:00:00+02:00,96.13125,2025-12-13 19:28:13.639528+00:00
2025-07-17 19:00:00+02:00,110.01625,2025-12-13 19:28:13.639528+00:00
2025-07-17 20:00:00+02:00,126.3875,2025-12-13 19:28:13.639528+00:00
2025-07-17 21:00:00+02:00,137.27125,2025-12-13 19:28:13.639528+00:00
2025-07-17 22:00:00+02:00,127.73375,2025-12-13 19:28:13.639528+00:00
2025-07-17 23:00:00+02:00,114.10125000000001,2025-12-13 19:28:13.639528+00:00
2025-07-18 00:00:00+02:00,107.75874999999999,2025-12-13 19:28:13.639528+00:00
2025-07-18 01:00:00+02:00,99.77625,2025-12-13 19:28:13.639528+00:00
2025-07-18 02:00:00+02:00,97.035,2025-12-13 19:28:13.639528+00:00
2025-07-18 03:00:00+02:00,96.665,2025-12-13 19:28:13.639528+00:00
2025-07-18 04:00:00+02:00,99.41875,2025-12-13 19:28:13.639528+00:00
2025-07-18 05:00:00+02:00,108.065,2025-12-13 19:28:13.639528+00:00
2025-07-18 06:00:00+02:00,118.85625,2025-12-13 19:28:13.639528+00:00
2025-07-18 07:00:00+02:00,119.53375,2025-12-13 19:28:13.639528+00:00
2025-07-18 08:00:00+02:00,111.0375,2025-12-13 19:28:13.639528+00:00
2025-07-18 09:00:00+02:00,99.06625,2025-12-13 19:28:13.639528+00:00
2025-07-18 10:00:00+02:00,87.63875,2025-12-13 19:28:13.639528+00:00
2025-07-18 11:00:00+02:00,82.92,2025-12-13 19:28:13.639528+00:00
2025-07-18 12:00:00+02:00,76.445,2025-12-13 19:28:13.639528+00:00
2025-07-18 13:00:00+02:00,68.99875,2025-12-13 19:28:13.639528+00:00
2025-07-18 14:00:00+02:00,67.075,2025-12-13 19:28:13.639528+00:00
2025-07-18 15:00:00+02:00,71.39,2025-12-13 19:28:13.639528+00:00
2025-07-18 16:00:00+02:00,80.16375,2025-12-13 19:28:13.639528+00:00
2025-07-18 17:00:00+02:00,88.035,2025-12-13 19:28:13.639528+00:00
2025-07-18 18:00:00+02:00,104.655,2025-12-13 19:28:13.639528+00:00
2025-07-18 19:00:00+02:00,125.14125,2025-12-13 19:28:13.639528+00:00
2025-07-18 20:00:00+02:00,159.5875,2025-12-13 19:28:13.639528+00:00
2025-07-18 21:00:00+02:00,155.17875,2025-12-13 19:28:13.639528+00:00
2025-07-18 22:00:00+02:00,127.97749999999999,2025-12-13 19:28:13.639528+00:00
2025-07-18 23:00:00+02:00,114.5325,2025-12-13 19:28:13.639528+00:00
2025-07-19 00:00:00+02:00,111.1725,2025-12-13 19:28:13.639528+00:00
2025-07-19 01:00:00+02:00,106.98875,2025-12-13 19:28:13.639528+00:00
2025-07-19 02:00:00+02:00,103.895,2025-12-13 19:28:13.639528+00:00
2025-07-19 03:00:00+02:00,102.84875,2025-12-13 19:28:13.639528+00:00
2025-07-19 04:00:00+02:00,100.22375,2025-12-13 19:28:13.639528+00:00
2025-07-19 05:00:00+02:00,97.795,2025-12-13 19:28:13.639528+00:00
2025-07-19 06:00:00+02:00,99.735,2025-12-13 19:28:13.639528+00:00
2025-07-19 07:00:00+02:00,90.345,2025-12-13 19:28:13.639528+00:00
2025-07-19 08:00:00+02:00,81.31,2025-12-13 19:28:13.639528+00:00
2025-07-19 09:00:00+02:00,59.7375,2025-12-13 19:28:13.639528+00:00
2025-07-19 10:00:00+02:00,14.45875,2025-12-13 19:28:13.639528+00:00
2025-07-19 11:00:00+02:00,2.3487499999999994,2025-12-13 19:28:13.639528+00:00
2025-07-19 12:00:00+02:00,0.6312500000000001,2025-12-13 19:28:13.639528+00:00
2025-07-19 13:00:00+02:00,-0.29000000000000004,2025-12-13 19:28:13.639528+00:00
2025-07-19 14:00:00+02:00,-0.2749999999999999,2025-12-13 19:28:13.639528+00:00
2025-07-19 15:00:00+02:00,3.04875,2025-12-13 19:28:13.639528+00:00
2025-07-19 16:00:00+02:00,33.6,2025-12-13 19:28:13.639528+00:00
2025-07-19 17:00:00+02:00,78.66624999999999,2025-12-13 19:28:13.639528+00:00
2025-07-19 18:00:00+02:00,98.7775,2025-12-13 19:28:13.639528+00:00
2025-07-19 19:00:00+02:00,115.1225,2025-12-13 19:28:13.639528+00:00
2025-07-19 20:00:00+02:00,117.33500000000001,2025-12-13 19:28:13.639528+00:00
2025-07-19 21:00:00+02:00,115.28999999999999,2025-12-13 19:28:13.639528+00:00
2025-07-19 22:00:00+02:00,108.61625,2025-12-13 19:28:13.639528+00:00
2025-07-19 23:00:00+02:00,100.29875,2025-12-13 19:28:13.639528+00:00
2025-07-20 00:00:00+02:00,93.64625000000001,2025-12-13 19:28:13.639528+00:00
2025-07-20 01:00:00+02:00,91.4325,2025-12-13 19:28:13.639528+00:00
2025-07-20 02:00:00+02:00,89.9725,2025-12-13 19:28:13.639528+00:00
2025-07-20 03:00:00+02:00,95.47999999999999,2025-12-13 19:28:13.639528+00:00
2025-07-20 04:00:00+02:00,97.295,2025-12-13 19:28:13.639528+00:00
2025-07-20 05:00:00+02:00,96.705,2025-12-13 19:28:13.639528+00:00
2025-07-20 06:00:00+02:00,93.6,2025-12-13 19:28:13.639528+00:00
2025-07-20 07:00:00+02:00,81.98625,2025-12-13 19:28:13.639528+00:00
2025-07-20 08:00:00+02:00,77.97875,2025-12-13 19:28:13.639528+00:00
2025-07-20 09:00:00+02:00,50.49125,2025-12-13 19:28:13.639528+00:00
2025-07-20 10:00:00+02:00,11.6175,2025-12-13 19:28:13.639528+00:00
2025-07-20 11:00:00+02:00,2.185,2025-12-13 19:28:13.639528+00:00
2025-07-20 12:00:00+02:00,0.8999999999999999,2025-12-13 19:28:13.639528+00:00
2025-07-20 13:00:00+02:00,0.5937500000000002,2025-12-13 19:28:13.639528+00:00
2025-07-20 14:00:00+02:00,1.05125,2025-12-13 19:28:13.639528+00:00
2025-07-20 15:00:00+02:00,12.094999999999999,2025-12-13 19:28:13.639528+00:00
2025-07-20 16:00:00+02:00,61.7425,2025-12-13 19:28:13.639528+00:00
2025-07-20 17:00:00+02:00,87.98875,2025-12-13 19:28:13.639528+00:00
2025-07-20 18:00:00+02:00,103.68,2025-12-13 19:28:13.639528+00:00
2025-07-20 19:00:00+02:00,116.89874999999999,2025-12-13 19:28:13.639528+00:00
2025-07-20 20:00:00+02:00,121.63875,2025-12-13 19:28:13.639528+00:00
2025-07-20 21:00:00+02:00,123.60499999999999,2025-12-13 19:28:13.639528+00:00
2025-07-20 22:00:00+02:00,119.14999999999999,2025-12-13 19:28:13.639528+00:00
2025-07-20 23:00:00+02:00,108.46,2025-12-13 19:28:13.639528+00:00
2025-07-21 00:00:00+02:00,94.90375,2025-12-13 19:28:13.639528+00:00
2025-07-21 01:00:00+02:00,88.94375000000001,2025-12-13 19:28:13.639528+00:00
2025-07-21 02:00:00+02:00,90.62625,2025-12-13 19:28:13.639528+00:00
2025-07-21 03:00:00+02:00,90.8125,2025-12-13 19:28:13.639528+00:00
2025-07-21 04:00:00+02:00,91.215,2025-12-13 19:28:13.639528+00:00
2025-07-21 05:00:00+02:00,99.5975,2025-12-13 19:28:13.639528+00:00
2025-07-21 06:00:00+02:00,114.42999999999999,2025-12-13 19:28:13.639528+00:00
2025-07-21 07:00:00+02:00,127.6675,2025-12-13 19:28:13.639528+00:00
2025-07-21 08:00:00+02:00,119.65875,2025-12-13 19:28:13.639528+00:00
2025-07-21 09:00:00+02:00,106.32000000000001,2025-12-13 19:28:13.639528+00:00
2025-07-21 10:00:00+02:00,100.99374999999999,2025-12-13 19:28:13.639528+00:00
2025-07-21 11:00:00+02:00,95.93875,2025-12-13 19:28:13.639528+00:00
2025-07-21 12:00:00+02:00,87.7825,2025-12-13 19:28:13.639528+00:00
2025-07-21 13:00:00+02:00,85.11500000000001,2025-12-13 19:28:13.639528+00:00
2025-07-21 14:00:00+02:00,86.795,2025-12-13 19:28:13.639528+00:00
2025-07-21 15:00:00+02:00,87.59125,2025-12-13 19:28:13.639528+00:00
2025-07-21 16:00:00+02:00,90.4875,2025-12-13 19:28:13.639528+00:00
2025-07-21 17:00:00+02:00,99.03,2025-12-13 19:28:13.639528+00:00
2025-07-21 18:00:00+02:00,104.40875,2025-12-13 19:28:13.639528+00:00
2025-07-21 19:00:00+02:00,115.845,2025-12-13 19:28:13.639528+00:00
2025-07-21 20:00:00+02:00,125.53125,2025-12-13 19:28:13.639528+00:00
2025-07-21 21:00:00+02:00,120.45125,2025-12-13 19:28:13.639528+00:00
2025-07-21 22:00:00+02:00,109.28375,2025-12-13 19:28:13.639528+00:00
2025-07-21 23:00:00+02:00,98.97,2025-12-13 19:28:13.639528+00:00
2025-07-22 00:00:00+02:00,94.04375,2025-12-13 19:28:13.639528+00:00
2025-07-22 01:00:00+02:00,88.94625,2025-12-13 19:28:13.639528+00:00
2025-07-22 02:00:00+02:00,87.74000000000001,2025-12-13 19:28:13.639528+00:00
2025-07-22 03:00:00+02:00,85.04875,2025-12-13 19:28:13.639528+00:00
2025-07-22 04:00:00+02:00,83.57625,2025-12-13 19:28:13.639528+00:00
2025-07-22 05:00:00+02:00,90.41375,2025-12-13 19:28:13.639528+00:00
2025-07-22 06:00:00+02:00,105.14125,2025-12-13 19:28:13.639528+00:00
2025-07-22 07:00:00+02:00,108.3725,2025-12-13 19:28:13.639528+00:00
2025-07-22 08:00:00+02:00,101.44874999999999,2025-12-13 19:28:13.639528+00:00
2025-07-22 09:00:00+02:00,91.6125,2025-12-13 19:28:13.639528+00:00
2025-07-22 10:00:00+02:00,79.58500000000001,2025-12-13 19:28:13.639528+00:00
2025-07-22 11:00:00+02:00,68.41624999999999,2025-12-13 19:28:13.639528+00:00
2025-07-22 12:00:00+02:00,42.385,2025-12-13 19:28:13.639528+00:00
2025-07-22 13:00:00+02:00,11.205,2025-12-13 19:28:13.639528+00:00
2025-07-22 14:00:00+02:00,4.983750000000001,2025-12-13 19:28:13.639528+00:00
2025-07-22 15:00:00+02:00,9.1425,2025-12-13 19:28:13.639528+00:00
2025-07-22 16:00:00+02:00,35.72,2025-12-13 19:28:13.639528+00:00
2025-07-22 17:00:00+02:00,75.65625,2025-12-13 19:28:13.639528+00:00
2025-07-22 18:00:00+02:00,89.2825,2025-12-13 19:28:13.639528+00:00
2025-07-22 19:00:00+02:00,106.04875,2025-12-13 19:28:13.639528+00:00
2025-07-22 20:00:00+02:00,116.32875,2025-12-13 19:28:13.639528+00:00
2025-07-22 21:00:00+02:00,115.365,2025-12-13 19:28:13.639528+00:00
2025-07-22 22:00:00+02:00,108.79,2025-12-13 19:28:13.639528+00:00
2025-07-22 23:00:00+02:00,101.30000000000001,2025-12-13 19:28:13.639528+00:00
2025-07-23 00:00:00+02:00,88.795,2025-12-13 19:28:13.639528+00:00
2025-07-23 01:00:00+02:00,81.88374999999999,2025-12-13 19:28:13.639528+00:00
2025-07-23 02:00:00+02:00,79.25,2025-12-13 19:28:13.639528+00:00
2025-07-23 03:00:00+02:00,77.17,2025-12-13 19:28:13.639528+00:00
2025-07-23 04:00:00+02:00,78.21,2025-12-13 19:28:13.639528+00:00
2025-07-23 05:00:00+02:00,81.82,2025-12-13 19:28:13.639528+00:00
2025-07-23 06:00:00+02:00,93.95625,2025-12-13 19:28:13.639528+00:00
2025-07-23 07:00:00+02:00,101.7,2025-12-13 19:28:13.639528+00:00
2025-07-23 08:00:00+02:00,96.06,2025-12-13 19:28:13.639528+00:00
2025-07-23 09:00:00+02:00,82.97,2025-12-13 19:28:13.639528+00:00
2025-07-23 10:00:00+02:00,64.0275,2025-12-13 19:28:13.639528+00:00
2025-07-23 11:00:00+02:00,49.3075,2025-12-13 19:28:13.639528+00:00
2025-07-23 12:00:00+02:00,29.61375,2025-12-13 19:28:13.639528+00:00
2025-07-23 13:00:00+02:00,20.8625,2025-12-13 19:28:13.639528+00:00
2025-07-23 14:00:00+02:00,22.9125,2025-12-13 19:28:13.639528+00:00
2025-07-23 15:00:00+02:00,39.25125,2025-12-13 19:28:13.639528+00:00
2025-07-23 16:00:00+02:00,65.48125,2025-12-13 19:28:13.639528+00:00
2025-07-23 17:00:00+02:00,77.32,2025-12-13 19:28:13.639528+00:00
2025-07-23 18:00:00+02:00,90.34375,2025-12-13 19:28:13.639528+00:00
2025-07-23 19:00:00+02:00,108.145,2025-12-13 19:28:13.639528+00:00
2025-07-23 20:00:00+02:00,117.73375,2025-12-13 19:28:13.639528+00:00
2025-07-23 21:00:00+02:00,119.4675,2025-12-13 19:28:13.639528+00:00
2025-07-23 22:00:00+02:00,113.14750000000001,2025-12-13 19:28:13.639528+00:00
2025-07-23 23:00:00+02:00,104.57875,2025-12-13 19:28:13.639528+00:00
2025-07-24 00:00:00+02:00,98.82875,2025-12-13 19:28:13.639528+00:00
2025-07-24 01:00:00+02:00,95.9125,2025-12-13 19:28:13.639528+00:00
2025-07-24 02:00:00+02:00,91.475,2025-12-13 19:28:13.639528+00:00
2025-07-24 03:00:00+02:00,90.545,2025-12-13 19:28:13.639528+00:00
2025-07-24 04:00:00+02:00,93.28750000000001,2025-12-13 19:28:13.639528+00:00
2025-07-24 05:00:00+02:00,100.82375,2025-12-13 19:28:13.639528+00:00
2025-07-24 06:00:00+02:00,112.8125,2025-12-13 19:28:13.639528+00:00
2025-07-24 07:00:00+02:00,119.22375,2025-12-13 19:28:13.639528+00:00
2025-07-24 08:00:00+02:00,110.23625,2025-12-13 19:28:13.639528+00:00
2025-07-24 09:00:00+02:00,96.79125,2025-12-13 19:28:13.639528+00:00
2025-07-24 10:00:00+02:00,89.82375,2025-12-13 19:28:13.639528+00:00
2025-07-24 11:00:00+02:00,85.89375,2025-12-13 19:28:13.639528+00:00
2025-07-24 12:00:00+02:00,84.58500000000001,2025-12-13 19:28:13.639528+00:00
2025-07-24 13:00:00+02:00,83.29375,2025-12-13 19:28:13.639528+00:00
2025-07-24 14:00:00+02:00,83.52875,2025-12-13 19:28:13.639528+00:00
2025-07-24 15:00:00+02:00,85.89625,2025-12-13 19:28:13.639528+00:00
2025-07-24 16:00:00+02:00,91.145,2025-12-13 19:28:13.639528+00:00
2025-07-24 17:00:00+02:00,98.4075,2025-12-13 19:28:13.639528+00:00
2025-07-24 18:00:00+02:00,107.825,2025-12-13 19:28:13.639528+00:00
2025-07-24 19:00:00+02:00,124.4,2025-12-13 19:28:13.639528+00:00
2025-07-24 20:00:00+02:00,150.70875,2025-12-13 19:28:13.639528+00:00
2025-07-24 21:00:00+02:00,140.68125,2025-12-13 19:28:13.639528+00:00
2025-07-24 22:00:00+02:00,119.84875,2025-12-13 19:28:13.639528+00:00
2025-07-24 23:00:00+02:00,109.21875,2025-12-13 19:28:13.639528+00:00
2025-07-25 00:00:00+02:00,107.91,2025-12-13 19:28:13.639528+00:00
2025-07-25 01:00:00+02:00,101.58875,2025-12-13 19:28:13.639528+00:00
2025-07-25 02:00:00+02:00,96.68,2025-12-13 19:28:13.639528+00:00
2025-07-25 03:00:00+02:00,93.85249999999999,2025-12-13 19:28:13.639528+00:00
2025-07-25 04:00:00+02:00,95.5975,2025-12-13 19:28:13.639528+00:00
2025-07-25 05:00:00+02:00,98.55125,2025-12-13 19:28:13.639528+00:00
2025-07-25 06:00:00+02:00,109.72875,2025-12-13 19:28:13.639528+00:00
2025-07-25 07:00:00+02:00,114.47625000000001,2025-12-13 19:28:13.639528+00:00
2025-07-25 08:00:00+02:00,109.6325,2025-12-13 19:28:13.639528+00:00
2025-07-25 09:00:00+02:00,97.985,2025-12-13 19:28:13.639528+00:00
2025-07-25 10:00:00+02:00,92.65375,2025-12-13 19:28:13.639528+00:00
2025-07-25 11:00:00+02:00,84.64500000000001,2025-12-13 19:28:13.639528+00:00
2025-07-25 12:00:00+02:00,82.295,2025-12-13 19:28:13.639528+00:00
2025-07-25 13:00:00+02:00,76.75750000000001,2025-12-13 19:28:13.639528+00:00
2025-07-25 14:00:00+02:00,74.68875,2025-12-13 19:28:13.639528+00:00
2025-07-25 15:00:00+02:00,76.32375,2025-12-13 19:28:13.639528+00:00
2025-07-25 16:00:00+02:00,81.23875000000001,2025-12-13 19:28:13.639528+00:00
2025-07-25 17:00:00+02:00,85.9575,2025-12-13 19:28:13.639528+00:00
2025-07-25 18:00:00+02:00,95.03375,2025-12-13 19:28:13.639528+00:00
2025-07-25 19:00:00+02:00,105.45,2025-12-13 19:28:13.639528+00:00
2025-07-25 20:00:00+02:00,116.8525,2025-12-13 19:28:13.639528+00:00
2025-07-25 21:00:00+02:00,123.03625,2025-12-13 19:28:13.639528+00:00
2025-07-25 22:00:00+02:00,113.67125,2025-12-13 19:28:13.639528+00:00
2025-07-25 23:00:00+02:00,108.145,2025-12-13 19:28:13.639528+00:00
2025-07-26 00:00:00+02:00,105.23625,2025-12-13 19:28:13.639528+00:00
2025-07-26 01:00:00+02:00,100.3125,2025-12-13 19:28:13.639528+00:00
2025-07-26 02:00:00+02:00,97.54875,2025-12-13 19:28:13.639528+00:00
2025-07-26 03:00:00+02:00,96.95125,2025-12-13 19:28:13.639528+00:00
2025-07-26 04:00:00+02:00,96.97,2025-12-13 19:28:13.639528+00:00
2025-07-26 05:00:00+02:00,95.88,2025-12-13 19:28:13.639528+00:00
2025-07-26 06:00:00+02:00,96.15,2025-12-13 19:28:13.639528+00:00
2025-07-26 07:00:00+02:00,94.9275,2025-12-13 19:28:13.639528+00:00
2025-07-26 08:00:00+02:00,89.97999999999999,2025-12-13 19:28:13.639528+00:00
2025-07-26 09:00:00+02:00,86.55,2025-12-13 19:28:13.639528+00:00
2025-07-26 10:00:00+02:00,76.9725,2025-12-13 19:28:13.639528+00:00
2025-07-26 11:00:00+02:00,69.82,2025-12-13 19:28:13.639528+00:00
2025-07-26 12:00:00+02:00,62.45125,2025-12-13 19:28:13.639528+00:00
2025-07-26 13:00:00+02:00,49.22875,2025-12-13 19:28:13.639528+00:00
2025-07-26 14:00:00+02:00,47.83625,2025-12-13 19:28:13.639528+00:00
2025-07-26 15:00:00+02:00,62.834999999999994,2025-12-13 19:28:13.639528+00:00
2025-07-26 16:00:00+02:00,74.305,2025-12-13 19:28:13.639528+00:00
2025-07-26 17:00:00+02:00,86.5,2025-12-13 19:28:13.639528+00:00
2025-07-26 18:00:00+02:00,98.66,2025-12-13 19:28:13.639528+00:00
2025-07-26 19:00:00+02:00,108.97625,2025-12-13 19:28:13.639528+00:00
2025-07-26 20:00:00+02:00,122.49875,2025-12-13 19:28:13.639528+00:00
2025-07-26 21:00:00+02:00,121.76375,2025-12-13 19:28:13.639528+00:00
2025-07-26 22:00:00+02:00,113.22,2025-12-13 19:28:13.639528+00:00
2025-07-26 23:00:00+02:00,105.73875,2025-12-13 19:28:13.639528+00:00
2025-07-27 00:00:00+02:00,103.1875,2025-12-13 19:28:13.639528+00:00
2025-07-27 01:00:00+02:00,99.135,2025-12-13 19:28:13.639528+00:00
2025-07-27 02:00:00+02:00,95.46000000000001,2025-12-13 19:28:13.639528+00:00
2025-07-27 03:00:00+02:00,92.99875,2025-12-13 19:28:13.639528+00:00
2025-07-27 04:00:00+02:00,92.745,2025-12-13 19:28:13.639528+00:00
2025-07-27 05:00:00+02:00,91.535,2025-12-13 19:28:13.639528+00:00
2025-07-27 06:00:00+02:00,89.48750000000001,2025-12-13 19:28:13.639528+00:00
2025-07-27 07:00:00+02:00,86.64,2025-12-13 19:28:13.639528+00:00
2025-07-27 08:00:00+02:00,82.7425,2025-12-13 19:28:13.639528+00:00
2025-07-27 09:00:00+02:00,77.26875,2025-12-13 19:28:13.639528+00:00
2025-07-27 10:00:00+02:00,68.7975,2025-12-13 19:28:13.639528+00:00
2025-07-27 11:00:00+02:00,65.255,2025-12-13 19:28:13.639528+00:00
2025-07-27 12:00:00+02:00,48.3375,2025-12-13 19:28:13.639528+00:00
2025-07-27 13:00:00+02:00,18.415,2025-12-13 19:28:13.639528+00:00
2025-07-27 14:00:00+02:00,14.6425,2025-12-13 19:28:13.639528+00:00
2025-07-27 15:00:00+02:00,25.6425,2025-12-13 19:28:13.639528+00:00
2025-07-27 16:00:00+02:00,50.725,2025-12-13 19:28:13.639528+00:00
2025-07-27 17:00:00+02:00,77.3875,2025-12-13 19:28:13.639528+00:00
2025-07-27 18:00:00+02:00,94.325,2025-12-13 19:28:13.639528+00:00
2025-07-27 19:00:00+02:00,103.555,2025-12-13 19:28:13.639528+00:00
2025-07-27 20:00:00+02:00,107.575,2025-12-13 19:28:13.639528+00:00
2025-07-27 21:00:00+02:00,111.97999999999999,2025-12-13 19:28:13.639528+00:00
2025-07-27 22:00:00+02:00,106.0025,2025-12-13 19:28:13.639528+00:00
2025-07-27 23:00:00+02:00,98.89,2025-12-13 19:28:13.639528+00:00
2025-07-28 00:00:00+02:00,96.2375,2025-12-13 19:28:13.639528+00:00
2025-07-28 01:00:00+02:00,89.85,2025-12-13 19:28:13.639528+00:00
2025-07-28 02:00:00+02:00,84.6675,2025-12-13 19:28:13.639528+00:00
2025-07-28 03:00:00+02:00,82.645,2025-12-13 19:28:13.639528+00:00
2025-07-28 04:00:00+02:00,82.15625,2025-12-13 19:28:13.639528+00:00
2025-07-28 05:00:00+02:00,89.15125,2025-12-13 19:28:13.639528+00:00
2025-07-28 06:00:00+02:00,107.23875,2025-12-13 19:28:13.639528+00:00
2025-07-28 07:00:00+02:00,118.81125,2025-12-13 19:28:13.639528+00:00
2025-07-28 08:00:00+02:00,111.57625,2025-12-13 19:28:13.639528+00:00
2025-07-28 09:00:00+02:00,102.5275,2025-12-13 19:28:13.639528+00:00
2025-07-28 10:00:00+02:00,92.0625,2025-12-13 19:28:13.639528+00:00
2025-07-28 11:00:00+02:00,83.59,2025-12-13 19:28:13.639528+00:00
2025-07-28 12:00:00+02:00,74.46000000000001,2025-12-13 19:28:13.639528+00:00
2025-07-28 13:00:00+02:00,67.69375,2025-12-13 19:28:13.639528+00:00
2025-07-28 14:00:00+02:00,56.7725,2025-12-13 19:28:13.639528+00:00
2025-07-28 15:00:00+02:00,58.83,2025-12-13 19:28:13.639528+00:00
2025-07-28 16:00:00+02:00,65.00125,2025-12-13 19:28:13.639528+00:00
2025-07-28 17:00:00+02:00,80.35249999999999,2025-12-13 19:28:13.639528+00:00
2025-07-28 18:00:00+02:00,91.27625,2025-12-13 19:28:13.639528+00:00
2025-07-28 19:00:00+02:00,100.14875,2025-12-13 19:28:13.639528+00:00
2025-07-28 20:00:00+02:00,111.27125,2025-12-13 19:28:13.639528+00:00
2025-07-28 21:00:00+02:00,110.16,2025-12-13 19:28:13.639528+00:00
2025-07-28 22:00:00+02:00,101.23125,2025-12-13 19:28:13.639528+00:00
2025-07-28 23:00:00+02:00,90.37125,2025-12-13 19:28:13.639528+00:00
2025-07-29 00:00:00+02:00,85.26125,2025-12-13 19:28:13.639528+00:00
2025-07-29 01:00:00+02:00,82.2975,2025-12-13 19:28:13.639528+00:00
2025-07-29 02:00:00+02:00,80.10000000000001,2025-12-13 19:28:13.639528+00:00
2025-07-29 03:00:00+02:00,79.1875,2025-12-13 19:28:13.639528+00:00
2025-07-29 04:00:00+02:00,80.42625,2025-12-13 19:28:13.639528+00:00
2025-07-29 05:00:00+02:00,87.1825,2025-12-13 19:28:13.639528+00:00
2025-07-29 06:00:00+02:00,98.1775,2025-12-13 19:28:13.639528+00:00
2025-07-29 07:00:00+02:00,105.02125,2025-12-13 19:28:13.639528+00:00
2025-07-29 08:00:00+02:00,97.55749999999999,2025-12-13 19:28:13.639528+00:00
2025-07-29 09:00:00+02:00,85.35,2025-12-13 19:28:13.639528+00:00
2025-07-29 10:00:00+02:00,70.24875,2025-12-13 19:28:13.639528+00:00
2025-07-29 11:00:00+02:00,55.935,2025-12-13 19:28:13.639528+00:00
2025-07-29 12:00:00+02:00,31.751250000000002,2025-12-13 19:28:13.639528+00:00
2025-07-29 13:00:00+02:00,8.30875,2025-12-13 19:28:13.639528+00:00
2025-07-29 14:00:00+02:00,5.15,2025-12-13 19:28:13.639528+00:00
2025-07-29 15:00:00+02:00,13.61,2025-12-13 19:28:13.639528+00:00
2025-07-29 16:00:00+02:00,46.427499999999995,2025-12-13 19:28:13.639528+00:00
2025-07-29 17:00:00+02:00,78.57124999999999,2025-12-13 19:28:13.639528+00:00
2025-07-29 18:00:00+02:00,94.7925,2025-12-13 19:28:13.639528+00:00
2025-07-29 19:00:00+02:00,104.09875,2025-12-13 19:28:13.639528+00:00
2025-07-29 20:00:00+02:00,124.72,2025-12-13 19:28:13.639528+00:00
2025-07-29 21:00:00+02:00,124.045,2025-12-13 19:28:13.639528+00:00
2025-07-29 22:00:00+02:00,111.97125,2025-12-13 19:28:13.639528+00:00
2025-07-29 23:00:00+02:00,100.05749999999999,2025-12-13 19:28:13.639528+00:00
2025-07-30 00:00:00+02:00,93.96125,2025-12-13 19:28:13.639528+00:00
2025-07-30 01:00:00+02:00,89.93875,2025-12-13 19:28:13.639528+00:00
2025-07-30 02:00:00+02:00,86.77125000000001,2025-12-13 19:28:13.639528+00:00
2025-07-30 03:00:00+02:00,84.16125,2025-12-13 19:28:13.639528+00:00
2025-07-30 04:00:00+02:00,84.78625,2025-12-13 19:28:13.639528+00:00
2025-07-30 05:00:00+02:00,92.4975,2025-12-13 19:28:13.639528+00:00
2025-07-30 06:00:00+02:00,99.19125,2025-12-13 19:28:13.639528+00:00
2025-07-30 07:00:00+02:00,99.835,2025-12-13 19:28:13.639528+00:00
2025-07-30 08:00:00+02:00,94.44,2025-12-13 19:28:13.639528+00:00
2025-07-30 09:00:00+02:00,80.06,2025-12-13 19:28:13.639528+00:00
2025-07-30 10:00:00+02:00,67.595,2025-12-13 19:28:13.639528+00:00
2025-07-30 11:00:00+02:00,52.4925,2025-12-13 19:28:13.639528+00:00
2025-07-30 12:00:00+02:00,35.6725,2025-12-13 19:28:13.639528+00:00
2025-07-30 13:00:00+02:00,24.61625,2025-12-13 19:28:13.639528+00:00
2025-07-30 14:00:00+02:00,16.85,2025-12-13 19:28:13.639528+00:00
2025-07-30 15:00:00+02:00,31.236250000000002,2025-12-13 19:28:13.639528+00:00
2025-07-30 16:00:00+02:00,51.775,2025-12-13 19:28:13.639528+00:00
2025-07-30 17:00:00+02:00,76.79,2025-12-13 19:28:13.639528+00:00
2025-07-30 18:00:00+02:00,93.00625,2025-12-13 19:28:13.639528+00:00
2025-07-30 19:00:00+02:00,101.28,2025-12-13 19:28:13.639528+00:00
2025-07-30 20:00:00+02:00,111.54249999999999,2025-12-13 19:28:13.639528+00:00
2025-07-30 21:00:00+02:00,109.3825,2025-12-13 19:28:13.639528+00:00
2025-07-30 22:00:00+02:00,104.195,2025-12-13 19:28:13.639528+00:00
2025-07-30 23:00:00+02:00,92.95625,2025-12-13 19:28:13.639528+00:00
2025-07-31 00:00:00+02:00,89.965,2025-12-13 19:28:13.639528+00:00
2025-07-31 01:00:00+02:00,81.70875,2025-12-13 19:28:13.639528+00:00
2025-07-31 02:00:00+02:00,79.83500000000001,2025-12-13 19:28:13.639528+00:00
2025-07-31 03:00:00+02:00,78.435,2025-12-13 19:28:13.639528+00:00
2025-07-31 04:00:00+02:00,79.85625,2025-12-13 19:28:13.639528+00:00
2025-07-31 05:00:00+02:00,85.055,2025-12-13 19:28:13.639528+00:00
2025-07-31 06:00:00+02:00,94.5925,2025-12-13 19:28:13.639528+00:00
2025-07-31 07:00:00+02:00,100.0375,2025-12-13 19:28:13.639528+00:00
2025-07-31 08:00:00+02:00,98.12,2025-12-13 19:28:13.639528+00:00
2025-07-31 09:00:00+02:00,89.86375,2025-12-13 19:28:13.639528+00:00
2025-07-31 10:00:00+02:00,75.385,2025-12-13 19:28:13.639528+00:00
2025-07-31 11:00:00+02:00,70.57125,2025-12-13 19:28:13.639528+00:00
2025-07-31 12:00:00+02:00,59.76,2025-12-13 19:28:13.639528+00:00
2025-07-31 13:00:00+02:00,42.85125,2025-12-13 19:28:13.639528+00:00
2025-07-31 14:00:00+02:00,33.838750000000005,2025-12-13 19:28:13.639528+00:00
2025-07-31 15:00:00+02:00,50.97,2025-12-13 19:28:13.639528+00:00
2025-07-31 16:00:00+02:00,67.88125000000001,2025-12-13 19:28:13.639528+00:00
2025-07-31 17:00:00+02:00,84.09125,2025-12-13 19:28:13.639528+00:00
2025-07-31 18:00:00+02:00,96.96375,2025-12-13 19:28:13.639528+00:00
2025-07-31 19:00:00+02:00,106.9425,2025-12-13 19:28:13.639528+00:00
2025-07-31 20:00:00+02:00,126.50125,2025-12-13 19:28:13.639528+00:00
2025-07-31 21:00:00+02:00,122.19375,2025-12-13 19:28:13.639528+00:00
2025-07-31 22:00:00+02:00,113.08125,2025-12-13 19:28:13.639528+00:00
2025-07-31 23:00:00+02:00,102.42375,2025-12-13 19:28:13.639528+00:00
2025-08-01 00:00:00+02:00,103.2125,2025-12-13 19:28:13.639528+00:00
2025-08-01 01:00:00+02:00,96.5975,2025-12-13 19:28:13.639528+00:00
2025-08-01 02:00:00+02:00,92.4825,2025-12-13 19:28:13.639528+00:00
2025-08-01 03:00:00+02:00,88.90125,2025-12-13 19:28:13.639528+00:00
2025-08-01 04:00:00+02:00,92.0675,2025-12-13 19:28:13.639528+00:00
2025-08-01 05:00:00+02:00,98.21375,2025-12-13 19:28:13.639528+00:00
2025-08-01 06:00:00+02:00,109.515,2025-12-13 19:28:13.639528+00:00
2025-08-01 07:00:00+02:00,111.53375,2025-12-13 19:28:13.639528+00:00
2025-08-01 08:00:00+02:00,107.06,2025-12-13 19:28:13.639528+00:00
2025-08-01 09:00:00+02:00,102.3475,2025-12-13 19:28:13.639528+00:00
2025-08-01 10:00:00+02:00,95.7025,2025-12-13 19:28:13.639528+00:00
2025-08-01 11:00:00+02:00,84.45125,2025-12-13 19:28:13.639528+00:00
2025-08-01 12:00:00+02:00,74.57875,2025-12-13 19:28:13.639528+00:00
2025-08-01 13:00:00+02:00,60.84125,2025-12-13 19:28:13.639528+00:00
2025-08-01 14:00:00+02:00,52.66875,2025-12-13 19:28:13.639528+00:00
2025-08-01 15:00:00+02:00,54.448750000000004,2025-12-13 19:28:13.639528+00:00
2025-08-01 16:00:00+02:00,69.42125,2025-12-13 19:28:13.639528+00:00
2025-08-01 17:00:00+02:00,84.6575,2025-12-13 19:28:13.639528+00:00
2025-08-01 18:00:00+02:00,96.8775,2025-12-13 19:28:13.639528+00:00
2025-08-01 19:00:00+02:00,107.49875,2025-12-13 19:28:13.639528+00:00
2025-08-01 20:00:00+02:00,119.855,2025-12-13 19:28:13.639528+00:00
2025-08-01 21:00:00+02:00,119.07375,2025-12-13 19:28:13.639528+00:00
2025-08-01 22:00:00+02:00,110.46,2025-12-13 19:28:13.639528+00:00
2025-08-01 23:00:00+02:00,103.95625,2025-12-13 19:28:13.639528+00:00
2025-08-02 00:00:00+02:00,104.15,2025-12-13 19:28:13.639528+00:00
2025-08-02 01:00:00+02:00,98.25999999999999,2025-12-13 19:28:13.639528+00:00
2025-08-02 02:00:00+02:00,96.16250000000001,2025-12-13 19:28:13.639528+00:00
2025-08-02 03:00:00+02:00,92.10125,2025-12-13 19:28:13.639528+00:00
2025-08-02 04:00:00+02:00,92.26875000000001,2025-12-13 19:28:13.639528+00:00
2025-08-02 05:00:00+02:00,92.155,2025-12-13 19:28:13.639528+00:00
2025-08-02 06:00:00+02:00,90.84875,2025-12-13 19:28:13.639528+00:00
2025-08-02 07:00:00+02:00,86.555,2025-12-13 19:28:13.639528+00:00
2025-08-02 08:00:00+02:00,82.4775,2025-12-13 19:28:13.639528+00:00
2025-08-02 09:00:00+02:00,74.44,2025-12-13 19:28:13.639528+00:00
2025-08-02 10:00:00+02:00,47.5225,2025-12-13 19:28:13.639528+00:00
2025-08-02 11:00:00+02:00,22.403750000000002,2025-12-13 19:28:13.639528+00:00
2025-08-02 12:00:00+02:00,9.065000000000001,2025-12-13 19:28:13.639528+00:00
2025-08-02 13:00:00+02:00,1.8112500000000002,2025-12-13 19:28:13.639528+00:00
2025-08-02 14:00:00+02:00,1.1624999999999996,2025-12-13 19:28:13.639528+00:00
2025-08-02 15:00:00+02:00,1.87125,2025-12-13 19:28:13.639528+00:00
2025-08-02 16:00:00+02:00,16.486250000000002,2025-12-13 19:28:13.639528+00:00
2025-08-02 17:00:00+02:00,60.504999999999995,2025-12-13 19:28:13.639528+00:00
2025-08-02 18:00:00+02:00,87.83749999999999,2025-12-13 19:28:13.639528+00:00
2025-08-02 19:00:00+02:00,99.2,2025-12-13 19:28:13.639528+00:00
2025-08-02 20:00:00+02:00,108.0675,2025-12-13 19:28:13.639528+00:00
2025-08-02 21:00:00+02:00,109.33500000000001,2025-12-13 19:28:13.639528+00:00
2025-08-02 22:00:00+02:00,103.44375,2025-12-13 19:28:13.639528+00:00
2025-08-02 23:00:00+02:00,95.65875,2025-12-13 19:28:13.639528+00:00
2025-08-03 00:00:00+02:00,87.495,2025-12-13 19:28:13.639528+00:00
2025-08-03 01:00:00+02:00,79.84,2025-12-13 19:28:13.639528+00:00
2025-08-03 02:00:00+02:00,74.575,2025-12-13 19:28:13.639528+00:00
2025-08-03 03:00:00+02:00,71.73,2025-12-13 19:28:13.639528+00:00
2025-08-03 04:00:00+02:00,69.38499999999999,2025-12-13 19:28:13.639528+00:00
2025-08-03 05:00:00+02:00,64.715,2025-12-13 19:28:13.639528+00:00
2025-08-03 06:00:00+02:00,56.7475,2025-12-13 19:28:13.639528+00:00
2025-08-03 07:00:00+02:00,45.68,2025-12-13 19:28:13.639528+00:00
2025-08-03 08:00:00+02:00,32.87625,2025-12-13 19:28:13.639528+00:00
2025-08-03 09:00:00+02:00,24.646250000000002,2025-12-13 19:28:13.639528+00:00
2025-08-03 10:00:00+02:00,15.2325,2025-12-13 19:28:13.639528+00:00
2025-08-03 11:00:00+02:00,8.25,2025-12-13 19:28:13.639528+00:00
2025-08-03 12:00:00+02:00,1.5200000000000002,2025-12-13 19:28:13.639528+00:00
2025-08-03 13:00:00+02:00,-3.57625,2025-12-13 19:28:13.639528+00:00
2025-08-03 14:00:00+02:00,-3.88875,2025-12-13 19:28:13.639528+00:00
2025-08-03 15:00:00+02:00,-0.8912500000000008,2025-12-13 19:28:13.639528+00:00
2025-08-03 16:00:00+02:00,3.95,2025-12-13 19:28:13.639528+00:00
2025-08-03 17:00:00+02:00,24.28875,2025-12-13 19:28:13.639528+00:00
2025-08-03 18:00:00+02:00,73.06375,2025-12-13 19:28:13.639528+00:00
2025-08-03 19:00:00+02:00,88.99125,2025-12-13 19:28:13.639528+00:00
2025-08-03 20:00:00+02:00,98.7275,2025-12-13 19:28:13.639528+00:00
2025-08-03 21:00:00+02:00,97.40625,2025-12-13 19:28:13.639528+00:00
2025-08-03 22:00:00+02:00,97.1,2025-12-13 19:28:13.639528+00:00
2025-08-03 23:00:00+02:00,87.75750000000001,2025-12-13 19:28:13.639528+00:00
2025-08-04 00:00:00+02:00,83.925,2025-12-13 19:28:13.639528+00:00
2025-08-04 01:00:00+02:00,75.53375,2025-12-13 19:28:13.639528+00:00
2025-08-04 02:00:00+02:00,74.485,2025-12-13 19:28:13.639528+00:00
2025-08-04 03:00:00+02:00,74.28625,2025-12-13 19:28:13.639528+00:00
2025-08-04 04:00:00+02:00,78.37375,2025-12-13 19:28:13.639528+00:00
2025-08-04 05:00:00+02:00,84.61125,2025-12-13 19:28:13.639528+00:00
2025-08-04 06:00:00+02:00,98.26,2025-12-13 19:28:13.639528+00:00
2025-08-04 07:00:00+02:00,110.26,2025-12-13 19:28:13.639528+00:00
2025-08-04 08:00:00+02:00,111.37,2025-12-13 19:28:13.639528+00:00
2025-08-04 09:00:00+02:00,99.3925,2025-12-13 19:28:13.639528+00:00
2025-08-04 10:00:00+02:00,86.0225,2025-12-13 19:28:13.639528+00:00
2025-08-04 11:00:00+02:00,70.62125,2025-12-13 19:28:13.639528+00:00
2025-08-04 12:00:00+02:00,39.846250000000005,2025-12-13 19:28:13.639528+00:00
2025-08-04 13:00:00+02:00,19.525,2025-12-13 19:28:13.639528+00:00
2025-08-04 14:00:00+02:00,14.931249999999999,2025-12-13 19:28:13.639528+00:00
2025-08-04 15:00:00+02:00,17.295,2025-12-13 19:28:13.639528+00:00
2025-08-04 16:00:00+02:00,40.045,2025-12-13 19:28:13.639528+00:00
2025-08-04 17:00:00+02:00,71.32,2025-12-13 19:28:13.639528+00:00
2025-08-04 18:00:00+02:00,87.00375,2025-12-13 19:28:13.639528+00:00
2025-08-04 19:00:00+02:00,94.265,2025-12-13 19:28:13.639528+00:00
2025-08-04 20:00:00+02:00,98.975,2025-12-13 19:28:13.639528+00:00
2025-08-04 21:00:00+02:00,90.75,2025-12-13 19:28:13.639528+00:00
2025-08-04 22:00:00+02:00,77.065,2025-12-13 19:28:13.639528+00:00
2025-08-04 23:00:00+02:00,59.292500000000004,2025-12-13 19:28:13.639528+00:00
2025-08-05 00:00:00+02:00,28.55375,2025-12-13 19:28:13.639528+00:00
2025-08-05 01:00:00+02:00,22.6575,2025-12-13 19:28:13.639528+00:00
2025-08-05 02:00:00+02:00,24.0775,2025-12-13 19:28:13.639528+00:00
2025-08-05 03:00:00+02:00,32.33375,2025-12-13 19:28:13.639528+00:00
2025-08-05 04:00:00+02:00,51.69875,2025-12-13 19:28:13.639528+00:00
2025-08-05 05:00:00+02:00,73.24125,2025-12-13 19:28:13.639528+00:00
2025-08-05 06:00:00+02:00,89.62625,2025-12-13 19:28:13.639528+00:00
2025-08-05 07:00:00+02:00,90.78999999999999,2025-12-13 19:28:13.639528+00:00
2025-08-05 08:00:00+02:00,77.98375,2025-12-13 19:28:13.639528+00:00
2025-08-05 09:00:00+02:00,16.50875,2025-12-13 19:28:13.639528+00:00
2025-08-05 10:00:00+02:00,3.715,2025-12-13 19:28:13.639528+00:00
2025-08-05 11:00:00+02:00,-0.95625,2025-12-13 19:28:13.639528+00:00
2025-08-05 12:00:00+02:00,-3.71875,2025-12-13 19:28:13.639528+00:00
2025-08-05 13:00:00+02:00,-8.94875,2025-12-13 19:28:13.639528+00:00
2025-08-05 14:00:00+02:00,-10.765,2025-12-13 19:28:13.639528+00:00
2025-08-05 15:00:00+02:00,-6.6475,2025-12-13 19:28:13.639528+00:00
2025-08-05 16:00:00+02:00,-3.9712500000000004,2025-12-13 19:28:13.639528+00:00
2025-08-05 17:00:00+02:00,0.08750000000000036,2025-12-13 19:28:13.639528+00:00
2025-08-05 18:00:00+02:00,11.428749999999999,2025-12-13 19:28:13.639528+00:00
2025-08-05 19:00:00+02:00,75.4175,2025-12-13 19:28:13.639528+00:00
2025-08-05 20:00:00+02:00,90.10249999999999,2025-12-13 19:28:13.639528+00:00
2025-08-05 21:00:00+02:00,99.26125,2025-12-13 19:28:13.639528+00:00
2025-08-05 22:00:00+02:00,86.18,2025-12-13 19:28:13.639528+00:00
2025-08-05 23:00:00+02:00,78.78,2025-12-13 19:28:13.639528+00:00
2025-08-06 00:00:00+02:00,71.935,2025-12-13 19:28:13.639528+00:00
2025-08-06 01:00:00+02:00,59.9225,2025-12-13 19:28:13.639528+00:00
2025-08-06 02:00:00+02:00,58.231249999999996,2025-12-13 19:28:13.639528+00:00
2025-08-06 03:00:00+02:00,59.83625,2025-12-13 19:28:13.639528+00:00
2025-08-06 04:00:00+02:00,59.83,2025-12-13 19:28:13.639528+00:00
2025-08-06 05:00:00+02:00,77.85000000000001,2025-12-13 19:28:13.639528+00:00
2025-08-06 06:00:00+02:00,95.67,2025-12-13 19:28:13.639528+00:00
2025-08-06 07:00:00+02:00,96.7875,2025-12-13 19:28:13.639528+00:00
2025-08-06 08:00:00+02:00,79.13374999999999,2025-12-13 19:28:13.639528+00:00
2025-08-06 09:00:00+02:00,23.80625,2025-12-13 19:28:13.639528+00:00
2025-08-06 10:00:00+02:00,1.89125,2025-12-13 19:28:13.639528+00:00
2025-08-06 11:00:00+02:00,-1.5587500000000003,2025-12-13 19:28:13.639528+00:00
2025-08-06 12:00:00+02:00,-6.815,2025-12-13 19:28:13.639528+00:00
2025-08-06 13:00:00+02:00,-9.001249999999999,2025-12-13 19:28:13.639528+00:00
2025-08-06 14:00:00+02:00,-5.046250000000001,2025-12-13 19:28:13.639528+00:00
2025-08-06 15:00:00+02:00,-1.2962499999999997,2025-12-13 19:28:13.639528+00:00
2025-08-06 16:00:00+02:00,4.495,2025-12-13 19:28:13.639528+00:00
2025-08-06 17:00:00+02:00,53.295,2025-12-13 19:28:13.639528+00:00
2025-08-06 18:00:00+02:00,95.10374999999999,2025-12-13 19:28:13.639528+00:00
2025-08-06 19:00:00+02:00,115.05875,2025-12-13 19:28:13.639528+00:00
2025-08-06 20:00:00+02:00,158.845,2025-12-13 19:28:13.639528+00:00
2025-08-06 21:00:00+02:00,157.035,2025-12-13 19:28:13.639528+00:00
2025-08-06 22:00:00+02:00,113.53375,2025-12-13 19:28:13.639528+00:00
2025-08-06 23:00:00+02:00,104.77875,2025-12-13 19:28:13.639528+00:00
2025-08-07 00:00:00+02:00,100.71,2025-12-13 19:28:13.639528+00:00
2025-08-07 01:00:00+02:00,97.06875000000001,2025-12-13 19:28:13.639528+00:00
2025-08-07 02:00:00+02:00,92.88625,2025-12-13 19:28:13.639528+00:00
2025-08-07 03:00:00+02:00,90.86625000000001,2025-12-13 19:28:13.639528+00:00
2025-08-07 04:00:00+02:00,90.93,2025-12-13 19:28:13.639528+00:00
2025-08-07 05:00:00+02:00,97.57625,2025-12-13 19:28:13.639528+00:00
2025-08-07 06:00:00+02:00,108.335,2025-12-13 19:28:13.639528+00:00
2025-08-07 07:00:00+02:00,107.0675,2025-12-13 19:28:13.639528+00:00
2025-08-07 08:00:00+02:00,96.29,2025-12-13 19:28:13.639528+00:00
2025-08-07 09:00:00+02:00,76.265,2025-12-13 19:28:13.639528+00:00
2025-08-07 10:00:00+02:00,27.90125,2025-12-13 19:28:13.639528+00:00
2025-08-07 11:00:00+02:00,2.9825,2025-12-13 19:28:13.639528+00:00
2025-08-07 12:00:00+02:00,-0.58375,2025-12-13 19:28:13.639528+00:00
2025-08-07 13:00:00+02:00,-1.54,2025-12-13 19:28:13.639528+00:00
2025-08-07 14:00:00+02:00,-0.6275,2025-12-13 19:28:13.639528+00:00
2025-08-07 15:00:00+02:00,0.10124999999999984,2025-12-13 19:28:13.639528+00:00
2025-08-07 16:00:00+02:00,5.39875,2025-12-13 19:28:13.639528+00:00
2025-08-07 17:00:00+02:00,66.7525,2025-12-13 19:28:13.639528+00:00
2025-08-07 18:00:00+02:00,95.89375000000001,2025-12-13 19:28:13.639528+00:00
2025-08-07 19:00:00+02:00,115.05125000000001,2025-12-13 19:28:13.639528+00:00
2025-08-07 20:00:00+02:00,145.45375,2025-12-13 19:28:13.639528+00:00
2025-08-07 21:00:00+02:00,132.54875,2025-12-13 19:28:13.639528+00:00
2025-08-07 22:00:00+02:00,110.25,2025-12-13 19:28:13.639528+00:00
2025-08-07 23:00:00+02:00,101.2775,2025-12-13 19:28:13.639528+00:00
2025-08-08 00:00:00+02:00,93.4075,2025-12-13 19:28:13.639528+00:00
2025-08-08 01:00:00+02:00,89.945,2025-12-13 19:28:13.639528+00:00
2025-08-08 02:00:00+02:00,86.05125,2025-12-13 19:28:13.639528+00:00
2025-08-08 03:00:00+02:00,83.98875,2025-12-13 19:28:13.639528+00:00
2025-08-08 04:00:00+02:00,83.265,2025-12-13 19:28:13.639528+00:00
2025-08-08 05:00:00+02:00,90.76875,2025-12-13 19:28:13.639528+00:00
2025-08-08 06:00:00+02:00,101.47125,2025-12-13 19:28:13.639528+00:00
2025-08-08 07:00:00+02:00,104.525,2025-12-13 19:28:13.639528+00:00
2025-08-08 08:00:00+02:00,103.2825,2025-12-13 19:28:13.639528+00:00
2025-08-08 09:00:00+02:00,86.23750000000001,2025-12-13 19:28:13.639528+00:00
2025-08-08 10:00:00+02:00,63.41875,2025-12-13 19:28:13.639528+00:00
2025-08-08 11:00:00+02:00,14.195,2025-12-13 19:28:13.639528+00:00
2025-08-08 12:00:00+02:00,3.9575000000000005,2025-12-13 19:28:13.639528+00:00
2025-08-08 13:00:00+02:00,-0.52,2025-12-13 19:28:13.639528+00:00
2025-08-08 14:00:00+02:00,-0.98125,2025-12-13 19:28:13.639528+00:00
2025-08-08 15:00:00+02:00,0.8075000000000001,2025-12-13 19:28:13.639528+00:00
2025-08-08 16:00:00+02:00,17.916249999999998,2025-12-13 19:28:13.639528+00:00
2025-08-08 17:00:00+02:00,72.53125,2025-12-13 19:28:13.639528+00:00
2025-08-08 18:00:00+02:00,102.47999999999999,2025-12-13 19:28:13.639528+00:00
2025-08-08 19:00:00+02:00,114.525,2025-12-13 19:28:13.639528+00:00
2025-08-08 20:00:00+02:00,149.72125,2025-12-13 19:28:13.639528+00:00
2025-08-08 21:00:00+02:00,152.14374999999998,2025-12-13 19:28:13.639528+00:00
2025-08-08 22:00:00+02:00,118.855,2025-12-13 19:28:13.639528+00:00
2025-08-08 23:00:00+02:00,107.28,2025-12-13 19:28:13.639528+00:00
2025-08-09 00:00:00+02:00,105.70875000000001,2025-12-13 19:28:13.639528+00:00
2025-08-09 01:00:00+02:00,102.36375000000001,2025-12-13 19:28:13.639528+00:00
2025-08-09 02:00:00+02:00,100.84875,2025-12-13 19:28:13.639528+00:00
2025-08-09 03:00:00+02:00,98.7625,2025-12-13 19:28:13.639528+00:00
2025-08-09 04:00:00+02:00,97.71000000000001,2025-12-13 19:28:13.639528+00:00
2025-08-09 05:00:00+02:00,98.2175,2025-12-13 19:28:13.639528+00:00
2025-08-09 06:00:00+02:00,98.28125,2025-12-13 19:28:13.639528+00:00
2025-08-09 07:00:00+02:00,92.81875,2025-12-13 19:28:13.639528+00:00
2025-08-09 08:00:00+02:00,74.71875,2025-12-13 19:28:13.639528+00:00
2025-08-09 09:00:00+02:00,24.72,2025-12-13 19:28:13.639528+00:00
2025-08-09 10:00:00+02:00,0.3899999999999997,2025-12-13 19:28:13.639528+00:00
2025-08-09 11:00:00+02:00,-2.0000000000000004,2025-12-13 19:28:13.639528+00:00
2025-08-09 12:00:00+02:00,-8.29625,2025-12-13 19:28:13.639528+00:00
2025-08-09 13:00:00+02:00,-17.525,2025-12-13 19:28:13.639528+00:00
2025-08-09 14:00:00+02:00,-17.78125,2025-12-13 19:28:13.639528+00:00
2025-08-09 15:00:00+02:00,-8.1975,2025-12-13 19:28:13.639528+00:00
2025-08-09 16:00:00+02:00,0.11250000000000071,2025-12-13 19:28:13.639528+00:00
2025-08-09 17:00:00+02:00,12.149999999999999,2025-12-13 19:28:13.639528+00:00
2025-08-09 18:00:00+02:00,85.86,2025-12-13 19:28:13.639528+00:00
2025-08-09 19:00:00+02:00,102.67625000000001,2025-12-13 19:28:13.639528+00:00
2025-08-09 20:00:00+02:00,123.105,2025-12-13 19:28:13.639528+00:00
2025-08-09 21:00:00+02:00,119.0175,2025-12-13 19:28:13.639528+00:00
2025-08-09 22:00:00+02:00,107.91625,2025-12-13 19:28:13.639528+00:00
2025-08-09 23:00:00+02:00,97.03999999999999,2025-12-13 19:28:13.639528+00:00
2025-08-10 00:00:00+02:00,90.995,2025-12-13 19:28:13.639528+00:00
2025-08-10 01:00:00+02:00,86.515,2025-12-13 19:28:13.639528+00:00
2025-08-10 02:00:00+02:00,84.19874999999999,2025-12-13 19:28:13.639528+00:00
2025-08-10 03:00:00+02:00,79.63125,2025-12-13 19:28:13.639528+00:00
2025-08-10 04:00:00+02:00,80.705,2025-12-13 19:28:13.639528+00:00
2025-08-10 05:00:00+02:00,83.95875,2025-12-13 19:28:13.639528+00:00
2025-08-10 06:00:00+02:00,79.42,2025-12-13 19:28:13.639528+00:00
2025-08-10 07:00:00+02:00,67.3625,2025-12-13 19:28:13.639528+00:00
2025-08-10 08:00:00+02:00,23.60375,2025-12-13 19:28:13.639528+00:00
2025-08-10 09:00:00+02:00,0.9924999999999997,2025-12-13 19:28:13.639528+00:00
2025-08-10 10:00:00+02:00,-4.16375,2025-12-13 19:28:13.639528+00:00
2025-08-10 11:00:00+02:00,-21.4925,2025-12-13 19:28:13.639528+00:00
2025-08-10 12:00:00+02:00,-47.2775,2025-12-13 19:28:13.639528+00:00
2025-08-10 13:00:00+02:00,-71.25625,2025-12-13 19:28:13.639528+00:00
2025-08-10 14:00:00+02:00,-62.7275,2025-12-13 19:28:13.639528+00:00
2025-08-10 15:00:00+02:00,-31.236250000000002,2025-12-13 19:28:13.639528+00:00
2025-08-10 16:00:00+02:00,-5.09375,2025-12-13 19:28:13.639528+00:00
2025-08-10 17:00:00+02:00,2.809999999999999,2025-12-13 19:28:13.639528+00:00
2025-08-10 18:00:00+02:00,81.32124999999999,2025-12-13 19:28:13.639528+00:00
2025-08-10 19:00:00+02:00,106.97625,2025-12-13 19:28:13.639528+00:00
2025-08-10 20:00:00+02:00,119.625,2025-12-13 19:28:13.639528+00:00
2025-08-10 21:00:00+02:00,121.825,2025-12-13 19:28:13.639528+00:00
2025-08-10 22:00:00+02:00,110.7175,2025-12-13 19:28:13.639528+00:00
2025-08-10 23:00:00+02:00,101.665,2025-12-13 19:28:13.639528+00:00
2025-08-11 00:00:00+02:00,95.51875,2025-12-13 19:28:13.639528+00:00
2025-08-11 01:00:00+02:00,90.545,2025-12-13 19:28:13.639528+00:00
2025-08-11 02:00:00+02:00,87.85249999999999,2025-12-13 19:28:13.639528+00:00
2025-08-11 03:00:00+02:00,86.60249999999999,2025-12-13 19:28:13.639528+00:00
2025-08-11 04:00:00+02:00,91.4675,2025-12-13 19:28:13.639528+00:00
2025-08-11 05:00:00+02:00,100.71125,2025-12-13 19:28:13.639528+00:00
2025-08-11 06:00:00+02:00,122.1075,2025-12-13 19:28:13.639528+00:00
2025-08-11 07:00:00+02:00,127.99125000000001,2025-12-13 19:28:13.639528+00:00
2025-08-11 08:00:00+02:00,105.38749999999999,2025-12-13 19:28:13.639528+00:00
2025-08-11 09:00:00+02:00,88.99875,2025-12-13 19:28:13.639528+00:00
2025-08-11 10:00:00+02:00,49.339999999999996,2025-12-13 19:28:13.639528+00:00
2025-08-11 11:00:00+02:00,10.38,2025-12-13 19:28:13.639528+00:00
2025-08-11 12:00:00+02:00,4.15,2025-12-13 19:28:13.639528+00:00
2025-08-11 13:00:00+02:00,1.63625,2025-12-13 19:28:13.639528+00:00
2025-08-11 14:00:00+02:00,1.4012499999999997,2025-12-13 19:28:13.639528+00:00
2025-08-11 15:00:00+02:00,9.55,2025-12-13 19:28:13.639528+00:00
2025-08-11 16:00:00+02:00,51.23125,2025-12-13 19:28:13.639528+00:00
2025-08-11 17:00:00+02:00,87.73875,2025-12-13 19:28:13.639528+00:00
2025-08-11 18:00:00+02:00,108.195,2025-12-13 19:28:13.639528+00:00
2025-08-11 19:00:00+02:00,146.12375,2025-12-13 19:28:13.639528+00:00
2025-08-11 20:00:00+02:00,191.88375,2025-12-13 19:28:13.639528+00:00
2025-08-11 21:00:00+02:00,148.91125,2025-12-13 19:28:13.639528+00:00
2025-08-11 22:00:00+02:00,113.53125,2025-12-13 19:28:13.639528+00:00
2025-08-11 23:00:00+02:00,99.9,2025-12-13 19:28:13.639528+00:00
2025-08-12 00:00:00+02:00,94.9575,2025-12-13 19:28:13.639528+00:00
2025-08-12 01:00:00+02:00,91.55625,2025-12-13 19:28:13.639528+00:00
2025-08-12 02:00:00+02:00,88.325,2025-12-13 19:28:13.639528+00:00
2025-08-12 03:00:00+02:00,88.17125,2025-12-13 19:28:13.639528+00:00
2025-08-12 04:00:00+02:00,89.06375,2025-12-13 19:28:13.639528+00:00
2025-08-12 05:00:00+02:00,98.295,2025-12-13 19:28:13.639528+00:00
2025-08-12 06:00:00+02:00,115.0575,2025-12-13 19:28:13.639528+00:00
2025-08-12 07:00:00+02:00,113.5925,2025-12-13 19:28:13.639528+00:00
2025-08-12 08:00:00+02:00,101.73875,2025-12-13 19:28:13.639528+00:00
2025-08-12 09:00:00+02:00,90.64875,2025-12-13 19:28:13.639528+00:00
2025-08-12 10:00:00+02:00,73.93875,2025-12-13 19:28:13.639528+00:00
2025-08-12 11:00:00+02:00,36.832499999999996,2025-12-13 19:28:13.639528+00:00
2025-08-12 12:00:00+02:00,11.981250000000001,2025-12-13 19:28:13.639528+00:00
2025-08-12 13:00:00+02:00,8.47125,2025-12-13 19:28:13.639528+00:00
2025-08-12 14:00:00+02:00,8.89875,2025-12-13 19:28:13.639528+00:00
2025-08-12 15:00:00+02:00,30.26625,2025-12-13 19:28:13.639528+00:00
2025-08-12 16:00:00+02:00,71.97125,2025-12-13 19:28:13.639528+00:00
2025-08-12 17:00:00+02:00,96.14375,2025-12-13 19:28:13.639528+00:00
2025-08-12 18:00:00+02:00,108.8925,2025-12-13 19:28:13.639528+00:00
2025-08-12 19:00:00+02:00,143.65625,2025-12-13 19:28:13.639528+00:00
2025-08-12 20:00:00+02:00,162.88125,2025-12-13 19:28:13.639528+00:00
2025-08-12 21:00:00+02:00,140.48250000000002,2025-12-13 19:28:13.639528+00:00
2025-08-12 22:00:00+02:00,111.42125,2025-12-13 19:28:13.639528+00:00
2025-08-12 23:00:00+02:00,98.21625,2025-12-13 19:28:13.639528+00:00
2025-08-13 00:00:00+02:00,98.26,2025-12-13 19:28:13.639528+00:00
2025-08-13 01:00:00+02:00,91.8225,2025-12-13 19:28:13.639528+00:00
2025-08-13 02:00:00+02:00,88.99375,2025-12-13 19:28:13.639528+00:00
2025-08-13 03:00:00+02:00,86.26625,2025-12-13 19:28:13.639528+00:00
2025-08-13 04:00:00+02:00,87.49,2025-12-13 19:28:13.639528+00:00
2025-08-13 05:00:00+02:00,96.04375,2025-12-13 19:28:13.639528+00:00
2025-08-13 06:00:00+02:00,108.3075,2025-12-13 19:28:13.639528+00:00
2025-08-13 07:00:00+02:00,108.97,2025-12-13 19:28:13.639528+00:00
2025-08-13 08:00:00+02:00,106.07125,2025-12-13 19:28:13.639528+00:00
2025-08-13 09:00:00+02:00,94.905,2025-12-13 19:28:13.639528+00:00
2025-08-13 10:00:00+02:00,82.78375,2025-12-13 19:28:13.639528+00:00
2025-08-13 11:00:00+02:00,57.2875,2025-12-13 19:28:13.639528+00:00
2025-08-13 12:00:00+02:00,32.125,2025-12-13 19:28:13.639528+00:00
2025-08-13 13:00:00+02:00,21.34,2025-12-13 19:28:13.639528+00:00
2025-08-13 14:00:00+02:00,31.569999999999997,2025-12-13 19:28:13.639528+00:00
2025-08-13 15:00:00+02:00,58.78,2025-12-13 19:28:13.639528+00:00
2025-08-13 16:00:00+02:00,84.765,2025-12-13 19:28:13.639528+00:00
2025-08-13 17:00:00+02:00,99.1275,2025-12-13 19:28:13.639528+00:00
2025-08-13 18:00:00+02:00,117.48375,2025-12-13 19:28:13.639528+00:00
2025-08-13 19:00:00+02:00,183.0625,2025-12-13 19:28:13.639528+00:00
2025-08-13 20:00:00+02:00,209.49375,2025-12-13 19:28:13.639528+00:00
2025-08-13 21:00:00+02:00,151.62625,2025-12-13 19:28:13.639528+00:00
2025-08-13 22:00:00+02:00,125.125,2025-12-13 19:28:13.639528+00:00
2025-08-13 23:00:00+02:00,107.30375,2025-12-13 19:28:13.639528+00:00
2025-08-14 00:00:00+02:00,98.515,2025-12-13 19:28:13.639528+00:00
2025-08-14 01:00:00+02:00,93.5975,2025-12-13 19:28:13.639528+00:00
2025-08-14 02:00:00+02:00,90.74625,2025-12-13 19:28:13.639528+00:00
2025-08-14 03:00:00+02:00,89.3225,2025-12-13 19:28:13.639528+00:00
2025-08-14 04:00:00+02:00,89.505,2025-12-13 19:28:13.639528+00:00
2025-08-14 05:00:00+02:00,96.70875,2025-12-13 19:28:13.639528+00:00
2025-08-14 06:00:00+02:00,112.0875,2025-12-13 19:28:13.639528+00:00
2025-08-14 07:00:00+02:00,112.6,2025-12-13 19:28:13.639528+00:00
2025-08-14 08:00:00+02:00,99.78,2025-12-13 19:28:13.639528+00:00
2025-08-14 09:00:00+02:00,90.76,2025-12-13 19:28:13.639528+00:00
2025-08-14 10:00:00+02:00,82.86500000000001,2025-12-13 19:28:13.639528+00:00
2025-08-14 11:00:00+02:00,69.5,2025-12-13 19:28:13.639528+00:00
2025-08-14 12:00:00+02:00,56.393750000000004,2025-12-13 19:28:13.639528+00:00
2025-08-14 13:00:00+02:00,45.008750000000006,2025-12-13 19:28:13.639528+00:00
2025-08-14 14:00:00+02:00,56.955,2025-12-13 19:28:13.639528+00:00
2025-08-14 15:00:00+02:00,75.16875,2025-12-13 19:28:13.639528+00:00
2025-08-14 16:00:00+02:00,86.365,2025-12-13 19:28:13.639528+00:00
2025-08-14 17:00:00+02:00,101.67125,2025-12-13 19:28:13.639528+00:00
2025-08-14 18:00:00+02:00,119.60125,2025-12-13 19:28:13.639528+00:00
2025-08-14 19:00:00+02:00,229.1925,2025-12-13 19:28:13.639528+00:00
2025-08-14 20:00:00+02:00,283.1525,2025-12-13 19:28:13.639528+00:00
2025-08-14 21:00:00+02:00,162.52625,2025-12-13 19:28:13.639528+00:00
2025-08-14 22:00:00+02:00,124.005,2025-12-13 19:28:13.639528+00:00
2025-08-14 23:00:00+02:00,108.145,2025-12-13 19:28:13.639528+00:00
2025-08-15 00:00:00+02:00,101.86625000000001,2025-12-13 19:28:13.639528+00:00
2025-08-15 01:00:00+02:00,96.59875,2025-12-13 19:28:13.639528+00:00
2025-08-15 02:00:00+02:00,91.74000000000001,2025-12-13 19:28:13.639528+00:00
2025-08-15 03:00:00+02:00,90.03999999999999,2025-12-13 19:28:13.639528+00:00
2025-08-15 04:00:00+02:00,93.1875,2025-12-13 19:28:13.639528+00:00
2025-08-15 05:00:00+02:00,97.41125,2025-12-13 19:28:13.639528+00:00
2025-08-15 06:00:00+02:00,104.3925,2025-12-13 19:28:13.639528+00:00
2025-08-15 07:00:00+02:00,103.625,2025-12-13 19:28:13.639528+00:00
2025-08-15 08:00:00+02:00,95.6575,2025-12-13 19:28:13.639528+00:00
2025-08-15 09:00:00+02:00,80.19624999999999,2025-12-13 19:28:13.639528+00:00
2025-08-15 10:00:00+02:00,46.91875,2025-12-13 19:28:13.639528+00:00
2025-08-15 11:00:00+02:00,5.5,2025-12-13 19:28:13.639528+00:00
2025-08-15 12:00:00+02:00,1.7612499999999995,2025-12-13 19:28:13.639528+00:00
2025-08-15 13:00:00+02:00,1.0,2025-12-13 19:28:13.639528+00:00
2025-08-15 14:00:00+02:00,1.1875,2025-12-13 19:28:13.639528+00:00
2025-08-15 15:00:00+02:00,5.859999999999999,2025-12-13 19:28:13.639528+00:00
2025-08-15 16:00:00+02:00,34.19,2025-12-13 19:28:13.639528+00:00
2025-08-15 17:00:00+02:00,79.0525,2025-12-13 19:28:13.639528+00:00
2025-08-15 18:00:00+02:00,100.695,2025-12-13 19:28:13.639528+00:00
2025-08-15 19:00:00+02:00,111.445,2025-12-13 19:28:13.639528+00:00
2025-08-15 20:00:00+02:00,123.26625,2025-12-13 19:28:13.639528+00:00
2025-08-15 21:00:00+02:00,114.15125,2025-12-13 19:28:13.639528+00:00
2025-08-15 22:00:00+02:00,105.28625,2025-12-13 19:28:13.639528+00:00
2025-08-15 23:00:00+02:00,97.23875,2025-12-13 19:28:13.639528+00:00
2025-08-16 00:00:00+02:00,95.50625,2025-12-13 19:28:13.639528+00:00
2025-08-16 01:00:00+02:00,90.295,2025-12-13 19:28:13.639528+00:00
2025-08-16 02:00:00+02:00,88.7575,2025-12-13 19:28:13.639528+00:00
2025-08-16 03:00:00+02:00,84.5675,2025-12-13 19:28:13.639528+00:00
2025-08-16 04:00:00+02:00,83.88,2025-12-13 19:28:13.639528+00:00
2025-08-16 05:00:00+02:00,86.54875,2025-12-13 19:28:13.639528+00:00
2025-08-16 06:00:00+02:00,88.36500000000001,2025-12-13 19:28:13.639528+00:00
2025-08-16 07:00:00+02:00,86.60875,2025-12-13 19:28:13.639528+00:00
2025-08-16 08:00:00+02:00,83.765,2025-12-13 19:28:13.639528+00:00
2025-08-16 09:00:00+02:00,66.3525,2025-12-13 19:28:13.639528+00:00
2025-08-16 10:00:00+02:00,24.05375,2025-12-13 19:28:13.639528+00:00
2025-08-16 11:00:00+02:00,6.78125,2025-12-13 19:28:13.639528+00:00
2025-08-16 12:00:00+02:00,1.34625,2025-12-13 19:28:13.639528+00:00
2025-08-16 13:00:00+02:00,0.015000000000000124,2025-12-13 19:28:13.639528+00:00
2025-08-16 14:00:00+02:00,-0.004999999999999949,2025-12-13 19:28:13.639528+00:00
2025-08-16 15:00:00+02:00,-0.9025000000000003,2025-12-13 19:28:13.639528+00:00
2025-08-16 16:00:00+02:00,0.7125000000000004,2025-12-13 19:28:13.639528+00:00
2025-08-16 17:00:00+02:00,20.72875,2025-12-13 19:28:13.639528+00:00
2025-08-16 18:00:00+02:00,69.90375,2025-12-13 19:28:13.639528+00:00
2025-08-16 19:00:00+02:00,96.81125,2025-12-13 19:28:13.639528+00:00
2025-08-16 20:00:00+02:00,101.885,2025-12-13 19:28:13.639528+00:00
2025-08-16 21:00:00+02:00,100.47875,2025-12-13 19:28:13.639528+00:00
2025-08-16 22:00:00+02:00,96.04625,2025-12-13 19:28:13.639528+00:00
2025-08-16 23:00:00+02:00,90.285,2025-12-13 19:28:13.639528+00:00
2025-08-17 00:00:00+02:00,89.72,2025-12-13 19:28:13.639528+00:00
2025-08-17 01:00:00+02:00,85.29625,2025-12-13 19:28:13.639528+00:00
2025-08-17 02:00:00+02:00,85.7,2025-12-13 19:28:13.639528+00:00
2025-08-17 03:00:00+02:00,85.33,2025-12-13 19:28:13.639528+00:00
2025-08-17 04:00:00+02:00,85.34,2025-12-13 19:28:13.639528+00:00
2025-08-17 05:00:00+02:00,87.19,2025-12-13 19:28:13.639528+00:00
2025-08-17 06:00:00+02:00,86.57124999999999,2025-12-13 19:28:13.639528+00:00
2025-08-17 07:00:00+02:00,79.12625,2025-12-13 19:28:13.639528+00:00
2025-08-17 08:00:00+02:00,73.47749999999999,2025-12-13 19:28:13.639528+00:00
2025-08-17 09:00:00+02:00,30.03,2025-12-13 19:28:13.639528+00:00
2025-08-17 10:00:00+02:00,5.365,2025-12-13 19:28:13.639528+00:00
2025-08-17 11:00:00+02:00,-0.40000000000000013,2025-12-13 19:28:13.639528+00:00
2025-08-17 12:00:00+02:00,-1.0999999999999996,2025-12-13 19:28:13.639528+00:00
2025-08-17 13:00:00+02:00,-5.654999999999999,2025-12-13 19:28:13.639528+00:00
2025-08-17 14:00:00+02:00,-4.71,2025-12-13 19:28:13.639528+00:00
2025-08-17 15:00:00+02:00,0.23624999999999963,2025-12-13 19:28:13.639528+00:00
2025-08-17 16:00:00+02:00,10.674999999999999,2025-12-13 19:28:13.639528+00:00
2025-08-17 17:00:00+02:00,70.4725,2025-12-13 19:28:13.639528+00:00
2025-08-17 18:00:00+02:00,99.68625,2025-12-13 19:28:13.639528+00:00
2025-08-17 19:00:00+02:00,114.29875,2025-12-13 19:28:13.639528+00:00
2025-08-17 20:00:00+02:00,115.25875,2025-12-13 19:28:13.639528+00:00
2025-08-17 21:00:00+02:00,113.72125,2025-12-13 19:28:13.639528+00:00
2025-08-17 22:00:00+02:00,106.88749999999999,2025-12-13 19:28:13.639528+00:00
2025-08-17 23:00:00+02:00,102.03625000000001,2025-12-13 19:28:13.639528+00:00
2025-08-18 00:00:00+02:00,93.97749999999999,2025-12-13 19:28:13.639528+00:00
2025-08-18 01:00:00+02:00,89.41,2025-12-13 19:28:13.639528+00:00
2025-08-18 02:00:00+02:00,86.20625,2025-12-13 19:28:13.639528+00:00
2025-08-18 03:00:00+02:00,86.1225,2025-12-13 19:28:13.639528+00:00
2025-08-18 04:00:00+02:00,89.15125,2025-12-13 19:28:13.639528+00:00
2025-08-18 05:00:00+02:00,101.03375,2025-12-13 19:28:13.639528+00:00
2025-08-18 06:00:00+02:00,123.4125,2025-12-13 19:28:13.639528+00:00
2025-08-18 07:00:00+02:00,129.70625,2025-12-13 19:28:13.639528+00:00
2025-08-18 08:00:00+02:00,109.885,2025-12-13 19:28:13.639528+00:00
2025-08-18 09:00:00+02:00,90.07125,2025-12-13 19:28:13.639528+00:00
2025-08-18 10:00:00+02:00,71.85875,2025-12-13 19:28:13.639528+00:00
2025-08-18 11:00:00+02:00,54.964999999999996,2025-12-13 19:28:13.639528+00:00
2025-08-18 12:00:00+02:00,25.5125,2025-12-13 19:28:13.639528+00:00
2025-08-18 13:00:00+02:00,17.74375,2025-12-13 19:28:13.639528+00:00
2025-08-18 14:00:00+02:00,19.81625,2025-12-13 19:28:13.639528+00:00
2025-08-18 15:00:00+02:00,50.95375,2025-12-13 19:28:13.639528+00:00
2025-08-18 16:00:00+02:00,69.91875,2025-12-13 19:28:13.639528+00:00
2025-08-18 17:00:00+02:00,91.8725,2025-12-13 19:28:13.639528+00:00
2025-08-18 18:00:00+02:00,111.11000000000001,2025-12-13 19:28:13.639528+00:00
2025-08-18 19:00:00+02:00,183.35375,2025-12-13 19:28:13.639528+00:00
2025-08-18 20:00:00+02:00,218.0425,2025-12-13 19:28:13.639528+00:00
2025-08-18 21:00:00+02:00,140.495,2025-12-13 19:28:13.639528+00:00
2025-08-18 22:00:00+02:00,113.11874999999999,2025-12-13 19:28:13.639528+00:00
2025-08-18 23:00:00+02:00,103.6,2025-12-13 19:28:13.639528+00:00
2025-08-19 00:00:00+02:00,100.225,2025-12-13 19:28:13.639528+00:00
2025-08-19 01:00:00+02:00,94.7325,2025-12-13 19:28:13.639528+00:00
2025-08-19 02:00:00+02:00,90.42,2025-12-13 19:28:13.639528+00:00
2025-08-19 03:00:00+02:00,88.08250000000001,2025-12-13 19:28:13.639528+00:00
2025-08-19 04:00:00+02:00,91.545,2025-12-13 19:28:13.639528+00:00
2025-08-19 05:00:00+02:00,101.49875,2025-12-13 19:28:13.639528+00:00
2025-08-19 06:00:00+02:00,115.52499999999999,2025-12-13 19:28:13.639528+00:00
2025-08-19 07:00:00+02:00,115.15875,2025-12-13 19:28:13.639528+00:00
2025-08-19 08:00:00+02:00,100.9475,2025-12-13 19:28:13.639528+00:00
2025-08-19 09:00:00+02:00,90.40625,2025-12-13 19:28:13.639528+00:00
2025-08-19 10:00:00+02:00,69.855,2025-12-13 19:28:13.639528+00:00
2025-08-19 11:00:00+02:00,43.555,2025-12-13 19:28:13.639528+00:00
2025-08-19 12:00:00+02:00,16.16875,2025-12-13 19:28:13.639528+00:00
2025-08-19 13:00:00+02:00,6.8575,2025-12-13 19:28:13.639528+00:00
2025-08-19 14:00:00+02:00,10.4825,2025-12-13 19:28:13.639528+00:00
2025-08-19 15:00:00+02:00,26.49375,2025-12-13 19:28:13.639528+00:00
2025-08-19 16:00:00+02:00,62.56,2025-12-13 19:28:13.639528+00:00
2025-08-19 17:00:00+02:00,91.69875,2025-12-13 19:28:13.639528+00:00
2025-08-19 18:00:00+02:00,104.79875,2025-12-13 19:28:13.639528+00:00
2025-08-19 19:00:00+02:00,128.6375,2025-12-13 19:28:13.639528+00:00
2025-08-19 20:00:00+02:00,138.375,2025-12-13 19:28:13.639528+00:00
2025-08-19 21:00:00+02:00,114.57625,2025-12-13 19:28:13.639528+00:00
2025-08-19 22:00:00+02:00,102.93124999999999,2025-12-13 19:28:13.639528+00:00
2025-08-19 23:00:00+02:00,94.6375,2025-12-13 19:28:13.639528+00:00
2025-08-20 00:00:00+02:00,97.26875,2025-12-13 19:28:13.639528+00:00
2025-08-20 01:00:00+02:00,91.1825,2025-12-13 19:28:13.639528+00:00
2025-08-20 02:00:00+02:00,86.73125,2025-12-13 19:28:13.639528+00:00
2025-08-20 03:00:00+02:00,84.81875,2025-12-13 19:28:13.639528+00:00
2025-08-20 04:00:00+02:00,87.73875,2025-12-13 19:28:13.639528+00:00
2025-08-20 05:00:00+02:00,97.875,2025-12-13 19:28:13.639528+00:00
2025-08-20 06:00:00+02:00,107.57,2025-12-13 19:28:13.639528+00:00
2025-08-20 07:00:00+02:00,108.69375,2025-12-13 19:28:13.639528+00:00
2025-08-20 08:00:00+02:00,99.53375,2025-12-13 19:28:13.639528+00:00
2025-08-20 09:00:00+02:00,90.45875,2025-12-13 19:28:13.639528+00:00
2025-08-20 10:00:00+02:00,79.82125,2025-12-13 19:28:13.639528+00:00
2025-08-20 11:00:00+02:00,66.86375,2025-12-13 19:28:13.639528+00:00
2025-08-20 12:00:00+02:00,49.93875,2025-12-13 19:28:13.639528+00:00
2025-08-20 13:00:00+02:00,38.33625,2025-12-13 19:28:13.639528+00:00
2025-08-20 14:00:00+02:00,47.75625,2025-12-13 19:28:13.639528+00:00
2025-08-20 15:00:00+02:00,70.42875,2025-12-13 19:28:13.639528+00:00
2025-08-20 16:00:00+02:00,85.35625,2025-12-13 19:28:13.639528+00:00
2025-08-20 17:00:00+02:00,101.11375000000001,2025-12-13 19:28:13.639528+00:00
2025-08-20 18:00:00+02:00,109.78999999999999,2025-12-13 19:28:13.639528+00:00
2025-08-20 19:00:00+02:00,127.80125000000001,2025-12-13 19:28:13.639528+00:00
2025-08-20 20:00:00+02:00,126.07625,2025-12-13 19:28:13.639528+00:00
2025-08-20 21:00:00+02:00,112.75125,2025-12-13 19:28:13.639528+00:00
2025-08-20 22:00:00+02:00,102.79124999999999,2025-12-13 19:28:13.639528+00:00
2025-08-20 23:00:00+02:00,97.3375,2025-12-13 19:28:13.639528+00:00
2025-08-21 00:00:00+02:00,95.93375,2025-12-13 19:28:13.639528+00:00
2025-08-21 01:00:00+02:00,91.01625,2025-12-13 19:28:13.639528+00:00
2025-08-21 02:00:00+02:00,89.035,2025-12-13 19:28:13.639528+00:00
2025-08-21 03:00:00+02:00,90.595,2025-12-13 19:28:13.639528+00:00
2025-08-21 04:00:00+02:00,93.235,2025-12-13 19:28:13.639528+00:00
2025-08-21 05:00:00+02:00,104.59125,2025-12-13 19:28:13.639528+00:00
2025-08-21 06:00:00+02:00,114.48375,2025-12-13 19:28:13.639528+00:00
2025-08-21 07:00:00+02:00,117.12375,2025-12-13 19:28:13.639528+00:00
2025-08-21 08:00:00+02:00,108.29375,2025-12-13 19:28:13.639528+00:00
2025-08-21 09:00:00+02:00,97.74875,2025-12-13 19:28:13.639528+00:00
2025-08-21 10:00:00+02:00,87.87,2025-12-13 19:28:13.639528+00:00
2025-08-21 11:00:00+02:00,77.265,2025-12-13 19:28:13.639528+00:00
2025-08-21 12:00:00+02:00,67.69749999999999,2025-12-13 19:28:13.639528+00:00
2025-08-21 13:00:00+02:00,60.03375,2025-12-13 19:28:13.639528+00:00
2025-08-21 14:00:00+02:00,54.64,2025-12-13 19:28:13.639528+00:00
2025-08-21 15:00:00+02:00,65.89,2025-12-13 19:28:13.639528+00:00
2025-08-21 16:00:00+02:00,73.59625,2025-12-13 19:28:13.639528+00:00
2025-08-21 17:00:00+02:00,88.92,2025-12-13 19:28:13.639528+00:00
2025-08-21 18:00:00+02:00,100.16875,2025-12-13 19:28:13.639528+00:00
2025-08-21 19:00:00+02:00,106.00874999999999,2025-12-13 19:28:13.639528+00:00
2025-08-21 20:00:00+02:00,111.165,2025-12-13 19:28:13.639528+00:00
2025-08-21 21:00:00+02:00,107.565,2025-12-13 19:28:13.639528+00:00
2025-08-21 22:00:00+02:00,101.2875,2025-12-13 19:28:13.639528+00:00
2025-08-21 23:00:00+02:00,91.485,2025-12-13 19:28:13.639528+00:00
2025-08-22 00:00:00+02:00,89.86875,2025-12-13 19:28:13.639528+00:00
2025-08-22 01:00:00+02:00,84.535,2025-12-13 19:28:13.639528+00:00
2025-08-22 02:00:00+02:00,81.24125000000001,2025-12-13 19:28:13.639528+00:00
2025-08-22 03:00:00+02:00,80.0925,2025-12-13 19:28:13.639528+00:00
2025-08-22 04:00:00+02:00,81.16250000000001,2025-12-13 19:28:13.639528+00:00
2025-08-22 05:00:00+02:00,90.24125000000001,2025-12-13 19:28:13.639528+00:00
2025-08-22 06:00:00+02:00,104.2225,2025-12-13 19:28:13.639528+00:00
2025-08-22 07:00:00+02:00,107.72375,2025-12-13 19:28:13.639528+00:00
2025-08-22 08:00:00+02:00,102.06625,2025-12-13 19:28:13.639528+00:00
2025-08-22 09:00:00+02:00,88.95625,2025-12-13 19:28:13.639528+00:00
2025-08-22 10:00:00+02:00,68.83375,2025-12-13 19:28:13.639528+00:00
2025-08-22 11:00:00+02:00,38.30125,2025-12-13 19:28:13.639528+00:00
2025-08-22 12:00:00+02:00,19.1175,2025-12-13 19:28:13.639528+00:00
2025-08-22 13:00:00+02:00,7.963749999999999,2025-12-13 19:28:13.639528+00:00
2025-08-22 14:00:00+02:00,1.93,2025-12-13 19:28:13.639528+00:00
2025-08-22 15:00:00+02:00,6.655,2025-12-13 19:28:13.639528+00:00
2025-08-22 16:00:00+02:00,36.838750000000005,2025-12-13 19:28:13.639528+00:00
2025-08-22 17:00:00+02:00,72.31,2025-12-13 19:28:13.639528+00:00
2025-08-22 18:00:00+02:00,95.81625,2025-12-13 19:28:13.639528+00:00
2025-08-22 19:00:00+02:00,107.75625,2025-12-13 19:28:13.639528+00:00
2025-08-22 20:00:00+02:00,115.10875,2025-12-13 19:28:13.639528+00:00
2025-08-22 21:00:00+02:00,109.57625,2025-12-13 19:28:13.639528+00:00
2025-08-22 22:00:00+02:00,102.89375,2025-12-13 19:28:13.639528+00:00
2025-08-22 23:00:00+02:00,95.57375,2025-12-13 19:28:13.639528+00:00
2025-08-23 00:00:00+02:00,95.87375,2025-12-13 19:28:13.639528+00:00
2025-08-23 01:00:00+02:00,89.66,2025-12-13 19:28:13.639528+00:00
2025-08-23 02:00:00+02:00,87.38,2025-12-13 19:28:13.639528+00:00
2025-08-23 03:00:00+02:00,83.965,2025-12-13 19:28:13.639528+00:00
2025-08-23 04:00:00+02:00,83.68,2025-12-13 19:28:13.639528+00:00
2025-08-23 05:00:00+02:00,83.69874999999999,2025-12-13 19:28:13.639528+00:00
2025-08-23 06:00:00+02:00,86.16875,2025-12-13 19:28:13.639528+00:00
2025-08-23 07:00:00+02:00,86.40875,2025-12-13 19:28:13.639528+00:00
2025-08-23 08:00:00+02:00,80.47375,2025-12-13 19:28:13.639528+00:00
2025-08-23 09:00:00+02:00,59.90125,2025-12-13 19:28:13.639528+00:00
2025-08-23 10:00:00+02:00,15.403749999999999,2025-12-13 19:28:13.639528+00:00
2025-08-23 11:00:00+02:00,3.0575,2025-12-13 19:28:13.639528+00:00
2025-08-23 12:00:00+02:00,1.14875,2025-12-13 19:28:13.639528+00:00
2025-08-23 13:00:00+02:00,0.4212499999999999,2025-12-13 19:28:13.639528+00:00
2025-08-23 14:00:00+02:00,0.08375000000000021,2025-12-13 19:28:13.639528+00:00
2025-08-23 15:00:00+02:00,2.21625,2025-12-13 19:28:13.639528+00:00
2025-08-23 16:00:00+02:00,9.865,2025-12-13 19:28:13.639528+00:00
2025-08-23 17:00:00+02:00,66.82,2025-12-13 19:28:13.639528+00:00
2025-08-23 18:00:00+02:00,99.22,2025-12-13 19:28:13.639528+00:00
2025-08-23 19:00:00+02:00,111.10125,2025-12-13 19:28:13.639528+00:00
2025-08-23 20:00:00+02:00,120.58500000000001,2025-12-13 19:28:13.639528+00:00
2025-08-23 21:00:00+02:00,116.82625,2025-12-13 19:28:13.639528+00:00
2025-08-23 22:00:00+02:00,109.14375,2025-12-13 19:28:13.639528+00:00
2025-08-23 23:00:00+02:00,104.3875,2025-12-13 19:28:13.639528+00:00
2025-08-24 00:00:00+02:00,100.25,2025-12-13 19:28:13.639528+00:00
2025-08-24 01:00:00+02:00,94.565,2025-12-13 19:28:13.639528+00:00
2025-08-24 02:00:00+02:00,93.95375,2025-12-13 19:28:13.639528+00:00
2025-08-24 03:00:00+02:00,93.06375,2025-12-13 19:28:13.639528+00:00
2025-08-24 04:00:00+02:00,90.44375000000001,2025-12-13 19:28:13.639528+00:00
2025-08-24 05:00:00+02:00,91.99875,2025-12-13 19:28:13.639528+00:00
2025-08-24 06:00:00+02:00,91.21875,2025-12-13 19:28:13.639528+00:00
2025-08-24 07:00:00+02:00,84.37375,2025-12-13 19:28:13.639528+00:00
2025-08-24 08:00:00+02:00,68.63375,2025-12-13 19:28:13.639528+00:00
2025-08-24 09:00:00+02:00,9.975,2025-12-13 19:28:13.639528+00:00
2025-08-24 10:00:00+02:00,0.37624999999999975,2025-12-13 19:28:13.639528+00:00
2025-08-24 11:00:00+02:00,-1.9362500000000002,2025-12-13 19:28:13.639528+00:00
2025-08-24 12:00:00+02:00,-3.6875,2025-12-13 19:28:13.639528+00:00
2025-08-24 13:00:00+02:00,-10.4725,2025-12-13 19:28:13.639528+00:00
2025-08-24 14:00:00+02:00,-8.89,2025-12-13 19:28:13.639528+00:00
2025-08-24 15:00:00+02:00,-1.1550000000000002,2025-12-13 19:28:13.639528+00:00
2025-08-24 16:00:00+02:00,1.4312500000000004,2025-12-13 19:28:13.639528+00:00
2025-08-24 17:00:00+02:00,54.105000000000004,2025-12-13 19:28:13.639528+00:00
2025-08-24 18:00:00+02:00,96.68,2025-12-13 19:28:13.639528+00:00
2025-08-24 19:00:00+02:00,109.08625,2025-12-13 19:28:13.639528+00:00
2025-08-24 20:00:00+02:00,119.11,2025-12-13 19:28:13.639528+00:00
2025-08-24 21:00:00+02:00,115.71,2025-12-13 19:28:13.639528+00:00
2025-08-24 22:00:00+02:00,107.555,2025-12-13 19:28:13.639528+00:00
2025-08-24 23:00:00+02:00,101.245,2025-12-13 19:28:13.639528+00:00
2025-08-25 00:00:00+02:00,95.0925,2025-12-13 19:28:13.639528+00:00
2025-08-25 01:00:00+02:00,88.325,2025-12-13 19:28:13.639528+00:00
2025-08-25 02:00:00+02:00,85.69,2025-12-13 19:28:13.639528+00:00
2025-08-25 03:00:00+02:00,84.3,2025-12-13 19:28:13.639528+00:00
2025-08-25 04:00:00+02:00,86.83749999999999,2025-12-13 19:28:13.639528+00:00
2025-08-25 05:00:00+02:00,100.39375,2025-12-13 19:28:13.639528+00:00
2025-08-25 06:00:00+02:00,116.4675,2025-12-13 19:28:13.639528+00:00
2025-08-25 07:00:00+02:00,124.31625,2025-12-13 19:28:13.639528+00:00
2025-08-25 08:00:00+02:00,111.21625,2025-12-13 19:28:13.639528+00:00
2025-08-25 09:00:00+02:00,92.6275,2025-12-13 19:28:13.639528+00:00
2025-08-25 10:00:00+02:00,68.6225,2025-12-13 19:28:13.639528+00:00
2025-08-25 11:00:00+02:00,37.3975,2025-12-13 19:28:13.639528+00:00
2025-08-25 12:00:00+02:00,8.97,2025-12-13 19:28:13.639528+00:00
2025-08-25 13:00:00+02:00,5.67125,2025-12-13 19:28:13.639528+00:00
2025-08-25 14:00:00+02:00,5.741250000000001,2025-12-13 19:28:13.639528+00:00
2025-08-25 15:00:00+02:00,24.853749999999998,2025-12-13 19:28:13.639528+00:00
2025-08-25 16:00:00+02:00,59.565,2025-12-13 19:28:13.639528+00:00
2025-08-25 17:00:00+02:00,87.72749999999999,2025-12-13 19:28:13.639528+00:00
2025-08-25 18:00:00+02:00,111.55000000000001,2025-12-13 19:28:13.639528+00:00
2025-08-25 19:00:00+02:00,154.06625,2025-12-13 19:28:13.639528+00:00
2025-08-25 20:00:00+02:00,208.925,2025-12-13 19:28:13.639528+00:00
2025-08-25 21:00:00+02:00,138.505,2025-12-13 19:28:13.639528+00:00
2025-08-25 22:00:00+02:00,116.24375,2025-12-13 19:28:13.639528+00:00
2025-08-25 23:00:00+02:00,105.95625000000001,2025-12-13 19:28:13.639528+00:00
2025-08-26 00:00:00+02:00,104.32374999999999,2025-12-13 19:28:13.639528+00:00
2025-08-26 01:00:00+02:00,99.43375,2025-12-13 19:28:13.639528+00:00
2025-08-26 02:00:00+02:00,95.72625,2025-12-13 19:28:13.639528+00:00
2025-08-26 03:00:00+02:00,94.33375000000001,2025-12-13 19:28:13.639528+00:00
2025-08-26 04:00:00+02:00,95.62375,2025-12-13 19:28:13.639528+00:00
2025-08-26 05:00:00+02:00,106.1325,2025-12-13 19:28:13.639528+00:00
2025-08-26 06:00:00+02:00,123.29625,2025-12-13 19:28:13.639528+00:00
2025-08-26 07:00:00+02:00,124.85000000000001,2025-12-13 19:28:13.639528+00:00
2025-08-26 08:00:00+02:00,107.31,2025-12-13 19:28:13.639528+00:00
2025-08-26 09:00:00+02:00,91.95,2025-12-13 19:28:13.639528+00:00
2025-08-26 10:00:00+02:00,77.835,2025-12-13 19:28:13.639528+00:00
2025-08-26 11:00:00+02:00,58.92375,2025-12-13 19:28:13.639528+00:00
2025-08-26 12:00:00+02:00,39.99875,2025-12-13 19:28:13.639528+00:00
2025-08-26 13:00:00+02:00,28.14125,2025-12-13 19:28:13.639528+00:00
2025-08-26 14:00:00+02:00,40.475,2025-12-13 19:28:13.639528+00:00
2025-08-26 15:00:00+02:00,70.64375,2025-12-13 19:28:13.639528+00:00
2025-08-26 16:00:00+02:00,86.2125,2025-12-13 19:28:13.639528+00:00
2025-08-26 17:00:00+02:00,103.945,2025-12-13 19:28:13.639528+00:00
2025-08-26 18:00:00+02:00,125.845,2025-12-13 19:28:13.639528+00:00
2025-08-26 19:00:00+02:00,182.495,2025-12-13 19:28:13.639528+00:00
2025-08-26 20:00:00+02:00,173.8225,2025-12-13 19:28:13.639528+00:00
2025-08-26 21:00:00+02:00,124.65875,2025-12-13 19:28:13.639528+00:00
2025-08-26 22:00:00+02:00,109.8175,2025-12-13 19:28:13.639528+00:00
2025-08-26 23:00:00+02:00,96.78875,2025-12-13 19:28:13.639528+00:00
2025-08-27 00:00:00+02:00,96.395,2025-12-13 19:28:13.639528+00:00
2025-08-27 01:00:00+02:00,90.44125,2025-12-13 19:28:13.639528+00:00
2025-08-27 02:00:00+02:00,86.84125,2025-12-13 19:28:13.639528+00:00
2025-08-27 03:00:00+02:00,86.51375,2025-12-13 19:28:13.639528+00:00
2025-08-27 04:00:00+02:00,88.475,2025-12-13 19:28:13.639528+00:00
2025-08-27 05:00:00+02:00,96.44,2025-12-13 19:28:13.639528+00:00
2025-08-27 06:00:00+02:00,108.06,2025-12-13 19:28:13.639528+00:00
2025-08-27 07:00:00+02:00,116.6425,2025-12-13 19:28:13.639528+00:00
2025-08-27 08:00:00+02:00,110.44,2025-12-13 19:28:13.639528+00:00
2025-08-27 09:00:00+02:00,100.15875,2025-12-13 19:28:13.639528+00:00
2025-08-27 10:00:00+02:00,86.65,2025-12-13 19:28:13.639528+00:00
2025-08-27 11:00:00+02:00,78.99625,2025-12-13 19:28:13.639528+00:00
2025-08-27 12:00:00+02:00,59.70625,2025-12-13 19:28:13.639528+00:00
2025-08-27 13:00:00+02:00,49.24125,2025-12-13 19:28:13.639528+00:00
2025-08-27 14:00:00+02:00,51.92375,2025-12-13 19:28:13.639528+00:00
2025-08-27 15:00:00+02:00,75.6075,2025-12-13 19:28:13.639528+00:00
2025-08-27 16:00:00+02:00,85.735,2025-12-13 19:28:13.639528+00:00
2025-08-27 17:00:00+02:00,104.56375,2025-12-13 19:28:13.639528+00:00
2025-08-27 18:00:00+02:00,133.94125,2025-12-13 19:28:13.639528+00:00
2025-08-27 19:00:00+02:00,220.64374999999998,2025-12-13 19:28:13.639528+00:00
2025-08-27 20:00:00+02:00,237.7,2025-12-13 19:28:13.639528+00:00
2025-08-27 21:00:00+02:00,135.4875,2025-12-13 19:28:13.639528+00:00
2025-08-27 22:00:00+02:00,112.73375,2025-12-13 19:28:13.639528+00:00
2025-08-27 23:00:00+02:00,102.07249999999999,2025-12-13 19:28:13.639528+00:00
2025-08-28 00:00:00+02:00,99.8075,2025-12-13 19:28:13.639528+00:00
2025-08-28 01:00:00+02:00,94.62375,2025-12-13 19:28:13.639528+00:00
2025-08-28 02:00:00+02:00,90.75125,2025-12-13 19:28:13.639528+00:00
2025-08-28 03:00:00+02:00,89.905,2025-12-13 19:28:13.639528+00:00
2025-08-28 04:00:00+02:00,92.05875,2025-12-13 19:28:13.639528+00:00
2025-08-28 05:00:00+02:00,101.14,2025-12-13 19:28:13.639528+00:00
2025-08-28 06:00:00+02:00,121.75,2025-12-13 19:28:13.639528+00:00
2025-08-28 07:00:00+02:00,141.33249999999998,2025-12-13 19:28:13.639528+00:00
2025-08-28 08:00:00+02:00,143.64999999999998,2025-12-13 19:28:13.639528+00:00
2025-08-28 09:00:00+02:00,122.30625,2025-12-13 19:28:13.639528+00:00
2025-08-28 10:00:00+02:00,114.12125,2025-12-13 19:28:13.639528+00:00
2025-08-28 11:00:00+02:00,111.10249999999999,2025-12-13 19:28:13.639528+00:00
2025-08-28 12:00:00+02:00,108.55,2025-12-13 19:28:13.639528+00:00
2025-08-28 13:00:00+02:00,106.1275,2025-12-13 19:28:13.639528+00:00
2025-08-28 14:00:00+02:00,103.64375,2025-12-13 19:28:13.639528+00:00
2025-08-28 15:00:00+02:00,105.06,2025-12-13 19:28:13.639528+00:00
2025-08-28 16:00:00+02:00,106.0175,2025-12-13 19:28:13.639528+00:00
2025-08-28 17:00:00+02:00,125.67500000000001,2025-12-13 19:28:13.639528+00:00
2025-08-28 18:00:00+02:00,155.845,2025-12-13 19:28:13.639528+00:00
2025-08-28 19:00:00+02:00,203.60250000000002,2025-12-13 19:28:13.639528+00:00
2025-08-28 20:00:00+02:00,170.78,2025-12-13 19:28:13.639528+00:00
2025-08-28 21:00:00+02:00,128.11125,2025-12-13 19:28:13.639528+00:00
2025-08-28 22:00:00+02:00,109.9075,2025-12-13 19:28:13.639528+00:00
2025-08-28 23:00:00+02:00,96.05625,2025-12-13 19:28:13.639528+00:00
2025-08-29 00:00:00+02:00,89.26375,2025-12-13 19:28:13.639528+00:00
2025-08-29 01:00:00+02:00,86.545,2025-12-13 19:28:13.639528+00:00
2025-08-29 02:00:00+02:00,85.80125,2025-12-13 19:28:13.639528+00:00
2025-08-29 03:00:00+02:00,84.5,2025-12-13 19:28:13.639528+00:00
2025-08-29 04:00:00+02:00,85.505,2025-12-13 19:28:13.639528+00:00
2025-08-29 05:00:00+02:00,93.1925,2025-12-13 19:28:13.639528+00:00
2025-08-29 06:00:00+02:00,115.39,2025-12-13 19:28:13.639528+00:00
2025-08-29 07:00:00+02:00,123.89625000000001,2025-12-13 19:28:13.639528+00:00
2025-08-29 08:00:00+02:00,119.595,2025-12-13 19:28:13.639528+00:00
2025-08-29 09:00:00+02:00,107.05625,2025-12-13 19:28:13.639528+00:00
2025-08-29 10:00:00+02:00,87.9075,2025-12-13 19:28:13.639528+00:00
2025-08-29 11:00:00+02:00,78.53125,2025-12-13 19:28:13.639528+00:00
2025-08-29 12:00:00+02:00,67.83875,2025-12-13 19:28:13.639528+00:00
2025-08-29 13:00:00+02:00,56.40625,2025-12-13 19:28:13.639528+00:00
2025-08-29 14:00:00+02:00,59.03625,2025-12-13 19:28:13.639528+00:00
2025-08-29 15:00:00+02:00,71.08250000000001,2025-12-13 19:28:13.639528+00:00
2025-08-29 16:00:00+02:00,84.58625,2025-12-13 19:28:13.639528+00:00
2025-08-29 17:00:00+02:00,103.02125,2025-12-13 19:28:13.639528+00:00
2025-08-29 18:00:00+02:00,119.85375,2025-12-13 19:28:13.639528+00:00
2025-08-29 19:00:00+02:00,147.3425,2025-12-13 19:28:13.639528+00:00
2025-08-29 20:00:00+02:00,125.64874999999999,2025-12-13 19:28:13.639528+00:00
2025-08-29 21:00:00+02:00,112.39,2025-12-13 19:28:13.639528+00:00
2025-08-29 22:00:00+02:00,98.0325,2025-12-13 19:28:13.639528+00:00
2025-08-29 23:00:00+02:00,89.36625,2025-12-13 19:28:13.639528+00:00
2025-08-30 00:00:00+02:00,91.4725,2025-12-13 19:28:13.639528+00:00
2025-08-30 01:00:00+02:00,87.0775,2025-12-13 19:28:13.639528+00:00
2025-08-30 02:00:00+02:00,84.44875,2025-12-13 19:28:13.639528+00:00
2025-08-30 03:00:00+02:00,83.13875,2025-12-13 19:28:13.639528+00:00
2025-08-30 04:00:00+02:00,84.86625,2025-12-13 19:28:13.639528+00:00
2025-08-30 05:00:00+02:00,89.405,2025-12-13 19:28:13.639528+00:00
2025-08-30 06:00:00+02:00,95.41375,2025-12-13 19:28:13.639528+00:00
2025-08-30 07:00:00+02:00,96.9775,2025-12-13 19:28:13.639528+00:00
2025-08-30 08:00:00+02:00,90.89875,2025-12-13 19:28:13.639528+00:00
2025-08-30 09:00:00+02:00,77.2675,2025-12-13 19:28:13.639528+00:00
2025-08-30 10:00:00+02:00,39.8775,2025-12-13 19:28:13.639528+00:00
2025-08-30 11:00:00+02:00,7.01875,2025-12-13 19:28:13.639528+00:00
2025-08-30 12:00:00+02:00,1.55125,2025-12-13 19:28:13.639528+00:00
2025-08-30 13:00:00+02:00,-0.6712499999999999,2025-12-13 19:28:13.639528+00:00
2025-08-30 14:00:00+02:00,0.45625000000000004,2025-12-13 19:28:13.639528+00:00
2025-08-30 15:00:00+02:00,-0.19499999999999984,2025-12-13 19:28:13.639528+00:00
2025-08-30 16:00:00+02:00,13.59125,2025-12-13 19:28:13.639528+00:00
2025-08-30 17:00:00+02:00,79.0875,2025-12-13 19:28:13.639528+00:00
2025-08-30 18:00:00+02:00,101.47125,2025-12-13 19:28:13.639528+00:00
2025-08-30 19:00:00+02:00,123.585,2025-12-13 19:28:13.639528+00:00
2025-08-30 20:00:00+02:00,129.765,2025-12-13 19:28:13.639528+00:00
2025-08-30 21:00:00+02:00,116.84375,2025-12-13 19:28:13.639528+00:00
2025-08-30 22:00:00+02:00,105.19749999999999,2025-12-13 19:28:13.639528+00:00
2025-08-30 23:00:00+02:00,92.40875,2025-12-13 19:28:13.639528+00:00
2025-08-31 00:00:00+02:00,87.96124999999999,2025-12-13 19:28:13.639528+00:00
2025-08-31 01:00:00+02:00,79.955,2025-12-13 19:28:13.639528+00:00
2025-08-31 02:00:00+02:00,73.3825,2025-12-13 19:28:13.639528+00:00
2025-08-31 03:00:00+02:00,68.92125,2025-12-13 19:28:13.639528+00:00
2025-08-31 04:00:00+02:00,63.207499999999996,2025-12-13 19:28:13.639528+00:00
2025-08-31 05:00:00+02:00,64.005,2025-12-13 19:28:13.639528+00:00
2025-08-31 06:00:00+02:00,63.45875,2025-12-13 19:28:13.639528+00:00
2025-08-31 07:00:00+02:00,59.0275,2025-12-13 19:28:13.639528+00:00
2025-08-31 08:00:00+02:00,33.44,2025-12-13 19:28:13.639528+00:00
2025-08-31 09:00:00+02:00,9.60125,2025-12-13 19:28:13.639528+00:00
2025-08-31 10:00:00+02:00,1.2449999999999994,2025-12-13 19:28:13.639528+00:00
2025-08-31 11:00:00+02:00,-0.7124999999999997,2025-12-13 19:28:13.639528+00:00
2025-08-31 12:00:00+02:00,-1.9537499999999999,2025-12-13 19:28:13.639528+00:00
2025-08-31 13:00:00+02:00,-3.77,2025-12-13 19:28:13.639528+00:00
2025-08-31 14:00:00+02:00,-2.54875,2025-12-13 19:28:13.639528+00:00
2025-08-31 15:00:00+02:00,0.23625000000000007,2025-12-13 19:28:13.639528+00:00
2025-08-31 16:00:00+02:00,22.0425,2025-12-13 19:28:13.639528+00:00
2025-08-31 17:00:00+02:00,83.24875,2025-12-13 19:28:13.639528+00:00
2025-08-31 18:00:00+02:00,114.69,2025-12-13 19:28:13.639528+00:00
2025-08-31 19:00:00+02:00,134.17874999999998,2025-12-13 19:28:13.639528+00:00
2025-08-31 20:00:00+02:00,139.35375,2025-12-13 19:28:13.639528+00:00
2025-08-31 21:00:00+02:00,115.69,2025-12-13 19:28:13.639528+00:00
2025-08-31 22:00:00+02:00,103.77374999999999,2025-12-13 19:28:13.639528+00:00
2025-08-31 23:00:00+02:00,94.415,2025-12-13 19:28:13.639528+00:00
2025-09-01 00:00:00+02:00,87.9125,2025-12-13 19:28:13.639528+00:00
2025-09-01 01:00:00+02:00,84.61500000000001,2025-12-13 19:28:13.639528+00:00
2025-09-01 02:00:00+02:00,83.26875,2025-12-13 19:28:13.639528+00:00
2025-09-01 03:00:00+02:00,81.74375,2025-12-13 19:28:13.639528+00:00
2025-09-01 04:00:00+02:00,82.73625,2025-12-13 19:28:13.639528+00:00
2025-09-01 05:00:00+02:00,93.17875000000001,2025-12-13 19:28:13.639528+00:00
2025-09-01 06:00:00+02:00,115.53875000000001,2025-12-13 19:28:13.639528+00:00
2025-09-01 07:00:00+02:00,121.33500000000001,2025-12-13 19:28:13.639528+00:00
2025-09-01 08:00:00+02:00,112.625,2025-12-13 19:28:13.639528+00:00
2025-09-01 09:00:00+02:00,98.1425,2025-12-13 19:28:13.639528+00:00
2025-09-01 10:00:00+02:00,85.8,2025-12-13 19:28:13.639528+00:00
2025-09-01 11:00:00+02:00,73.41250000000001,2025-12-13 19:28:13.639528+00:00
2025-09-01 12:00:00+02:00,50.181250000000006,2025-12-13 19:28:13.639528+00:00
2025-09-01 13:00:00+02:00,38.065,2025-12-13 19:28:13.639528+00:00
2025-09-01 14:00:00+02:00,49.38875,2025-12-13 19:28:13.639528+00:00
2025-09-01 15:00:00+02:00,65.82875,2025-12-13 19:28:13.639528+00:00
2025-09-01 16:00:00+02:00,83.18375,2025-12-13 19:28:13.639528+00:00
2025-09-01 17:00:00+02:00,105.61625000000001,2025-12-13 19:28:13.639528+00:00
2025-09-01 18:00:00+02:00,134.8725,2025-12-13 19:28:13.639528+00:00
2025-09-01 19:00:00+02:00,206.65625,2025-12-13 19:28:13.639528+00:00
2025-09-01 20:00:00+02:00,178.1725,2025-12-13 19:28:13.639528+00:00
2025-09-01 21:00:00+02:00,118.30125,2025-12-13 19:28:13.639528+00:00
2025-09-01 22:00:00+02:00,105.56875000000001,2025-12-13 19:28:13.639528+00:00
2025-09-01 23:00:00+02:00,95.37625,2025-12-13 19:28:13.639528+00:00
2025-09-02 00:00:00+02:00,95.2475,2025-12-13 19:28:13.639528+00:00
2025-09-02 01:00:00+02:00,91.50375,2025-12-13 19:28:13.639528+00:00
2025-09-02 02:00:00+02:00,90.98125,2025-12-13 19:28:13.639528+00:00
2025-09-02 03:00:00+02:00,89.70125,2025-12-13 19:28:13.639528+00:00
2025-09-02 04:00:00+02:00,93.6625,2025-12-13 19:28:13.639528+00:00
2025-09-02 05:00:00+02:00,103.6,2025-12-13 19:28:13.639528+00:00
2025-09-02 06:00:00+02:00,129.155,2025-12-13 19:28:13.639528+00:00
2025-09-02 07:00:00+02:00,152.7025,2025-12-13 19:28:13.639528+00:00
2025-09-02 08:00:00+02:00,141.28375,2025-12-13 19:28:13.639528+00:00
2025-09-02 09:00:00+02:00,115.8675,2025-12-13 19:28:13.639528+00:00
2025-09-02 10:00:00+02:00,101.78875,2025-12-13 19:28:13.639528+00:00
2025-09-02 11:00:00+02:00,89.17999999999999,2025-12-13 19:28:13.639528+00:00
2025-09-02 12:00:00+02:00,82.4375,2025-12-13 19:28:13.639528+00:00
2025-09-02 13:00:00+02:00,78.92625000000001,2025-12-13 19:28:13.639528+00:00
2025-09-02 14:00:00+02:00,77.805,2025-12-13 19:28:13.639528+00:00
2025-09-02 15:00:00+02:00,81.83500000000001,2025-12-13 19:28:13.639528+00:00
2025-09-02 16:00:00+02:00,93.265,2025-12-13 19:28:13.639528+00:00
2025-09-02 17:00:00+02:00,108.76875,2025-12-13 19:28:13.639528+00:00
2025-09-02 18:00:00+02:00,159.91375,2025-12-13 19:28:13.639528+00:00
2025-09-02 19:00:00+02:00,278.87874999999997,2025-12-13 19:28:13.639528+00:00
2025-09-02 20:00:00+02:00,238.22125,2025-12-13 19:28:13.639528+00:00
2025-09-02 21:00:00+02:00,137.35999999999999,2025-12-13 19:28:13.639528+00:00
2025-09-02 22:00:00+02:00,110.78375,2025-12-13 19:28:13.639528+00:00
2025-09-02 23:00:00+02:00,96.17375,2025-12-13 19:28:13.639528+00:00
2025-09-03 00:00:00+02:00,97.18125,2025-12-13 19:28:13.639528+00:00
2025-09-03 01:00:00+02:00,90.0625,2025-12-13 19:28:13.639528+00:00
2025-09-03 02:00:00+02:00,84.99875,2025-12-13 19:28:13.639528+00:00
2025-09-03 03:00:00+02:00,81.76625,2025-12-13 19:28:13.639528+00:00
2025-09-03 04:00:00+02:00,81.3375,2025-12-13 19:28:13.639528+00:00
2025-09-03 05:00:00+02:00,86.77125,2025-12-13 19:28:13.639528+00:00
2025-09-03 06:00:00+02:00,102.44,2025-12-13 19:28:13.639528+00:00
2025-09-03 07:00:00+02:00,109.97125,2025-12-13 19:28:13.639528+00:00
2025-09-03 08:00:00+02:00,103.50375,2025-12-13 19:28:13.639528+00:00
2025-09-03 09:00:00+02:00,84.8125,2025-12-13 19:28:13.639528+00:00
2025-09-03 10:00:00+02:00,36.47,2025-12-13 19:28:13.639528+00:00
2025-09-03 11:00:00+02:00,3.4687499999999996,2025-12-13 19:28:13.639528+00:00
2025-09-03 12:00:00+02:00,-0.25,2025-12-13 19:28:13.639528+00:00
2025-09-03 13:00:00+02:00,-1.0162499999999999,2025-12-13 19:28:13.639528+00:00
2025-09-03 14:00:00+02:00,-1.1212499999999999,2025-12-13 19:28:13.639528+00:00
2025-09-03 15:00:00+02:00,3.5825,2025-12-13 19:28:13.639528+00:00
2025-09-03 16:00:00+02:00,15.22375,2025-12-13 19:28:13.639528+00:00
2025-09-03 17:00:00+02:00,65.91375,2025-12-13 19:28:13.639528+00:00
2025-09-03 18:00:00+02:00,98.27374999999999,2025-12-13 19:28:13.639528+00:00
2025-09-03 19:00:00+02:00,110.7025,2025-12-13 19:28:13.639528+00:00
2025-09-03 20:00:00+02:00,108.5325,2025-12-13 19:28:13.639528+00:00
2025-09-03 21:00:00+02:00,92.61,2025-12-13 19:28:13.639528+00:00
2025-09-03 22:00:00+02:00,81.28875000000001,2025-12-13 19:28:13.639528+00:00
2025-09-03 23:00:00+02:00,61.53,2025-12-13 19:28:13.639528+00:00
2025-09-04 00:00:00+02:00,33.54375,2025-12-13 19:28:13.639528+00:00
2025-09-04 01:00:00+02:00,28.35125,2025-12-13 19:28:13.639528+00:00
2025-09-04 02:00:00+02:00,29.517500000000002,2025-12-13 19:28:13.639528+00:00
2025-09-04 03:00:00+02:00,37.76875,2025-12-13 19:28:13.639528+00:00
2025-09-04 04:00:00+02:00,57.7325,2025-12-13 19:28:13.639528+00:00
2025-09-04 05:00:00+02:00,81.69375,2025-12-13 19:28:13.639528+00:00
2025-09-04 06:00:00+02:00,107.61625000000001,2025-12-13 19:28:13.639528+00:00
2025-09-04 07:00:00+02:00,120.84125,2025-12-13 19:28:13.639528+00:00
2025-09-04 08:00:00+02:00,103.80125,2025-12-13 19:28:13.639528+00:00
2025-09-04 09:00:00+02:00,81.23,2025-12-13 19:28:13.639528+00:00
2025-09-04 10:00:00+02:00,51.206250000000004,2025-12-13 19:28:13.639528+00:00
2025-09-04 11:00:00+02:00,20.745,2025-12-13 19:28:13.639528+00:00
2025-09-04 12:00:00+02:00,11.26,2025-12-13 19:28:13.639528+00:00
2025-09-04 13:00:00+02:00,10.35125,2025-12-13 19:28:13.639528+00:00
2025-09-04 14:00:00+02:00,35.51875,2025-12-13 19:28:13.639528+00:00
2025-09-04 15:00:00+02:00,73.15,2025-12-13 19:28:13.639528+00:00
2025-09-04 16:00:00+02:00,93.6125,2025-12-13 19:28:13.639528+00:00
2025-09-04 17:00:00+02:00,111.1625,2025-12-13 19:28:13.639528+00:00
2025-09-04 18:00:00+02:00,184.7075,2025-12-13 19:28:13.639528+00:00
2025-09-04 19:00:00+02:00,310.8075,2025-12-13 19:28:13.639528+00:00
2025-09-04 20:00:00+02:00,224.28125,2025-12-13 19:28:13.639528+00:00
2025-09-04 21:00:00+02:00,131.95250000000001,2025-12-13 19:28:13.639528+00:00
2025-09-04 22:00:00+02:00,113.3575,2025-12-13 19:28:13.639528+00:00
2025-09-04 23:00:00+02:00,103.55,2025-12-13 19:28:13.639528+00:00
2025-09-05 00:00:00+02:00,97.67125,2025-12-13 19:28:13.639528+00:00
2025-09-05 01:00:00+02:00,92.1125,2025-12-13 19:28:13.639528+00:00
2025-09-05 02:00:00+02:00,88.11875,2025-12-13 19:28:13.639528+00:00
2025-09-05 03:00:00+02:00,87.0925,2025-12-13 19:28:13.639528+00:00
2025-09-05 04:00:00+02:00,89.015,2025-12-13 19:28:13.639528+00:00
2025-09-05 05:00:00+02:00,98.52,2025-12-13 19:28:13.639528+00:00
2025-09-05 06:00:00+02:00,118.63875,2025-12-13 19:28:13.639528+00:00
2025-09-05 07:00:00+02:00,132.9525,2025-12-13 19:28:13.639528+00:00
2025-09-05 08:00:00+02:00,126.14875,2025-12-13 19:28:13.639528+00:00
2025-09-05 09:00:00+02:00,102.91125,2025-12-13 19:28:13.639528+00:00
2025-09-05 10:00:00+02:00,91.62625,2025-12-13 19:28:13.639528+00:00
2025-09-05 11:00:00+02:00,87.52375,2025-12-13 19:28:13.639528+00:00
2025-09-05 12:00:00+02:00,75.375,2025-12-13 19:28:13.639528+00:00
2025-09-05 13:00:00+02:00,68.1425,2025-12-13 19:28:13.639528+00:00
2025-09-05 14:00:00+02:00,69.295,2025-12-13 19:28:13.639528+00:00
2025-09-05 15:00:00+02:00,75.20875,2025-12-13 19:28:13.639528+00:00
2025-09-05 16:00:00+02:00,85.93125,2025-12-13 19:28:13.639528+00:00
2025-09-05 17:00:00+02:00,96.05375,2025-12-13 19:28:13.639528+00:00
2025-09-05 18:00:00+02:00,121.07625,2025-12-13 19:28:13.639528+00:00
2025-09-05 19:00:00+02:00,184.3375,2025-12-13 19:28:13.639528+00:00
2025-09-05 20:00:00+02:00,163.64,2025-12-13 19:28:13.639528+00:00
2025-09-05 21:00:00+02:00,121.10249999999999,2025-12-13 19:28:13.639528+00:00
2025-09-05 22:00:00+02:00,107.94749999999999,2025-12-13 19:28:13.639528+00:00
2025-09-05 23:00:00+02:00,102.5325,2025-12-13 19:28:13.639528+00:00
2025-09-06 00:00:00+02:00,102.295,2025-12-13 19:28:13.639528+00:00
2025-09-06 01:00:00+02:00,99.94375000000001,2025-12-13 19:28:13.639528+00:00
2025-09-06 02:00:00+02:00,99.74,2025-12-13 19:28:13.639528+00:00
2025-09-06 03:00:00+02:00,97.6925,2025-12-13 19:28:13.639528+00:00
2025-09-06 04:00:00+02:00,97.56,2025-12-13 19:28:13.639528+00:00
2025-09-06 05:00:00+02:00,99.6375,2025-12-13 19:28:13.639528+00:00
2025-09-06 06:00:00+02:00,105.53999999999999,2025-12-13 19:28:13.639528+00:00
2025-09-06 07:00:00+02:00,105.24625,2025-12-13 19:28:13.639528+00:00
2025-09-06 08:00:00+02:00,97.09,2025-12-13 19:28:13.639528+00:00
2025-09-06 09:00:00+02:00,80.60375,2025-12-13 19:28:13.639528+00:00
2025-09-06 10:00:00+02:00,26.165,2025-12-13 19:28:13.639528+00:00
2025-09-06 11:00:00+02:00,0.9949999999999994,2025-12-13 19:28:13.639528+00:00
2025-09-06 12:00:00+02:00,-0.6162499999999997,2025-12-13 19:28:13.639528+00:00
2025-09-06 13:00:00+02:00,-1.1424999999999998,2025-12-13 19:28:13.639528+00:00
2025-09-06 14:00:00+02:00,-1.2087500000000002,2025-12-13 19:28:13.639528+00:00
2025-09-06 15:00:00+02:00,2.0974999999999997,2025-12-13 19:28:13.639528+00:00
2025-09-06 16:00:00+02:00,44.97,2025-12-13 19:28:13.639528+00:00
2025-09-06 17:00:00+02:00,90.64125,2025-12-13 19:28:13.639528+00:00
2025-09-06 18:00:00+02:00,117.88875,2025-12-13 19:28:13.639528+00:00
2025-09-06 19:00:00+02:00,158.9325,2025-12-13 19:28:13.639528+00:00
2025-09-06 20:00:00+02:00,142.63375,2025-12-13 19:28:13.639528+00:00
2025-09-06 21:00:00+02:00,114.03875,2025-12-13 19:28:13.639528+00:00
2025-09-06 22:00:00+02:00,98.025,2025-12-13 19:28:13.639528+00:00
2025-09-06 23:00:00+02:00,85.23625,2025-12-13 19:28:13.639528+00:00
2025-09-07 00:00:00+02:00,91.86125,2025-12-13 19:28:13.639528+00:00
2025-09-07 01:00:00+02:00,85.1925,2025-12-13 19:28:13.639528+00:00
2025-09-07 02:00:00+02:00,82.67,2025-12-13 19:28:13.639528+00:00
2025-09-07 03:00:00+02:00,82.15625,2025-12-13 19:28:13.639528+00:00
2025-09-07 04:00:00+02:00,81.80875,2025-12-13 19:28:13.639528+00:00
2025-09-07 05:00:00+02:00,81.85125000000001,2025-12-13 19:28:13.639528+00:00
2025-09-07 06:00:00+02:00,81.25,2025-12-13 19:28:13.639528+00:00
2025-09-07 07:00:00+02:00,63.50375,2025-12-13 19:28:13.639528+00:00
2025-09-07 08:00:00+02:00,14.8675,2025-12-13 19:28:13.639528+00:00
2025-09-07 09:00:00+02:00,1.8612499999999996,2025-12-13 19:28:13.639528+00:00
2025-09-07 10:00:00+02:00,-1.99875,2025-12-13 19:28:13.639528+00:00
2025-09-07 11:00:00+02:00,-13.02,2025-12-13 19:28:13.639528+00:00
2025-09-07 12:00:00+02:00,-30.696250000000003,2025-12-13 19:28:13.639528+00:00
2025-09-07 13:00:00+02:00,-46.75375,2025-12-13 19:28:13.639528+00:00
2025-09-07 14:00:00+02:00,-40.4225,2025-12-13 19:28:13.639528+00:00
2025-09-07 15:00:00+02:00,-13.971250000000001,2025-12-13 19:28:13.639528+00:00
2025-09-07 16:00:00+02:00,-0.7949999999999999,2025-12-13 19:28:13.639528+00:00
2025-09-07 17:00:00+02:00,33.33,2025-12-13 19:28:13.639528+00:00
2025-09-07 18:00:00+02:00,94.245,2025-12-13 19:28:13.639528+00:00
2025-09-07 19:00:00+02:00,110.3125,2025-12-13 19:28:13.639528+00:00
2025-09-07 20:00:00+02:00,102.94125,2025-12-13 19:28:13.639528+00:00
2025-09-07 21:00:00+02:00,94.04625,2025-12-13 19:28:13.639528+00:00
2025-09-07 22:00:00+02:00,86.89,2025-12-13 19:28:13.639528+00:00
2025-09-07 23:00:00+02:00,85.1275,2025-12-13 19:28:13.639528+00:00
2025-09-08 00:00:00+02:00,73.05,2025-12-13 19:28:13.639528+00:00
2025-09-08 01:00:00+02:00,76.10374999999999,2025-12-13 19:28:13.639528+00:00
2025-09-08 02:00:00+02:00,77.17625000000001,2025-12-13 19:28:13.639528+00:00
2025-09-08 03:00:00+02:00,78.295,2025-12-13 19:28:13.639528+00:00
2025-09-08 04:00:00+02:00,81.94375000000001,2025-12-13 19:28:13.639528+00:00
2025-09-08 05:00:00+02:00,92.89999999999999,2025-12-13 19:28:13.639528+00:00
2025-09-08 06:00:00+02:00,113.63875,2025-12-13 19:28:13.639528+00:00
2025-09-08 07:00:00+02:00,139.4325,2025-12-13 19:28:13.639528+00:00
2025-09-08 08:00:00+02:00,122.215,2025-12-13 19:28:13.639528+00:00
2025-09-08 09:00:00+02:00,102.36125,2025-12-13 19:28:13.639528+00:00
2025-09-08 10:00:00+02:00,88.11375,2025-12-13 19:28:13.639528+00:00
2025-09-08 11:00:00+02:00,77.17125,2025-12-13 19:28:13.639528+00:00
2025-09-08 12:00:00+02:00,67.02625,2025-12-13 19:28:13.639528+00:00
2025-09-08 13:00:00+02:00,64.95875000000001,2025-12-13 19:28:13.639528+00:00
2025-09-08 14:00:00+02:00,73.2,2025-12-13 19:28:13.639528+00:00
2025-09-08 15:00:00+02:00,82.30499999999999,2025-12-13 19:28:13.639528+00:00
2025-09-08 16:00:00+02:00,98.56125,2025-12-13 19:28:13.639528+00:00
2025-09-08 17:00:00+02:00,118.66499999999999,2025-12-13 19:28:13.639528+00:00
2025-09-08 18:00:00+02:00,189.17625,2025-12-13 19:28:13.639528+00:00
2025-09-08 19:00:00+02:00,359.435,2025-12-13 19:28:13.639528+00:00
2025-09-08 20:00:00+02:00,276.315,2025-12-13 19:28:13.639528+00:00
2025-09-08 21:00:00+02:00,148.48125,2025-12-13 19:28:13.639528+00:00
2025-09-08 22:00:00+02:00,118.43,2025-12-13 19:28:13.639528+00:00
2025-09-08 23:00:00+02:00,107.82625,2025-12-13 19:28:13.639528+00:00
2025-09-09 00:00:00+02:00,111.6225,2025-12-13 19:28:13.639528+00:00
2025-09-09 01:00:00+02:00,108.97125,2025-12-13 19:28:13.639528+00:00
2025-09-09 02:00:00+02:00,105.9725,2025-12-13 19:28:13.639528+00:00
2025-09-09 03:00:00+02:00,105.65125,2025-12-13 19:28:13.639528+00:00
2025-09-09 04:00:00+02:00,108.16625,2025-12-13 19:28:13.639528+00:00
2025-09-09 05:00:00+02:00,116.37875,2025-12-13 19:28:13.639528+00:00
2025-09-09 06:00:00+02:00,171.23375,2025-12-13 19:28:13.639528+00:00
2025-09-09 07:00:00+02:00,257.87624999999997,2025-12-13 19:28:13.639528+00:00
2025-09-09 08:00:00+02:00,192.52125,2025-12-13 19:28:13.639528+00:00
2025-09-09 09:00:00+02:00,128.8225,2025-12-13 19:28:13.639528+00:00
2025-09-09 10:00:00+02:00,110.54875,2025-12-13 19:28:13.639528+00:00
2025-09-09 11:00:00+02:00,102.76375,2025-12-13 19:28:13.639528+00:00
2025-09-09 12:00:00+02:00,92.21375,2025-12-13 19:28:13.639528+00:00
2025-09-09 13:00:00+02:00,90.2575,2025-12-13 19:28:13.639528+00:00
2025-09-09 14:00:00+02:00,90.075,2025-12-13 19:28:13.639528+00:00
2025-09-09 15:00:00+02:00,95.77125,2025-12-13 19:28:13.639528+00:00
2025-09-09 16:00:00+02:00,104.82499999999999,2025-12-13 19:28:13.639528+00:00
2025-09-09 17:00:00+02:00,127.805,2025-12-13 19:28:13.639528+00:00
2025-09-09 18:00:00+02:00,196.33875,2025-12-13 19:28:13.639528+00:00
2025-09-09 19:00:00+02:00,371.05375,2025-12-13 19:28:13.639528+00:00
2025-09-09 20:00:00+02:00,230.53875,2025-12-13 19:28:13.639528+00:00
2025-09-09 21:00:00+02:00,136.29625,2025-12-13 19:28:13.639528+00:00
2025-09-09 22:00:00+02:00,115.7675,2025-12-13 19:28:13.639528+00:00
2025-09-09 23:00:00+02:00,105.94125,2025-12-13 19:28:13.639528+00:00
2025-09-10 00:00:00+02:00,105.76375,2025-12-13 19:28:13.639528+00:00
2025-09-10 01:00:00+02:00,104.495,2025-12-13 19:28:13.639528+00:00
2025-09-10 02:00:00+02:00,102.015,2025-12-13 19:28:13.639528+00:00
2025-09-10 03:00:00+02:00,102.405,2025-12-13 19:28:13.639528+00:00
2025-09-10 04:00:00+02:00,103.675,2025-12-13 19:28:13.639528+00:00
2025-09-10 05:00:00+02:00,113.78875,2025-12-13 19:28:13.639528+00:00
2025-09-10 06:00:00+02:00,149.725,2025-12-13 19:28:13.639528+00:00
2025-09-10 07:00:00+02:00,243.14749999999998,2025-12-13 19:28:13.639528+00:00
2025-09-10 08:00:00+02:00,183.80125,2025-12-13 19:28:13.639528+00:00
2025-09-10 09:00:00+02:00,126.90125,2025-12-13 19:28:13.639528+00:00
2025-09-10 10:00:00+02:00,107.4175,2025-12-13 19:28:13.639528+00:00
2025-09-10 11:00:00+02:00,100.23625,2025-12-13 19:28:13.639528+00:00
2025-09-10 12:00:00+02:00,88.37375,2025-12-13 19:28:13.639528+00:00
2025-09-10 13:00:00+02:00,85.44375000000001,2025-12-13 19:28:13.639528+00:00
2025-09-10 14:00:00+02:00,87.5675,2025-12-13 19:28:13.639528+00:00
2025-09-10 15:00:00+02:00,92.66,2025-12-13 19:28:13.639528+00:00
2025-09-10 16:00:00+02:00,103.775,2025-12-13 19:28:13.639528+00:00
2025-09-10 17:00:00+02:00,130.8975,2025-12-13 19:28:13.639528+00:00
2025-09-10 18:00:00+02:00,184.3125,2025-12-13 19:28:13.639528+00:00
2025-09-10 19:00:00+02:00,311.2875,2025-12-13 19:28:13.639528+00:00
2025-09-10 20:00:00+02:00,186.7775,2025-12-13 19:28:13.639528+00:00
2025-09-10 21:00:00+02:00,123.685,2025-12-13 19:28:13.639528+00:00
2025-09-10 22:00:00+02:00,103.28875,2025-12-13 19:28:13.639528+00:00
2025-09-10 23:00:00+02:00,89.99375,2025-12-13 19:28:13.639528+00:00
2025-09-11 00:00:00+02:00,93.51375,2025-12-13 19:28:13.639528+00:00
2025-09-11 01:00:00+02:00,86.33125,2025-12-13 19:28:13.639528+00:00
2025-09-11 02:00:00+02:00,79.42375,2025-12-13 19:28:13.639528+00:00
2025-09-11 03:00:00+02:00,74.885,2025-12-13 19:28:13.639528+00:00
2025-09-11 04:00:00+02:00,74.55125,2025-12-13 19:28:13.639528+00:00
2025-09-11 05:00:00+02:00,83.2725,2025-12-13 19:28:13.639528+00:00
2025-09-11 06:00:00+02:00,109.6025,2025-12-13 19:28:13.639528+00:00
2025-09-11 07:00:00+02:00,124.0725,2025-12-13 19:28:13.639528+00:00
2025-09-11 08:00:00+02:00,117.49125,2025-12-13 19:28:13.639528+00:00
2025-09-11 09:00:00+02:00,97.8575,2025-12-13 19:28:13.639528+00:00
2025-09-11 10:00:00+02:00,73.09375,2025-12-13 19:28:13.639528+00:00
2025-09-11 11:00:00+02:00,15.60375,2025-12-13 19:28:13.639528+00:00
2025-09-11 12:00:00+02:00,2.4524999999999997,2025-12-13 19:28:13.639528+00:00
2025-09-11 13:00:00+02:00,1.11375,2025-12-13 19:28:13.639528+00:00
2025-09-11 14:00:00+02:00,-0.75875,2025-12-13 19:28:13.639528+00:00
2025-09-11 15:00:00+02:00,2.8012500000000005,2025-12-13 19:28:13.639528+00:00
2025-09-11 16:00:00+02:00,19.990000000000002,2025-12-13 19:28:13.639528+00:00
2025-09-11 17:00:00+02:00,80.255,2025-12-13 19:28:13.639528+00:00
2025-09-11 18:00:00+02:00,113.20249999999999,2025-12-13 19:28:13.639528+00:00
2025-09-11 19:00:00+02:00,134.065,2025-12-13 19:28:13.639528+00:00
2025-09-11 20:00:00+02:00,127.09125,2025-12-13 19:28:13.639528+00:00
2025-09-11 21:00:00+02:00,109.82,2025-12-13 19:28:13.639528+00:00
2025-09-11 22:00:00+02:00,87.82125,2025-12-13 19:28:13.639528+00:00
2025-09-11 23:00:00+02:00,67.005,2025-12-13 19:28:13.639528+00:00
2025-09-12 00:00:00+02:00,40.7125,2025-12-13 19:28:13.639528+00:00
2025-09-12 01:00:00+02:00,32.8225,2025-12-13 19:28:13.639528+00:00
2025-09-12 02:00:00+02:00,22.04,2025-12-13 19:28:13.639528+00:00
2025-09-12 03:00:00+02:00,20.646250000000002,2025-12-13 19:28:13.639528+00:00
2025-09-12 04:00:00+02:00,32.98375,2025-12-13 19:28:13.639528+00:00
2025-09-12 05:00:00+02:00,56.795,2025-12-13 19:28:13.639528+00:00
2025-09-12 06:00:00+02:00,95.245,2025-12-13 19:28:13.639528+00:00
2025-09-12 07:00:00+02:00,109.48625,2025-12-13 19:28:13.639528+00:00
2025-09-12 08:00:00+02:00,101.32124999999999,2025-12-13 19:28:13.639528+00:00
2025-09-12 09:00:00+02:00,60.39,2025-12-13 19:28:13.639528+00:00
2025-09-12 10:00:00+02:00,15.15625,2025-12-13 19:28:13.639528+00:00
2025-09-12 11:00:00+02:00,-1.3362499999999997,2025-12-13 19:28:13.639528+00:00
2025-09-12 12:00:00+02:00,-3.5925000000000002,2025-12-13 19:28:13.639528+00:00
2025-09-12 13:00:00+02:00,-6.8,2025-12-13 19:28:13.639528+00:00
2025-09-12 14:00:00+02:00,-5.751250000000001,2025-12-13 19:28:13.639528+00:00
2025-09-12 15:00:00+02:00,-1.5375,2025-12-13 19:28:13.639528+00:00
2025-09-12 16:00:00+02:00,3.495,2025-12-13 19:28:13.639528+00:00
2025-09-12 17:00:00+02:00,61.97,2025-12-13 19:28:13.639528+00:00
2025-09-12 18:00:00+02:00,109.255,2025-12-13 19:28:13.639528+00:00
2025-09-12 19:00:00+02:00,146.7375,2025-12-13 19:28:13.639528+00:00
2025-09-12 20:00:00+02:00,145.43875,2025-12-13 19:28:13.639528+00:00
2025-09-12 21:00:00+02:00,115.65625,2025-12-13 19:28:13.639528+00:00
2025-09-12 22:00:00+02:00,103.565,2025-12-13 19:28:13.639528+00:00
2025-09-12 23:00:00+02:00,94.44125,2025-12-13 19:28:13.639528+00:00
2025-09-13 00:00:00+02:00,84.24625,2025-12-13 19:28:13.639528+00:00
2025-09-13 01:00:00+02:00,73.27375,2025-12-13 19:28:13.639528+00:00
2025-09-13 02:00:00+02:00,69.7975,2025-12-13 19:28:13.639528+00:00
2025-09-13 03:00:00+02:00,70.64375,2025-12-13 19:28:13.639528+00:00
2025-09-13 04:00:00+02:00,70.49375,2025-12-13 19:28:13.639528+00:00
2025-09-13 05:00:00+02:00,73.60249999999999,2025-12-13 19:28:13.639528+00:00
2025-09-13 06:00:00+02:00,79.705,2025-12-13 19:28:13.639528+00:00
2025-09-13 07:00:00+02:00,80.855,2025-12-13 19:28:13.639528+00:00
2025-09-13 08:00:00+02:00,77.69,2025-12-13 19:28:13.639528+00:00
2025-09-13 09:00:00+02:00,55.86,2025-12-13 19:28:13.639528+00:00
2025-09-13 10:00:00+02:00,16.94625,2025-12-13 19:28:13.639528+00:00
2025-09-13 11:00:00+02:00,4.35375,2025-12-13 19:28:13.639528+00:00
2025-09-13 12:00:00+02:00,-1.1437500000000003,2025-12-13 19:28:13.639528+00:00
2025-09-13 13:00:00+02:00,-1.1824999999999999,2025-12-13 19:28:13.639528+00:00
2025-09-13 14:00:00+02:00,-1.1912499999999997,2025-12-13 19:28:13.639528+00:00
2025-09-13 15:00:00+02:00,-0.7562500000000001,2025-12-13 19:28:13.639528+00:00
2025-09-13 16:00:00+02:00,6.32625,2025-12-13 19:28:13.639528+00:00
2025-09-13 17:00:00+02:00,72.17625,2025-12-13 19:28:13.639528+00:00
2025-09-13 18:00:00+02:00,106.65875,2025-12-13 19:28:13.639528+00:00
2025-09-13 19:00:00+02:00,123.36250000000001,2025-12-13 19:28:13.639528+00:00
2025-09-13 20:00:00+02:00,123.44624999999999,2025-12-13 19:28:13.639528+00:00
2025-09-13 21:00:00+02:00,108.095,2025-12-13 19:28:13.639528+00:00
2025-09-13 22:00:00+02:00,98.0775,2025-12-13 19:28:13.639528+00:00
2025-09-13 23:00:00+02:00,89.20625,2025-12-13 19:28:13.639528+00:00
2025-09-14 00:00:00+02:00,86.755,2025-12-13 19:28:13.639528+00:00
2025-09-14 01:00:00+02:00,79.25375,2025-12-13 19:28:13.639528+00:00
2025-09-14 02:00:00+02:00,80.455,2025-12-13 19:28:13.639528+00:00
2025-09-14 03:00:00+02:00,82.8125,2025-12-13 19:28:13.639528+00:00
2025-09-14 04:00:00+02:00,87.485,2025-12-13 19:28:13.639528+00:00
2025-09-14 05:00:00+02:00,91.8625,2025-12-13 19:28:13.639528+00:00
2025-09-14 06:00:00+02:00,94.24375,2025-12-13 19:28:13.639528+00:00
2025-09-14 07:00:00+02:00,100.255,2025-12-13 19:28:13.639528+00:00
2025-09-14 08:00:00+02:00,98.04,2025-12-13 19:28:13.639528+00:00
2025-09-14 09:00:00+02:00,76.93125,2025-12-13 19:28:13.639528+00:00
2025-09-14 10:00:00+02:00,44.295,2025-12-13 19:28:13.639528+00:00
2025-09-14 11:00:00+02:00,11.411249999999999,2025-12-13 19:28:13.639528+00:00
2025-09-14 12:00:00+02:00,3.2524999999999995,2025-12-13 19:28:13.639528+00:00
2025-09-14 13:00:00+02:00,-0.026250000000000107,2025-12-13 19:28:13.639528+00:00
2025-09-14 14:00:00+02:00,-0.03249999999999986,2025-12-13 19:28:13.639528+00:00
2025-09-14 15:00:00+02:00,0.15000000000000036,2025-12-13 19:28:13.639528+00:00
2025-09-14 16:00:00+02:00,18.99375,2025-12-13 19:28:13.639528+00:00
2025-09-14 17:00:00+02:00,89.76875000000001,2025-12-13 19:28:13.639528+00:00
2025-09-14 18:00:00+02:00,121.0575,2025-12-13 19:28:13.639528+00:00
2025-09-14 19:00:00+02:00,142.905,2025-12-13 19:28:13.639528+00:00
2025-09-14 20:00:00+02:00,123.36500000000001,2025-12-13 19:28:13.639528+00:00
2025-09-14 21:00:00+02:00,91.655,2025-12-13 19:28:13.639528+00:00
2025-09-14 22:00:00+02:00,75.46124999999999,2025-12-13 19:28:13.639528+00:00
2025-09-14 23:00:00+02:00,19.3425,2025-12-13 19:28:13.639528+00:00
2025-09-15 00:00:00+02:00,14.0175,2025-12-13 19:28:13.639528+00:00
2025-09-15 01:00:00+02:00,3.655,2025-12-13 19:28:13.639528+00:00
2025-09-15 02:00:00+02:00,2.42,2025-12-13 19:28:13.639528+00:00
2025-09-15 03:00:00+02:00,0.6400000000000003,2025-12-13 19:28:13.639528+00:00
2025-09-15 04:00:00+02:00,0.5474999999999999,2025-12-13 19:28:13.639528+00:00
2025-09-15 05:00:00+02:00,1.3425,2025-12-13 19:28:13.639528+00:00
2025-09-15 06:00:00+02:00,14.955,2025-12-13 19:28:13.639528+00:00
2025-09-15 07:00:00+02:00,55.7575,2025-12-13 19:28:13.639528+00:00
2025-09-15 08:00:00+02:00,48.8625,2025-12-13 19:28:13.639528+00:00
2025-09-15 09:00:00+02:00,11.9125,2025-12-13 19:28:13.639528+00:00
2025-09-15 10:00:00+02:00,-1.1337499999999998,2025-12-13 19:28:13.639528+00:00
2025-09-15 11:00:00+02:00,-3.40625,2025-12-13 19:28:13.639528+00:00
2025-09-15 12:00:00+02:00,-15.22,2025-12-13 19:28:13.639528+00:00
2025-09-15 13:00:00+02:00,-22.68,2025-12-13 19:28:13.639528+00:00
2025-09-15 14:00:00+02:00,-20.085,2025-12-13 19:28:13.639528+00:00
2025-09-15 15:00:00+02:00,-13.754999999999999,2025-12-13 19:28:13.639528+00:00
2025-09-15 16:00:00+02:00,-4.17,2025-12-13 19:28:13.639528+00:00
2025-09-15 17:00:00+02:00,2.1224999999999996,2025-12-13 19:28:13.639528+00:00
2025-09-15 18:00:00+02:00,43.5375,2025-12-13 19:28:13.639528+00:00
2025-09-15 19:00:00+02:00,73.615,2025-12-13 19:28:13.639528+00:00
2025-09-15 20:00:00+02:00,72.2725,2025-12-13 19:28:13.639528+00:00
2025-09-15 21:00:00+02:00,34.887499999999996,2025-12-13 19:28:13.639528+00:00
2025-09-15 22:00:00+02:00,26.497500000000002,2025-12-13 19:28:13.639528+00:00
2025-09-15 23:00:00+02:00,13.211250000000001,2025-12-13 19:28:13.639528+00:00
2025-09-16 00:00:00+02:00,-2.5962499999999995,2025-12-13 19:28:13.639528+00:00
2025-09-16 01:00:00+02:00,-2.70125,2025-12-13 19:28:13.639528+00:00
2025-09-16 02:00:00+02:00,-2.9450000000000003,2025-12-13 19:28:13.639528+00:00
2025-09-16 03:00:00+02:00,-3.2525,2025-12-13 19:28:13.639528+00:00
2025-09-16 04:00:00+02:00,-3.3925,2025-12-13 19:28:13.639528+00:00
2025-09-16 05:00:00+02:00,-2.3050000000000006,2025-12-13 19:28:13.639528+00:00
2025-09-16 06:00:00+02:00,2.11625,2025-12-13 19:28:13.639528+00:00
2025-09-16 07:00:00+02:00,17.246250000000003,2025-12-13 19:28:13.639528+00:00
2025-09-16 08:00:00+02:00,5.352500000000001,2025-12-13 19:28:13.639528+00:00
2025-09-16 09:00:00+02:00,-1.0049999999999997,2025-12-13 19:28:13.639528+00:00
2025-09-16 10:00:00+02:00,-5.35875,2025-12-13 19:28:13.639528+00:00
2025-09-16 11:00:00+02:00,-8.89,2025-12-13 19:28:13.639528+00:00
2025-09-16 12:00:00+02:00,-15.81375,2025-12-13 19:28:13.639528+00:00
2025-09-16 13:00:00+02:00,-16.4525,2025-12-13 19:28:13.639528+00:00
2025-09-16 14:00:00+02:00,-9.6625,2025-12-13 19:28:13.639528+00:00
2025-09-16 15:00:00+02:00,-9.19625,2025-12-13 19:28:13.639528+00:00
2025-09-16 16:00:00+02:00,-2.96875,2025-12-13 19:28:13.639528+00:00
2025-09-16 17:00:00+02:00,2.7675,2025-12-13 19:28:13.639528+00:00
2025-09-16 18:00:00+02:00,70.6175,2025-12-13 19:28:13.639528+00:00
2025-09-16 19:00:00+02:00,99.24125,2025-12-13 19:28:13.639528+00:00
2025-09-16 20:00:00+02:00,104.2525,2025-12-13 19:28:13.639528+00:00
2025-09-16 21:00:00+02:00,87.18375,2025-12-13 19:28:13.639528+00:00
2025-09-16 22:00:00+02:00,73.37375,2025-12-13 19:28:13.639528+00:00
2025-09-16 23:00:00+02:00,59.68875,2025-12-13 19:28:13.639528+00:00
2025-09-17 00:00:00+02:00,62.933749999999996,2025-12-13 19:28:13.639528+00:00
2025-09-17 01:00:00+02:00,56.95,2025-12-13 19:28:13.639528+00:00
2025-09-17 02:00:00+02:00,49.63125,2025-12-13 19:28:13.639528+00:00
2025-09-17 03:00:00+02:00,49.265,2025-12-13 19:28:13.639528+00:00
2025-09-17 04:00:00+02:00,58.427499999999995,2025-12-13 19:28:13.639528+00:00
2025-09-17 05:00:00+02:00,75.78125,2025-12-13 19:28:13.639528+00:00
2025-09-17 06:00:00+02:00,98.35625,2025-12-13 19:28:13.639528+00:00
2025-09-17 07:00:00+02:00,117.27,2025-12-13 19:28:13.639528+00:00
2025-09-17 08:00:00+02:00,112.88499999999999,2025-12-13 19:28:13.639528+00:00
2025-09-17 09:00:00+02:00,97.89125,2025-12-13 19:28:13.639528+00:00
2025-09-17 10:00:00+02:00,71.84375,2025-12-13 19:28:13.639528+00:00
2025-09-17 11:00:00+02:00,47.54,2025-12-13 19:28:13.639528+00:00
2025-09-17 12:00:00+02:00,19.283749999999998,2025-12-13 19:28:13.639528+00:00
2025-09-17 13:00:00+02:00,13.07,2025-12-13 19:28:13.639528+00:00
2025-09-17 14:00:00+02:00,10.415,2025-12-13 19:28:13.639528+00:00
2025-09-17 15:00:00+02:00,33.9675,2025-12-13 19:28:13.639528+00:00
2025-09-17 16:00:00+02:00,73.01,2025-12-13 19:28:13.639528+00:00
2025-09-17 17:00:00+02:00,105.3425,2025-12-13 19:28:13.639528+00:00
2025-09-17 18:00:00+02:00,118.82124999999999,2025-12-13 19:28:13.639528+00:00
2025-09-17 19:00:00+02:00,137.00375,2025-12-13 19:28:13.639528+00:00
2025-09-17 20:00:00+02:00,122.75125,2025-12-13 19:28:13.639528+00:00
2025-09-17 21:00:00+02:00,95.40625,2025-12-13 19:28:13.639528+00:00
2025-09-17 22:00:00+02:00,84.35499999999999,2025-12-13 19:28:13.639528+00:00
2025-09-17 23:00:00+02:00,70.735,2025-12-13 19:28:13.639528+00:00
2025-09-18 00:00:00+02:00,56.842499999999994,2025-12-13 19:28:13.639528+00:00
2025-09-18 01:00:00+02:00,50.43875,2025-12-13 19:28:13.639528+00:00
2025-09-18 02:00:00+02:00,41.2925,2025-12-13 19:28:13.639528+00:00
2025-09-18 03:00:00+02:00,37.55125,2025-12-13 19:28:13.639528+00:00
2025-09-18 04:00:00+02:00,48.598749999999995,2025-12-13 19:28:13.639528+00:00
2025-09-18 05:00:00+02:00,72.035,2025-12-13 19:28:13.639528+00:00
2025-09-18 06:00:00+02:00,105.37375,2025-12-13 19:28:13.639528+00:00
2025-09-18 07:00:00+02:00,119.30499999999999,2025-12-13 19:28:13.639528+00:00
2025-09-18 08:00:00+02:00,111.2025,2025-12-13 19:28:13.639528+00:00
2025-09-18 09:00:00+02:00,93.20625,2025-12-13 19:28:13.639528+00:00
2025-09-18 10:00:00+02:00,66.82875,2025-12-13 19:28:13.639528+00:00
2025-09-18 11:00:00+02:00,12.545,2025-12-13 19:28:13.639528+00:00
2025-09-18 12:00:00+02:00,5.59,2025-12-13 19:28:13.639528+00:00
2025-09-18 13:00:00+02:00,0.8999999999999995,2025-12-13 19:28:13.639528+00:00
2025-09-18 14:00:00+02:00,0.75,2025-12-13 19:28:13.639528+00:00
2025-09-18 15:00:00+02:00,3.57375,2025-12-13 19:28:13.639528+00:00
2025-09-18 16:00:00+02:00,24.745,2025-12-13 19:28:13.639528+00:00
2025-09-18 17:00:00+02:00,91.07,2025-12-13 19:28:13.639528+00:00
2025-09-18 18:00:00+02:00,114.39125,2025-12-13 19:28:13.639528+00:00
2025-09-18 19:00:00+02:00,137.7775,2025-12-13 19:28:13.639528+00:00
2025-09-18 20:00:00+02:00,124.58250000000001,2025-12-13 19:28:13.639528+00:00
2025-09-18 21:00:00+02:00,107.085,2025-12-13 19:28:13.639528+00:00
2025-09-18 22:00:00+02:00,96.985,2025-12-13 19:28:13.639528+00:00
2025-09-18 23:00:00+02:00,88.08500000000001,2025-12-13 19:28:13.639528+00:00
2025-09-19 00:00:00+02:00,74.33,2025-12-13 19:28:13.639528+00:00
2025-09-19 01:00:00+02:00,70.50125,2025-12-13 19:28:13.639528+00:00
2025-09-19 02:00:00+02:00,71.0325,2025-12-13 19:28:13.639528+00:00
2025-09-19 03:00:00+02:00,72.275,2025-12-13 19:28:13.639528+00:00
2025-09-19 04:00:00+02:00,76.02,2025-12-13 19:28:13.639528+00:00
2025-09-19 05:00:00+02:00,90.4025,2025-12-13 19:28:13.639528+00:00
2025-09-19 06:00:00+02:00,116.15125,2025-12-13 19:28:13.639528+00:00
2025-09-19 07:00:00+02:00,142.615,2025-12-13 19:28:13.639528+00:00
2025-09-19 08:00:00+02:00,116.43125,2025-12-13 19:28:13.639528+00:00
2025-09-19 09:00:00+02:00,91.39,2025-12-13 19:28:13.639528+00:00
2025-09-19 10:00:00+02:00,56.823750000000004,2025-12-13 19:28:13.639528+00:00
2025-09-19 11:00:00+02:00,10.46875,2025-12-13 19:28:13.639528+00:00
2025-09-19 12:00:00+02:00,0.9500000000000002,2025-12-13 19:28:13.639528+00:00
2025-09-19 13:00:00+02:00,-0.4375,2025-12-13 19:28:13.639528+00:00
2025-09-19 14:00:00+02:00,-0.4400000000000004,2025-12-13 19:28:13.639528+00:00
2025-09-19 15:00:00+02:00,9.9175,2025-12-13 19:28:13.639528+00:00
2025-09-19 16:00:00+02:00,71.85,2025-12-13 19:28:13.639528+00:00
2025-09-19 17:00:00+02:00,114.91499999999999,2025-12-13 19:28:13.639528+00:00
2025-09-19 18:00:00+02:00,224.09625,2025-12-13 19:28:13.639528+00:00
2025-09-19 19:00:00+02:00,360.225,2025-12-13 19:28:13.639528+00:00
2025-09-19 20:00:00+02:00,160.6925,2025-12-13 19:28:13.639528+00:00
2025-09-19 21:00:00+02:00,111.32124999999999,2025-12-13 19:28:13.639528+00:00
2025-09-19 22:00:00+02:00,93.60125000000001,2025-12-13 19:28:13.639528+00:00
2025-09-19 23:00:00+02:00,85.69375000000001,2025-12-13 19:28:13.639528+00:00
2025-09-20 00:00:00+02:00,85.62,2025-12-13 19:28:13.639528+00:00
2025-09-20 01:00:00+02:00,78.245,2025-12-13 19:28:13.639528+00:00
2025-09-20 02:00:00+02:00,76.24,2025-12-13 19:28:13.639528+00:00
2025-09-20 03:00:00+02:00,75.25,2025-12-13 19:28:13.639528+00:00
2025-09-20 04:00:00+02:00,75.33875,2025-12-13 19:28:13.639528+00:00
2025-09-20 05:00:00+02:00,79.085,2025-12-13 19:28:13.639528+00:00
2025-09-20 06:00:00+02:00,87.11500000000001,2025-12-13 19:28:13.639528+00:00
2025-09-20 07:00:00+02:00,88.1275,2025-12-13 19:28:13.639528+00:00
2025-09-20 08:00:00+02:00,73.44125,2025-12-13 19:28:13.639528+00:00
2025-09-20 09:00:00+02:00,34.628750000000004,2025-12-13 19:28:13.639528+00:00
2025-09-20 10:00:00+02:00,5.63625,2025-12-13 19:28:13.639528+00:00
2025-09-20 11:00:00+02:00,0.8612500000000001,2025-12-13 19:28:13.639528+00:00
2025-09-20 12:00:00+02:00,-2.7624999999999997,2025-12-13 19:28:13.639528+00:00
2025-09-20 13:00:00+02:00,-5.65625,2025-12-13 19:28:13.639528+00:00
2025-09-20 14:00:00+02:00,-2.7387499999999996,2025-12-13 19:28:13.639528+00:00
2025-09-20 15:00:00+02:00,0.5812500000000003,2025-12-13 19:28:13.639528+00:00
2025-09-20 16:00:00+02:00,28.30125,2025-12-13 19:28:13.639528+00:00
2025-09-20 17:00:00+02:00,92.795,2025-12-13 19:28:13.639528+00:00
2025-09-20 18:00:00+02:00,122.20875,2025-12-13 19:28:13.639528+00:00
2025-09-20 19:00:00+02:00,134.9625,2025-12-13 19:28:13.639528+00:00
2025-09-20 20:00:00+02:00,102.88875,2025-12-13 19:28:13.639528+00:00
2025-09-20 21:00:00+02:00,86.0725,2025-12-13 19:28:13.639528+00:00
2025-09-20 22:00:00+02:00,75.1225,2025-12-13 19:28:13.639528+00:00
2025-09-20 23:00:00+02:00,53.355,2025-12-13 19:28:13.639528+00:00
2025-09-21 00:00:00+02:00,28.20125,2025-12-13 19:28:13.639528+00:00
2025-09-21 01:00:00+02:00,19.90625,2025-12-13 19:28:13.639528+00:00
2025-09-21 02:00:00+02:00,14.955,2025-12-13 19:28:13.639528+00:00
2025-09-21 03:00:00+02:00,9.58625,2025-12-13 19:28:13.639528+00:00
2025-09-21 04:00:00+02:00,8.2475,2025-12-13 19:28:13.639528+00:00
2025-09-21 05:00:00+02:00,8.338750000000001,2025-12-13 19:28:13.639528+00:00
2025-09-21 06:00:00+02:00,10.44375,2025-12-13 19:28:13.639528+00:00
2025-09-21 07:00:00+02:00,11.31625,2025-12-13 19:28:13.639528+00:00
2025-09-21 08:00:00+02:00,6.491249999999999,2025-12-13 19:28:13.639528+00:00
2025-09-21 09:00:00+02:00,5.135,2025-12-13 19:28:13.639528+00:00
2025-09-21 10:00:00+02:00,3.1125,2025-12-13 19:28:13.639528+00:00
2025-09-21 11:00:00+02:00,2.2624999999999997,2025-12-13 19:28:13.639528+00:00
2025-09-21 12:00:00+02:00,1.3987500000000002,2025-12-13 19:28:13.639528+00:00
2025-09-21 13:00:00+02:00,0.12750000000000017,2025-12-13 19:28:13.639528+00:00
2025-09-21 14:00:00+02:00,2.44875,2025-12-13 19:28:13.639528+00:00
2025-09-21 15:00:00+02:00,10.49375,2025-12-13 19:28:13.639528+00:00
2025-09-21 16:00:00+02:00,39.80375,2025-12-13 19:28:13.639528+00:00
2025-09-21 17:00:00+02:00,88.94125,2025-12-13 19:28:13.639528+00:00
2025-09-21 18:00:00+02:00,112.84625,2025-12-13 19:28:13.639528+00:00
2025-09-21 19:00:00+02:00,123.67,2025-12-13 19:28:13.639528+00:00
2025-09-21 20:00:00+02:00,119.27125,2025-12-13 19:28:13.639528+00:00
2025-09-21 21:00:00+02:00,106.14625000000001,2025-12-13 19:28:13.639528+00:00
2025-09-21 22:00:00+02:00,100.17625,2025-12-13 19:28:13.639528+00:00
2025-09-21 23:00:00+02:00,92.765,2025-12-13 19:28:13.639528+00:00
2025-09-22 00:00:00+02:00,86.3175,2025-12-13 19:28:13.639528+00:00
2025-09-22 01:00:00+02:00,81.59875,2025-12-13 19:28:13.639528+00:00
2025-09-22 02:00:00+02:00,77.21875,2025-12-13 19:28:13.639528+00:00
2025-09-22 03:00:00+02:00,75.155,2025-12-13 19:28:13.639528+00:00
2025-09-22 04:00:00+02:00,76.83875,2025-12-13 19:28:13.639528+00:00
2025-09-22 05:00:00+02:00,89.69625,2025-12-13 19:28:13.639528+00:00
2025-09-22 06:00:00+02:00,119.91125,2025-12-13 19:28:13.639528+00:00
2025-09-22 07:00:00+02:00,141.08625,2025-12-13 19:28:13.639528+00:00
2025-09-22 08:00:00+02:00,139.26125000000002,2025-12-13 19:28:13.639528+00:00
2025-09-22 09:00:00+02:00,124.64125,2025-12-13 19:28:13.639528+00:00
2025-09-22 10:00:00+02:00,109.20875,2025-12-13 19:28:13.639528+00:00
2025-09-22 11:00:00+02:00,90.7525,2025-12-13 19:28:13.639528+00:00
2025-09-22 12:00:00+02:00,81.07375,2025-12-13 19:28:13.639528+00:00
2025-09-22 13:00:00+02:00,79.58500000000001,2025-12-13 19:28:13.639528+00:00
2025-09-22 14:00:00+02:00,76.31375,2025-12-13 19:28:13.639528+00:00
2025-09-22 15:00:00+02:00,85.30875,2025-12-13 19:28:13.639528+00:00
2025-09-22 16:00:00+02:00,94.70875000000001,2025-12-13 19:28:13.639528+00:00
2025-09-22 17:00:00+02:00,109.51124999999999,2025-12-13 19:28:13.639528+00:00
2025-09-22 18:00:00+02:00,133.74,2025-12-13 19:28:13.639528+00:00
2025-09-22 19:00:00+02:00,165.89749999999998,2025-12-13 19:28:13.639528+00:00
2025-09-22 20:00:00+02:00,148.2125,2025-12-13 19:28:13.639528+00:00
2025-09-22 21:00:00+02:00,121.23375,2025-12-13 19:28:13.639528+00:00
2025-09-22 22:00:00+02:00,104.91125,2025-12-13 19:28:13.639528+00:00
2025-09-22 23:00:00+02:00,95.97,2025-12-13 19:28:13.639528+00:00
2025-09-23 00:00:00+02:00,90.58125,2025-12-13 19:28:13.639528+00:00
2025-09-23 01:00:00+02:00,89.39375,2025-12-13 19:28:13.639528+00:00
2025-09-23 02:00:00+02:00,88.71625,2025-12-13 19:28:13.639528+00:00
2025-09-23 03:00:00+02:00,89.78125,2025-12-13 19:28:13.639528+00:00
2025-09-23 04:00:00+02:00,91.17,2025-12-13 19:28:13.639528+00:00
2025-09-23 05:00:00+02:00,97.525,2025-12-13 19:28:13.639528+00:00
2025-09-23 06:00:00+02:00,125.24375,2025-12-13 19:28:13.639528+00:00
2025-09-23 07:00:00+02:00,192.5475,2025-12-13 19:28:13.639528+00:00
2025-09-23 08:00:00+02:00,167.79875,2025-12-13 19:28:13.639528+00:00
2025-09-23 09:00:00+02:00,125.43,2025-12-13 19:28:13.639528+00:00
2025-09-23 10:00:00+02:00,96.89875,2025-12-13 19:28:13.639528+00:00
2025-09-23 11:00:00+02:00,89.75375,2025-12-13 19:28:13.639528+00:00
2025-09-23 12:00:00+02:00,79.89750000000001,2025-12-13 19:28:13.639528+00:00
2025-09-23 13:00:00+02:00,76.765,2025-12-13 19:28:13.639528+00:00
2025-09-23 14:00:00+02:00,76.93125,2025-12-13 19:28:13.639528+00:00
2025-09-23 15:00:00+02:00,84.96625,2025-12-13 19:28:13.639528+00:00
2025-09-23 16:00:00+02:00,89.43625,2025-12-13 19:28:13.639528+00:00
2025-09-23 17:00:00+02:00,111.71375,2025-12-13 19:28:13.639528+00:00
2025-09-23 18:00:00+02:00,138.25,2025-12-13 19:28:13.639528+00:00
2025-09-23 19:00:00+02:00,154.09125,2025-12-13 19:28:13.639528+00:00
2025-09-23 20:00:00+02:00,122.7,2025-12-13 19:28:13.639528+00:00
2025-09-23 21:00:00+02:00,101.29625,2025-12-13 19:28:13.639528+00:00
2025-09-23 22:00:00+02:00,87.955,2025-12-13 19:28:13.639528+00:00
2025-09-23 23:00:00+02:00,83.0,2025-12-13 19:28:13.639528+00:00
2025-09-24 00:00:00+02:00,86.195,2025-12-13 19:28:13.639528+00:00
2025-09-24 01:00:00+02:00,83.16,2025-12-13 19:28:13.639528+00:00
2025-09-24 02:00:00+02:00,82.62625,2025-12-13 19:28:13.639528+00:00
2025-09-24 03:00:00+02:00,80.1375,2025-12-13 19:28:13.639528+00:00
2025-09-24 04:00:00+02:00,81.11,2025-12-13 19:28:13.639528+00:00
2025-09-24 05:00:00+02:00,85.735,2025-12-13 19:28:13.639528+00:00
2025-09-24 06:00:00+02:00,110.8675,2025-12-13 19:28:13.639528+00:00
2025-09-24 07:00:00+02:00,124.105,2025-12-13 19:28:13.639528+00:00
2025-09-24 08:00:00+02:00,124.02624999999999,2025-12-13 19:28:13.639528+00:00
2025-09-24 09:00:00+02:00,107.69875,2025-12-13 19:28:13.639528+00:00
2025-09-24 10:00:00+02:00,88.03875000000001,2025-12-13 19:28:13.639528+00:00
2025-09-24 11:00:00+02:00,70.995,2025-12-13 19:28:13.639528+00:00
2025-09-24 12:00:00+02:00,36.745,2025-12-13 19:28:13.639528+00:00
2025-09-24 13:00:00+02:00,18.67125,2025-12-13 19:28:13.639528+00:00
2025-09-24 14:00:00+02:00,22.29875,2025-12-13 19:28:13.639528+00:00
2025-09-24 15:00:00+02:00,33.03,2025-12-13 19:28:13.639528+00:00
2025-09-24 16:00:00+02:00,68.52499999999999,2025-12-13 19:28:13.639528+00:00
2025-09-24 17:00:00+02:00,87.57375,2025-12-13 19:28:13.639528+00:00
2025-09-24 18:00:00+02:00,112.53,2025-12-13 19:28:13.639528+00:00
2025-09-24 19:00:00+02:00,119.04625,2025-12-13 19:28:13.639528+00:00
2025-09-24 20:00:00+02:00,110.40625,2025-12-13 19:28:13.639528+00:00
2025-09-24 21:00:00+02:00,91.1875,2025-12-13 19:28:13.639528+00:00
2025-09-24 22:00:00+02:00,81.8625,2025-12-13 19:28:13.639528+00:00
2025-09-24 23:00:00+02:00,68.43875,2025-12-13 19:28:13.639528+00:00
2025-09-25 00:00:00+02:00,68.59125,2025-12-13 19:28:13.639528+00:00
2025-09-25 01:00:00+02:00,62.59625,2025-12-13 19:28:13.639528+00:00
2025-09-25 02:00:00+02:00,60.27,2025-12-13 19:28:13.639528+00:00
2025-09-25 03:00:00+02:00,60.456250000000004,2025-12-13 19:28:13.639528+00:00
2025-09-25 04:00:00+02:00,65.2625,2025-12-13 19:28:13.639528+00:00
2025-09-25 05:00:00+02:00,76.28625,2025-12-13 19:28:13.639528+00:00
2025-09-25 06:00:00+02:00,101.40875,2025-12-13 19:28:13.639528+00:00
2025-09-25 07:00:00+02:00,116.93375,2025-12-13 19:28:13.639528+00:00
2025-09-25 08:00:00+02:00,118.6325,2025-12-13 19:28:13.639528+00:00
2025-09-25 09:00:00+02:00,102.395,2025-12-13 19:28:13.639528+00:00
2025-09-25 10:00:00+02:00,78.01625,2025-12-13 19:28:13.639528+00:00
2025-09-25 11:00:00+02:00,61.6025,2025-12-13 19:28:13.639528+00:00
2025-09-25 12:00:00+02:00,33.4675,2025-12-13 19:28:13.639528+00:00
2025-09-25 13:00:00+02:00,14.592500000000001,2025-12-13 19:28:13.639528+00:00
2025-09-25 14:00:00+02:00,18.2,2025-12-13 19:28:13.639528+00:00
2025-09-25 15:00:00+02:00,38.91,2025-12-13 19:28:13.639528+00:00
2025-09-25 16:00:00+02:00,73.63250000000001,2025-12-13 19:28:13.639528+00:00
2025-09-25 17:00:00+02:00,90.2875,2025-12-13 19:28:13.639528+00:00
2025-09-25 18:00:00+02:00,114.41875,2025-12-13 19:28:13.639528+00:00
2025-09-25 19:00:00+02:00,123.135,2025-12-13 19:28:13.639528+00:00
2025-09-25 20:00:00+02:00,118.885,2025-12-13 19:28:13.639528+00:00
2025-09-25 21:00:00+02:00,102.0525,2025-12-13 19:28:13.639528+00:00
2025-09-25 22:00:00+02:00,92.13499999999999,2025-12-13 19:28:13.639528+00:00
2025-09-25 23:00:00+02:00,80.785,2025-12-13 19:28:13.639528+00:00
2025-09-26 00:00:00+02:00,78.5925,2025-12-13 19:28:13.639528+00:00
2025-09-26 01:00:00+02:00,76.0775,2025-12-13 19:28:13.639528+00:00
2025-09-26 02:00:00+02:00,73.9875,2025-12-13 19:28:13.639528+00:00
2025-09-26 03:00:00+02:00,73.86000000000001,2025-12-13 19:28:13.639528+00:00
2025-09-26 04:00:00+02:00,75.57125,2025-12-13 19:28:13.639528+00:00
2025-09-26 05:00:00+02:00,82.74875,2025-12-13 19:28:13.639528+00:00
2025-09-26 06:00:00+02:00,108.15,2025-12-13 19:28:13.639528+00:00
2025-09-26 07:00:00+02:00,124.36500000000001,2025-12-13 19:28:13.639528+00:00
2025-09-26 08:00:00+02:00,125.16125,2025-12-13 19:28:13.639528+00:00
2025-09-26 09:00:00+02:00,110.9075,2025-12-13 19:28:13.639528+00:00
2025-09-26 10:00:00+02:00,92.45625,2025-12-13 19:28:13.639528+00:00
2025-09-26 11:00:00+02:00,85.655,2025-12-13 19:28:13.639528+00:00
2025-09-26 12:00:00+02:00,75.3275,2025-12-13 19:28:13.639528+00:00
2025-09-26 13:00:00+02:00,71.16875,2025-12-13 19:28:13.639528+00:00
2025-09-26 14:00:00+02:00,71.35625,2025-12-13 19:28:13.639528+00:00
2025-09-26 15:00:00+02:00,78.56125,2025-12-13 19:28:13.639528+00:00
2025-09-26 16:00:00+02:00,95.67375,2025-12-13 19:28:13.639528+00:00
2025-09-26 17:00:00+02:00,109.59125,2025-12-13 19:28:13.639528+00:00
2025-09-26 18:00:00+02:00,125.68875,2025-12-13 19:28:13.639528+00:00
2025-09-26 19:00:00+02:00,135.30125,2025-12-13 19:28:13.639528+00:00
2025-09-26 20:00:00+02:00,120.57125,2025-12-13 19:28:13.639528+00:00
2025-09-26 21:00:00+02:00,106.09625,2025-12-13 19:28:13.639528+00:00
2025-09-26 22:00:00+02:00,97.64375,2025-12-13 19:28:13.639528+00:00
2025-09-26 23:00:00+02:00,90.12125,2025-12-13 19:28:13.639528+00:00
2025-09-27 00:00:00+02:00,86.9925,2025-12-13 19:28:13.639528+00:00
2025-09-27 01:00:00+02:00,85.98375,2025-12-13 19:28:13.639528+00:00
2025-09-27 02:00:00+02:00,83.68125,2025-12-13 19:28:13.639528+00:00
2025-09-27 03:00:00+02:00,83.16000000000001,2025-12-13 19:28:13.639528+00:00
2025-09-27 04:00:00+02:00,85.095,2025-12-13 19:28:13.639528+00:00
2025-09-27 05:00:00+02:00,87.62625,2025-12-13 19:28:13.639528+00:00
2025-09-27 06:00:00+02:00,91.78625,2025-12-13 19:28:13.639528+00:00
2025-09-27 07:00:00+02:00,104.37875,2025-12-13 19:28:13.639528+00:00
2025-09-27 08:00:00+02:00,105.755,2025-12-13 19:28:13.639528+00:00
2025-09-27 09:00:00+02:00,95.54375,2025-12-13 19:28:13.639528+00:00
2025-09-27 10:00:00+02:00,86.0975,2025-12-13 19:28:13.639528+00:00
2025-09-27 11:00:00+02:00,72.65375,2025-12-13 19:28:13.639528+00:00
2025-09-27 12:00:00+02:00,60.025,2025-12-13 19:28:13.639528+00:00
2025-09-27 13:00:00+02:00,41.38875,2025-12-13 19:28:13.639528+00:00
2025-09-27 14:00:00+02:00,53.93,2025-12-13 19:28:13.639528+00:00
2025-09-27 15:00:00+02:00,73.55125,2025-12-13 19:28:13.639528+00:00
2025-09-27 16:00:00+02:00,90.535,2025-12-13 19:28:13.639528+00:00
2025-09-27 17:00:00+02:00,109.83250000000001,2025-12-13 19:28:13.639528+00:00
2025-09-27 18:00:00+02:00,134.11125,2025-12-13 19:28:13.639528+00:00
2025-09-27 19:00:00+02:00,150.2525,2025-12-13 19:28:13.639528+00:00
2025-09-27 20:00:00+02:00,126.00625,2025-12-13 19:28:13.639528+00:00
2025-09-27 21:00:00+02:00,113.75625000000001,2025-12-13 19:28:13.639528+00:00
2025-09-27 22:00:00+02:00,107.78,2025-12-13 19:28:13.639528+00:00
2025-09-27 23:00:00+02:00,99.67125,2025-12-13 19:28:13.639528+00:00
2025-09-28 00:00:00+02:00,100.0,2025-12-13 19:28:13.639528+00:00
2025-09-28 01:00:00+02:00,95.315,2025-12-13 19:28:13.639528+00:00
2025-09-28 02:00:00+02:00,95.16499999999999,2025-12-13 19:28:13.639528+00:00
2025-09-28 03:00:00+02:00,93.44749999999999,2025-12-13 19:28:13.639528+00:00
2025-09-28 04:00:00+02:00,97.83500000000001,2025-12-13 19:28:13.639528+00:00
2025-09-28 05:00:00+02:00,98.49,2025-12-13 19:28:13.639528+00:00
2025-09-28 06:00:00+02:00,100.60374999999999,2025-12-13 19:28:13.639528+00:00
2025-09-28 07:00:00+02:00,102.89875,2025-12-13 19:28:13.639528+00:00
2025-09-28 08:00:00+02:00,99.98875,2025-12-13 19:28:13.639528+00:00
2025-09-28 09:00:00+02:00,91.71375,2025-12-13 19:28:13.639528+00:00
2025-09-28 10:00:00+02:00,70.555,2025-12-13 19:28:13.639528+00:00
2025-09-28 11:00:00+02:00,27.20375,2025-12-13 19:28:13.639528+00:00
2025-09-28 12:00:00+02:00,12.98375,2025-12-13 19:28:13.639528+00:00
2025-09-28 13:00:00+02:00,7.095,2025-12-13 19:28:13.639528+00:00
2025-09-28 14:00:00+02:00,10.02875,2025-12-13 19:28:13.639528+00:00
2025-09-28 15:00:00+02:00,43.58875,2025-12-13 19:28:13.639528+00:00
2025-09-28 16:00:00+02:00,82.7025,2025-12-13 19:28:13.639528+00:00
2025-09-28 17:00:00+02:00,106.73125,2025-12-13 19:28:13.639528+00:00
2025-09-28 18:00:00+02:00,133.11,2025-12-13 19:28:13.639528+00:00
2025-09-28 19:00:00+02:00,145.93625,2025-12-13 19:28:13.639528+00:00
2025-09-28 20:00:00+02:00,125.86625000000001,2025-12-13 19:28:13.639528+00:00
2025-09-28 21:00:00+02:00,112.72375,2025-12-13 19:28:13.639528+00:00
2025-09-28 22:00:00+02:00,104.84625,2025-12-13 19:28:13.639528+00:00
2025-09-28 23:00:00+02:00,98.3625,2025-12-13 19:28:13.639528+00:00
2025-09-29 00:00:00+02:00,90.775,2025-12-13 19:28:13.639528+00:00
2025-09-29 01:00:00+02:00,88.855,2025-12-13 19:28:13.639528+00:00
2025-09-29 02:00:00+02:00,88.39,2025-12-13 19:28:13.639528+00:00
2025-09-29 03:00:00+02:00,88.47125,2025-12-13 19:28:13.639528+00:00
2025-09-29 04:00:00+02:00,93.1675,2025-12-13 19:28:13.639528+00:00
2025-09-29 05:00:00+02:00,101.3625,2025-12-13 19:28:13.639528+00:00
2025-09-29 06:00:00+02:00,136.4975,2025-12-13 19:28:13.639528+00:00
2025-09-29 07:00:00+02:00,213.13,2025-12-13 19:28:13.639528+00:00
2025-09-29 08:00:00+02:00,176.64,2025-12-13 19:28:13.639528+00:00
2025-09-29 09:00:00+02:00,125.07875,2025-12-13 19:28:13.639528+00:00
2025-09-29 10:00:00+02:00,97.155,2025-12-13 19:28:13.639528+00:00
2025-09-29 11:00:00+02:00,88.59125,2025-12-13 19:28:13.639528+00:00
2025-09-29 12:00:00+02:00,80.85625,2025-12-13 19:28:13.639528+00:00
2025-09-29 13:00:00+02:00,79.0325,2025-12-13 19:28:13.639528+00:00
2025-09-29 14:00:00+02:00,83.4325,2025-12-13 19:28:13.639528+00:00
2025-09-29 15:00:00+02:00,89.22,2025-12-13 19:28:13.639528+00:00
2025-09-29 16:00:00+02:00,105.76,2025-12-13 19:28:13.639528+00:00
2025-09-29 17:00:00+02:00,140.805,2025-12-13 19:28:13.639528+00:00
2025-09-29 18:00:00+02:00,276.37624999999997,2025-12-13 19:28:13.639528+00:00
2025-09-29 19:00:00+02:00,404.8375,2025-12-13 19:28:13.639528+00:00
2025-09-29 20:00:00+02:00,182.03125,2025-12-13 19:28:13.639528+00:00
2025-09-29 21:00:00+02:00,126.35374999999999,2025-12-13 19:28:13.639528+00:00
2025-09-29 22:00:00+02:00,111.55125,2025-12-13 19:28:13.639528+00:00
2025-09-29 23:00:00+02:00,99.33000000000001,2025-12-13 19:28:13.639528+00:00
2025-09-30 00:00:00+02:00,99.14999999999999,2025-12-13 19:28:13.639528+00:00
2025-09-30 01:00:00+02:00,97.1425,2025-12-13 19:28:13.639528+00:00
2025-09-30 02:00:00+02:00,95.565,2025-12-13 19:28:13.639528+00:00
2025-09-30 03:00:00+02:00,93.78999999999999,2025-12-13 19:28:13.639528+00:00
2025-09-30 04:00:00+02:00,97.49875,2025-12-13 19:28:13.639528+00:00
2025-09-30 05:00:00+02:00,114.07375,2025-12-13 19:28:13.639528+00:00
2025-09-30 06:00:00+02:00,137.92875,2025-12-13 19:28:13.639528+00:00
2025-09-30 07:00:00+02:00,228.615,2025-12-13 19:28:13.639528+00:00
2025-09-30 08:00:00+02:00,200.98874999999998,2025-12-13 19:28:13.639528+00:00
2025-09-30 09:00:00+02:00,142.2625,2025-12-13 19:28:13.639528+00:00
2025-09-30 10:00:00+02:00,115.57249999999999,2025-12-13 19:28:13.639528+00:00
2025-09-30 11:00:00+02:00,100.03375,2025-12-13 19:28:13.639528+00:00
2025-09-30 12:00:00+02:00,91.2375,2025-12-13 19:28:13.639528+00:00
2025-09-30 13:00:00+02:00,88.97,2025-12-13 19:28:13.639528+00:00
2025-09-30 14:00:00+02:00,90.14,2025-12-13 19:28:13.639528+00:00
2025-09-30 15:00:00+02:00,98.45,2025-12-13 19:28:13.639528+00:00
2025-09-30 16:00:00+02:00,109.015,2025-12-13 19:28:13.639528+00:00
2025-09-30 17:00:00+02:00,149.6325,2025-12-13 19:28:13.639528+00:00
2025-09-30 18:00:00+02:00,288.6075,2025-12-13 19:28:13.639528+00:00
2025-09-30 19:00:00+02:00,365.465,2025-12-13 19:28:13.639528+00:00
2025-09-30 20:00:00+02:00,152.5875,2025-12-13 19:28:13.639528+00:00
2025-09-30 21:00:00+02:00,121.265,2025-12-13 19:28:13.639528+00:00
2025-09-30 22:00:00+02:00,106.53125,2025-12-13 19:28:13.639528+00:00
2025-09-30 23:00:00+02:00,94.7025,2025-12-13 19:28:13.639528+00:00
2025-10-01 00:00:00+02:00,97.2575,2025-12-13 19:28:13.639528+00:00
2025-10-01 01:00:00+02:00,93.1175,2025-12-13 19:28:13.639528+00:00
2025-10-01 02:00:00+02:00,91.74875,2025-12-13 19:28:13.639528+00:00
2025-10-01 03:00:00+02:00,93.675,2025-12-13 19:28:13.639528+00:00
2025-10-01 04:00:00+02:00,93.6275,2025-12-13 19:28:13.639528+00:00
2025-10-01 05:00:00+02:00,102.46375,2025-12-13 19:28:13.639528+00:00
2025-10-01 06:00:00+02:00,136.64000000000001,2025-12-13 19:28:13.639528+00:00
2025-10-01 07:00:00+02:00,208.0575,2025-12-13 19:28:13.639528+00:00
2025-10-01 08:00:00+02:00,154.92374999999998,2025-12-13 19:28:13.639528+00:00
2025-10-01 09:00:00+02:00,120.3575,2025-12-13 19:28:13.639528+00:00
2025-10-01 10:00:00+02:00,98.07,2025-12-13 19:28:13.639528+00:00
2025-10-01 11:00:00+02:00,91.285,2025-12-13 19:28:13.639528+00:00
2025-10-01 12:00:00+02:00,67.78125,2025-12-13 19:28:13.639528+00:00
2025-10-01 13:00:00+02:00,67.775,2025-12-13 19:28:13.639528+00:00
2025-10-01 14:00:00+02:00,84.1875,2025-12-13 19:28:13.639528+00:00
2025-10-01 15:00:00+02:00,92.67625,2025-12-13 19:28:13.639528+00:00
2025-10-01 16:00:00+02:00,101.35,2025-12-13 19:28:13.639528+00:00
2025-10-01 17:00:00+02:00,142.52125,2025-12-13 19:28:13.639528+00:00
2025-10-01 18:00:00+02:00,284.6175,2025-12-13 19:28:13.639528+00:00
2025-10-01 19:00:00+02:00,426.29125,2025-12-13 19:28:13.639528+00:00
2025-10-01 20:00:00+02:00,174.04875,2025-12-13 19:28:13.639528+00:00
2025-10-01 21:00:00+02:00,125.63,2025-12-13 19:28:13.639528+00:00
2025-10-01 22:00:00+02:00,108.18,2025-12-13 19:28:13.639528+00:00
2025-10-01 23:00:00+02:00,99.3725,2025-12-13 19:28:13.639528+00:00
2025-10-02 00:00:00+02:00,90.7775,2025-12-13 19:28:13.639528+00:00
2025-10-02 01:00:00+02:00,88.65875,2025-12-13 19:28:13.639528+00:00
2025-10-02 02:00:00+02:00,87.59,2025-12-13 19:28:13.639528+00:00
2025-10-02 03:00:00+02:00,89.65375,2025-12-13 19:28:13.639528+00:00
2025-10-02 04:00:00+02:00,90.3125,2025-12-13 19:28:13.639528+00:00
2025-10-02 05:00:00+02:00,96.51375,2025-12-13 19:28:13.639528+00:00
2025-10-02 06:00:00+02:00,129.785,2025-12-13 19:28:13.639528+00:00
2025-10-02 07:00:00+02:00,186.795,2025-12-13 19:28:13.639528+00:00
2025-10-02 08:00:00+02:00,139.6375,2025-12-13 19:28:13.639528+00:00
2025-10-02 09:00:00+02:00,104.09,2025-12-13 19:28:13.639528+00:00
2025-10-02 10:00:00+02:00,91.9075,2025-12-13 19:28:13.639528+00:00
2025-10-02 11:00:00+02:00,77.92625,2025-12-13 19:28:13.639528+00:00
2025-10-02 12:00:00+02:00,63.3175,2025-12-13 19:28:13.639528+00:00
2025-10-02 13:00:00+02:00,59.4275,2025-12-13 19:28:13.639528+00:00
2025-10-02 14:00:00+02:00,66.4525,2025-12-13 19:28:13.639528+00:00
2025-10-02 15:00:00+02:00,78.32124999999999,2025-12-13 19:28:13.639528+00:00
2025-10-02 16:00:00+02:00,90.01375,2025-12-13 19:28:13.639528+00:00
2025-10-02 17:00:00+02:00,111.4275,2025-12-13 19:28:13.639528+00:00
2025-10-02 18:00:00+02:00,169.46,2025-12-13 19:28:13.639528+00:00
2025-10-02 19:00:00+02:00,182.905,2025-12-13 19:28:13.639528+00:00
2025-10-02 20:00:00+02:00,115.96000000000001,2025-12-13 19:28:13.639528+00:00
2025-10-02 21:00:00+02:00,94.60875,2025-12-13 19:28:13.639528+00:00
2025-10-02 22:00:00+02:00,89.85249999999999,2025-12-13 19:28:13.639528+00:00
2025-10-02 23:00:00+02:00,77.8075,2025-12-13 19:28:13.639528+00:00
2025-10-03 00:00:00+02:00,82.93125,2025-12-13 19:28:13.639528+00:00
2025-10-03 01:00:00+02:00,74.035,2025-12-13 19:28:13.639528+00:00
2025-10-03 02:00:00+02:00,72.1375,2025-12-13 19:28:13.639528+00:00
2025-10-03 03:00:00+02:00,72.4675,2025-12-13 19:28:13.639528+00:00
2025-10-03 04:00:00+02:00,74.20375,2025-12-13 19:28:13.639528+00:00
2025-10-03 05:00:00+02:00,76.535,2025-12-13 19:28:13.639528+00:00
2025-10-03 06:00:00+02:00,91.78375,2025-12-13 19:28:13.639528+00:00
2025-10-03 07:00:00+02:00,100.20875000000001,2025-12-13 19:28:13.639528+00:00
2025-10-03 08:00:00+02:00,97.0,2025-12-13 19:28:13.639528+00:00
2025-10-03 09:00:00+02:00,84.79625,2025-12-13 19:28:13.639528+00:00
2025-10-03 10:00:00+02:00,54.53375,2025-12-13 19:28:13.639528+00:00
2025-10-03 11:00:00+02:00,34.8525,2025-12-13 19:28:13.639528+00:00
2025-10-03 12:00:00+02:00,26.27875,2025-12-13 19:28:13.639528+00:00
2025-10-03 13:00:00+02:00,17.89125,2025-12-13 19:28:13.639528+00:00
2025-10-03 14:00:00+02:00,22.78875,2025-12-13 19:28:13.639528+00:00
2025-10-03 15:00:00+02:00,40.801249999999996,2025-12-13 19:28:13.639528+00:00
2025-10-03 16:00:00+02:00,61.28125,2025-12-13 19:28:13.639528+00:00
2025-10-03 17:00:00+02:00,88.6675,2025-12-13 19:28:13.639528+00:00
2025-10-03 18:00:00+02:00,113.27,2025-12-13 19:28:13.639528+00:00
2025-10-03 19:00:00+02:00,107.615,2025-12-13 19:28:13.639528+00:00
2025-10-03 20:00:00+02:00,76.51125,2025-12-13 19:28:13.639528+00:00
2025-10-03 21:00:00+02:00,50.27125,2025-12-13 19:28:13.639528+00:00
2025-10-03 22:00:00+02:00,32.915,2025-12-13 19:28:13.639528+00:00
2025-10-03 23:00:00+02:00,11.7425,2025-12-13 19:28:13.639528+00:00
2025-10-04 00:00:00+02:00,1.4625,2025-12-13 19:28:13.639528+00:00
2025-10-04 01:00:00+02:00,-2.04875,2025-12-13 19:28:13.639528+00:00
2025-10-04 02:00:00+02:00,-2.07875,2025-12-13 19:28:13.639528+00:00
2025-10-04 03:00:00+02:00,-1.44875,2025-12-13 19:28:13.639528+00:00
2025-10-04 04:00:00+02:00,-2.43875,2025-12-13 19:28:13.639528+00:00
2025-10-04 05:00:00+02:00,-2.9749999999999996,2025-12-13 19:28:13.639528+00:00
2025-10-04 06:00:00+02:00,-3.015,2025-12-13 19:28:13.639528+00:00
2025-10-04 07:00:00+02:00,-2.6137500000000005,2025-12-13 19:28:13.639528+00:00
2025-10-04 08:00:00+02:00,-2.39375,2025-12-13 19:28:13.639528+00:00
2025-10-04 09:00:00+02:00,-2.1775,2025-12-13 19:28:13.639528+00:00
2025-10-04 10:00:00+02:00,-1.55625,2025-12-13 19:28:13.639528+00:00
2025-10-04 11:00:00+02:00,-1.82625,2025-12-13 19:28:13.639528+00:00
2025-10-04 12:00:00+02:00,-1.0175,2025-12-13 19:28:13.639528+00:00
2025-10-04 13:00:00+02:00,-5.21875,2025-12-13 19:28:13.639528+00:00
2025-10-04 14:00:00+02:00,-6.0225,2025-12-13 19:28:13.639528+00:00
2025-10-04 15:00:00+02:00,-3.86875,2025-12-13 19:28:13.639528+00:00
2025-10-04 16:00:00+02:00,-2.0637499999999998,2025-12-13 19:28:13.639528+00:00
2025-10-04 17:00:00+02:00,0.6162500000000001,2025-12-13 19:28:13.639528+00:00
2025-10-04 18:00:00+02:00,3.57125,2025-12-13 19:28:13.639528+00:00
2025-10-04 19:00:00+02:00,9.66125,2025-12-13 19:28:13.639528+00:00
2025-10-04 20:00:00+02:00,2.1412500000000003,2025-12-13 19:28:13.639528+00:00
2025-10-04 21:00:00+02:00,0.5025,2025-12-13 19:28:13.639528+00:00
2025-10-04 22:00:00+02:00,-0.19125000000000003,2025-12-13 19:28:13.639528+00:00
2025-10-04 23:00:00+02:00,-1.57375,2025-12-13 19:28:13.639528+00:00
2025-10-05 00:00:00+02:00,-2.7025,2025-12-13 19:28:13.639528+00:00
2025-10-05 01:00:00+02:00,-3.7,2025-12-13 19:28:13.639528+00:00
2025-10-05 02:00:00+02:00,-4.245,2025-12-13 19:28:13.639528+00:00
2025-10-05 03:00:00+02:00,-2.6450000000000005,2025-12-13 19:28:13.639528+00:00
2025-10-05 04:00:00+02:00,-7.49,2025-12-13 19:28:13.639528+00:00
2025-10-05 05:00:00+02:00,-2.74125,2025-12-13 19:28:13.639528+00:00
2025-10-05 06:00:00+02:00,-3.3825000000000003,2025-12-13 19:28:13.639528+00:00
2025-10-05 07:00:00+02:00,-2.5025,2025-12-13 19:28:13.639528+00:00
2025-10-05 08:00:00+02:00,-2.53125,2025-12-13 19:28:13.639528+00:00
2025-10-05 09:00:00+02:00,-3.69625,2025-12-13 19:28:13.639528+00:00
2025-10-05 10:00:00+02:00,-5.09,2025-12-13 19:28:13.639528+00:00
2025-10-05 11:00:00+02:00,-8.27125,2025-12-13 19:28:13.639528+00:00
2025-10-05 12:00:00+02:00,-11.768749999999999,2025-12-13 19:28:13.639528+00:00
2025-10-05 13:00:00+02:00,-11.674999999999999,2025-12-13 19:28:13.639528+00:00
2025-10-05 14:00:00+02:00,-10.71125,2025-12-13 19:28:13.639528+00:00
2025-10-05 15:00:00+02:00,-2.65625,2025-12-13 19:28:13.639528+00:00
2025-10-05 16:00:00+02:00,-0.6712500000000001,2025-12-13 19:28:13.639528+00:00
2025-10-05 17:00:00+02:00,1.9499999999999997,2025-12-13 19:28:13.639528+00:00
2025-10-05 18:00:00+02:00,16.3475,2025-12-13 19:28:13.639528+00:00
2025-10-05 19:00:00+02:00,33.176249999999996,2025-12-13 19:28:13.639528+00:00
2025-10-05 20:00:00+02:00,19.04375,2025-12-13 19:28:13.639528+00:00
2025-10-05 21:00:00+02:00,8.7,2025-12-13 19:28:13.639528+00:00
2025-10-05 22:00:00+02:00,8.91375,2025-12-13 19:28:13.639528+00:00
2025-10-05 23:00:00+02:00,6.35,2025-12-13 19:28:13.639528+00:00
2025-10-06 00:00:00+02:00,18.482499999999998,2025-12-13 19:28:13.639528+00:00
2025-10-06 01:00:00+02:00,11.0225,2025-12-13 19:28:13.639528+00:00
2025-10-06 02:00:00+02:00,9.05125,2025-12-13 19:28:13.639528+00:00
2025-10-06 03:00:00+02:00,9.536249999999999,2025-12-13 19:28:13.639528+00:00
2025-10-06 04:00:00+02:00,14.151250000000001,2025-12-13 19:28:13.639528+00:00
2025-10-06 05:00:00+02:00,23.66375,2025-12-13 19:28:13.639528+00:00
2025-10-06 06:00:00+02:00,68.28125,2025-12-13 19:28:13.639528+00:00
2025-10-06 07:00:00+02:00,101.7175,2025-12-13 19:28:13.639528+00:00
2025-10-06 08:00:00+02:00,109.42999999999999,2025-12-13 19:28:13.639528+00:00
2025-10-06 09:00:00+02:00,105.28125,2025-12-13 19:28:13.639528+00:00
2025-10-06 10:00:00+02:00,89.54875,2025-12-13 19:28:13.639528+00:00
2025-10-06 11:00:00+02:00,83.92875000000001,2025-12-13 19:28:13.639528+00:00
2025-10-06 12:00:00+02:00,82.3725,2025-12-13 19:28:13.639528+00:00
2025-10-06 13:00:00+02:00,81.04375,2025-12-13 19:28:13.639528+00:00
2025-10-06 14:00:00+02:00,85.19375,2025-12-13 19:28:13.639528+00:00
2025-10-06 15:00:00+02:00,87.21375,2025-12-13 19:28:13.639528+00:00
2025-10-06 16:00:00+02:00,94.825,2025-12-13 19:28:13.639528+00:00
2025-10-06 17:00:00+02:00,106.14625000000001,2025-12-13 19:28:13.639528+00:00
2025-10-06 18:00:00+02:00,128.54125,2025-12-13 19:28:13.639528+00:00
2025-10-06 19:00:00+02:00,149.26625,2025-12-13 19:28:13.639528+00:00
2025-10-06 20:00:00+02:00,124.7775,2025-12-13 19:28:13.639528+00:00
2025-10-06 21:00:00+02:00,99.68875,2025-12-13 19:28:13.639528+00:00
2025-10-06 22:00:00+02:00,108.045,2025-12-13 19:28:13.639528+00:00
2025-10-06 23:00:00+02:00,94.925,2025-12-13 19:28:13.639528+00:00
2025-10-07 00:00:00+02:00,96.8725,2025-12-13 19:28:13.639528+00:00
2025-10-07 01:00:00+02:00,92.19375,2025-12-13 19:28:13.639528+00:00
2025-10-07 02:00:00+02:00,89.70875000000001,2025-12-13 19:28:13.639528+00:00
2025-10-07 03:00:00+02:00,89.72749999999999,2025-12-13 19:28:13.639528+00:00
2025-10-07 04:00:00+02:00,92.38375,2025-12-13 19:28:13.639528+00:00
2025-10-07 05:00:00+02:00,97.34125,2025-12-13 19:28:13.639528+00:00
2025-10-07 06:00:00+02:00,136.40875,2025-12-13 19:28:13.639528+00:00
2025-10-07 07:00:00+02:00,220.0125,2025-12-13 19:28:13.639528+00:00
2025-10-07 08:00:00+02:00,293.1875,2025-12-13 19:28:13.639528+00:00
2025-10-07 09:00:00+02:00,221.77875,2025-12-13 19:28:13.639528+00:00
2025-10-07 10:00:00+02:00,145.53,2025-12-13 19:28:13.639528+00:00
2025-10-07 11:00:00+02:00,125.6125,2025-12-13 19:28:13.639528+00:00
2025-10-07 12:00:00+02:00,109.66125,2025-12-13 19:28:13.639528+00:00
2025-10-07 13:00:00+02:00,104.80375000000001,2025-12-13 19:28:13.639528+00:00
2025-10-07 14:00:00+02:00,102.66375,2025-12-13 19:28:13.639528+00:00
2025-10-07 15:00:00+02:00,110.375,2025-12-13 19:28:13.639528+00:00
2025-10-07 16:00:00+02:00,120.275,2025-12-13 19:28:13.639528+00:00
2025-10-07 17:00:00+02:00,155.96875,2025-12-13 19:28:13.639528+00:00
2025-10-07 18:00:00+02:00,218.555,2025-12-13 19:28:13.639528+00:00
2025-10-07 19:00:00+02:00,224.29125,2025-12-13 19:28:13.639528+00:00
2025-10-07 20:00:00+02:00,150.6875,2025-12-13 19:28:13.639528+00:00
2025-10-07 21:00:00+02:00,123.52,2025-12-13 19:28:13.639528+00:00
2025-10-07 22:00:00+02:00,108.76125,2025-12-13 19:28:13.639528+00:00
2025-10-07 23:00:00+02:00,99.14125,2025-12-13 19:28:13.639528+00:00
2025-10-08 00:00:00+02:00,95.30875,2025-12-13 19:28:13.639528+00:00
2025-10-08 01:00:00+02:00,91.0425,2025-12-13 19:28:13.639528+00:00
2025-10-08 02:00:00+02:00,88.19875,2025-12-13 19:28:13.639528+00:00
2025-10-08 03:00:00+02:00,87.97875,2025-12-13 19:28:13.639528+00:00
2025-10-08 04:00:00+02:00,89.52875,2025-12-13 19:28:13.639528+00:00
2025-10-08 05:00:00+02:00,96.91875,2025-12-13 19:28:13.639528+00:00
2025-10-08 06:00:00+02:00,121.69874999999999,2025-12-13 19:28:13.639528+00:00
2025-10-08 07:00:00+02:00,171.9925,2025-12-13 19:28:13.639528+00:00
2025-10-08 08:00:00+02:00,184.49125,2025-12-13 19:28:13.639528+00:00
2025-10-08 09:00:00+02:00,141.42249999999999,2025-12-13 19:28:13.639528+00:00
2025-10-08 10:00:00+02:00,114.6925,2025-12-13 19:28:13.639528+00:00
2025-10-08 11:00:00+02:00,102.93875,2025-12-13 19:28:13.639528+00:00
2025-10-08 12:00:00+02:00,92.6825,2025-12-13 19:28:13.639528+00:00
2025-10-08 13:00:00+02:00,90.8175,2025-12-13 19:28:13.639528+00:00
2025-10-08 14:00:00+02:00,92.6875,2025-12-13 19:28:13.639528+00:00
2025-10-08 15:00:00+02:00,99.31,2025-12-13 19:28:13.639528+00:00
2025-10-08 16:00:00+02:00,115.03125,2025-12-13 19:28:13.639528+00:00
2025-10-08 17:00:00+02:00,152.19,2025-12-13 19:28:13.639528+00:00
2025-10-08 18:00:00+02:00,205.785,2025-12-13 19:28:13.639528+00:00
2025-10-08 19:00:00+02:00,238.06125,2025-12-13 19:28:13.639528+00:00
2025-10-08 20:00:00+02:00,151.68125,2025-12-13 19:28:13.639528+00:00
2025-10-08 21:00:00+02:00,119.66125,2025-12-13 19:28:13.639528+00:00
2025-10-08 22:00:00+02:00,109.80375000000001,2025-12-13 19:28:13.639528+00:00
2025-10-08 23:00:00+02:00,100.31625,2025-12-13 19:28:13.639528+00:00
2025-10-09 00:00:00+02:00,98.9825,2025-12-13 19:28:13.639528+00:00
2025-10-09 01:00:00+02:00,94.09125,2025-12-13 19:28:13.639528+00:00
2025-10-09 02:00:00+02:00,92.61,2025-12-13 19:28:13.639528+00:00
2025-10-09 03:00:00+02:00,91.34375,2025-12-13 19:28:13.639528+00:00
2025-10-09 04:00:00+02:00,93.505,2025-12-13 19:28:13.639528+00:00
2025-10-09 05:00:00+02:00,101.61125,2025-12-13 19:28:13.639528+00:00
2025-10-09 06:00:00+02:00,122.1825,2025-12-13 19:28:13.639528+00:00
2025-10-09 07:00:00+02:00,158.2225,2025-12-13 19:28:13.639528+00:00
2025-10-09 08:00:00+02:00,153.8725,2025-12-13 19:28:13.639528+00:00
2025-10-09 09:00:00+02:00,129.35875,2025-12-13 19:28:13.639528+00:00
2025-10-09 10:00:00+02:00,109.05250000000001,2025-12-13 19:28:13.639528+00:00
2025-10-09 11:00:00+02:00,96.71625,2025-12-13 19:28:13.639528+00:00
2025-10-09 12:00:00+02:00,88.82125,2025-12-13 19:28:13.639528+00:00
2025-10-09 13:00:00+02:00,86.5325,2025-12-13 19:28:13.639528+00:00
2025-10-09 14:00:00+02:00,82.83125,2025-12-13 19:28:13.639528+00:00
2025-10-09 15:00:00+02:00,87.45375,2025-12-13 19:28:13.639528+00:00
2025-10-09 16:00:00+02:00,92.00875,2025-12-13 19:28:13.639528+00:00
2025-10-09 17:00:00+02:00,110.56625,2025-12-13 19:28:13.639528+00:00
2025-10-09 18:00:00+02:00,126.90125,2025-12-13 19:28:13.639528+00:00
2025-10-09 19:00:00+02:00,127.60875,2025-12-13 19:28:13.639528+00:00
2025-10-09 20:00:00+02:00,112.335,2025-12-13 19:28:13.639528+00:00
2025-10-09 21:00:00+02:00,97.715,2025-12-13 19:28:13.639528+00:00
2025-10-09 22:00:00+02:00,92.91625,2025-12-13 19:28:13.639528+00:00
2025-10-09 23:00:00+02:00,85.55375000000001,2025-12-13 19:28:13.639528+00:00
2025-10-10 00:00:00+02:00,86.59875,2025-12-13 19:28:13.639528+00:00
2025-10-10 01:00:00+02:00,83.145,2025-12-13 19:28:13.639528+00:00
2025-10-10 02:00:00+02:00,78.67,2025-12-13 19:28:13.639528+00:00
2025-10-10 03:00:00+02:00,77.14,2025-12-13 19:28:13.639528+00:00
2025-10-10 04:00:00+02:00,78.65,2025-12-13 19:28:13.639528+00:00
2025-10-10 05:00:00+02:00,86.08875,2025-12-13 19:28:13.639528+00:00
2025-10-10 06:00:00+02:00,101.65875,2025-12-13 19:28:13.639528+00:00
2025-10-10 07:00:00+02:00,120.56125,2025-12-13 19:28:13.639528+00:00
2025-10-10 08:00:00+02:00,123.18375,2025-12-13 19:28:13.639528+00:00
2025-10-10 09:00:00+02:00,109.25,2025-12-13 19:28:13.639528+00:00
2025-10-10 10:00:00+02:00,92.9675,2025-12-13 19:28:13.639528+00:00
2025-10-10 11:00:00+02:00,82.29375,2025-12-13 19:28:13.639528+00:00
2025-10-10 12:00:00+02:00,76.06625,2025-12-13 19:28:13.639528+00:00
2025-10-10 13:00:00+02:00,74.44375,2025-12-13 19:28:13.639528+00:00
2025-10-10 14:00:00+02:00,76.0775,2025-12-13 19:28:13.639528+00:00
2025-10-10 15:00:00+02:00,85.7975,2025-12-13 19:28:13.639528+00:00
2025-10-10 16:00:00+02:00,94.85375,2025-12-13 19:28:13.639528+00:00
2025-10-10 17:00:00+02:00,114.74875,2025-12-13 19:28:13.639528+00:00
2025-10-10 18:00:00+02:00,124.58500000000001,2025-12-13 19:28:13.639528+00:00
2025-10-10 19:00:00+02:00,124.09,2025-12-13 19:28:13.639528+00:00
2025-10-10 20:00:00+02:00,114.05375,2025-12-13 19:28:13.639528+00:00
2025-10-10 21:00:00+02:00,101.52625,2025-12-13 19:28:13.639528+00:00
2025-10-10 22:00:00+02:00,96.15125,2025-12-13 19:28:13.639528+00:00
2025-10-10 23:00:00+02:00,90.225,2025-12-13 19:28:13.639528+00:00
2025-10-11 00:00:00+02:00,91.67125,2025-12-13 19:28:13.639528+00:00
2025-10-11 01:00:00+02:00,87.645,2025-12-13 19:28:13.639528+00:00
2025-10-11 02:00:00+02:00,85.29375,2025-12-13 19:28:13.639528+00:00
2025-10-11 03:00:00+02:00,82.78,2025-12-13 19:28:13.639528+00:00
2025-10-11 04:00:00+02:00,82.16375,2025-12-13 19:28:13.639528+00:00
2025-10-11 05:00:00+02:00,84.34125,2025-12-13 19:28:13.639528+00:00
2025-10-11 06:00:00+02:00,90.495,2025-12-13 19:28:13.639528+00:00
2025-10-11 07:00:00+02:00,98.6275,2025-12-13 19:28:13.639528+00:00
2025-10-11 08:00:00+02:00,103.28875,2025-12-13 19:28:13.639528+00:00
2025-10-11 09:00:00+02:00,94.23375,2025-12-13 19:28:13.639528+00:00
2025-10-11 10:00:00+02:00,84.505,2025-12-13 19:28:13.639528+00:00
2025-10-11 11:00:00+02:00,74.22375,2025-12-13 19:28:13.639528+00:00
2025-10-11 12:00:00+02:00,59.29375,2025-12-13 19:28:13.639528+00:00
2025-10-11 13:00:00+02:00,46.7725,2025-12-13 19:28:13.639528+00:00
2025-10-11 14:00:00+02:00,51.9125,2025-12-13 19:28:13.639528+00:00
2025-10-11 15:00:00+02:00,73.9525,2025-12-13 19:28:13.639528+00:00
2025-10-11 16:00:00+02:00,87.23,2025-12-13 19:28:13.639528+00:00
2025-10-11 17:00:00+02:00,108.9225,2025-12-13 19:28:13.639528+00:00
2025-10-11 18:00:00+02:00,124.0925,2025-12-13 19:28:13.639528+00:00
2025-10-11 19:00:00+02:00,127.96000000000001,2025-12-13 19:28:13.639528+00:00
2025-10-11 20:00:00+02:00,117.735,2025-12-13 19:28:13.639528+00:00
2025-10-11 21:00:00+02:00,109.30625,2025-12-13 19:28:13.639528+00:00
2025-10-11 22:00:00+02:00,104.84125,2025-12-13 19:28:13.639528+00:00
2025-10-11 23:00:00+02:00,94.3575,2025-12-13 19:28:13.639528+00:00
2025-10-12 00:00:00+02:00,94.25625,2025-12-13 19:28:13.639528+00:00
2025-10-12 01:00:00+02:00,88.77625,2025-12-13 19:28:13.639528+00:00
2025-10-12 02:00:00+02:00,86.58875,2025-12-13 19:28:13.639528+00:00
2025-10-12 03:00:00+02:00,83.2675,2025-12-13 19:28:13.639528+00:00
2025-10-12 04:00:00+02:00,82.89750000000001,2025-12-13 19:28:13.639528+00:00
2025-10-12 05:00:00+02:00,83.59125,2025-12-13 19:28:13.639528+00:00
2025-10-12 06:00:00+02:00,85.38125,2025-12-13 19:28:13.639528+00:00
2025-10-12 07:00:00+02:00,88.51125,2025-12-13 19:28:13.639528+00:00
2025-10-12 08:00:00+02:00,90.99375,2025-12-13 19:28:13.639528+00:00
2025-10-12 09:00:00+02:00,81.96875,2025-12-13 19:28:13.639528+00:00
2025-10-12 10:00:00+02:00,73.5025,2025-12-13 19:28:13.639528+00:00
2025-10-12 11:00:00+02:00,66.29,2025-12-13 19:28:13.639528+00:00
2025-10-12 12:00:00+02:00,59.4325,2025-12-13 19:28:13.639528+00:00
2025-10-12 13:00:00+02:00,48.755,2025-12-13 19:28:13.639528+00:00
2025-10-12 14:00:00+02:00,58.65125,2025-12-13 19:28:13.639528+00:00
2025-10-12 15:00:00+02:00,78.0925,2025-12-13 19:28:13.639528+00:00
2025-10-12 16:00:00+02:00,87.10125,2025-12-13 19:28:13.639528+00:00
2025-10-12 17:00:00+02:00,106.2625,2025-12-13 19:28:13.639528+00:00
2025-10-12 18:00:00+02:00,121.1875,2025-12-13 19:28:13.639528+00:00
2025-10-12 19:00:00+02:00,128.32375,2025-12-13 19:28:13.639528+00:00
2025-10-12 20:00:00+02:00,117.85249999999999,2025-12-13 19:28:13.639528+00:00
2025-10-12 21:00:00+02:00,112.80625,2025-12-13 19:28:13.639528+00:00
2025-10-12 22:00:00+02:00,109.51125,2025-12-13 19:28:13.639528+00:00
2025-10-12 23:00:00+02:00,98.78125,2025-12-13 19:28:13.639528+00:00
2025-10-13 00:00:00+02:00,95.5225,2025-12-13 19:28:13.639528+00:00
2025-10-13 01:00:00+02:00,92.33500000000001,2025-12-13 19:28:13.639528+00:00
2025-10-13 02:00:00+02:00,91.16499999999999,2025-12-13 19:28:13.639528+00:00
2025-10-13 03:00:00+02:00,90.29625,2025-12-13 19:28:13.639528+00:00
2025-10-13 04:00:00+02:00,93.675,2025-12-13 19:28:13.639528+00:00
2025-10-13 05:00:00+02:00,100.96,2025-12-13 19:28:13.639528+00:00
2025-10-13 06:00:00+02:00,140.695,2025-12-13 19:28:13.639528+00:00
2025-10-13 07:00:00+02:00,240.16750000000002,2025-12-13 19:28:13.639528+00:00
2025-10-13 08:00:00+02:00,235.90375,2025-12-13 19:28:13.639528+00:00
2025-10-13 09:00:00+02:00,165.75875000000002,2025-12-13 19:28:13.639528+00:00
2025-10-13 10:00:00+02:00,129.8525,2025-12-13 19:28:13.639528+00:00
2025-10-13 11:00:00+02:00,110.68875,2025-12-13 19:28:13.639528+00:00
2025-10-13 12:00:00+02:00,97.8625,2025-12-13 19:28:13.639528+00:00
2025-10-13 13:00:00+02:00,92.94875,2025-12-13 19:28:13.639528+00:00
2025-10-13 14:00:00+02:00,96.37375,2025-12-13 19:28:13.639528+00:00
2025-10-13 15:00:00+02:00,105.76,2025-12-13 19:28:13.639528+00:00
2025-10-13 16:00:00+02:00,125.57875,2025-12-13 19:28:13.639528+00:00
2025-10-13 17:00:00+02:00,181.81,2025-12-13 19:28:13.639528+00:00
2025-10-13 18:00:00+02:00,282.56875,2025-12-13 19:28:13.639528+00:00
2025-10-13 19:00:00+02:00,331.66375,2025-12-13 19:28:13.639528+00:00
2025-10-13 20:00:00+02:00,173.78,2025-12-13 19:28:13.639528+00:00
2025-10-13 21:00:00+02:00,132.5875,2025-12-13 19:28:13.639528+00:00
2025-10-13 22:00:00+02:00,116.605,2025-12-13 19:28:13.639528+00:00
2025-10-13 23:00:00+02:00,107.015,2025-12-13 19:28:13.639528+00:00
2025-10-14 00:00:00+02:00,106.10625,2025-12-13 19:28:13.639528+00:00
2025-10-14 01:00:00+02:00,100.53375,2025-12-13 19:28:13.639528+00:00
2025-10-14 02:00:00+02:00,96.835,2025-12-13 19:28:13.639528+00:00
2025-10-14 03:00:00+02:00,96.83125,2025-12-13 19:28:13.639528+00:00
2025-10-14 04:00:00+02:00,97.955,2025-12-13 19:28:13.639528+00:00
2025-10-14 05:00:00+02:00,103.57499999999999,2025-12-13 19:28:13.639528+00:00
2025-10-14 06:00:00+02:00,125.945,2025-12-13 19:28:13.639528+00:00
2025-10-14 07:00:00+02:00,168.69625,2025-12-13 19:28:13.639528+00:00
2025-10-14 08:00:00+02:00,181.1975,2025-12-13 19:28:13.639528+00:00
2025-10-14 09:00:00+02:00,148.21375,2025-12-13 19:28:13.639528+00:00
2025-10-14 10:00:00+02:00,127.33375000000001,2025-12-13 19:28:13.639528+00:00
2025-10-14 11:00:00+02:00,113.61,2025-12-13 19:28:13.639528+00:00
2025-10-14 12:00:00+02:00,104.22375,2025-12-13 19:28:13.639528+00:00
2025-10-14 13:00:00+02:00,102.38625,2025-12-13 19:28:13.639528+00:00
2025-10-14 14:00:00+02:00,102.39500000000001,2025-12-13 19:28:13.639528+00:00
2025-10-14 15:00:00+02:00,114.81375,2025-12-13 19:28:13.639528+00:00
2025-10-14 16:00:00+02:00,136.5,2025-12-13 19:28:13.639528+00:00
2025-10-14 17:00:00+02:00,202.43625,2025-12-13 19:28:13.639528+00:00
2025-10-14 18:00:00+02:00,355.3625,2025-12-13 19:28:13.639528+00:00
2025-10-14 19:00:00+02:00,351.93375,2025-12-13 19:28:13.639528+00:00
2025-10-14 20:00:00+02:00,212.42874999999998,2025-12-13 19:28:13.639528+00:00
2025-10-14 21:00:00+02:00,154.40375,2025-12-13 19:28:13.639528+00:00
2025-10-14 22:00:00+02:00,130.7075,2025-12-13 19:28:13.639528+00:00
2025-10-14 23:00:00+02:00,115.23875,2025-12-13 19:28:13.639528+00:00
2025-10-15 00:00:00+02:00,112.63125,2025-12-13 19:28:13.639528+00:00
2025-10-15 01:00:00+02:00,106.93125,2025-12-13 19:28:13.639528+00:00
2025-10-15 02:00:00+02:00,105.0375,2025-12-13 19:28:13.639528+00:00
2025-10-15 03:00:00+02:00,102.08875,2025-12-13 19:28:13.639528+00:00
2025-10-15 04:00:00+02:00,104.87,2025-12-13 19:28:13.639528+00:00
2025-10-15 05:00:00+02:00,111.5475,2025-12-13 19:28:13.639528+00:00
2025-10-15 06:00:00+02:00,147.91,2025-12-13 19:28:13.639528+00:00
2025-10-15 07:00:00+02:00,278.09125,2025-12-13 19:28:13.639528+00:00
2025-10-15 08:00:00+02:00,260.90875,2025-12-13 19:28:13.639528+00:00
2025-10-15 09:00:00+02:00,180.29625,2025-12-13 19:28:13.639528+00:00
2025-10-15 10:00:00+02:00,142.18,2025-12-13 19:28:13.639528+00:00
2025-10-15 11:00:00+02:00,125.1525,2025-12-13 19:28:13.639528+00:00
2025-10-15 12:00:00+02:00,113.04375,2025-12-13 19:28:13.639528+00:00
2025-10-15 13:00:00+02:00,108.1875,2025-12-13 19:28:13.639528+00:00
2025-10-15 14:00:00+02:00,110.54125,2025-12-13 19:28:13.639528+00:00
2025-10-15 15:00:00+02:00,118.95875000000001,2025-12-13 19:28:13.639528+00:00
2025-10-15 16:00:00+02:00,129.79625,2025-12-13 19:28:13.639528+00:00
2025-10-15 17:00:00+02:00,168.38375,2025-12-13 19:28:13.639528+00:00
2025-10-15 18:00:00+02:00,230.57999999999998,2025-12-13 19:28:13.639528+00:00
2025-10-15 19:00:00+02:00,225.06125,2025-12-13 19:28:13.639528+00:00
2025-10-15 20:00:00+02:00,162.35,2025-12-13 19:28:13.639528+00:00
2025-10-15 21:00:00+02:00,129.74625,2025-12-13 19:28:13.639528+00:00
2025-10-15 22:00:00+02:00,107.84875,2025-12-13 19:28:13.639528+00:00
2025-10-15 23:00:00+02:00,97.0575,2025-12-13 19:28:13.639528+00:00
2025-10-16 00:00:00+02:00,89.2225,2025-12-13 19:28:13.639528+00:00
2025-10-16 01:00:00+02:00,85.42,2025-12-13 19:28:13.639528+00:00
2025-10-16 02:00:00+02:00,85.51625,2025-12-13 19:28:13.639528+00:00
2025-10-16 03:00:00+02:00,84.44875,2025-12-13 19:28:13.639528+00:00
2025-10-16 04:00:00+02:00,86.49625,2025-12-13 19:28:13.639528+00:00
2025-10-16 05:00:00+02:00,87.45125,2025-12-13 19:28:13.639528+00:00
2025-10-16 06:00:00+02:00,103.07249999999999,2025-12-13 19:28:13.639528+00:00
2025-10-16 07:00:00+02:00,124.395,2025-12-13 19:28:13.639528+00:00
2025-10-16 08:00:00+02:00,133.1525,2025-12-13 19:28:13.639528+00:00
2025-10-16 09:00:00+02:00,121.41499999999999,2025-12-13 19:28:13.639528+00:00
2025-10-16 10:00:00+02:00,99.43875,2025-12-13 19:28:13.639528+00:00
2025-10-16 11:00:00+02:00,92.3025,2025-12-13 19:28:13.639528+00:00
2025-10-16 12:00:00+02:00,87.55,2025-12-13 19:28:13.639528+00:00
2025-10-16 13:00:00+02:00,84.70125,2025-12-13 19:28:13.639528+00:00
2025-10-16 14:00:00+02:00,85.595,2025-12-13 19:28:13.639528+00:00
2025-10-16 15:00:00+02:00,89.8625,2025-12-13 19:28:13.639528+00:00
2025-10-16 16:00:00+02:00,97.9825,2025-12-13 19:28:13.639528+00:00
2025-10-16 17:00:00+02:00,122.7075,2025-12-13 19:28:13.639528+00:00
2025-10-16 18:00:00+02:00,136.8125,2025-12-13 19:28:13.639528+00:00
2025-10-16 19:00:00+02:00,146.3275,2025-12-13 19:28:13.639528+00:00
2025-10-16 20:00:00+02:00,122.6975,2025-12-13 19:28:13.639528+00:00
2025-10-16 21:00:00+02:00,103.11625000000001,2025-12-13 19:28:13.639528+00:00
2025-10-16 22:00:00+02:00,96.92875,2025-12-13 19:28:13.639528+00:00
2025-10-16 23:00:00+02:00,91.0,2025-12-13 19:28:13.639528+00:00
2025-10-17 00:00:00+02:00,91.815,2025-12-13 19:28:13.639528+00:00
2025-10-17 01:00:00+02:00,91.43875,2025-12-13 19:28:13.639528+00:00
2025-10-17 02:00:00+02:00,90.52875,2025-12-13 19:28:13.639528+00:00
2025-10-17 03:00:00+02:00,88.07,2025-12-13 19:28:13.639528+00:00
2025-10-17 04:00:00+02:00,91.29375,2025-12-13 19:28:13.639528+00:00
2025-10-17 05:00:00+02:00,95.05375,2025-12-13 19:28:13.639528+00:00
2025-10-17 06:00:00+02:00,110.76875,2025-12-13 19:28:13.639528+00:00
2025-10-17 07:00:00+02:00,132.09,2025-12-13 19:28:13.639528+00:00
2025-10-17 08:00:00+02:00,144.7675,2025-12-13 19:28:13.639528+00:00
2025-10-17 09:00:00+02:00,129.5475,2025-12-13 19:28:13.639528+00:00
2025-10-17 10:00:00+02:00,116.19,2025-12-13 19:28:13.639528+00:00
2025-10-17 11:00:00+02:00,101.12,2025-12-13 19:28:13.639528+00:00
2025-10-17 12:00:00+02:00,90.87125,2025-12-13 19:28:13.639528+00:00
2025-10-17 13:00:00+02:00,88.35249999999999,2025-12-13 19:28:13.639528+00:00
2025-10-17 14:00:00+02:00,88.415,2025-12-13 19:28:13.639528+00:00
2025-10-17 15:00:00+02:00,91.2325,2025-12-13 19:28:13.639528+00:00
2025-10-17 16:00:00+02:00,98.57124999999999,2025-12-13 19:28:13.639528+00:00
2025-10-17 17:00:00+02:00,121.35875,2025-12-13 19:28:13.639528+00:00
2025-10-17 18:00:00+02:00,134.3525,2025-12-13 19:28:13.639528+00:00
2025-10-17 19:00:00+02:00,136.9625,2025-12-13 19:28:13.639528+00:00
2025-10-17 20:00:00+02:00,120.345,2025-12-13 19:28:13.639528+00:00
2025-10-17 21:00:00+02:00,106.2775,2025-12-13 19:28:13.639528+00:00
2025-10-17 22:00:00+02:00,103.2825,2025-12-13 19:28:13.639528+00:00
2025-10-17 23:00:00+02:00,95.44875,2025-12-13 19:28:13.639528+00:00
2025-10-18 00:00:00+02:00,95.14,2025-12-13 19:28:13.639528+00:00
2025-10-18 01:00:00+02:00,90.69999999999999,2025-12-13 19:28:13.639528+00:00
2025-10-18 02:00:00+02:00,91.17625,2025-12-13 19:28:13.639528+00:00
2025-10-18 03:00:00+02:00,89.4475,2025-12-13 19:28:13.639528+00:00
2025-10-18 04:00:00+02:00,90.14625,2025-12-13 19:28:13.639528+00:00
2025-10-18 05:00:00+02:00,91.67875000000001,2025-12-13 19:28:13.639528+00:00
2025-10-18 06:00:00+02:00,95.3625,2025-12-13 19:28:13.639528+00:00
2025-10-18 07:00:00+02:00,109.66625,2025-12-13 19:28:13.639528+00:00
2025-10-18 08:00:00+02:00,111.97375,2025-12-13 19:28:13.639528+00:00
2025-10-18 09:00:00+02:00,102.14875,2025-12-13 19:28:13.639528+00:00
2025-10-18 10:00:00+02:00,95.0325,2025-12-13 19:28:13.639528+00:00
2025-10-18 11:00:00+02:00,81.57625,2025-12-13 19:28:13.639528+00:00
2025-10-18 12:00:00+02:00,74.82,2025-12-13 19:28:13.639528+00:00
2025-10-18 13:00:00+02:00,69.115,2025-12-13 19:28:13.639528+00:00
2025-10-18 14:00:00+02:00,72.345,2025-12-13 19:28:13.639528+00:00
2025-10-18 15:00:00+02:00,84.5875,2025-12-13 19:28:13.639528+00:00
2025-10-18 16:00:00+02:00,97.43875,2025-12-13 19:28:13.639528+00:00
2025-10-18 17:00:00+02:00,122.87,2025-12-13 19:28:13.639528+00:00
2025-10-18 18:00:00+02:00,139.305,2025-12-13 19:28:13.639528+00:00
2025-10-18 19:00:00+02:00,129.81625,2025-12-13 19:28:13.639528+00:00
2025-10-18 20:00:00+02:00,115.86125,2025-12-13 19:28:13.639528+00:00
2025-10-18 21:00:00+02:00,99.02625,2025-12-13 19:28:13.639528+00:00
2025-10-18 22:00:00+02:00,96.1375,2025-12-13 19:28:13.639528+00:00
2025-10-18 23:00:00+02:00,91.5025,2025-12-13 19:28:13.639528+00:00
2025-10-19 00:00:00+02:00,92.32249999999999,2025-12-13 19:28:13.639528+00:00
2025-10-19 01:00:00+02:00,87.73125,2025-12-13 19:28:13.639528+00:00
2025-10-19 02:00:00+02:00,83.48125,2025-12-13 19:28:13.639528+00:00
2025-10-19 03:00:00+02:00,82.21375,2025-12-13 19:28:13.639528+00:00
2025-10-19 04:00:00+02:00,82.88875,2025-12-13 19:28:13.639528+00:00
2025-10-19 05:00:00+02:00,83.39875,2025-12-13 19:28:13.639528+00:00
2025-10-19 06:00:00+02:00,84.575,2025-12-13 19:28:13.639528+00:00
2025-10-19 07:00:00+02:00,85.08624999999999,2025-12-13 19:28:13.639528+00:00
2025-10-19 08:00:00+02:00,85.37875,2025-12-13 19:28:13.639528+00:00
2025-10-19 09:00:00+02:00,78.825,2025-12-13 19:28:13.639528+00:00
2025-10-19 10:00:00+02:00,73.01875,2025-12-13 19:28:13.639528+00:00
2025-10-19 11:00:00+02:00,63.14875,2025-12-13 19:28:13.639528+00:00
2025-10-19 12:00:00+02:00,42.25,2025-12-13 19:28:13.639528+00:00
2025-10-19 13:00:00+02:00,24.24875,2025-12-13 19:28:13.639528+00:00
2025-10-19 14:00:00+02:00,38.66,2025-12-13 19:28:13.639528+00:00
2025-10-19 15:00:00+02:00,59.50625,2025-12-13 19:28:13.639528+00:00
2025-10-19 16:00:00+02:00,81.69375,2025-12-13 19:28:13.639528+00:00
2025-10-19 17:00:00+02:00,97.74,2025-12-13 19:28:13.639528+00:00
2025-10-19 18:00:00+02:00,103.8025,2025-12-13 19:28:13.639528+00:00
2025-10-19 19:00:00+02:00,89.095,2025-12-13 19:28:13.639528+00:00
2025-10-19 20:00:00+02:00,66.6525,2025-12-13 19:28:13.639528+00:00
2025-10-19 21:00:00+02:00,66.58125,2025-12-13 19:28:13.639528+00:00
2025-10-19 22:00:00+02:00,64.62,2025-12-13 19:28:13.639528+00:00
2025-10-19 23:00:00+02:00,51.33625,2025-12-13 19:28:13.639528+00:00
2025-10-20 00:00:00+02:00,56.48125,2025-12-13 19:28:13.639528+00:00
2025-10-20 01:00:00+02:00,51.05,2025-12-13 19:28:13.639528+00:00
2025-10-20 02:00:00+02:00,48.74,2025-12-13 19:28:13.639528+00:00
2025-10-20 03:00:00+02:00,46.70125,2025-12-13 19:28:13.639528+00:00
2025-10-20 04:00:00+02:00,49.16375,2025-12-13 19:28:13.639528+00:00
2025-10-20 05:00:00+02:00,62.655,2025-12-13 19:28:13.639528+00:00
2025-10-20 06:00:00+02:00,77.79875,2025-12-13 19:28:13.639528+00:00
2025-10-20 07:00:00+02:00,97.64625,2025-12-13 19:28:13.639528+00:00
2025-10-20 08:00:00+02:00,108.55,2025-12-13 19:28:13.639528+00:00
2025-10-20 09:00:00+02:00,94.7175,2025-12-13 19:28:13.639528+00:00
2025-10-20 10:00:00+02:00,81.97625,2025-12-13 19:28:13.639528+00:00
2025-10-20 11:00:00+02:00,84.5675,2025-12-13 19:28:13.639528+00:00
2025-10-20 12:00:00+02:00,78.575,2025-12-13 19:28:13.639528+00:00
2025-10-20 13:00:00+02:00,80.185,2025-12-13 19:28:13.639528+00:00
2025-10-20 14:00:00+02:00,86.04,2025-12-13 19:28:13.639528+00:00
2025-10-20 15:00:00+02:00,98.65,2025-12-13 19:28:13.639528+00:00
2025-10-20 16:00:00+02:00,107.58,2025-12-13 19:28:13.639528+00:00
2025-10-20 17:00:00+02:00,118.24125000000001,2025-12-13 19:28:13.639528+00:00
2025-10-20 18:00:00+02:00,118.31375,2025-12-13 19:28:13.639528+00:00
2025-10-20 19:00:00+02:00,102.95375,2025-12-13 19:28:13.639528+00:00
2025-10-20 20:00:00+02:00,90.82,2025-12-13 19:28:13.639528+00:00
2025-10-20 21:00:00+02:00,75.31375,2025-12-13 19:28:13.639528+00:00
2025-10-20 22:00:00+02:00,62.338750000000005,2025-12-13 19:28:13.639528+00:00
2025-10-20 23:00:00+02:00,44.09875,2025-12-13 19:28:13.639528+00:00
2025-10-21 00:00:00+02:00,53.30125,2025-12-13 19:28:13.639528+00:00
2025-10-21 01:00:00+02:00,35.49625,2025-12-13 19:28:13.639528+00:00
2025-10-21 02:00:00+02:00,29.23375,2025-12-13 19:28:13.639528+00:00
2025-10-21 03:00:00+02:00,20.3325,2025-12-13 19:28:13.639528+00:00
2025-10-21 04:00:00+02:00,26.10125,2025-12-13 19:28:13.639528+00:00
2025-10-21 05:00:00+02:00,39.015,2025-12-13 19:28:13.639528+00:00
2025-10-21 06:00:00+02:00,71.66875,2025-12-13 19:28:13.639528+00:00
2025-10-21 07:00:00+02:00,86.66,2025-12-13 19:28:13.639528+00:00
2025-10-21 08:00:00+02:00,91.46375,2025-12-13 19:28:13.639528+00:00
2025-10-21 09:00:00+02:00,81.805,2025-12-13 19:28:13.639528+00:00
2025-10-21 10:00:00+02:00,71.6775,2025-12-13 19:28:13.639528+00:00
2025-10-21 11:00:00+02:00,60.59125,2025-12-13 19:28:13.639528+00:00
2025-10-21 12:00:00+02:00,45.0025,2025-12-13 19:28:13.639528+00:00
2025-10-21 13:00:00+02:00,31.71,2025-12-13 19:28:13.639528+00:00
2025-10-21 14:00:00+02:00,34.985,2025-12-13 19:28:13.639528+00:00
2025-10-21 15:00:00+02:00,60.01875,2025-12-13 19:28:13.639528+00:00
2025-10-21 16:00:00+02:00,70.60875,2025-12-13 19:28:13.639528+00:00
2025-10-21 17:00:00+02:00,102.27250000000001,2025-12-13 19:28:13.639528+00:00
2025-10-21 18:00:00+02:00,122.505,2025-12-13 19:28:13.639528+00:00
2025-10-21 19:00:00+02:00,115.0925,2025-12-13 19:28:13.639528+00:00
2025-10-21 20:00:00+02:00,100.06625,2025-12-13 19:28:13.639528+00:00
2025-10-21 21:00:00+02:00,84.51125,2025-12-13 19:28:13.639528+00:00
2025-10-21 22:00:00+02:00,81.02250000000001,2025-12-13 19:28:13.639528+00:00
2025-10-21 23:00:00+02:00,72.57125,2025-12-13 19:28:13.639528+00:00
2025-10-22 00:00:00+02:00,80.18,2025-12-13 19:28:13.639528+00:00
2025-10-22 01:00:00+02:00,79.51625,2025-12-13 19:28:13.639528+00:00
2025-10-22 02:00:00+02:00,77.715,2025-12-13 19:28:13.639528+00:00
2025-10-22 03:00:00+02:00,80.86125,2025-12-13 19:28:13.639528+00:00
2025-10-22 04:00:00+02:00,83.54375,2025-12-13 19:28:13.639528+00:00
2025-10-22 05:00:00+02:00,87.15,2025-12-13 19:28:13.639528+00:00
2025-10-22 06:00:00+02:00,96.87125,2025-12-13 19:28:13.639528+00:00
2025-10-22 07:00:00+02:00,108.24,2025-12-13 19:28:13.639528+00:00
2025-10-22 08:00:00+02:00,121.35,2025-12-13 19:28:13.639528+00:00
2025-10-22 09:00:00+02:00,125.3075,2025-12-13 19:28:13.639528+00:00
2025-10-22 10:00:00+02:00,111.0625,2025-12-13 19:28:13.639528+00:00
2025-10-22 11:00:00+02:00,99.50874999999999,2025-12-13 19:28:13.639528+00:00
2025-10-22 12:00:00+02:00,97.35,2025-12-13 19:28:13.639528+00:00
2025-10-22 13:00:00+02:00,96.10625,2025-12-13 19:28:13.639528+00:00
2025-10-22 14:00:00+02:00,100.52875,2025-12-13 19:28:13.639528+00:00
2025-10-22 15:00:00+02:00,112.82875,2025-12-13 19:28:13.639528+00:00
2025-10-22 16:00:00+02:00,128.54500000000002,2025-12-13 19:28:13.639528+00:00
2025-10-22 17:00:00+02:00,183.785,2025-12-13 19:28:13.639528+00:00
2025-10-22 18:00:00+02:00,294.79999999999995,2025-12-13 19:28:13.639528+00:00
2025-10-22 19:00:00+02:00,273.01875,2025-12-13 19:28:13.639528+00:00
2025-10-22 20:00:00+02:00,177.79,2025-12-13 19:28:13.639528+00:00
2025-10-22 21:00:00+02:00,133.3225,2025-12-13 19:28:13.639528+00:00
2025-10-22 22:00:00+02:00,119.42375,2025-12-13 19:28:13.639528+00:00
2025-10-22 23:00:00+02:00,106.63374999999999,2025-12-13 19:28:13.639528+00:00
2025-10-23 00:00:00+02:00,104.18625,2025-12-13 19:28:13.639528+00:00
2025-10-23 01:00:00+02:00,98.2025,2025-12-13 19:28:13.639528+00:00
2025-10-23 02:00:00+02:00,92.78375,2025-12-13 19:28:13.639528+00:00
2025-10-23 03:00:00+02:00,83.4125,2025-12-13 19:28:13.639528+00:00
2025-10-23 04:00:00+02:00,72.55375000000001,2025-12-13 19:28:13.639528+00:00
2025-10-23 05:00:00+02:00,67.67,2025-12-13 19:28:13.639528+00:00
2025-10-23 06:00:00+02:00,77.24875,2025-12-13 19:28:13.639528+00:00
2025-10-23 07:00:00+02:00,83.74,2025-12-13 19:28:13.639528+00:00
2025-10-23 08:00:00+02:00,89.0475,2025-12-13 19:28:13.639528+00:00
2025-10-23 09:00:00+02:00,83.0675,2025-12-13 19:28:13.639528+00:00
2025-10-23 10:00:00+02:00,79.95625,2025-12-13 19:28:13.639528+00:00
2025-10-23 11:00:00+02:00,73.22625,2025-12-13 19:28:13.639528+00:00
2025-10-23 12:00:00+02:00,69.5775,2025-12-13 19:28:13.639528+00:00
2025-10-23 13:00:00+02:00,63.0175,2025-12-13 19:28:13.639528+00:00
2025-10-23 14:00:00+02:00,61.28125,2025-12-13 19:28:13.639528+00:00
2025-10-23 15:00:00+02:00,74.6575,2025-12-13 19:28:13.639528+00:00
2025-10-23 16:00:00+02:00,82.03125,2025-12-13 19:28:13.639528+00:00
2025-10-23 17:00:00+02:00,94.6175,2025-12-13 19:28:13.639528+00:00
2025-10-23 18:00:00+02:00,105.5425,2025-12-13 19:28:13.639528+00:00
2025-10-23 19:00:00+02:00,94.155,2025-12-13 19:28:13.639528+00:00
2025-10-23 20:00:00+02:00,84.15625,2025-12-13 19:28:13.639528+00:00
2025-10-23 21:00:00+02:00,75.6325,2025-12-13 19:28:13.639528+00:00
2025-10-23 22:00:00+02:00,67.0825,2025-12-13 19:28:13.639528+00:00
2025-10-23 23:00:00+02:00,48.1575,2025-12-13 19:28:13.639528+00:00
2025-10-24 00:00:00+02:00,16.2225,2025-12-13 19:28:13.639528+00:00
2025-10-24 01:00:00+02:00,10.315,2025-12-13 19:28:13.639528+00:00
2025-10-24 02:00:00+02:00,5.97,2025-12-13 19:28:13.639528+00:00
2025-10-24 03:00:00+02:00,3.22,2025-12-13 19:28:13.639528+00:00
2025-10-24 04:00:00+02:00,3.89125,2025-12-13 19:28:13.639528+00:00
2025-10-24 05:00:00+02:00,10.86375,2025-12-13 19:28:13.639528+00:00
2025-10-24 06:00:00+02:00,31.35875,2025-12-13 19:28:13.639528+00:00
2025-10-24 07:00:00+02:00,65.7925,2025-12-13 19:28:13.639528+00:00
2025-10-24 08:00:00+02:00,80.83500000000001,2025-12-13 19:28:13.639528+00:00
2025-10-24 09:00:00+02:00,74.4225,2025-12-13 19:28:13.639528+00:00
2025-10-24 10:00:00+02:00,51.261250000000004,2025-12-13 19:28:13.639528+00:00
2025-10-24 11:00:00+02:00,25.6225,2025-12-13 19:28:13.639528+00:00
2025-10-24 12:00:00+02:00,3.93625,2025-12-13 19:28:13.639528+00:00
2025-10-24 13:00:00+02:00,1.3050000000000002,2025-12-13 19:28:13.639528+00:00
2025-10-24 14:00:00+02:00,0.8700000000000001,2025-12-13 19:28:13.639528+00:00
2025-10-24 15:00:00+02:00,2.1637500000000003,2025-12-13 19:28:13.639528+00:00
2025-10-24 16:00:00+02:00,23.525000000000002,2025-12-13 19:28:13.639528+00:00
2025-10-24 17:00:00+02:00,57.14875,2025-12-13 19:28:13.639528+00:00
2025-10-24 18:00:00+02:00,72.75375,2025-12-13 19:28:13.639528+00:00
2025-10-24 19:00:00+02:00,64.4925,2025-12-13 19:28:13.639528+00:00
2025-10-24 20:00:00+02:00,52.6875,2025-12-13 19:28:13.639528+00:00
2025-10-24 21:00:00+02:00,33.575,2025-12-13 19:28:13.639528+00:00
2025-10-24 22:00:00+02:00,22.9875,2025-12-13 19:28:13.639528+00:00
2025-10-24 23:00:00+02:00,8.6525,2025-12-13 19:28:13.639528+00:00
2025-10-25 00:00:00+02:00,2.9625,2025-12-13 19:28:13.639528+00:00
2025-10-25 01:00:00+02:00,1.3599999999999999,2025-12-13 19:28:13.639528+00:00
2025-10-25 02:00:00+02:00,1.5574999999999999,2025-12-13 19:28:13.639528+00:00
2025-10-25 03:00:00+02:00,0.34625,2025-12-13 19:28:13.639528+00:00
2025-10-25 04:00:00+02:00,0.75,2025-12-13 19:28:13.639528+00:00
2025-10-25 05:00:00+02:00,0.28374999999999995,2025-12-13 19:28:13.639528+00:00
2025-10-25 06:00:00+02:00,0.6100000000000001,2025-12-13 19:28:13.639528+00:00
2025-10-25 07:00:00+02:00,-0.005000000000000391,2025-12-13 19:28:13.639528+00:00
2025-10-25 08:00:00+02:00,6.989999999999999,2025-12-13 19:28:13.639528+00:00
2025-10-25 09:00:00+02:00,12.955,2025-12-13 19:28:13.639528+00:00
2025-10-25 10:00:00+02:00,7.907500000000001,2025-12-13 19:28:13.639528+00:00
2025-10-25 11:00:00+02:00,7.461250000000001,2025-12-13 19:28:13.639528+00:00
2025-10-25 12:00:00+02:00,4.5287500000000005,2025-12-13 19:28:13.639528+00:00
2025-10-25 13:00:00+02:00,3.435,2025-12-13 19:28:13.639528+00:00
2025-10-25 14:00:00+02:00,3.215,2025-12-13 19:28:13.639528+00:00
2025-10-25 15:00:00+02:00,4.4375,2025-12-13 19:28:13.639528+00:00
2025-10-25 16:00:00+02:00,10.19,2025-12-13 19:28:13.639528+00:00
2025-10-25 17:00:00+02:00,35.81625,2025-12-13 19:28:13.639528+00:00
2025-10-25 18:00:00+02:00,58.675,2025-12-13 19:28:13.639528+00:00
2025-10-25 19:00:00+02:00,60.769999999999996,2025-12-13 19:28:13.639528+00:00
2025-10-25 20:00:00+02:00,40.525,2025-12-13 19:28:13.639528+00:00
2025-10-25 21:00:00+02:00,26.22875,2025-12-13 19:28:13.639528+00:00
2025-10-25 22:00:00+02:00,24.40375,2025-12-13 19:28:13.639528+00:00
2025-10-25 23:00:00+02:00,11.265,2025-12-13 19:28:13.639528+00:00
2025-10-26 00:00:00+02:00,11.2875,2025-12-13 19:28:13.639528+00:00
2025-10-26 01:00:00+02:00,5.12375,2025-12-13 19:28:13.639528+00:00
2025-10-26 02:00:00+02:00,,2025-12-13 19:28:13.639528+00:00
2025-10-26 02:00:00+01:00,,2025-12-13 19:28:13.639528+00:00
2025-10-26 03:00:00+01:00,0.27125,2025-12-13 19:28:13.639528+00:00
2025-10-26 04:00:00+01:00,-0.82375,2025-12-13 19:28:13.639528+00:00
2025-10-26 05:00:00+01:00,-3.06375,2025-12-13 19:28:13.639528+00:00
2025-10-26 06:00:00+01:00,-3.49625,2025-12-13 19:28:13.639528+00:00
2025-10-26 07:00:00+01:00,0.35125000000000006,2025-12-13 19:28:13.639528+00:00
2025-10-26 08:00:00+01:00,1.47,2025-12-13 19:28:13.639528+00:00
2025-10-26 09:00:00+01:00,-0.9562499999999999,2025-12-13 19:28:13.639528+00:00
2025-10-26 10:00:00+01:00,-0.40125,2025-12-13 19:28:13.639528+00:00
2025-10-26 11:00:00+01:00,-0.47750000000000004,2025-12-13 19:28:13.639528+00:00
2025-10-26 12:00:00+01:00,-1.6262499999999998,2025-12-13 19:28:13.639528+00:00
2025-10-26 13:00:00+01:00,-0.8225,2025-12-13 19:28:13.639528+00:00
2025-10-26 14:00:00+01:00,1.44625,2025-12-13 19:28:13.639528+00:00
2025-10-26 15:00:00+01:00,6.795,2025-12-13 19:28:13.639528+00:00
2025-10-26 16:00:00+01:00,8.99375,2025-12-13 19:28:13.639528+00:00
2025-10-26 17:00:00+01:00,27.201249999999998,2025-12-13 19:28:13.639528+00:00
2025-10-26 18:00:00+01:00,40.75375,2025-12-13 19:28:13.639528+00:00
2025-10-26 19:00:00+01:00,39.11,2025-12-13 19:28:13.639528+00:00
2025-10-26 20:00:00+01:00,17.32,2025-12-13 19:28:13.639528+00:00
2025-10-26 21:00:00+01:00,8.9875,2025-12-13 19:28:13.639528+00:00
2025-10-26 22:00:00+01:00,13.74125,2025-12-13 19:28:13.639528+00:00
2025-10-26 23:00:00+01:00,7.20875,2025-12-13 19:28:13.639528+00:00
2025-10-27 00:00:00+01:00,4.05125,2025-12-13 19:28:13.639528+00:00
2025-10-27 01:00:00+01:00,1.86375,2025-12-13 19:28:13.639528+00:00
2025-10-27 02:00:00+01:00,1.22875,2025-12-13 19:28:13.639528+00:00
2025-10-27 03:00:00+01:00,0.60375,2025-12-13 19:28:13.639528+00:00
2025-10-27 04:00:00+01:00,3.85375,2025-12-13 19:28:13.639528+00:00
2025-10-27 05:00:00+01:00,16.39,2025-12-13 19:28:13.639528+00:00
2025-10-27 06:00:00+01:00,64.25625,2025-12-13 19:28:13.639528+00:00
2025-10-27 07:00:00+01:00,87.15125,2025-12-13 19:28:13.639528+00:00
2025-10-27 08:00:00+01:00,95.135,2025-12-13 19:28:13.639528+00:00
2025-10-27 09:00:00+01:00,96.72875,2025-12-13 19:28:13.639528+00:00
2025-10-27 10:00:00+01:00,88.88374999999999,2025-12-13 19:28:13.639528+00:00
2025-10-27 11:00:00+01:00,90.465,2025-12-13 19:28:13.639528+00:00
2025-10-27 12:00:00+01:00,84.5475,2025-12-13 19:28:13.639528+00:00
2025-10-27 13:00:00+01:00,83.66125,2025-12-13 19:28:13.639528+00:00
2025-10-27 14:00:00+01:00,81.92375,2025-12-13 19:28:13.639528+00:00
2025-10-27 15:00:00+01:00,84.13125,2025-12-13 19:28:13.639528+00:00
2025-10-27 16:00:00+01:00,95.1225,2025-12-13 19:28:13.639528+00:00
2025-10-27 17:00:00+01:00,105.72375,2025-12-13 19:28:13.639528+00:00
2025-10-27 18:00:00+01:00,120.30625,2025-12-13 19:28:13.639528+00:00
2025-10-27 19:00:00+01:00,111.00125,2025-12-13 19:28:13.639528+00:00
2025-10-27 20:00:00+01:00,90.41875,2025-12-13 19:28:13.639528+00:00
2025-10-27 21:00:00+01:00,74.1825,2025-12-13 19:28:13.639528+00:00
2025-10-27 22:00:00+01:00,67.61625,2025-12-13 19:28:13.639528+00:00
2025-10-27 23:00:00+01:00,56.0625,2025-12-13 19:28:13.639528+00:00
2025-10-28 00:00:00+01:00,39.26,2025-12-13 19:28:13.639528+00:00
2025-10-28 01:00:00+01:00,25.895,2025-12-13 19:28:13.639528+00:00
2025-10-28 02:00:00+01:00,17.1825,2025-12-13 19:28:13.639528+00:00
2025-10-28 03:00:00+01:00,10.9325,2025-12-13 19:28:13.639528+00:00
2025-10-28 04:00:00+01:00,11.2775,2025-12-13 19:28:13.639528+00:00
2025-10-28 05:00:00+01:00,25.98875,2025-12-13 19:28:13.639528+00:00
2025-10-28 06:00:00+01:00,60.31375,2025-12-13 19:28:13.639528+00:00
2025-10-28 07:00:00+01:00,83.03625,2025-12-13 19:28:13.639528+00:00
2025-10-28 08:00:00+01:00,89.09625,2025-12-13 19:28:13.639528+00:00
2025-10-28 09:00:00+01:00,86.14750000000001,2025-12-13 19:28:13.639528+00:00
2025-10-28 10:00:00+01:00,80.9,2025-12-13 19:28:13.639528+00:00
2025-10-28 11:00:00+01:00,74.25625,2025-12-13 19:28:13.639528+00:00
2025-10-28 12:00:00+01:00,66.37625,2025-12-13 19:28:13.639528+00:00
2025-10-28 13:00:00+01:00,61.17375,2025-12-13 19:28:13.639528+00:00
2025-10-28 14:00:00+01:00,64.28125,2025-12-13 19:28:13.639528+00:00
2025-10-28 15:00:00+01:00,72.015,2025-12-13 19:28:13.639528+00:00
2025-10-28 16:00:00+01:00,82.91,2025-12-13 19:28:13.639528+00:00
2025-10-28 17:00:00+01:00,94.9175,2025-12-13 19:28:13.639528+00:00
2025-10-28 18:00:00+01:00,107.11625,2025-12-13 19:28:13.639528+00:00
2025-10-28 19:00:00+01:00,104.3375,2025-12-13 19:28:13.639528+00:00
2025-10-28 20:00:00+01:00,93.18125,2025-12-13 19:28:13.639528+00:00
2025-10-28 21:00:00+01:00,82.00375,2025-12-13 19:28:13.639528+00:00
2025-10-28 22:00:00+01:00,77.555,2025-12-13 19:28:13.639528+00:00
2025-10-28 23:00:00+01:00,68.8425,2025-12-13 19:28:13.639528+00:00
2025-10-29 00:00:00+01:00,57.11875,2025-12-13 19:28:13.639528+00:00
2025-10-29 01:00:00+01:00,52.1425,2025-12-13 19:28:13.639528+00:00
2025-10-29 02:00:00+01:00,51.615,2025-12-13 19:28:13.639528+00:00
2025-10-29 03:00:00+01:00,52.44,2025-12-13 19:28:13.639528+00:00
2025-10-29 04:00:00+01:00,54.96375,2025-12-13 19:28:13.639528+00:00
2025-10-29 05:00:00+01:00,69.30875,2025-12-13 19:28:13.639528+00:00
2025-10-29 06:00:00+01:00,92.45,2025-12-13 19:28:13.639528+00:00
2025-10-29 07:00:00+01:00,107.85249999999999,2025-12-13 19:28:13.639528+00:00
2025-10-29 08:00:00+01:00,103.28125,2025-12-13 19:28:13.639528+00:00
2025-10-29 09:00:00+01:00,90.51,2025-12-13 19:28:13.639528+00:00
2025-10-29 10:00:00+01:00,78.97749999999999,2025-12-13 19:28:13.639528+00:00
2025-10-29 11:00:00+01:00,75.60625,2025-12-13 19:28:13.639528+00:00
2025-10-29 12:00:00+01:00,74.8575,2025-12-13 19:28:13.639528+00:00
2025-10-29 13:00:00+01:00,80.5575,2025-12-13 19:28:13.639528+00:00
2025-10-29 14:00:00+01:00,91.9125,2025-12-13 19:28:13.639528+00:00
2025-10-29 15:00:00+01:00,115.66625,2025-12-13 19:28:13.639528+00:00
2025-10-29 16:00:00+01:00,125.71625,2025-12-13 19:28:13.639528+00:00
2025-10-29 17:00:00+01:00,129.6175,2025-12-13 19:28:13.639528+00:00
2025-10-29 18:00:00+01:00,129.37125,2025-12-13 19:28:13.639528+00:00
2025-10-29 19:00:00+01:00,116.3225,2025-12-13 19:28:13.639528+00:00
2025-10-29 20:00:00+01:00,102.97,2025-12-13 19:28:13.639528+00:00
2025-10-29 21:00:00+01:00,97.13624999999999,2025-12-13 19:28:13.639528+00:00
2025-10-29 22:00:00+01:00,93.905,2025-12-13 19:28:13.639528+00:00
2025-10-29 23:00:00+01:00,85.91125,2025-12-13 19:28:13.639528+00:00
2025-10-30 00:00:00+01:00,73.59,2025-12-13 19:28:13.639528+00:00
2025-10-30 01:00:00+01:00,69.2525,2025-12-13 19:28:13.639528+00:00
2025-10-30 02:00:00+01:00,64.01875,2025-12-13 19:28:13.639528+00:00
2025-10-30 03:00:00+01:00,58.20875,2025-12-13 19:28:13.639528+00:00
2025-10-30 04:00:00+01:00,52.405,2025-12-13 19:28:13.639528+00:00
2025-10-30 05:00:00+01:00,57.40125,2025-12-13 19:28:13.639528+00:00
2025-10-30 06:00:00+01:00,72.78999999999999,2025-12-13 19:28:13.639528+00:00
2025-10-30 07:00:00+01:00,89.29375,2025-12-13 19:28:13.639528+00:00
2025-10-30 08:00:00+01:00,91.30375000000001,2025-12-13 19:28:13.639528+00:00
2025-10-30 09:00:00+01:00,70.0175,2025-12-13 19:28:13.639528+00:00
2025-10-30 10:00:00+01:00,43.0525,2025-12-13 19:28:13.639528+00:00
2025-10-30 11:00:00+01:00,11.848749999999999,2025-12-13 19:28:13.639528+00:00
2025-10-30 12:00:00+01:00,5.0962499999999995,2025-12-13 19:28:13.639528+00:00
2025-10-30 13:00:00+01:00,7.08875,2025-12-13 19:28:13.639528+00:00
2025-10-30 14:00:00+01:00,40.62375,2025-12-13 19:28:13.639528+00:00
2025-10-30 15:00:00+01:00,78.49875,2025-12-13 19:28:13.639528+00:00
2025-10-30 16:00:00+01:00,99.7875,2025-12-13 19:28:13.639528+00:00
2025-10-30 17:00:00+01:00,125.69875,2025-12-13 19:28:13.639528+00:00
2025-10-30 18:00:00+01:00,126.73375,2025-12-13 19:28:13.639528+00:00
2025-10-30 19:00:00+01:00,120.81625,2025-12-13 19:28:13.639528+00:00
2025-10-30 20:00:00+01:00,110.35625,2025-12-13 19:28:13.639528+00:00
2025-10-30 21:00:00+01:00,101.99625,2025-12-13 19:28:13.639528+00:00
2025-10-30 22:00:00+01:00,98.78375,2025-12-13 19:28:13.639528+00:00
2025-10-30 23:00:00+01:00,87.91625,2025-12-13 19:28:13.639528+00:00
2025-10-31 00:00:00+01:00,87.97125,2025-12-13 19:28:13.639528+00:00
2025-10-31 01:00:00+01:00,82.77875,2025-12-13 19:28:13.639528+00:00
2025-10-31 02:00:00+01:00,79.5275,2025-12-13 19:28:13.639528+00:00
2025-10-31 03:00:00+01:00,78.8375,2025-12-13 19:28:13.639528+00:00
2025-10-31 04:00:00+01:00,80.53125,2025-12-13 19:28:13.639528+00:00
2025-10-31 05:00:00+01:00,88.76125,2025-12-13 19:28:13.639528+00:00
2025-10-31 06:00:00+01:00,110.2925,2025-12-13 19:28:13.639528+00:00
2025-10-31 07:00:00+01:00,116.92125,2025-12-13 19:28:13.639528+00:00
2025-10-31 08:00:00+01:00,105.4925,2025-12-13 19:28:13.639528+00:00
2025-10-31 09:00:00+01:00,86.305,2025-12-13 19:28:13.639528+00:00
2025-10-31 10:00:00+01:00,76.405,2025-12-13 19:28:13.639528+00:00
2025-10-31 11:00:00+01:00,75.97375,2025-12-13 19:28:13.639528+00:00
2025-10-31 12:00:00+01:00,77.66375,2025-12-13 19:28:13.639528+00:00
2025-10-31 13:00:00+01:00,82.825,2025-12-13 19:28:13.639528+00:00
2025-10-31 14:00:00+01:00,97.0775,2025-12-13 19:28:13.639528+00:00
2025-10-31 15:00:00+01:00,114.4075,2025-12-13 19:28:13.639528+00:00
2025-10-31 16:00:00+01:00,123.72874999999999,2025-12-13 19:28:13.639528+00:00
2025-10-31 17:00:00+01:00,121.71000000000001,2025-12-13 19:28:13.639528+00:00
2025-10-31 18:00:00+01:00,111.64625000000001,2025-12-13 19:28:13.639528+00:00
2025-10-31 19:00:00+01:00,94.54875,2025-12-13 19:28:13.639528+00:00
2025-10-31 20:00:00+01:00,91.0225,2025-12-13 19:28:13.639528+00:00
2025-10-31 21:00:00+01:00,86.73375,2025-12-13 19:28:13.639528+00:00
2025-10-31 22:00:00+01:00,80.4225,2025-12-13 19:28:13.639528+00:00
2025-10-31 23:00:00+01:00,71.81875,2025-12-13 19:28:13.639528+00:00
2025-11-01 00:00:00+01:00,59.85375,2025-12-13 19:28:13.639528+00:00
2025-11-01 01:00:00+01:00,47.33375,2025-12-13 19:28:13.639528+00:00
2025-11-01 02:00:00+01:00,37.76875,2025-12-13 19:28:13.639528+00:00
2025-11-01 03:00:00+01:00,40.435,2025-12-13 19:28:13.639528+00:00
2025-11-01 04:00:00+01:00,34.0025,2025-12-13 19:28:13.639528+00:00
2025-11-01 05:00:00+01:00,32.7625,2025-12-13 19:28:13.639528+00:00
2025-11-01 06:00:00+01:00,31.643749999999997,2025-12-13 19:28:13.639528+00:00
2025-11-01 07:00:00+01:00,35.12625,2025-12-13 19:28:13.639528+00:00
2025-11-01 08:00:00+01:00,37.214999999999996,2025-12-13 19:28:13.639528+00:00
2025-11-01 09:00:00+01:00,28.0825,2025-12-13 19:28:13.639528+00:00
2025-11-01 10:00:00+01:00,18.55625,2025-12-13 19:28:13.639528+00:00
2025-11-01 11:00:00+01:00,19.5225,2025-12-13 19:28:13.639528+00:00
2025-11-01 12:00:00+01:00,25.52125,2025-12-13 19:28:13.639528+00:00
2025-11-01 13:00:00+01:00,36.6,2025-12-13 19:28:13.639528+00:00
2025-11-01 14:00:00+01:00,51.0,2025-12-13 19:28:13.639528+00:00
2025-11-01 15:00:00+01:00,60.785,2025-12-13 19:28:13.639528+00:00
2025-11-01 16:00:00+01:00,74.3125,2025-12-13 19:28:13.639528+00:00
2025-11-01 17:00:00+01:00,86.19375,2025-12-13 19:28:13.639528+00:00
2025-11-01 18:00:00+01:00,89.99125000000001,2025-12-13 19:28:13.639528+00:00
2025-11-01 19:00:00+01:00,85.95,2025-12-13 19:28:13.639528+00:00
2025-11-01 20:00:00+01:00,83.22875,2025-12-13 19:28:13.639528+00:00
2025-11-01 21:00:00+01:00,79.89125,2025-12-13 19:28:13.639528+00:00
2025-11-01 22:00:00+01:00,78.86625,2025-12-13 19:28:13.639528+00:00
2025-11-01 23:00:00+01:00,73.00375,2025-12-13 19:28:13.639528+00:00
2025-11-02 00:00:00+01:00,65.9425,2025-12-13 19:28:13.639528+00:00
2025-11-02 01:00:00+01:00,62.26375,2025-12-13 19:28:13.639528+00:00
2025-11-02 02:00:00+01:00,62.12875,2025-12-13 19:28:13.639528+00:00
2025-11-02 03:00:00+01:00,63.09,2025-12-13 19:28:13.639528+00:00
2025-11-02 04:00:00+01:00,65.97625000000001,2025-12-13 19:28:13.639528+00:00
2025-11-02 05:00:00+01:00,68.41375000000001,2025-12-13 19:28:13.639528+00:00
2025-11-02 06:00:00+01:00,73.27375,2025-12-13 19:28:13.639528+00:00
2025-11-02 07:00:00+01:00,77.24375,2025-12-13 19:28:13.639528+00:00
2025-11-02 08:00:00+01:00,79.125,2025-12-13 19:28:13.639528+00:00
2025-11-02 09:00:00+01:00,81.17875,2025-12-13 19:28:13.639528+00:00
2025-11-02 10:00:00+01:00,78.89125,2025-12-13 19:28:13.639528+00:00
2025-11-02 11:00:00+01:00,78.53125,2025-12-13 19:28:13.639528+00:00
2025-11-02 12:00:00+01:00,77.92,2025-12-13 19:28:13.639528+00:00
2025-11-02 13:00:00+01:00,83.21,2025-12-13 19:28:13.639528+00:00
2025-11-02 14:00:00+01:00,90.155,2025-12-13 19:28:13.639528+00:00
2025-11-02 15:00:00+01:00,104.94,2025-12-13 19:28:13.639528+00:00
2025-11-02 16:00:00+01:00,113.14375,2025-12-13 19:28:13.639528+00:00
2025-11-02 17:00:00+01:00,125.79875,2025-12-13 19:28:13.639528+00:00
2025-11-02 18:00:00+01:00,124.51875,2025-12-13 19:28:13.639528+00:00
2025-11-02 19:00:00+01:00,111.2925,2025-12-13 19:28:13.639528+00:00
2025-11-02 20:00:00+01:00,99.63125,2025-12-13 19:28:13.639528+00:00
2025-11-02 21:00:00+01:00,95.31875,2025-12-13 19:28:13.639528+00:00
2025-11-02 22:00:00+01:00,91.28,2025-12-13 19:28:13.639528+00:00
2025-11-02 23:00:00+01:00,84.24625,2025-12-13 19:28:13.639528+00:00
2025-11-03 00:00:00+01:00,76.40625,2025-12-13 19:28:13.639528+00:00
2025-11-03 01:00:00+01:00,74.9625,2025-12-13 19:28:13.639528+00:00
2025-11-03 02:00:00+01:00,71.265,2025-12-13 19:28:13.639528+00:00
2025-11-03 03:00:00+01:00,70.38375,2025-12-13 19:28:13.639528+00:00
2025-11-03 04:00:00+01:00,72.23125,2025-12-13 19:28:13.639528+00:00
2025-11-03 05:00:00+01:00,76.00874999999999,2025-12-13 19:28:13.639528+00:00
2025-11-03 06:00:00+01:00,92.61625000000001,2025-12-13 19:28:13.639528+00:00
2025-11-03 07:00:00+01:00,115.62625,2025-12-13 19:28:13.639528+00:00
2025-11-03 08:00:00+01:00,103.035,2025-12-13 19:28:13.639528+00:00
2025-11-03 09:00:00+01:00,89.03,2025-12-13 19:28:13.639528+00:00
2025-11-03 10:00:00+01:00,77.85625,2025-12-13 19:28:13.639528+00:00
2025-11-03 11:00:00+01:00,74.1975,2025-12-13 19:28:13.639528+00:00
2025-11-03 12:00:00+01:00,71.495,2025-12-13 19:28:13.639528+00:00
2025-11-03 13:00:00+01:00,72.0525,2025-12-13 19:28:13.639528+00:00
2025-11-03 14:00:00+01:00,75.57875,2025-12-13 19:28:13.639528+00:00
2025-11-03 15:00:00+01:00,83.00375,2025-12-13 19:28:13.639528+00:00
2025-11-03 16:00:00+01:00,95.27,2025-12-13 19:28:13.639528+00:00
2025-11-03 17:00:00+01:00,96.57124999999999,2025-12-13 19:28:13.639528+00:00
2025-11-03 18:00:00+01:00,95.34375,2025-12-13 19:28:13.639528+00:00
2025-11-03 19:00:00+01:00,85.7875,2025-12-13 19:28:13.639528+00:00
2025-11-03 20:00:00+01:00,78.98125,2025-12-13 19:28:13.639528+00:00
2025-11-03 21:00:00+01:00,67.15375,2025-12-13 19:28:13.639528+00:00
2025-11-03 22:00:00+01:00,59.39125,2025-12-13 19:28:13.639528+00:00
2025-11-03 23:00:00+01:00,42.14,2025-12-13 19:28:13.639528+00:00
2025-11-04 00:00:00+01:00,28.365000000000002,2025-12-13 19:28:13.639528+00:00
2025-11-04 01:00:00+01:00,21.855,2025-12-13 19:28:13.639528+00:00
2025-11-04 02:00:00+01:00,18.7975,2025-12-13 19:28:13.639528+00:00
2025-11-04 03:00:00+01:00,20.252499999999998,2025-12-13 19:28:13.639528+00:00
2025-11-04 04:00:00+01:00,38.065,2025-12-13 19:28:13.639528+00:00
2025-11-04 05:00:00+01:00,62.25875,2025-12-13 19:28:13.639528+00:00
2025-11-04 06:00:00+01:00,89.9175,2025-12-13 19:28:13.639528+00:00
2025-11-04 07:00:00+01:00,116.86,2025-12-13 19:28:13.639528+00:00
2025-11-04 08:00:00+01:00,107.65625,2025-12-13 19:28:13.639528+00:00
2025-11-04 09:00:00+01:00,81.16,2025-12-13 19:28:13.639528+00:00
2025-11-04 10:00:00+01:00,65.92,2025-12-13 19:28:13.639528+00:00
2025-11-04 11:00:00+01:00,60.587500000000006,2025-12-13 19:28:13.639528+00:00
2025-11-04 12:00:00+01:00,58.95,2025-12-13 19:28:13.639528+00:00
2025-11-04 13:00:00+01:00,67.24374999999999,2025-12-13 19:28:13.639528+00:00
2025-11-04 14:00:00+01:00,78.70625,2025-12-13 19:28:13.639528+00:00
2025-11-04 15:00:00+01:00,110.02,2025-12-13 19:28:13.639528+00:00
2025-11-04 16:00:00+01:00,126.20125,2025-12-13 19:28:13.639528+00:00
2025-11-04 17:00:00+01:00,129.185,2025-12-13 19:28:13.639528+00:00
2025-11-04 18:00:00+01:00,123.305,2025-12-13 19:28:13.639528+00:00
2025-11-04 19:00:00+01:00,105.995,2025-12-13 19:28:13.639528+00:00
2025-11-04 20:00:00+01:00,97.595,2025-12-13 19:28:13.639528+00:00
2025-11-04 21:00:00+01:00,89.5725,2025-12-13 19:28:13.639528+00:00
2025-11-04 22:00:00+01:00,83.04375,2025-12-13 19:28:13.639528+00:00
2025-11-04 23:00:00+01:00,73.1575,2025-12-13 19:28:13.639528+00:00
2025-11-05 00:00:00+01:00,74.515,2025-12-13 19:28:13.639528+00:00
2025-11-05 01:00:00+01:00,71.80625,2025-12-13 19:28:13.639528+00:00
2025-11-05 02:00:00+01:00,71.6775,2025-12-13 19:28:13.639528+00:00
2025-11-05 03:00:00+01:00,71.79125,2025-12-13 19:28:13.639528+00:00
2025-11-05 04:00:00+01:00,75.93875,2025-12-13 19:28:13.639528+00:00
2025-11-05 05:00:00+01:00,83.09,2025-12-13 19:28:13.639528+00:00
2025-11-05 06:00:00+01:00,95.4225,2025-12-13 19:28:13.639528+00:00
2025-11-05 07:00:00+01:00,117.3475,2025-12-13 19:28:13.639528+00:00
2025-11-05 08:00:00+01:00,107.23125,2025-12-13 19:28:13.639528+00:00
2025-11-05 09:00:00+01:00,81.23375,2025-12-13 19:28:13.639528+00:00
2025-11-05 10:00:00+01:00,68.41624999999999,2025-12-13 19:28:13.639528+00:00
2025-11-05 11:00:00+01:00,64.38125,2025-12-13 19:28:13.639528+00:00
2025-11-05 12:00:00+01:00,63.82125,2025-12-13 19:28:13.639528+00:00
2025-11-05 13:00:00+01:00,77.35125,2025-12-13 19:28:13.639528+00:00
2025-11-05 14:00:00+01:00,93.39625,2025-12-13 19:28:13.639528+00:00
2025-11-05 15:00:00+01:00,112.15,2025-12-13 19:28:13.639528+00:00
2025-11-05 16:00:00+01:00,142.44625,2025-12-13 19:28:13.639528+00:00
2025-11-05 17:00:00+01:00,152.11625,2025-12-13 19:28:13.639528+00:00
2025-11-05 18:00:00+01:00,136.58125,2025-12-13 19:28:13.639528+00:00
2025-11-05 19:00:00+01:00,124.55000000000001,2025-12-13 19:28:13.639528+00:00
2025-11-05 20:00:00+01:00,113.2325,2025-12-13 19:28:13.639528+00:00
2025-11-05 21:00:00+01:00,103.3525,2025-12-13 19:28:13.639528+00:00
2025-11-05 22:00:00+01:00,94.63375,2025-12-13 19:28:13.639528+00:00
2025-11-05 23:00:00+01:00,89.66875,2025-12-13 19:28:13.639528+00:00
2025-11-06 00:00:00+01:00,89.3375,2025-12-13 19:28:13.639528+00:00
2025-11-06 01:00:00+01:00,88.47875,2025-12-13 19:28:13.639528+00:00
2025-11-06 02:00:00+01:00,88.38375,2025-12-13 19:28:13.639528+00:00
2025-11-06 03:00:00+01:00,87.9625,2025-12-13 19:28:13.639528+00:00
2025-11-06 04:00:00+01:00,90.23375,2025-12-13 19:28:13.639528+00:00
2025-11-06 05:00:00+01:00,93.125,2025-12-13 19:28:13.639528+00:00
2025-11-06 06:00:00+01:00,116.02499999999999,2025-12-13 19:28:13.639528+00:00
2025-11-06 07:00:00+01:00,137.62125,2025-12-13 19:28:13.639528+00:00
2025-11-06 08:00:00+01:00,117.67875,2025-12-13 19:28:13.639528+00:00
2025-11-06 09:00:00+01:00,96.55625,2025-12-13 19:28:13.639528+00:00
2025-11-06 10:00:00+01:00,84.61,2025-12-13 19:28:13.639528+00:00
2025-11-06 11:00:00+01:00,83.1,2025-12-13 19:28:13.639528+00:00
2025-11-06 12:00:00+01:00,84.15,2025-12-13 19:28:13.639528+00:00
2025-11-06 13:00:00+01:00,87.535,2025-12-13 19:28:13.639528+00:00
2025-11-06 14:00:00+01:00,102.2275,2025-12-13 19:28:13.639528+00:00
2025-11-06 15:00:00+01:00,125.96000000000001,2025-12-13 19:28:13.639528+00:00
2025-11-06 16:00:00+01:00,152.40125,2025-12-13 19:28:13.639528+00:00
2025-11-06 17:00:00+01:00,163.89875,2025-12-13 19:28:13.639528+00:00
2025-11-06 18:00:00+01:00,143.57375,2025-12-13 19:28:13.639528+00:00
2025-11-06 19:00:00+01:00,128.2875,2025-12-13 19:28:13.639528+00:00
2025-11-06 20:00:00+01:00,117.88499999999999,2025-12-13 19:28:13.639528+00:00
2025-11-06 21:00:00+01:00,104.91375,2025-12-13 19:28:13.639528+00:00
2025-11-06 22:00:00+01:00,99.15625,2025-12-13 19:28:13.639528+00:00
2025-11-06 23:00:00+01:00,93.07625,2025-12-13 19:28:13.639528+00:00
2025-11-07 00:00:00+01:00,91.56875,2025-12-13 19:28:13.639528+00:00
2025-11-07 01:00:00+01:00,90.95625,2025-12-13 19:28:13.639528+00:00
2025-11-07 02:00:00+01:00,91.125,2025-12-13 19:28:13.639528+00:00
2025-11-07 03:00:00+01:00,90.88625,2025-12-13 19:28:13.639528+00:00
2025-11-07 04:00:00+01:00,91.97,2025-12-13 19:28:13.639528+00:00
2025-11-07 05:00:00+01:00,95.62,2025-12-13 19:28:13.639528+00:00
2025-11-07 06:00:00+01:00,115.73125,2025-12-13 19:28:13.639528+00:00
2025-11-07 07:00:00+01:00,137.75875,2025-12-13 19:28:13.639528+00:00
2025-11-07 08:00:00+01:00,129.99375,2025-12-13 19:28:13.639528+00:00
2025-11-07 09:00:00+01:00,107.1875,2025-12-13 19:28:13.639528+00:00
2025-11-07 10:00:00+01:00,94.835,2025-12-13 19:28:13.639528+00:00
2025-11-07 11:00:00+01:00,89.82375,2025-12-13 19:28:13.639528+00:00
2025-11-07 12:00:00+01:00,87.84,2025-12-13 19:28:13.639528+00:00
2025-11-07 13:00:00+01:00,90.91,2025-12-13 19:28:13.639528+00:00
2025-11-07 14:00:00+01:00,102.37375,2025-12-13 19:28:13.639528+00:00
2025-11-07 15:00:00+01:00,129.99375,2025-12-13 19:28:13.639528+00:00
2025-11-07 16:00:00+01:00,164.87,2025-12-13 19:28:13.639528+00:00
2025-11-07 17:00:00+01:00,183.96375,2025-12-13 19:28:13.639528+00:00
2025-11-07 18:00:00+01:00,158.84125,2025-12-13 19:28:13.639528+00:00
2025-11-07 19:00:00+01:00,133.63625,2025-12-13 19:28:13.639528+00:00
2025-11-07 20:00:00+01:00,122.5275,2025-12-13 19:28:13.639528+00:00
2025-11-07 21:00:00+01:00,109.06375,2025-12-13 19:28:13.639528+00:00
2025-11-07 22:00:00+01:00,103.33625,2025-12-13 19:28:13.639528+00:00
2025-11-07 23:00:00+01:00,97.025,2025-12-13 19:28:13.639528+00:00
2025-11-08 00:00:00+01:00,95.19874999999999,2025-12-13 19:28:13.639528+00:00
2025-11-08 01:00:00+01:00,93.1175,2025-12-13 19:28:13.639528+00:00
2025-11-08 02:00:00+01:00,91.93875,2025-12-13 19:28:13.639528+00:00
2025-11-08 03:00:00+01:00,91.95625,2025-12-13 19:28:13.639528+00:00
2025-11-08 04:00:00+01:00,92.4725,2025-12-13 19:28:13.639528+00:00
2025-11-08 05:00:00+01:00,92.96375,2025-12-13 19:28:13.639528+00:00
2025-11-08 06:00:00+01:00,97.15875,2025-12-13 19:28:13.639528+00:00
2025-11-08 07:00:00+01:00,105.99,2025-12-13 19:28:13.639528+00:00
2025-11-08 08:00:00+01:00,106.65125,2025-12-13 19:28:13.639528+00:00
2025-11-08 09:00:00+01:00,102.98375,2025-12-13 19:28:13.639528+00:00
2025-11-08 10:00:00+01:00,99.155,2025-12-13 19:28:13.639528+00:00
2025-11-08 11:00:00+01:00,95.24375,2025-12-13 19:28:13.639528+00:00
2025-11-08 12:00:00+01:00,94.28,2025-12-13 19:28:13.639528+00:00
2025-11-08 13:00:00+01:00,96.53625,2025-12-13 19:28:13.639528+00:00
2025-11-08 14:00:00+01:00,101.49875,2025-12-13 19:28:13.639528+00:00
2025-11-08 15:00:00+01:00,119.16,2025-12-13 19:28:13.639528+00:00
2025-11-08 16:00:00+01:00,129.35375,2025-12-13 19:28:13.639528+00:00
2025-11-08 17:00:00+01:00,140.1925,2025-12-13 19:28:13.639528+00:00
2025-11-08 18:00:00+01:00,137.9675,2025-12-13 19:28:13.639528+00:00
2025-11-08 19:00:00+01:00,128.25375,2025-12-13 19:28:13.639528+00:00
2025-11-08 20:00:00+01:00,123.10125,2025-12-13 19:28:13.639528+00:00
2025-11-08 21:00:00+01:00,111.735,2025-12-13 19:28:13.639528+00:00
2025-11-08 22:00:00+01:00,103.17875000000001,2025-12-13 19:28:13.639528+00:00
2025-11-08 23:00:00+01:00,94.43875,2025-12-13 19:28:13.639528+00:00
2025-11-09 00:00:00+01:00,96.1225,2025-12-13 19:28:13.639528+00:00
2025-11-09 01:00:00+01:00,94.2725,2025-12-13 19:28:13.639528+00:00
2025-11-09 02:00:00+01:00,93.04375,2025-12-13 19:28:13.639528+00:00
2025-11-09 03:00:00+01:00,92.08500000000001,2025-12-13 19:28:13.639528+00:00
2025-11-09 04:00:00+01:00,92.2825,2025-12-13 19:28:13.639528+00:00
2025-11-09 05:00:00+01:00,92.49375,2025-12-13 19:28:13.639528+00:00
2025-11-09 06:00:00+01:00,92.38,2025-12-13 19:28:13.639528+00:00
2025-11-09 07:00:00+01:00,93.42375,2025-12-13 19:28:13.639528+00:00
2025-11-09 08:00:00+01:00,97.9075,2025-12-13 19:28:13.639528+00:00
2025-11-09 09:00:00+01:00,97.21875,2025-12-13 19:28:13.639528+00:00
2025-11-09 10:00:00+01:00,96.465,2025-12-13 19:28:13.639528+00:00
2025-11-09 11:00:00+01:00,96.2425,2025-12-13 19:28:13.639528+00:00
2025-11-09 12:00:00+01:00,96.42,2025-12-13 19:28:13.639528+00:00
2025-11-09 13:00:00+01:00,95.8,2025-12-13 19:28:13.639528+00:00
2025-11-09 14:00:00+01:00,99.08625,2025-12-13 19:28:13.639528+00:00
2025-11-09 15:00:00+01:00,106.9275,2025-12-13 19:28:13.639528+00:00
2025-11-09 16:00:00+01:00,118.28,2025-12-13 19:28:13.639528+00:00
2025-11-09 17:00:00+01:00,132.4725,2025-12-13 19:28:13.639528+00:00
2025-11-09 18:00:00+01:00,129.5375,2025-12-13 19:28:13.639528+00:00
2025-11-09 19:00:00+01:00,117.92875000000001,2025-12-13 19:28:13.639528+00:00
2025-11-09 20:00:00+01:00,107.34625,2025-12-13 19:28:13.639528+00:00
2025-11-09 21:00:00+01:00,97.80875,2025-12-13 19:28:13.639528+00:00
2025-11-09 22:00:00+01:00,95.20875,2025-12-13 19:28:13.639528+00:00
2025-11-09 23:00:00+01:00,90.88625,2025-12-13 19:28:13.639528+00:00
2025-11-10 00:00:00+01:00,93.49,2025-12-13 19:28:13.639528+00:00
2025-11-10 01:00:00+01:00,91.90875,2025-12-13 19:28:13.639528+00:00
2025-11-10 02:00:00+01:00,91.61125,2025-12-13 19:28:13.639528+00:00
2025-11-10 03:00:00+01:00,90.5625,2025-12-13 19:28:13.639528+00:00
2025-11-10 04:00:00+01:00,91.52499999999999,2025-12-13 19:28:13.639528+00:00
2025-11-10 05:00:00+01:00,97.3925,2025-12-13 19:28:13.639528+00:00
2025-11-10 06:00:00+01:00,128.27625,2025-12-13 19:28:13.639528+00:00
2025-11-10 07:00:00+01:00,162.36375,2025-12-13 19:28:13.639528+00:00
2025-11-10 08:00:00+01:00,177.56375,2025-12-13 19:28:13.639528+00:00
2025-11-10 09:00:00+01:00,161.175,2025-12-13 19:28:13.639528+00:00
2025-11-10 10:00:00+01:00,136.6025,2025-12-13 19:28:13.639528+00:00
2025-11-10 11:00:00+01:00,125.25375,2025-12-13 19:28:13.639528+00:00
2025-11-10 12:00:00+01:00,115.29375,2025-12-13 19:28:13.639528+00:00
2025-11-10 13:00:00+01:00,117.94375,2025-12-13 19:28:13.639528+00:00
2025-11-10 14:00:00+01:00,127.365,2025-12-13 19:28:13.639528+00:00
2025-11-10 15:00:00+01:00,151.9825,2025-12-13 19:28:13.639528+00:00
2025-11-10 16:00:00+01:00,166.01500000000001,2025-12-13 19:28:13.639528+00:00
2025-11-10 17:00:00+01:00,192.79875,2025-12-13 19:28:13.639528+00:00
2025-11-10 18:00:00+01:00,166.2625,2025-12-13 19:28:13.639528+00:00
2025-11-10 19:00:00+01:00,139.93125,2025-12-13 19:28:13.639528+00:00
2025-11-10 20:00:00+01:00,114.20625,2025-12-13 19:28:13.639528+00:00
2025-11-10 21:00:00+01:00,103.57375,2025-12-13 19:28:13.639528+00:00
2025-11-10 22:00:00+01:00,95.45375,2025-12-13 19:28:13.639528+00:00
2025-11-10 23:00:00+01:00,89.08624999999999,2025-12-13 19:28:13.639528+00:00
2025-11-11 00:00:00+01:00,82.505,2025-12-13 19:28:13.639528+00:00
2025-11-11 01:00:00+01:00,79.41625,2025-12-13 19:28:13.639528+00:00
2025-11-11 02:00:00+01:00,76.09,2025-12-13 19:28:13.639528+00:00
2025-11-11 03:00:00+01:00,74.795,2025-12-13 19:28:13.639528+00:00
2025-11-11 04:00:00+01:00,76.34625,2025-12-13 19:28:13.639528+00:00
2025-11-11 05:00:00+01:00,79.785,2025-12-13 19:28:13.639528+00:00
2025-11-11 06:00:00+01:00,90.02125,2025-12-13 19:28:13.639528+00:00
2025-11-11 07:00:00+01:00,107.65625,2025-12-13 19:28:13.639528+00:00
2025-11-11 08:00:00+01:00,114.64750000000001,2025-12-13 19:28:13.639528+00:00
2025-11-11 09:00:00+01:00,102.78125,2025-12-13 19:28:13.639528+00:00
2025-11-11 10:00:00+01:00,91.875,2025-12-13 19:28:13.639528+00:00
2025-11-11 11:00:00+01:00,86.06125,2025-12-13 19:28:13.639528+00:00
2025-11-11 12:00:00+01:00,85.11125,2025-12-13 19:28:13.639528+00:00
2025-11-11 13:00:00+01:00,88.8375,2025-12-13 19:28:13.639528+00:00
2025-11-11 14:00:00+01:00,101.59625,2025-12-13 19:28:13.639528+00:00
2025-11-11 15:00:00+01:00,122.83125,2025-12-13 19:28:13.639528+00:00
2025-11-11 16:00:00+01:00,139.81625,2025-12-13 19:28:13.639528+00:00
2025-11-11 17:00:00+01:00,142.81,2025-12-13 19:28:13.639528+00:00
2025-11-11 18:00:00+01:00,121.54875,2025-12-13 19:28:13.639528+00:00
2025-11-11 19:00:00+01:00,107.01625,2025-12-13 19:28:13.639528+00:00
2025-11-11 20:00:00+01:00,98.59625,2025-12-13 19:28:13.639528+00:00
2025-11-11 21:00:00+01:00,92.1925,2025-12-13 19:28:13.639528+00:00
2025-11-11 22:00:00+01:00,86.48125,2025-12-13 19:28:13.639528+00:00
2025-11-11 23:00:00+01:00,76.04875,2025-12-13 19:28:13.639528+00:00
2025-11-12 00:00:00+01:00,76.76875,2025-12-13 19:28:13.639528+00:00
2025-11-12 01:00:00+01:00,71.4225,2025-12-13 19:28:13.639528+00:00
2025-11-12 02:00:00+01:00,66.97,2025-12-13 19:28:13.639528+00:00
2025-11-12 03:00:00+01:00,64.8775,2025-12-13 19:28:13.639528+00:00
2025-11-12 04:00:00+01:00,64.14875,2025-12-13 19:28:13.639528+00:00
2025-11-12 05:00:00+01:00,68.32000000000001,2025-12-13 19:28:13.639528+00:00
2025-11-12 06:00:00+01:00,82.625,2025-12-13 19:28:13.639528+00:00
2025-11-12 07:00:00+01:00,108.16499999999999,2025-12-13 19:28:13.639528+00:00
2025-11-12 08:00:00+01:00,100.98625,2025-12-13 19:28:13.639528+00:00
2025-11-12 09:00:00+01:00,79.6575,2025-12-13 19:28:13.639528+00:00
2025-11-12 10:00:00+01:00,67.79375,2025-12-13 19:28:13.639528+00:00
2025-11-12 11:00:00+01:00,57.39875,2025-12-13 19:28:13.639528+00:00
2025-11-12 12:00:00+01:00,57.48125,2025-12-13 19:28:13.639528+00:00
2025-11-12 13:00:00+01:00,70.4925,2025-12-13 19:28:13.639528+00:00
2025-11-12 14:00:00+01:00,80.6625,2025-12-13 19:28:13.639528+00:00
2025-11-12 15:00:00+01:00,100.75,2025-12-13 19:28:13.639528+00:00
2025-11-12 16:00:00+01:00,111.825,2025-12-13 19:28:13.639528+00:00
2025-11-12 17:00:00+01:00,114.8325,2025-12-13 19:28:13.639528+00:00
2025-11-12 18:00:00+01:00,102.87375,2025-12-13 19:28:13.639528+00:00
2025-11-12 19:00:00+01:00,87.96375,2025-12-13 19:28:13.639528+00:00
2025-11-12 20:00:00+01:00,77.28625,2025-12-13 19:28:13.639528+00:00
2025-11-12 21:00:00+01:00,71.70125,2025-12-13 19:28:13.639528+00:00
2025-11-12 22:00:00+01:00,67.25,2025-12-13 19:28:13.639528+00:00
2025-11-12 23:00:00+01:00,53.0475,2025-12-13 19:28:13.639528+00:00
2025-11-13 00:00:00+01:00,30.57375,2025-12-13 19:28:13.639528+00:00
2025-11-13 01:00:00+01:00,19.2525,2025-12-13 19:28:13.639528+00:00
2025-11-13 02:00:00+01:00,13.7425,2025-12-13 19:28:13.639528+00:00
2025-11-13 03:00:00+01:00,13.45,2025-12-13 19:28:13.639528+00:00
2025-11-13 04:00:00+01:00,15.945,2025-12-13 19:28:13.639528+00:00
2025-11-13 05:00:00+01:00,34.667500000000004,2025-12-13 19:28:13.639528+00:00
2025-11-13 06:00:00+01:00,58.8425,2025-12-13 19:28:13.639528+00:00
2025-11-13 07:00:00+01:00,82.1525,2025-12-13 19:28:13.639528+00:00
2025-11-13 08:00:00+01:00,74.47749999999999,2025-12-13 19:28:13.639528+00:00
2025-11-13 09:00:00+01:00,58.989999999999995,2025-12-13 19:28:13.639528+00:00
2025-11-13 10:00:00+01:00,49.93,2025-12-13 19:28:13.639528+00:00
2025-11-13 11:00:00+01:00,37.99625,2025-12-13 19:28:13.639528+00:00
2025-11-13 12:00:00+01:00,43.99375,2025-12-13 19:28:13.639528+00:00
2025-11-13 13:00:00+01:00,58.51125,2025-12-13 19:28:13.639528+00:00
2025-11-13 14:00:00+01:00,78.6675,2025-12-13 19:28:13.639528+00:00
2025-11-13 15:00:00+01:00,99.22,2025-12-13 19:28:13.639528+00:00
2025-11-13 16:00:00+01:00,108.2075,2025-12-13 19:28:13.639528+00:00
2025-11-13 17:00:00+01:00,127.29875,2025-12-13 19:28:13.639528+00:00
2025-11-13 18:00:00+01:00,126.3925,2025-12-13 19:28:13.639528+00:00
2025-11-13 19:00:00+01:00,121.51875,2025-12-13 19:28:13.639528+00:00
2025-11-13 20:00:00+01:00,111.4725,2025-12-13 19:28:13.639528+00:00
2025-11-13 21:00:00+01:00,113.51875,2025-12-13 19:28:13.639528+00:00
2025-11-13 22:00:00+01:00,108.4125,2025-12-13 19:28:13.639528+00:00
2025-11-13 23:00:00+01:00,101.49375,2025-12-13 19:28:13.639528+00:00
2025-11-14 00:00:00+01:00,94.96124999999999,2025-12-13 19:28:13.639528+00:00
2025-11-14 01:00:00+01:00,94.05,2025-12-13 19:28:13.639528+00:00
2025-11-14 02:00:00+01:00,93.115,2025-12-13 19:28:13.639528+00:00
2025-11-14 03:00:00+01:00,92.2625,2025-12-13 19:28:13.639528+00:00
2025-11-14 04:00:00+01:00,92.4075,2025-12-13 19:28:13.639528+00:00
2025-11-14 05:00:00+01:00,92.73125,2025-12-13 19:28:13.639528+00:00
2025-11-14 06:00:00+01:00,112.3175,2025-12-13 19:28:13.639528+00:00
2025-11-14 07:00:00+01:00,133.84625,2025-12-13 19:28:13.639528+00:00
2025-11-14 08:00:00+01:00,130.6025,2025-12-13 19:28:13.639528+00:00
2025-11-14 09:00:00+01:00,120.8525,2025-12-13 19:28:13.639528+00:00
2025-11-14 10:00:00+01:00,108.16625,2025-12-13 19:28:13.639528+00:00
2025-11-14 11:00:00+01:00,102.34125,2025-12-13 19:28:13.639528+00:00
2025-11-14 12:00:00+01:00,98.72749999999999,2025-12-13 19:28:13.639528+00:00
2025-11-14 13:00:00+01:00,100.7625,2025-12-13 19:28:13.639528+00:00
2025-11-14 14:00:00+01:00,107.13125,2025-12-13 19:28:13.639528+00:00
2025-11-14 15:00:00+01:00,120.41749999999999,2025-12-13 19:28:13.639528+00:00
2025-11-14 16:00:00+01:00,124.805,2025-12-13 19:28:13.639528+00:00
2025-11-14 17:00:00+01:00,131.765,2025-12-13 19:28:13.639528+00:00
2025-11-14 18:00:00+01:00,120.17,2025-12-13 19:28:13.639528+00:00
2025-11-14 19:00:00+01:00,101.07875,2025-12-13 19:28:13.639528+00:00
2025-11-14 20:00:00+01:00,93.85875,2025-12-13 19:28:13.639528+00:00
2025-11-14 21:00:00+01:00,88.98625,2025-12-13 19:28:13.639528+00:00
2025-11-14 22:00:00+01:00,87.45625,2025-12-13 19:28:13.639528+00:00
2025-11-14 23:00:00+01:00,73.4825,2025-12-13 19:28:13.639528+00:00
2025-11-15 00:00:00+01:00,73.83375,2025-12-13 19:28:13.639528+00:00
2025-11-15 01:00:00+01:00,71.43375,2025-12-13 19:28:13.639528+00:00
2025-11-15 02:00:00+01:00,66.06875,2025-12-13 19:28:13.639528+00:00
2025-11-15 03:00:00+01:00,64.4025,2025-12-13 19:28:13.639528+00:00
2025-11-15 04:00:00+01:00,64.24375,2025-12-13 19:28:13.639528+00:00
2025-11-15 05:00:00+01:00,64.86375,2025-12-13 19:28:13.639528+00:00
2025-11-15 06:00:00+01:00,65.58375,2025-12-13 19:28:13.639528+00:00
2025-11-15 07:00:00+01:00,76.12125,2025-12-13 19:28:13.639528+00:00
2025-11-15 08:00:00+01:00,82.33375000000001,2025-12-13 19:28:13.639528+00:00
2025-11-15 09:00:00+01:00,85.22874999999999,2025-12-13 19:28:13.639528+00:00
2025-11-15 10:00:00+01:00,86.8525,2025-12-13 19:28:13.639528+00:00
2025-11-15 11:00:00+01:00,86.78625,2025-12-13 19:28:13.639528+00:00
2025-11-15 12:00:00+01:00,84.02125000000001,2025-12-13 19:28:13.639528+00:00
2025-11-15 13:00:00+01:00,89.535,2025-12-13 19:28:13.639528+00:00
2025-11-15 14:00:00+01:00,93.9775,2025-12-13 19:28:13.639528+00:00
2025-11-15 15:00:00+01:00,100.24249999999999,2025-12-13 19:28:13.639528+00:00
2025-11-15 16:00:00+01:00,106.22749999999999,2025-12-13 19:28:13.639528+00:00
2025-11-15 17:00:00+01:00,117.465,2025-12-13 19:28:13.639528+00:00
2025-11-15 18:00:00+01:00,118.95,2025-12-13 19:28:13.639528+00:00
2025-11-15 19:00:00+01:00,111.70875,2025-12-13 19:28:13.639528+00:00
2025-11-15 20:00:00+01:00,106.3625,2025-12-13 19:28:13.639528+00:00
2025-11-15 21:00:00+01:00,101.80625,2025-12-13 19:28:13.639528+00:00
2025-11-15 22:00:00+01:00,101.77625,2025-12-13 19:28:13.639528+00:00
2025-11-15 23:00:00+01:00,98.14125,2025-12-13 19:28:13.639528+00:00
2025-11-16 00:00:00+01:00,92.1725,2025-12-13 19:28:13.639528+00:00
2025-11-16 01:00:00+01:00,91.8875,2025-12-13 19:28:13.639528+00:00
2025-11-16 02:00:00+01:00,89.97375,2025-12-13 19:28:13.639528+00:00
2025-11-16 03:00:00+01:00,89.16,2025-12-13 19:28:13.639528+00:00
2025-11-16 04:00:00+01:00,87.88875,2025-12-13 19:28:13.639528+00:00
2025-11-16 05:00:00+01:00,90.11625,2025-12-13 19:28:13.639528+00:00
2025-11-16 06:00:00+01:00,88.31,2025-12-13 19:28:13.639528+00:00
2025-11-16 07:00:00+01:00,93.15875,2025-12-13 19:28:13.639528+00:00
2025-11-16 08:00:00+01:00,96.68125,2025-12-13 19:28:13.639528+00:00
2025-11-16 09:00:00+01:00,97.26375,2025-12-13 19:28:13.639528+00:00
2025-11-16 10:00:00+01:00,95.5275,2025-12-13 19:28:13.639528+00:00
2025-11-16 11:00:00+01:00,97.42375,2025-12-13 19:28:13.639528+00:00
2025-11-16 12:00:00+01:00,98.8125,2025-12-13 19:28:13.639528+00:00
2025-11-16 13:00:00+01:00,100.07375,2025-12-13 19:28:13.639528+00:00
2025-11-16 14:00:00+01:00,105.1225,2025-12-13 19:28:13.639528+00:00
2025-11-16 15:00:00+01:00,115.74375,2025-12-13 19:28:13.639528+00:00
2025-11-16 16:00:00+01:00,122.47625,2025-12-13 19:28:13.639528+00:00
2025-11-16 17:00:00+01:00,128.05375,2025-12-13 19:28:13.639528+00:00
2025-11-16 18:00:00+01:00,124.78875,2025-12-13 19:28:13.639528+00:00
2025-11-16 19:00:00+01:00,112.2575,2025-12-13 19:28:13.639528+00:00
2025-11-16 20:00:00+01:00,102.8075,2025-12-13 19:28:13.639528+00:00
2025-11-16 21:00:00+01:00,94.30375000000001,2025-12-13 19:28:13.639528+00:00
2025-11-16 22:00:00+01:00,93.29124999999999,2025-12-13 19:28:13.639528+00:00
2025-11-16 23:00:00+01:00,86.5125,2025-12-13 19:28:13.639528+00:00
2025-11-17 00:00:00+01:00,86.54625,2025-12-13 19:28:13.639528+00:00
2025-11-17 01:00:00+01:00,80.32875,2025-12-13 19:28:13.639528+00:00
2025-11-17 02:00:00+01:00,76.42375,2025-12-13 19:28:13.639528+00:00
2025-11-17 03:00:00+01:00,74.1625,2025-12-13 19:28:13.639528+00:00
2025-11-17 04:00:00+01:00,76.04625,2025-12-13 19:28:13.639528+00:00
2025-11-17 05:00:00+01:00,83.64,2025-12-13 19:28:13.639528+00:00
2025-11-17 06:00:00+01:00,94.79375,2025-12-13 19:28:13.639528+00:00
2025-11-17 07:00:00+01:00,116.73375,2025-12-13 19:28:13.639528+00:00
2025-11-17 08:00:00+01:00,122.5975,2025-12-13 19:28:13.639528+00:00
2025-11-17 09:00:00+01:00,114.715,2025-12-13 19:28:13.639528+00:00
2025-11-17 10:00:00+01:00,102.66,2025-12-13 19:28:13.639528+00:00
2025-11-17 11:00:00+01:00,90.81625,2025-12-13 19:28:13.639528+00:00
2025-11-17 12:00:00+01:00,84.78,2025-12-13 19:28:13.639528+00:00
2025-11-17 13:00:00+01:00,85.1425,2025-12-13 19:28:13.639528+00:00
2025-11-17 14:00:00+01:00,90.36875,2025-12-13 19:28:13.639528+00:00
2025-11-17 15:00:00+01:00,101.91,2025-12-13 19:28:13.639528+00:00
2025-11-17 16:00:00+01:00,112.17125,2025-12-13 19:28:13.639528+00:00
2025-11-17 17:00:00+01:00,121.91499999999999,2025-12-13 19:28:13.639528+00:00
2025-11-17 18:00:00+01:00,119.63125,2025-12-13 19:28:13.639528+00:00
2025-11-17 19:00:00+01:00,113.64,2025-12-13 19:28:13.639528+00:00
2025-11-17 20:00:00+01:00,105.05625,2025-12-13 19:28:13.639528+00:00
2025-11-17 21:00:00+01:00,94.34875,2025-12-13 19:28:13.639528+00:00
2025-11-17 22:00:00+01:00,90.74875,2025-12-13 19:28:13.639528+00:00
2025-11-17 23:00:00+01:00,83.5225,2025-12-13 19:28:13.639528+00:00
2025-11-18 00:00:00+01:00,84.5925,2025-12-13 19:28:13.639528+00:00
2025-11-18 01:00:00+01:00,81.91499999999999,2025-12-13 19:28:13.639528+00:00
2025-11-18 02:00:00+01:00,79.28125,2025-12-13 19:28:13.639528+00:00
2025-11-18 03:00:00+01:00,79.66,2025-12-13 19:28:13.639528+00:00
2025-11-18 04:00:00+01:00,81.3175,2025-12-13 19:28:13.639528+00:00
2025-11-18 05:00:00+01:00,84.6325,2025-12-13 19:28:13.639528+00:00
2025-11-18 06:00:00+01:00,94.8975,2025-12-13 19:28:13.639528+00:00
2025-11-18 07:00:00+01:00,112.84,2025-12-13 19:28:13.639528+00:00
2025-11-18 08:00:00+01:00,124.335,2025-12-13 19:28:13.639528+00:00
2025-11-18 09:00:00+01:00,107.11,2025-12-13 19:28:13.639528+00:00
2025-11-18 10:00:00+01:00,96.3325,2025-12-13 19:28:13.639528+00:00
2025-11-18 11:00:00+01:00,90.24000000000001,2025-12-13 19:28:13.639528+00:00
2025-11-18 12:00:00+01:00,89.745,2025-12-13 19:28:13.639528+00:00
2025-11-18 13:00:00+01:00,91.585,2025-12-13 19:28:13.639528+00:00
2025-11-18 14:00:00+01:00,101.4725,2025-12-13 19:28:13.639528+00:00
2025-11-18 15:00:00+01:00,122.05375000000001,2025-12-13 19:28:13.639528+00:00
2025-11-18 16:00:00+01:00,139.16125,2025-12-13 19:28:13.639528+00:00
2025-11-18 17:00:00+01:00,148.2425,2025-12-13 19:28:13.639528+00:00
2025-11-18 18:00:00+01:00,139.0625,2025-12-13 19:28:13.639528+00:00
2025-11-18 19:00:00+01:00,127.5,2025-12-13 19:28:13.639528+00:00
2025-11-18 20:00:00+01:00,109.27375,2025-12-13 19:28:13.639528+00:00
2025-11-18 21:00:00+01:00,98.8925,2025-12-13 19:28:13.639528+00:00
2025-11-18 22:00:00+01:00,96.8725,2025-12-13 19:28:13.639528+00:00
2025-11-18 23:00:00+01:00,86.7975,2025-12-13 19:28:13.639528+00:00
2025-11-19 00:00:00+01:00,89.48875,2025-12-13 19:28:13.639528+00:00
2025-11-19 01:00:00+01:00,88.21125,2025-12-13 19:28:13.639528+00:00
2025-11-19 02:00:00+01:00,83.5475,2025-12-13 19:28:13.639528+00:00
2025-11-19 03:00:00+01:00,83.10875,2025-12-13 19:28:13.639528+00:00
2025-11-19 04:00:00+01:00,85.505,2025-12-13 19:28:13.639528+00:00
2025-11-19 05:00:00+01:00,88.17375,2025-12-13 19:28:13.639528+00:00
2025-11-19 06:00:00+01:00,97.965,2025-12-13 19:28:13.639528+00:00
2025-11-19 07:00:00+01:00,121.65,2025-12-13 19:28:13.639528+00:00
2025-11-19 08:00:00+01:00,129.78625,2025-12-13 19:28:13.639528+00:00
2025-11-19 09:00:00+01:00,111.4225,2025-12-13 19:28:13.639528+00:00
2025-11-19 10:00:00+01:00,98.515,2025-12-13 19:28:13.639528+00:00
2025-11-19 11:00:00+01:00,93.08500000000001,2025-12-13 19:28:13.639528+00:00
2025-11-19 12:00:00+01:00,90.98125,2025-12-13 19:28:13.639528+00:00
2025-11-19 13:00:00+01:00,94.5775,2025-12-13 19:28:13.639528+00:00
2025-11-19 14:00:00+01:00,104.53125,2025-12-13 19:28:13.639528+00:00
2025-11-19 15:00:00+01:00,115.69375,2025-12-13 19:28:13.639528+00:00
2025-11-19 16:00:00+01:00,120.45125,2025-12-13 19:28:13.639528+00:00
2025-11-19 17:00:00+01:00,130.0775,2025-12-13 19:28:13.639528+00:00
2025-11-19 18:00:00+01:00,120.8475,2025-12-13 19:28:13.639528+00:00
2025-11-19 19:00:00+01:00,118.55375000000001,2025-12-13 19:28:13.639528+00:00
2025-11-19 20:00:00+01:00,102.79375,2025-12-13 19:28:13.639528+00:00
2025-11-19 21:00:00+01:00,97.2525,2025-12-13 19:28:13.639528+00:00
2025-11-19 22:00:00+01:00,96.78999999999999,2025-12-13 19:28:13.639528+00:00
2025-11-19 23:00:00+01:00,90.15625,2025-12-13 19:28:13.639528+00:00
2025-11-20 00:00:00+01:00,88.68375,2025-12-13 19:28:13.639528+00:00
2025-11-20 01:00:00+01:00,86.04625,2025-12-13 19:28:13.639528+00:00
2025-11-20 02:00:00+01:00,85.77625,2025-12-13 19:28:13.639528+00:00
2025-11-20 03:00:00+01:00,85.09625,2025-12-13 19:28:13.639528+00:00
2025-11-20 04:00:00+01:00,86.3275,2025-12-13 19:28:13.639528+00:00
2025-11-20 05:00:00+01:00,90.60375,2025-12-13 19:28:13.639528+00:00
2025-11-20 06:00:00+01:00,106.49000000000001,2025-12-13 19:28:13.639528+00:00
2025-11-20 07:00:00+01:00,140.83249999999998,2025-12-13 19:28:13.639528+00:00
2025-11-20 08:00:00+01:00,151.45,2025-12-13 19:28:13.639528+00:00
2025-11-20 09:00:00+01:00,143.0775,2025-12-13 19:28:13.639528+00:00
2025-11-20 10:00:00+01:00,131.14,2025-12-13 19:28:13.639528+00:00
2025-11-20 11:00:00+01:00,120.61875,2025-12-13 19:28:13.639528+00:00
2025-11-20 12:00:00+01:00,117.7775,2025-12-13 19:28:13.639528+00:00
2025-11-20 13:00:00+01:00,119.12625,2025-12-13 19:28:13.639528+00:00
2025-11-20 14:00:00+01:00,128.19375,2025-12-13 19:28:13.639528+00:00
2025-11-20 15:00:00+01:00,143.71125,2025-12-13 19:28:13.639528+00:00
2025-11-20 16:00:00+01:00,166.5275,2025-12-13 19:28:13.639528+00:00
2025-11-20 17:00:00+01:00,171.72625,2025-12-13 19:28:13.639528+00:00
2025-11-20 18:00:00+01:00,157.51,2025-12-13 19:28:13.639528+00:00
2025-11-20 19:00:00+01:00,148.1825,2025-12-13 19:28:13.639528+00:00
2025-11-20 20:00:00+01:00,131.02625,2025-12-13 19:28:13.639528+00:00
2025-11-20 21:00:00+01:00,118.27625,2025-12-13 19:28:13.639528+00:00
2025-11-20 22:00:00+01:00,109.2175,2025-12-13 19:28:13.639528+00:00
2025-11-20 23:00:00+01:00,96.82375,2025-12-13 19:28:13.639528+00:00
2025-11-21 00:00:00+01:00,102.7675,2025-12-13 19:28:13.639528+00:00
2025-11-21 01:00:00+01:00,98.42875000000001,2025-12-13 19:28:13.639528+00:00
2025-11-21 02:00:00+01:00,95.7,2025-12-13 19:28:13.639528+00:00
2025-11-21 03:00:00+01:00,95.37125,2025-12-13 19:28:13.639528+00:00
2025-11-21 04:00:00+01:00,97.5175,2025-12-13 19:28:13.639528+00:00
2025-11-21 05:00:00+01:00,104.38625,2025-12-13 19:28:13.639528+00:00
2025-11-21 06:00:00+01:00,132.86875,2025-12-13 19:28:13.639528+00:00
2025-11-21 07:00:00+01:00,175.74125,2025-12-13 19:28:13.639528+00:00
2025-11-21 08:00:00+01:00,202.74,2025-12-13 19:28:13.639528+00:00
2025-11-21 09:00:00+01:00,175.49125,2025-12-13 19:28:13.639528+00:00
2025-11-21 10:00:00+01:00,150.9325,2025-12-13 19:28:13.639528+00:00
2025-11-21 11:00:00+01:00,136.7875,2025-12-13 19:28:13.639528+00:00
2025-11-21 12:00:00+01:00,129.77125,2025-12-13 19:28:13.639528+00:00
2025-11-21 13:00:00+01:00,133.7425,2025-12-13 19:28:13.639528+00:00
2025-11-21 14:00:00+01:00,149.06625,2025-12-13 19:28:13.639528+00:00
2025-11-21 15:00:00+01:00,183.56375,2025-12-13 19:28:13.639528+00:00
2025-11-21 16:00:00+01:00,225.92874999999998,2025-12-13 19:28:13.639528+00:00
2025-11-21 17:00:00+01:00,241.43375,2025-12-13 19:28:13.639528+00:00
2025-11-21 18:00:00+01:00,197.28375,2025-12-13 19:28:13.639528+00:00
2025-11-21 19:00:00+01:00,171.03625,2025-12-13 19:28:13.639528+00:00
2025-11-21 20:00:00+01:00,137.925,2025-12-13 19:28:13.639528+00:00
2025-11-21 21:00:00+01:00,119.81125,2025-12-13 19:28:13.639528+00:00
2025-11-21 22:00:00+01:00,107.40625,2025-12-13 19:28:13.639528+00:00
2025-11-21 23:00:00+01:00,96.29375,2025-12-13 19:28:13.639528+00:00
2025-11-22 00:00:00+01:00,102.82875,2025-12-13 19:28:13.639528+00:00
2025-11-22 01:00:00+01:00,96.55875,2025-12-13 19:28:13.639528+00:00
2025-11-22 02:00:00+01:00,91.65625,2025-12-13 19:28:13.639528+00:00
2025-11-22 03:00:00+01:00,89.13875,2025-12-13 19:28:13.639528+00:00
2025-11-22 04:00:00+01:00,88.97375,2025-12-13 19:28:13.639528+00:00
2025-11-22 05:00:00+01:00,89.50125,2025-12-13 19:28:13.639528+00:00
2025-11-22 06:00:00+01:00,93.36125,2025-12-13 19:28:13.639528+00:00
2025-11-22 07:00:00+01:00,104.9925,2025-12-13 19:28:13.639528+00:00
2025-11-22 08:00:00+01:00,103.85375,2025-12-13 19:28:13.639528+00:00
2025-11-22 09:00:00+01:00,90.225,2025-12-13 19:28:13.639528+00:00
2025-11-22 10:00:00+01:00,84.90375,2025-12-13 19:28:13.639528+00:00
2025-11-22 11:00:00+01:00,80.8925,2025-12-13 19:28:13.639528+00:00
2025-11-22 12:00:00+01:00,80.28,2025-12-13 19:28:13.639528+00:00
2025-11-22 13:00:00+01:00,79.75375,2025-12-13 19:28:13.639528+00:00
2025-11-22 14:00:00+01:00,85.0625,2025-12-13 19:28:13.639528+00:00
2025-11-22 15:00:00+01:00,94.13125000000001,2025-12-13 19:28:13.639528+00:00
2025-11-22 16:00:00+01:00,108.66625,2025-12-13 19:28:13.639528+00:00
2025-11-22 17:00:00+01:00,115.91375,2025-12-13 19:28:13.639528+00:00
2025-11-22 18:00:00+01:00,112.26625,2025-12-13 19:28:13.639528+00:00
2025-11-22 19:00:00+01:00,101.38499999999999,2025-12-13 19:28:13.639528+00:00
2025-11-22 20:00:00+01:00,89.31375,2025-12-13 19:28:13.639528+00:00
2025-11-22 21:00:00+01:00,87.22875,2025-12-13 19:28:13.639528+00:00
2025-11-22 22:00:00+01:00,87.67375,2025-12-13 19:28:13.639528+00:00
2025-11-22 23:00:00+01:00,82.40375,2025-12-13 19:28:13.639528+00:00
2025-11-23 00:00:00+01:00,81.76625,2025-12-13 19:28:13.639528+00:00
2025-11-23 01:00:00+01:00,76.67625,2025-12-13 19:28:13.639528+00:00
2025-11-23 02:00:00+01:00,73.22,2025-12-13 19:28:13.639528+00:00
2025-11-23 03:00:00+01:00,67.585,2025-12-13 19:28:13.639528+00:00
2025-11-23 04:00:00+01:00,68.77625,2025-12-13 19:28:13.639528+00:00
2025-11-23 05:00:00+01:00,68.0825,2025-12-13 19:28:13.639528+00:00
2025-11-23 06:00:00+01:00,64.49875,2025-12-13 19:28:13.639528+00:00
2025-11-23 07:00:00+01:00,70.315,2025-12-13 19:28:13.639528+00:00
2025-11-23 08:00:00+01:00,71.70625,2025-12-13 19:28:13.639528+00:00
2025-11-23 09:00:00+01:00,69.30875,2025-12-13 19:28:13.639528+00:00
2025-11-23 10:00:00+01:00,68.7175,2025-12-13 19:28:13.639528+00:00
2025-11-23 11:00:00+01:00,67.795,2025-12-13 19:28:13.639528+00:00
2025-11-23 12:00:00+01:00,68.1525,2025-12-13 19:28:13.639528+00:00
2025-11-23 13:00:00+01:00,70.46375,2025-12-13 19:28:13.639528+00:00
2025-11-23 14:00:00+01:00,76.0625,2025-12-13 19:28:13.639528+00:00
2025-11-23 15:00:00+01:00,82.015,2025-12-13 19:28:13.639528+00:00
2025-11-23 16:00:00+01:00,86.34,2025-12-13 19:28:13.639528+00:00
2025-11-23 17:00:00+01:00,89.52875,2025-12-13 19:28:13.639528+00:00
2025-11-23 18:00:00+01:00,88.96875,2025-12-13 19:28:13.639528+00:00
2025-11-23 19:00:00+01:00,84.47375,2025-12-13 19:28:13.639528+00:00
2025-11-23 20:00:00+01:00,81.0575,2025-12-13 19:28:13.639528+00:00
2025-11-23 21:00:00+01:00,77.71625,2025-12-13 19:28:13.639528+00:00
2025-11-23 22:00:00+01:00,78.81375,2025-12-13 19:28:13.639528+00:00
2025-11-23 23:00:00+01:00,74.43125,2025-12-13 19:28:13.639528+00:00
2025-11-24 00:00:00+01:00,71.29124999999999,2025-12-13 19:28:13.639528+00:00
2025-11-24 01:00:00+01:00,69.445,2025-12-13 19:28:13.639528+00:00
2025-11-24 02:00:00+01:00,70.0275,2025-12-13 19:28:13.639528+00:00
2025-11-24 03:00:00+01:00,70.64,2025-12-13 19:28:13.639528+00:00
2025-11-24 04:00:00+01:00,72.5125,2025-12-13 19:28:13.639528+00:00
2025-11-24 05:00:00+01:00,77.6825,2025-12-13 19:28:13.639528+00:00
2025-11-24 06:00:00+01:00,94.56375,2025-12-13 19:28:13.639528+00:00
2025-11-24 07:00:00+01:00,114.3825,2025-12-13 19:28:13.639528+00:00
2025-11-24 08:00:00+01:00,120.4875,2025-12-13 19:28:13.639528+00:00
2025-11-24 09:00:00+01:00,120.78375,2025-12-13 19:28:13.639528+00:00
2025-11-24 10:00:00+01:00,122.70375,2025-12-13 19:28:13.639528+00:00
2025-11-24 11:00:00+01:00,127.89875,2025-12-13 19:28:13.639528+00:00
2025-11-24 12:00:00+01:00,131.4675,2025-12-13 19:28:13.639528+00:00
2025-11-24 13:00:00+01:00,141.24375,2025-12-13 19:28:13.639528+00:00
2025-11-24 14:00:00+01:00,156.3725,2025-12-13 19:28:13.639528+00:00
2025-11-24 15:00:00+01:00,173.4075,2025-12-13 19:28:13.639528+00:00
2025-11-24 16:00:00+01:00,202.23375,2025-12-13 19:28:13.639528+00:00
2025-11-24 17:00:00+01:00,226.105,2025-12-13 19:28:13.639528+00:00
2025-11-24 18:00:00+01:00,203.0825,2025-12-13 19:28:13.639528+00:00
2025-11-24 19:00:00+01:00,169.96875,2025-12-13 19:28:13.639528+00:00
2025-11-24 20:00:00+01:00,139.14249999999998,2025-12-13 19:28:13.639528+00:00
2025-11-24 21:00:00+01:00,122.6175,2025-12-13 19:28:13.639528+00:00
2025-11-24 22:00:00+01:00,112.62625,2025-12-13 19:28:13.639528+00:00
2025-11-24 23:00:00+01:00,100.105,2025-12-13 19:28:13.639528+00:00
2025-11-25 00:00:00+01:00,105.89375,2025-12-13 19:28:13.639528+00:00
2025-11-25 01:00:00+01:00,103.27625,2025-12-13 19:28:13.639528+00:00
2025-11-25 02:00:00+01:00,101.97125,2025-12-13 19:28:13.639528+00:00
2025-11-25 03:00:00+01:00,100.2075,2025-12-13 19:28:13.639528+00:00
2025-11-25 04:00:00+01:00,100.24375,2025-12-13 19:28:13.639528+00:00
2025-11-25 05:00:00+01:00,110.1075,2025-12-13 19:28:13.639528+00:00
2025-11-25 06:00:00+01:00,124.73375,2025-12-13 19:28:13.639528+00:00
2025-11-25 07:00:00+01:00,258.8575,2025-12-13 19:28:13.639528+00:00
2025-11-25 08:00:00+01:00,320.40625,2025-12-13 19:28:13.639528+00:00
2025-11-25 09:00:00+01:00,289.1025,2025-12-13 19:28:13.639528+00:00
2025-11-25 10:00:00+01:00,275.43,2025-12-13 19:28:13.639528+00:00
2025-11-25 11:00:00+01:00,290.69,2025-12-13 19:28:13.639528+00:00
2025-11-25 12:00:00+01:00,301.8125,2025-12-13 19:28:13.639528+00:00
2025-11-25 13:00:00+01:00,286.715,2025-12-13 19:28:13.639528+00:00
2025-11-25 14:00:00+01:00,287.01,2025-12-13 19:28:13.639528+00:00
2025-11-25 15:00:00+01:00,304.2825,2025-12-13 19:28:13.639528+00:00
2025-11-25 16:00:00+01:00,334.84875,2025-12-13 19:28:13.639528+00:00
2025-11-25 17:00:00+01:00,376.275,2025-12-13 19:28:13.639528+00:00
2025-11-25 18:00:00+01:00,299.7225,2025-12-13 19:28:13.639528+00:00
2025-11-25 19:00:00+01:00,243.4425,2025-12-13 19:28:13.639528+00:00
2025-11-25 20:00:00+01:00,171.2475,2025-12-13 19:28:13.639528+00:00
2025-11-25 21:00:00+01:00,135.2875,2025-12-13 19:28:13.639528+00:00
2025-11-25 22:00:00+01:00,117.11125,2025-12-13 19:28:13.639528+00:00
2025-11-25 23:00:00+01:00,104.59625,2025-12-13 19:28:13.639528+00:00
2025-11-26 00:00:00+01:00,96.1775,2025-12-13 19:28:13.639528+00:00
2025-11-26 01:00:00+01:00,92.72625,2025-12-13 19:28:13.639528+00:00
2025-11-26 02:00:00+01:00,90.5625,2025-12-13 19:28:13.639528+00:00
2025-11-26 03:00:00+01:00,91.315,2025-12-13 19:28:13.639528+00:00
2025-11-26 04:00:00+01:00,91.40125,2025-12-13 19:28:13.639528+00:00
2025-11-26 05:00:00+01:00,99.725,2025-12-13 19:28:13.639528+00:00
2025-11-26 06:00:00+01:00,132.9775,2025-12-13 19:28:13.639528+00:00
2025-11-26 07:00:00+01:00,202.79125,2025-12-13 19:28:13.639528+00:00
2025-11-26 08:00:00+01:00,251.63625000000002,2025-12-13 19:28:13.639528+00:00
2025-11-26 09:00:00+01:00,236.43875,2025-12-13 19:28:13.639528+00:00
2025-11-26 10:00:00+01:00,218.93875,2025-12-13 19:28:13.639528+00:00
2025-11-26 11:00:00+01:00,196.96125,2025-12-13 19:28:13.639528+00:00
2025-11-26 12:00:00+01:00,194.16,2025-12-13 19:28:13.639528+00:00
2025-11-26 13:00:00+01:00,195.7975,2025-12-13 19:28:13.639528+00:00
2025-11-26 14:00:00+01:00,214.41375,2025-12-13 19:28:13.639528+00:00
2025-11-26 15:00:00+01:00,252.46875,2025-12-13 19:28:13.639528+00:00
2025-11-26 16:00:00+01:00,316.3875,2025-12-13 19:28:13.639528+00:00
2025-11-26 17:00:00+01:00,319.55125,2025-12-13 19:28:13.639528+00:00
2025-11-26 18:00:00+01:00,253.22375,2025-12-13 19:28:13.639528+00:00
2025-11-26 19:00:00+01:00,200.305,2025-12-13 19:28:13.639528+00:00
2025-11-26 20:00:00+01:00,150.66,2025-12-13 19:28:13.639528+00:00
2025-11-26 21:00:00+01:00,120.535,2025-12-13 19:28:13.639528+00:00
2025-11-26 22:00:00+01:00,106.195,2025-12-13 19:28:13.639528+00:00
2025-11-26 23:00:00+01:00,94.1025,2025-12-13 19:28:13.639528+00:00
2025-11-27 00:00:00+01:00,89.52125,2025-12-13 19:28:13.639528+00:00
2025-11-27 01:00:00+01:00,83.6925,2025-12-13 19:28:13.639528+00:00
2025-11-27 02:00:00+01:00,80.14875,2025-12-13 19:28:13.639528+00:00
2025-11-27 03:00:00+01:00,77.32000000000001,2025-12-13 19:28:13.639528+00:00
2025-11-27 04:00:00+01:00,78.74375,2025-12-13 19:28:13.639528+00:00
2025-11-27 05:00:00+01:00,81.115,2025-12-13 19:28:13.639528+00:00
2025-11-27 06:00:00+01:00,107.84,2025-12-13 19:28:13.639528+00:00
2025-11-27 07:00:00+01:00,122.685,2025-12-13 19:28:13.639528+00:00
2025-11-27 08:00:00+01:00,124.1725,2025-12-13 19:28:13.639528+00:00
2025-11-27 09:00:00+01:00,108.6875,2025-12-13 19:28:13.639528+00:00
2025-11-27 10:00:00+01:00,96.09625,2025-12-13 19:28:13.639528+00:00
2025-11-27 11:00:00+01:00,89.52625,2025-12-13 19:28:13.639528+00:00
2025-11-27 12:00:00+01:00,86.0825,2025-12-13 19:28:13.639528+00:00
2025-11-27 13:00:00+01:00,86.03,2025-12-13 19:28:13.639528+00:00
2025-11-27 14:00:00+01:00,89.3375,2025-12-13 19:28:13.639528+00:00
2025-11-27 15:00:00+01:00,94.55125,2025-12-13 19:28:13.639528+00:00
2025-11-27 16:00:00+01:00,97.285,2025-12-13 19:28:13.639528+00:00
2025-11-27 17:00:00+01:00,103.6425,2025-12-13 19:28:13.639528+00:00
2025-11-27 18:00:00+01:00,101.43375,2025-12-13 19:28:13.639528+00:00
2025-11-27 19:00:00+01:00,90.98375,2025-12-13 19:28:13.639528+00:00
2025-11-27 20:00:00+01:00,86.34375,2025-12-13 19:28:13.639528+00:00
2025-11-27 21:00:00+01:00,81.35,2025-12-13 19:28:13.639528+00:00
2025-11-27 22:00:00+01:00,80.67,2025-12-13 19:28:13.639528+00:00
2025-11-27 23:00:00+01:00,69.3425,2025-12-13 19:28:13.639528+00:00
2025-11-28 00:00:00+01:00,59.42875,2025-12-13 19:28:13.639528+00:00
2025-11-28 01:00:00+01:00,54.00125,2025-12-13 19:28:13.639528+00:00
2025-11-28 02:00:00+01:00,51.488749999999996,2025-12-13 19:28:13.639528+00:00
2025-11-28 03:00:00+01:00,49.3675,2025-12-13 19:28:13.639528+00:00
2025-11-28 04:00:00+01:00,56.835,2025-12-13 19:28:13.639528+00:00
2025-11-28 05:00:00+01:00,63.42,2025-12-13 19:28:13.639528+00:00
2025-11-28 06:00:00+01:00,83.1825,2025-12-13 19:28:13.639528+00:00
2025-11-28 07:00:00+01:00,95.1625,2025-12-13 19:28:13.639528+00:00
2025-11-28 08:00:00+01:00,104.02,2025-12-13 19:28:13.639528+00:00
2025-11-28 09:00:00+01:00,102.9075,2025-12-13 19:28:13.639528+00:00
2025-11-28 10:00:00+01:00,97.9225,2025-12-13 19:28:13.639528+00:00
2025-11-28 11:00:00+01:00,97.72625,2025-12-13 19:28:13.639528+00:00
2025-11-28 12:00:00+01:00,94.70375,2025-12-13 19:28:13.639528+00:00
2025-11-28 13:00:00+01:00,95.72125,2025-12-13 19:28:13.639528+00:00
2025-11-28 14:00:00+01:00,97.44375,2025-12-13 19:28:13.639528+00:00
2025-11-28 15:00:00+01:00,103.97625,2025-12-13 19:28:13.639528+00:00
2025-11-28 16:00:00+01:00,108.395,2025-12-13 19:28:13.639528+00:00
2025-11-28 17:00:00+01:00,105.3825,2025-12-13 19:28:13.639528+00:00
2025-11-28 18:00:00+01:00,103.56125,2025-12-13 19:28:13.639528+00:00
2025-11-28 19:00:00+01:00,95.61875,2025-12-13 19:28:13.639528+00:00
2025-11-28 20:00:00+01:00,89.52375,2025-12-13 19:28:13.639528+00:00
2025-11-28 21:00:00+01:00,84.76,2025-12-13 19:28:13.639528+00:00
2025-11-28 22:00:00+01:00,84.28375,2025-12-13 19:28:13.639528+00:00
2025-11-28 23:00:00+01:00,75.76625,2025-12-13 19:28:13.639528+00:00
2025-11-29 00:00:00+01:00,80.54124999999999,2025-12-13 19:28:13.639528+00:00
2025-11-29 01:00:00+01:00,79.58250000000001,2025-12-13 19:28:13.639528+00:00
2025-11-29 02:00:00+01:00,78.485,2025-12-13 19:28:13.639528+00:00
2025-11-29 03:00:00+01:00,78.265,2025-12-13 19:28:13.639528+00:00
2025-11-29 04:00:00+01:00,81.26875,2025-12-13 19:28:13.639528+00:00
2025-11-29 05:00:00+01:00,84.16375,2025-12-13 19:28:13.639528+00:00
2025-11-29 06:00:00+01:00,86.4925,2025-12-13 19:28:13.639528+00:00
2025-11-29 07:00:00+01:00,92.35,2025-12-13 19:28:13.639528+00:00
2025-11-29 08:00:00+01:00,94.7525,2025-12-13 19:28:13.639528+00:00
2025-11-29 09:00:00+01:00,101.6275,2025-12-13 19:28:13.639528+00:00
2025-11-29 10:00:00+01:00,99.77125,2025-12-13 19:28:13.639528+00:00
2025-11-29 11:00:00+01:00,95.13125,2025-12-13 19:28:13.639528+00:00
2025-11-29 12:00:00+01:00,89.74875,2025-12-13 19:28:13.639528+00:00
2025-11-29 13:00:00+01:00,91.1775,2025-12-13 19:28:13.639528+00:00
2025-11-29 14:00:00+01:00,94.4325,2025-12-13 19:28:13.639528+00:00
2025-11-29 15:00:00+01:00,101.155,2025-12-13 19:28:13.639528+00:00
2025-11-29 16:00:00+01:00,102.9575,2025-12-13 19:28:13.639528+00:00
2025-11-29 17:00:00+01:00,107.1925,2025-12-13 19:28:13.639528+00:00
2025-11-29 18:00:00+01:00,100.03625,2025-12-13 19:28:13.639528+00:00
2025-11-29 19:00:00+01:00,93.355,2025-12-13 19:28:13.639528+00:00
2025-11-29 20:00:00+01:00,84.85125,2025-12-13 19:28:13.639528+00:00
2025-11-29 21:00:00+01:00,83.47375,2025-12-13 19:28:13.639528+00:00
2025-11-29 22:00:00+01:00,84.87625,2025-12-13 19:28:13.639528+00:00
2025-11-29 23:00:00+01:00,78.51375,2025-12-13 19:28:13.639528+00:00
2025-11-30 00:00:00+01:00,76.33125,2025-12-13 19:28:13.639528+00:00
2025-11-30 01:00:00+01:00,71.1275,2025-12-13 19:28:13.639528+00:00
2025-11-30 02:00:00+01:00,68.32625,2025-12-13 19:28:13.639528+00:00
2025-11-30 03:00:00+01:00,66.7575,2025-12-13 19:28:13.639528+00:00
2025-11-30 04:00:00+01:00,66.815,2025-12-13 19:28:13.639528+00:00
2025-11-30 05:00:00+01:00,70.99625,2025-12-13 19:28:13.639528+00:00
2025-11-30 06:00:00+01:00,72.08875,2025-12-13 19:28:13.639528+00:00
2025-11-30 07:00:00+01:00,74.175,2025-12-13 19:28:13.639528+00:00
2025-11-30 08:00:00+01:00,79.07,2025-12-13 19:28:13.639528+00:00
2025-11-30 09:00:00+01:00,80.98375,2025-12-13 19:28:13.639528+00:00
2025-11-30 10:00:00+01:00,83.275,2025-12-13 19:28:13.639528+00:00
2025-11-30 11:00:00+01:00,83.03875,2025-12-13 19:28:13.639528+00:00
2025-11-30 12:00:00+01:00,83.41125,2025-12-13 19:28:13.639528+00:00
2025-11-30 13:00:00+01:00,86.19,2025-12-13 19:28:13.639528+00:00
2025-11-30 14:00:00+01:00,90.71124999999999,2025-12-13 19:28:13.639528+00:00
2025-11-30 15:00:00+01:00,96.93875,2025-12-13 19:28:13.639528+00:00
2025-11-30 16:00:00+01:00,100.6525,2025-12-13 19:28:13.639528+00:00
2025-11-30 17:00:00+01:00,108.87625,2025-12-13 19:28:13.639528+00:00
2025-11-30 18:00:00+01:00,109.72625,2025-12-13 19:28:13.639528+00:00
2025-11-30 19:00:00+01:00,106.91875,2025-12-13 19:28:13.639528+00:00
2025-11-30 20:00:00+01:00,101.095,2025-12-13 19:28:13.639528+00:00
2025-11-30 21:00:00+01:00,96.40875,2025-12-13 19:28:13.639528+00:00
2025-11-30 22:00:00+01:00,94.35000000000001,2025-12-13 19:28:13.639528+00:00
2025-11-30 23:00:00+01:00,87.6625,2025-12-13 19:28:13.639528+00:00
2025-12-01 00:00:00+01:00,86.78625,2025-12-13 19:28:13.639528+00:00
2025-12-01 01:00:00+01:00,84.26,2025-12-13 19:28:13.639528+00:00
2025-12-01 02:00:00+01:00,81.12,2025-12-13 19:28:13.639528+00:00
2025-12-01 03:00:00+01:00,82.28999999999999,2025-12-13 19:28:13.639528+00:00
2025-12-01 04:00:00+01:00,80.03375,2025-12-13 19:28:13.639528+00:00
2025-12-01 05:00:00+01:00,88.13125,2025-12-13 19:28:13.639528+00:00
2025-12-01 06:00:00+01:00,97.84125,2025-12-13 19:28:13.639528+00:00
2025-12-01 07:00:00+01:00,129.94125,2025-12-13 19:28:13.639528+00:00
2025-12-01 08:00:00+01:00,138.235,2025-12-13 19:28:13.639528+00:00
2025-12-01 09:00:00+01:00,113.4425,2025-12-13 19:28:13.639528+00:00
2025-12-01 10:00:00+01:00,98.8025,2025-12-13 19:28:13.639528+00:00
2025-12-01 11:00:00+01:00,92.37375,2025-12-13 19:28:13.639528+00:00
2025-12-01 12:00:00+01:00,89.37875,2025-12-13 19:28:13.639528+00:00
2025-12-01 13:00:00+01:00,93.29875,2025-12-13 19:28:13.639528+00:00
2025-12-01 14:00:00+01:00,106.16875,2025-12-13 19:28:13.639528+00:00
2025-12-01 15:00:00+01:00,118.795,2025-12-13 19:28:13.639528+00:00
2025-12-01 16:00:00+01:00,117.2475,2025-12-13 19:28:13.639528+00:00
2025-12-01 17:00:00+01:00,106.51875,2025-12-13 19:28:13.639528+00:00
2025-12-01 18:00:00+01:00,99.24625,2025-12-13 19:28:13.639528+00:00
2025-12-01 19:00:00+01:00,91.47749999999999,2025-12-13 19:28:13.639528+00:00
2025-12-01 20:00:00+01:00,86.32,2025-12-13 19:28:13.639528+00:00
2025-12-01 21:00:00+01:00,78.375,2025-12-13 19:28:13.639528+00:00
2025-12-01 22:00:00+01:00,76.865,2025-12-13 19:28:13.639528+00:00
2025-12-01 23:00:00+01:00,69.93875,2025-12-13 19:28:13.639528+00:00
2025-12-02 00:00:00+01:00,63.34,2025-12-13 19:28:13.639528+00:00
2025-12-02 01:00:00+01:00,59.4075,2025-12-13 19:28:13.639528+00:00
2025-12-02 02:00:00+01:00,54.63625,2025-12-13 19:28:13.639528+00:00
2025-12-02 03:00:00+01:00,53.567499999999995,2025-12-13 19:28:13.639528+00:00
2025-12-02 04:00:00+01:00,54.8825,2025-12-13 19:28:13.639528+00:00
2025-12-02 05:00:00+01:00,66.37125,2025-12-13 19:28:13.639528+00:00
2025-12-02 06:00:00+01:00,76.53625,2025-12-13 19:28:13.639528+00:00
2025-12-02 07:00:00+01:00,90.145,2025-12-13 19:28:13.639528+00:00
2025-12-02 08:00:00+01:00,89.925,2025-12-13 19:28:13.639528+00:00
2025-12-02 09:00:00+01:00,89.14125,2025-12-13 19:28:13.639528+00:00
2025-12-02 10:00:00+01:00,86.25750000000001,2025-12-13 19:28:13.639528+00:00
2025-12-02 11:00:00+01:00,88.36125,2025-12-13 19:28:13.639528+00:00
2025-12-02 12:00:00+01:00,89.1425,2025-12-13 19:28:13.639528+00:00
2025-12-02 13:00:00+01:00,100.11375,2025-12-13 19:28:13.639528+00:00
2025-12-02 14:00:00+01:00,111.99875,2025-12-13 19:28:13.639528+00:00
2025-12-02 15:00:00+01:00,141.84875,2025-12-13 19:28:13.639528+00:00
2025-12-02 16:00:00+01:00,152.7275,2025-12-13 19:28:13.639528+00:00
2025-12-02 17:00:00+01:00,166.12875,2025-12-13 19:28:13.639528+00:00
2025-12-02 18:00:00+01:00,165.3525,2025-12-13 19:28:13.639528+00:00
2025-12-02 19:00:00+01:00,158.005,2025-12-13 19:28:13.639528+00:00
2025-12-02 20:00:00+01:00,143.44375,2025-12-13 19:28:13.639528+00:00
2025-12-02 21:00:00+01:00,125.34,2025-12-13 19:28:13.639528+00:00
2025-12-02 22:00:00+01:00,115.21125,2025-12-13 19:28:13.639528+00:00
2025-12-02 23:00:00+01:00,100.95125,2025-12-13 19:28:13.639528+00:00
2025-12-03 00:00:00+01:00,95.7675,2025-12-13 19:28:13.639528+00:00
2025-12-03 01:00:00+01:00,91.3375,2025-12-13 19:28:13.639528+00:00
2025-12-03 02:00:00+01:00,90.91625,2025-12-13 19:28:13.639528+00:00
2025-12-03 03:00:00+01:00,91.92625,2025-12-13 19:28:13.639528+00:00
2025-12-03 04:00:00+01:00,93.48375,2025-12-13 19:28:13.639528+00:00
2025-12-03 05:00:00+01:00,99.44125,2025-12-13 19:28:13.639528+00:00
2025-12-03 06:00:00+01:00,143.1725,2025-12-13 19:28:13.639528+00:00
2025-12-03 07:00:00+01:00,202.30875,2025-12-13 19:28:13.639528+00:00
2025-12-03 08:00:00+01:00,243.64124999999999,2025-12-13 19:28:13.639528+00:00
2025-12-03 09:00:00+01:00,215.09625,2025-12-13 19:28:13.639528+00:00
2025-12-03 10:00:00+01:00,182.93125,2025-12-13 19:28:13.639528+00:00
2025-12-03 11:00:00+01:00,167.21875,2025-12-13 19:28:13.639528+00:00
2025-12-03 12:00:00+01:00,163.3175,2025-12-13 19:28:13.639528+00:00
2025-12-03 13:00:00+01:00,170.615,2025-12-13 19:28:13.639528+00:00
2025-12-03 14:00:00+01:00,192.08125,2025-12-13 19:28:13.639528+00:00
2025-12-03 15:00:00+01:00,250.425,2025-12-13 19:28:13.639528+00:00
2025-12-03 16:00:00+01:00,332.6775,2025-12-13 19:28:13.639528+00:00
2025-12-03 17:00:00+01:00,307.09625,2025-12-13 19:28:13.639528+00:00
2025-12-03 18:00:00+01:00,216.36624999999998,2025-12-13 19:28:13.639528+00:00
2025-12-03 19:00:00+01:00,178.29625,2025-12-13 19:28:13.639528+00:00
2025-12-03 20:00:00+01:00,146.70625,2025-12-13 19:28:13.639528+00:00
2025-12-03 21:00:00+01:00,127.04124999999999,2025-12-13 19:28:13.639528+00:00
2025-12-03 22:00:00+01:00,115.98625,2025-12-13 19:28:13.639528+00:00
2025-12-03 23:00:00+01:00,104.03125,2025-12-13 19:28:13.639528+00:00
2025-12-04 00:00:00+01:00,98.04125,2025-12-13 19:28:13.639528+00:00
2025-12-04 01:00:00+01:00,94.9075,2025-12-13 19:28:13.639528+00:00
2025-12-04 02:00:00+01:00,91.66,2025-12-13 19:28:13.639528+00:00
2025-12-04 03:00:00+01:00,90.43875,2025-12-13 19:28:13.639528+00:00
2025-12-04 04:00:00+01:00,92.24000000000001,2025-12-13 19:28:13.639528+00:00
2025-12-04 05:00:00+01:00,97.83375,2025-12-13 19:28:13.639528+00:00
2025-12-04 06:00:00+01:00,123.28375,2025-12-13 19:28:13.639528+00:00
2025-12-04 07:00:00+01:00,147.62875,2025-12-13 19:28:13.639528+00:00
2025-12-04 08:00:00+01:00,162.7075,2025-12-13 19:28:13.639528+00:00
2025-12-04 09:00:00+01:00,165.1925,2025-12-13 19:28:13.639528+00:00
2025-12-04 10:00:00+01:00,144.71625,2025-12-13 19:28:13.639528+00:00
2025-12-04 11:00:00+01:00,143.87625,2025-12-13 19:28:13.639528+00:00
2025-12-04 12:00:00+01:00,136.97875,2025-12-13 19:28:13.639528+00:00
2025-12-04 13:00:00+01:00,138.94,2025-12-13 19:28:13.639528+00:00
2025-12-04 14:00:00+01:00,148.14249999999998,2025-12-13 19:28:13.639528+00:00
2025-12-04 15:00:00+01:00,156.775,2025-12-13 19:28:13.639528+00:00
2025-12-04 16:00:00+01:00,158.68375,2025-12-13 19:28:13.639528+00:00
2025-12-04 17:00:00+01:00,157.92875,2025-12-13 19:28:13.639528+00:00
2025-12-04 18:00:00+01:00,144.4625,2025-12-13 19:28:13.639528+00:00
2025-12-04 19:00:00+01:00,134.47,2025-12-13 19:28:13.639528+00:00
2025-12-04 20:00:00+01:00,121.55,2025-12-13 19:28:13.639528+00:00
2025-12-04 21:00:00+01:00,107.37625,2025-12-13 19:28:13.639528+00:00
2025-12-04 22:00:00+01:00,105.745,2025-12-13 19:28:13.639528+00:00
2025-12-04 23:00:00+01:00,96.86125,2025-12-13 19:28:13.639528+00:00
2025-12-05 00:00:00+01:00,95.63374999999999,2025-12-13 19:28:13.639528+00:00
2025-12-05 01:00:00+01:00,92.29375,2025-12-13 19:28:13.639528+00:00
2025-12-05 02:00:00+01:00,90.32625,2025-12-13 19:28:13.639528+00:00
2025-12-05 03:00:00+01:00,90.17875000000001,2025-12-13 19:28:13.639528+00:00
2025-12-05 04:00:00+01:00,93.135,2025-12-13 19:28:13.639528+00:00
2025-12-05 05:00:00+01:00,99.225,2025-12-13 19:28:13.639528+00:00
2025-12-05 06:00:00+01:00,127.075,2025-12-13 19:28:13.639528+00:00
2025-12-05 07:00:00+01:00,166.87625,2025-12-13 19:28:13.639528+00:00
2025-12-05 08:00:00+01:00,211.41625,2025-12-13 19:28:13.639528+00:00
2025-12-05 09:00:00+01:00,205.83,2025-12-13 19:28:13.639528+00:00
2025-12-05 10:00:00+01:00,185.14375,2025-12-13 19:28:13.639528+00:00
2025-12-05 11:00:00+01:00,182.79,2025-12-13 19:28:13.639528+00:00
2025-12-05 12:00:00+01:00,174.42000000000002,2025-12-13 19:28:13.639528+00:00
2025-12-05 13:00:00+01:00,169.15375,2025-12-13 19:28:13.639528+00:00
2025-12-05 14:00:00+01:00,169.48375,2025-12-13 19:28:13.639528+00:00
2025-12-05 15:00:00+01:00,180.55,2025-12-13 19:28:13.639528+00:00
2025-12-05 16:00:00+01:00,186.55375,2025-12-13 19:28:13.639528+00:00
2025-12-05 17:00:00+01:00,177.02249999999998,2025-12-13 19:28:13.639528+00:00
2025-12-05 18:00:00+01:00,155.8175,2025-12-13 19:28:13.639528+00:00
2025-12-05 19:00:00+01:00,132.97,2025-12-13 19:28:13.639528+00:00
2025-12-05 20:00:00+01:00,120.62375,2025-12-13 19:28:13.639528+00:00
2025-12-05 21:00:00+01:00,101.11,2025-12-13 19:28:13.639528+00:00
2025-12-05 22:00:00+01:00,94.6925,2025-12-13 19:28:13.639528+00:00
2025-12-05 23:00:00+01:00,84.86,2025-12-13 19:28:13.639528+00:00
2025-12-06 00:00:00+01:00,82.02625,2025-12-13 19:28:13.639528+00:00
2025-12-06 01:00:00+01:00,78.1225,2025-12-13 19:28:13.639528+00:00
2025-12-06 02:00:00+01:00,73.815,2025-12-13 19:28:13.639528+00:00
2025-12-06 03:00:00+01:00,70.23375,2025-12-13 19:28:13.639528+00:00
2025-12-06 04:00:00+01:00,64.8275,2025-12-13 19:28:13.639528+00:00
2025-12-06 05:00:00+01:00,62.41375,2025-12-13 19:28:13.639528+00:00
2025-12-06 06:00:00+01:00,62.82875,2025-12-13 19:28:13.639528+00:00
2025-12-06 07:00:00+01:00,68.4125,2025-12-13 19:28:13.639528+00:00
2025-12-06 08:00:00+01:00,76.68875,2025-12-13 19:28:13.639528+00:00
2025-12-06 09:00:00+01:00,80.02,2025-12-13 19:28:13.639528+00:00
2025-12-06 10:00:00+01:00,81.06875,2025-12-13 19:28:13.639528+00:00
2025-12-06 11:00:00+01:00,81.2925,2025-12-13 19:28:13.639528+00:00
2025-12-06 12:00:00+01:00,81.55625,2025-12-13 19:28:13.639528+00:00
2025-12-06 13:00:00+01:00,82.35125,2025-12-13 19:28:13.639528+00:00
2025-12-06 14:00:00+01:00,85.8875,2025-12-13 19:28:13.639528+00:00
2025-12-06 15:00:00+01:00,89.06125,2025-12-13 19:28:13.639528+00:00
2025-12-06 16:00:00+01:00,94.4425,2025-12-13 19:28:13.639528+00:00
2025-12-06 17:00:00+01:00,95.435,2025-12-13 19:28:13.639528+00:00
2025-12-06 18:00:00+01:00,90.59,2025-12-13 19:28:13.639528+00:00
2025-12-06 19:00:00+01:00,86.4425,2025-12-13 19:28:13.639528+00:00
2025-12-06 20:00:00+01:00,81.13375,2025-12-13 19:28:13.639528+00:00
2025-12-06 21:00:00+01:00,77.85125,2025-12-13 19:28:13.639528+00:00
2025-12-06 22:00:00+01:00,76.60125000000001,2025-12-13 19:28:13.639528+00:00
2025-12-06 23:00:00+01:00,70.49000000000001,2025-12-13 19:28:13.639528+00:00
2025-12-07 00:00:00+01:00,64.66375,2025-12-13 19:28:13.639528+00:00
2025-12-07 01:00:00+01:00,58.99875,2025-12-13 19:28:13.639528+00:00
2025-12-07 02:00:00+01:00,56.72125,2025-12-13 19:28:13.639528+00:00
2025-12-07 03:00:00+01:00,56.07875,2025-12-13 19:28:13.639528+00:00
2025-12-07 04:00:00+01:00,59.13625,2025-12-13 19:28:13.639528+00:00
2025-12-07 05:00:00+01:00,62.2275,2025-12-13 19:28:13.639528+00:00
2025-12-07 06:00:00+01:00,65.73125,2025-12-13 19:28:13.639528+00:00
2025-12-07 07:00:00+01:00,73.325,2025-12-13 19:28:13.639528+00:00
2025-12-07 08:00:00+01:00,77.38625,2025-12-13 19:28:13.639528+00:00
2025-12-07 09:00:00+01:00,84.2475,2025-12-13 19:28:13.639528+00:00
2025-12-07 10:00:00+01:00,88.01375,2025-12-13 19:28:13.639528+00:00
2025-12-07 11:00:00+01:00,89.445,2025-12-13 19:28:13.639528+00:00
2025-12-07 12:00:00+01:00,93.2675,2025-12-13 19:28:13.639528+00:00
2025-12-07 13:00:00+01:00,95.33125,2025-12-13 19:28:13.639528+00:00
2025-12-07 14:00:00+01:00,100.285,2025-12-13 19:28:13.639528+00:00
2025-12-07 15:00:00+01:00,103.90125,2025-12-13 19:28:13.639528+00:00
2025-12-07 16:00:00+01:00,110.1025,2025-12-13 19:28:13.639528+00:00
2025-12-07 17:00:00+01:00,108.86125,2025-12-13 19:28:13.639528+00:00
2025-12-07 18:00:00+01:00,101.72125,2025-12-13 19:28:13.639528+00:00
2025-12-07 19:00:00+01:00,91.3925,2025-12-13 19:28:13.639528+00:00
2025-12-07 20:00:00+01:00,85.285,2025-12-13 19:28:13.639528+00:00
2025-12-07 21:00:00+01:00,77.215,2025-12-13 19:28:13.639528+00:00
2025-12-07 22:00:00+01:00,68.94375,2025-12-13 19:28:13.639528+00:00
2025-12-07 23:00:00+01:00,48.87375,2025-12-13 19:28:13.639528+00:00
2025-12-08 00:00:00+01:00,28.127499999999998,2025-12-13 19:28:13.639528+00:00
2025-12-08 01:00:00+01:00,24.47375,2025-12-13 19:28:13.639528+00:00
2025-12-08 02:00:00+01:00,18.755,2025-12-13 19:28:13.639528+00:00
2025-12-08 03:00:00+01:00,12.4925,2025-12-13 19:28:13.639528+00:00
2025-12-08 04:00:00+01:00,14.43125,2025-12-13 19:28:13.639528+00:00
2025-12-08 05:00:00+01:00,29.37875,2025-12-13 19:28:13.639528+00:00
2025-12-08 06:00:00+01:00,56.0375,2025-12-13 19:28:13.639528+00:00
2025-12-08 07:00:00+01:00,79.22,2025-12-13 19:28:13.639528+00:00
2025-12-08 08:00:00+01:00,87.30625,2025-12-13 19:28:13.639528+00:00
2025-12-08 09:00:00+01:00,85.785,2025-12-13 19:28:13.639528+00:00
2025-12-08 10:00:00+01:00,80.21875,2025-12-13 19:28:13.639528+00:00
2025-12-08 11:00:00+01:00,76.49625,2025-12-13 19:28:13.639528+00:00
2025-12-08 12:00:00+01:00,74.0725,2025-12-13 19:28:13.639528+00:00
2025-12-08 13:00:00+01:00,79.8,2025-12-13 19:28:13.639528+00:00
2025-12-08 14:00:00+01:00,87.55,2025-12-13 19:28:13.639528+00:00
2025-12-08 15:00:00+01:00,94.42375,2025-12-13 19:28:13.639528+00:00
2025-12-08 16:00:00+01:00,97.18875,2025-12-13 19:28:13.639528+00:00
2025-12-08 17:00:00+01:00,104.025,2025-12-13 19:28:13.639528+00:00
2025-12-08 18:00:00+01:00,99.51375,2025-12-13 19:28:13.639528+00:00
2025-12-08 19:00:00+01:00,95.0175,2025-12-13 19:28:13.639528+00:00
2025-12-08 20:00:00+01:00,88.87125,2025-12-13 19:28:13.639528+00:00
2025-12-08 21:00:00+01:00,83.3775,2025-12-13 19:28:13.639528+00:00
2025-12-08 22:00:00+01:00,79.55,2025-12-13 19:28:13.639528+00:00
2025-12-08 23:00:00+01:00,71.97625000000001,2025-12-13 19:28:13.639528+00:00
2025-12-09 00:00:00+01:00,73.165,2025-12-13 19:28:13.639528+00:00
2025-12-09 01:00:00+01:00,71.75,2025-12-13 19:28:13.639528+00:00
2025-12-09 02:00:00+01:00,71.115,2025-12-13 19:28:13.639528+00:00
2025-12-09 03:00:00+01:00,74.8225,2025-12-13 19:28:13.639528+00:00
2025-12-09 04:00:00+01:00,76.38375,2025-12-13 19:28:13.639528+00:00
2025-12-09 05:00:00+01:00,81.14750000000001,2025-12-13 19:28:13.639528+00:00
2025-12-09 06:00:00+01:00,97.9075,2025-12-13 19:28:13.639528+00:00
2025-12-09 07:00:00+01:00,108.5425,2025-12-13 19:28:13.639528+00:00
2025-12-09 08:00:00+01:00,125.30125,2025-12-13 19:28:13.639528+00:00
2025-12-09 09:00:00+01:00,108.6325,2025-12-13 19:28:13.639528+00:00
2025-12-09 10:00:00+01:00,100.9975,2025-12-13 19:28:13.639528+00:00
2025-12-09 11:00:00+01:00,97.565,2025-12-13 19:28:13.639528+00:00
2025-12-09 12:00:00+01:00,94.08125,2025-12-13 19:28:13.639528+00:00
2025-12-09 13:00:00+01:00,96.4125,2025-12-13 19:28:13.639528+00:00
2025-12-09 14:00:00+01:00,98.99374999999999,2025-12-13 19:28:13.639528+00:00
2025-12-09 15:00:00+01:00,106.05499999999999,2025-12-13 19:28:13.639528+00:00
2025-12-09 16:00:00+01:00,107.27375,2025-12-13 19:28:13.639528+00:00
2025-12-09 17:00:00+01:00,107.735,2025-12-13 19:28:13.639528+00:00
2025-12-09 18:00:00+01:00,98.10374999999999,2025-12-13 19:28:13.639528+00:00
2025-12-09 19:00:00+01:00,88.45125,2025-12-13 19:28:13.639528+00:00
2025-12-09 20:00:00+01:00,85.96625,2025-12-13 19:28:13.639528+00:00
2025-12-09 21:00:00+01:00,79.68625,2025-12-13 19:28:13.639528+00:00
2025-12-09 22:00:00+01:00,72.66375000000001,2025-12-13 19:28:13.639528+00:00
2025-12-09 23:00:00+01:00,59.575,2025-12-13 19:28:13.639528+00:00
2025-12-10 00:00:00+01:00,47.995,2025-12-13 19:28:13.639528+00:00
2025-12-10 01:00:00+01:00,40.18625,2025-12-13 19:28:13.639528+00:00
2025-12-10 02:00:00+01:00,36.723749999999995,2025-12-13 19:28:13.639528+00:00
2025-12-10 03:00:00+01:00,38.9025,2025-12-13 19:28:13.639528+00:00
2025-12-10 04:00:00+01:00,51.05,2025-12-13 19:28:13.639528+00:00
2025-12-10 05:00:00+01:00,67.30625,2025-12-13 19:28:13.639528+00:00
2025-12-10 06:00:00+01:00,80.51,2025-12-13 19:28:13.639528+00:00
2025-12-10 07:00:00+01:00,92.89875,2025-12-13 19:28:13.639528+00:00
2025-12-10 08:00:00+01:00,100.34125,2025-12-13 19:28:13.639528+00:00
2025-12-10 09:00:00+01:00,96.51375,2025-12-13 19:28:13.639528+00:00
2025-12-10 10:00:00+01:00,89.26375,2025-12-13 19:28:13.639528+00:00
2025-12-10 11:00:00+01:00,84.3875,2025-12-13 19:28:13.639528+00:00
2025-12-10 12:00:00+01:00,83.33875,2025-12-13 19:28:13.639528+00:00
2025-12-10 13:00:00+01:00,85.27125,2025-12-13 19:28:13.639528+00:00
2025-12-10 14:00:00+01:00,92.19875,2025-12-13 19:28:13.639528+00:00
2025-12-10 15:00:00+01:00,101.79875,2025-12-13 19:28:13.639528+00:00
2025-12-10 16:00:00+01:00,104.89875,2025-12-13 19:28:13.639528+00:00
2025-12-10 17:00:00+01:00,105.72875,2025-12-13 19:28:13.639528+00:00
2025-12-10 18:00:00+01:00,104.96875,2025-12-13 19:28:13.639528+00:00
2025-12-10 19:00:00+01:00,95.765,2025-12-13 19:28:13.639528+00:00
2025-12-10 20:00:00+01:00,88.935,2025-12-13 19:28:13.639528+00:00
2025-12-10 21:00:00+01:00,85.6275,2025-12-13 19:28:13.639528+00:00
2025-12-10 22:00:00+01:00,84.24125000000001,2025-12-13 19:28:13.639528+00:00
2025-12-10 23:00:00+01:00,76.17125,2025-12-13 19:28:13.639528+00:00
2025-12-11 00:00:00+01:00,72.09375,2025-12-13 19:28:13.639528+00:00
2025-12-11 01:00:00+01:00,68.8775,2025-12-13 19:28:13.639528+00:00
2025-12-11 02:00:00+01:00,68.2625,2025-12-13 19:28:13.639528+00:00
2025-12-11 03:00:00+01:00,70.48625,2025-12-13 19:28:13.639528+00:00
2025-12-11 04:00:00+01:00,73.9625,2025-12-13 19:28:13.639528+00:00
2025-12-11 05:00:00+01:00,79.47375,2025-12-13 19:28:13.639528+00:00
2025-12-11 06:00:00+01:00,88.25874999999999,2025-12-13 19:28:13.639528+00:00
2025-12-11 07:00:00+01:00,99.205,2025-12-13 19:28:13.639528+00:00
2025-12-11 08:00:00+01:00,109.52875,2025-12-13 19:28:13.639528+00:00
2025-12-11 09:00:00+01:00,105.4925,2025-12-13 19:28:13.639528+00:00
2025-12-11 10:00:00+01:00,92.94,2025-12-13 19:28:13.639528+00:00
2025-12-11 11:00:00+01:00,90.5,2025-12-13 19:28:13.639528+00:00
2025-12-11 12:00:00+01:00,89.22875,2025-12-13 19:28:13.639528+00:00
2025-12-11 13:00:00+01:00,90.81,2025-12-13 19:28:13.639528+00:00
2025-12-11 14:00:00+01:00,99.795,2025-12-13 19:28:13.639528+00:00
2025-12-11 15:00:00+01:00,110.8275,2025-12-13 19:28:13.639528+00:00
2025-12-11 16:00:00+01:00,116.69875,2025-12-13 19:28:13.639528+00:00
2025-12-11 17:00:00+01:00,119.2025,2025-12-13 19:28:13.639528+00:00
2025-12-11 18:00:00+01:00,117.3575,2025-12-13 19:28:13.639528+00:00
2025-12-11 19:00:00+01:00,112.4825,2025-12-13 19:28:13.639528+00:00
2025-12-11 20:00:00+01:00,106.225,2025-12-13 19:28:13.639528+00:00
2025-12-11 21:00:00+01:00,97.26625,2025-12-13 19:28:13.639528+00:00
2025-12-11 22:00:00+01:00,97.96375,2025-12-13 19:28:13.639528+00:00
2025-12-11 23:00:00+01:00,96.5425,2025-12-13 19:28:13.639528+00:00
2025-12-12 00:00:00+01:00,83.78999999999999,2025-12-13 19:28:13.639528+00:00
2025-12-12 01:00:00+01:00,86.65875,2025-12-13 19:28:13.639528+00:00
2025-12-12 02:00:00+01:00,87.80125,2025-12-13 19:28:13.639528+00:00
2025-12-12 03:00:00+01:00,86.43,2025-12-13 19:28:13.639528+00:00
2025-12-12 04:00:00+01:00,88.125,2025-12-13 19:28:13.639528+00:00
2025-12-12 05:00:00+01:00,91.785,2025-12-13 19:28:13.639528+00:00
2025-12-12 06:00:00+01:00,107.16375,2025-12-13 19:28:13.639528+00:00
2025-12-12 07:00:00+01:00,127.76125,2025-12-13 19:28:13.639528+00:00
2025-12-12 08:00:00+01:00,134.17000000000002,2025-12-13 19:28:13.639528+00:00
2025-12-12 09:00:00+01:00,129.49625,2025-12-13 19:28:13.639528+00:00
2025-12-12 10:00:00+01:00,122.07625,2025-12-13 19:28:13.639528+00:00
2025-12-12 11:00:00+01:00,118.85875,2025-12-13 19:28:13.639528+00:00
2025-12-12 12:00:00+01:00,116.0175,2025-12-13 19:28:13.639528+00:00
2025-12-12 13:00:00+01:00,116.03125,2025-12-13 19:28:13.639528+00:00
2025-12-12 14:00:00+01:00,125.46625,2025-12-13 19:28:13.639528+00:00
2025-12-12 15:00:00+01:00,138.8225,2025-12-13 19:28:13.639528+00:00
2025-12-12 16:00:00+01:00,152.14375,2025-12-13 19:28:13.639528+00:00
2025-12-12 17:00:00+01:00,150.19,2025-12-13 19:28:13.639528+00:00
2025-12-12 18:00:00+01:00,137.6675,2025-12-13 19:28:13.639528+00:00
2025-12-12 19:00:00+01:00,129.72875,2025-12-13 19:28:13.639528+00:00
2025-12-12 20:00:00+01:00,120.4825,2025-12-13 19:28:13.639528+00:00
2025-12-12 21:00:00+01:00,111.36375,2025-12-13 19:28:13.639528+00:00
2025-12-12 22:00:00+01:00,103.13375,2025-12-13 19:28:13.639528+00:00
2025-12-12 23:00:00+01:00,93.05375000000001,2025-12-13 19:28:13.639528+00:00
2025-12-13 00:00:00+01:00,93.14,2025-12-13 19:28:13.639528+00:00
2025-12-13 01:00:00+01:00,90.35125,2025-12-13 19:28:13.639528+00:00
2025-12-13 02:00:00+01:00,88.49625,2025-12-13 19:28:13.639528+00:00
2025-12-13 03:00:00+01:00,87.37375,2025-12-13 19:28:13.639528+00:00
2025-12-13 04:00:00+01:00,85.41875,2025-12-13 19:28:13.639528+00:00
2025-12-13 05:00:00+01:00,86.39874999999999,2025-12-13 19:28:13.639528+00:00
2025-12-13 06:00:00+01:00,85.20375,2025-12-13 19:28:13.639528+00:00
2025-12-13 07:00:00+01:00,88.15875,2025-12-13 19:28:13.639528+00:00
2025-12-13 08:00:00+01:00,100.71625,2025-12-13 19:28:13.639528+00:00
2025-12-13 09:00:00+01:00,106.59125,2025-12-13 19:28:13.639528+00:00
2025-12-13 10:00:00+01:00,101.8,2025-12-13 19:28:13.639528+00:00
2025-12-13 11:00:00+01:00,98.22625,2025-12-13 19:28:13.639528+00:00
2025-12-13 12:00:00+01:00,93.87875,2025-12-13 19:28:13.639528+00:00
2025-12-13 13:00:00+01:00,94.26375,2025-12-13 19:28:13.639528+00:00
2025-12-13 14:00:00+01:00,97.8775,2025-12-13 19:28:13.639528+00:00
2025-12-13 15:00:00+01:00,112.025,2025-12-13 19:28:13.639528+00:00
2025-12-13 16:00:00+01:00,117.82625,2025-12-13 19:28:13.639528+00:00
2025-12-13 17:00:00+01:00,118.37,2025-12-13 19:28:13.639528+00:00
2025-12-13 18:00:00+01:00,112.71,2025-12-13 19:28:13.639528+00:00
2025-12-13 19:00:00+01:00,103.22125,2025-12-13 19:28:13.639528+00:00
2025-12-13 20:00:00+01:00,92.95125,2025-12-13 19:28:13.639528+00:00
2025-12-13 21:00:00+01:00,89.585,2025-12-13 19:28:13.639528+00:00
2025-12-13 22:00:00+01:00,89.3925,2025-12-13 19:28:13.639528+00:00
2025-12-13 23:00:00+01:00,82.74375,2025-12-13 19:28:13.639528+00:00
2025-12-14 00:00:00+01:00,82.75,2025-12-13 19:28:13.639528+00:00
2025-12-14 01:00:00+01:00,78.5975,2025-12-13 19:28:13.639528+00:00
2025-12-14 02:00:00+01:00,75.545,2025-12-13 19:28:13.639528+00:00
2025-12-14 03:00:00+01:00,73.4,2025-12-13 19:28:13.639528+00:00
2025-12-14 04:00:00+01:00,72.3,2025-12-13 19:28:13.639528+00:00
2025-12-14 05:00:00+01:00,70.055,2025-12-13 19:28:13.639528+00:00
2025-12-14 06:00:00+01:00,71.32000000000001,2025-12-13 19:28:13.639528+00:00
2025-12-14 07:00:00+01:00,73.91749999999999,2025-12-13 19:28:13.639528+00:00
2025-12-14 08:00:00+01:00,78.44,2025-12-13 19:28:13.639528+00:00
2025-12-14 09:00:00+01:00,81.115,2025-12-13 19:28:13.639528+00:00
2025-12-14 10:00:00+01:00,81.05,2025-12-13 19:28:13.639528+00:00
2025-12-14 11:00:00+01:00,78.03,2025-12-13 19:28:13.639528+00:00
2025-12-14 12:00:00+01:00,77.59,2025-12-13 19:28:13.639528+00:00
2025-12-14 13:00:00+01:00,77.0325,2025-12-13 19:28:13.639528+00:00
2025-12-14 14:00:00+01:00,82.9025,2025-12-13 19:28:13.639528+00:00
2025-12-14 15:00:00+01:00,90.2975,2025-12-13 19:28:13.639528+00:00
2025-12-14 16:00:00+01:00,93.39750000000001,2025-12-13 19:28:13.639528+00:00
2025-12-14 17:00:00+01:00,95.7025,2025-12-13 19:28:13.639528+00:00
2025-12-14 18:00:00+01:00,92.1275,2025-12-13 19:28:13.639528+00:00
2025-12-14 19:00:00+01:00,89.935,2025-12-13 19:28:13.639528+00:00
2025-12-14 20:00:00+01:00,82.5975,2025-12-13 19:28:13.639528+00:00
2025-12-14 21:00:00+01:00,80.1325,2025-12-13 19:28:13.639528+00:00
2025-12-14 22:00:00+01:00,78.3875,2025-12-13 19:28:13.639528+00:00
2025-12-14 23:00:00+01:00,72.9975,2025-12-13 19:28:13.639528+00:00
2025-12-15 00:00:00+01:00,70.88,2025-12-13 19:28:13.639528+00:00
2025-12-15 01:00:00+01:00,69.88,2025-12-13 19:28:13.639528+00:00
2025-12-15 02:00:00+01:00,66.74000000000001,2025-12-13 19:28:13.639528+00:00
2025-12-15 03:00:00+01:00,69.75750000000001,2025-12-13 19:28:13.639528+00:00
2025-12-15 04:00:00+01:00,72.0,2025-12-13 19:28:13.639528+00:00
2025-12-15 05:00:00+01:00,80.0,2025-12-13 19:28:13.639528+00:00
2025-12-15 06:00:00+01:00,94.09,2025-12-13 19:28:13.639528+00:00
2025-12-15 07:00:00+01:00,111.8375,2025-12-13 19:28:13.639528+00:00
2025-12-15 08:00:00+01:00,118.5825,2025-12-13 19:28:13.639528+00:00
2025-12-15 09:00:00+01:00,110.5325,2025-12-13 19:28:13.639528+00:00
2025-12-15 10:00:00+01:00,97.8,2025-12-13 19:28:13.639528+00:00
2025-12-15 11:00:00+01:00,93.8375,2025-12-13 19:28:13.639528+00:00
2025-12-15 12:00:00+01:00,88.295,2025-12-13 19:28:13.639528+00:00
2025-12-15 13:00:00+01:00,93.085,2025-12-13 19:28:13.639528+00:00
2025-12-15 14:00:00+01:00,105.43,2025-12-13 19:28:13.639528+00:00
2025-12-15 15:00:00+01:00,118.65,2025-12-13 19:28:13.639528+00:00
2025-12-15 16:00:00+01:00,120.3875,2025-12-13 19:28:13.639528+00:00
2025-12-15 17:00:00+01:00,121.315,2025-12-13 19:28:13.639528+00:00
2025-12-15 18:00:00+01:00,115.825,2025-12-13 19:28:13.639528+00:00
2025-12-15 19:00:00+01:00,106.0,2025-12-13 19:28:13.639528+00:00
2025-12-15 20:00:00+01:00,99.09,2025-12-13 19:28:13.639528+00:00
2025-12-15 21:00:00+01:00,90.0875,2025-12-13 19:28:13.639528+00:00
2025-12-15 22:00:00+01:00,87.8325,2025-12-13 19:28:13.639528+00:00
2025-12-15 23:00:00+01:00,83.0,2025-12-13 19:28:13.639528+00:00
