start_time,Actual Total Load (MW),Day-ahead Total Load Forecast (MW),ingested_at
2025-01-01 00:00:00+01:00,48221.42,44968.7425,2025-12-13 09:34:08.228144+00:00
2025-01-01 01:00:00+01:00,47328.2275,42703.85,2025-12-13 09:34:08.228144+00:00
2025-01-01 02:00:00+01:00,46243.6575,41517.7475,2025-12-13 09:34:08.228144+00:00
2025-01-01 03:00:00+01:00,45051.7875,41218.3725,2025-12-13 09:34:08.228144+00:00
2025-01-01 04:00:00+01:00,44047.7075,41086.0,2025-12-13 09:34:08.228144+00:00
2025-01-01 05:00:00+01:00,44260.9475,41617.4925,2025-12-13 09:34:08.228144+00:00
2025-01-01 06:00:00+01:00,43607.375,41791.435,2025-12-13 09:34:08.228144+00:00
2025-01-01 07:00:00+01:00,43972.505000000005,43467.0775,2025-12-13 09:34:08.228144+00:00
2025-01-01 08:00:00+01:00,46112.33,46091.3,2025-12-13 09:34:08.228144+00:00
2025-01-01 09:00:00+01:00,48140.42,50369.67,2025-12-13 09:34:08.228144+00:00
2025-01-01 10:00:00+01:00,50565.212499999994,52410.61,2025-12-13 09:34:08.228144+00:00
2025-01-01 11:00:00+01:00,52587.435,53911.1675,2025-12-13 09:34:08.228144+00:00
2025-01-01 12:00:00+01:00,53643.965,53639.905,2025-12-13 09:34:08.228144+00:00
2025-01-01 13:00:00+01:00,52376.16,52518.325,2025-12-13 09:34:08.228144+00:00
2025-01-01 14:00:00+01:00,51265.0475,51345.635,2025-12-13 09:34:08.228144+00:00
2025-01-01 15:00:00+01:00,52331.72,50755.1725,2025-12-13 09:34:08.228144+00:00
2025-01-01 16:00:00+01:00,54438.6425,51476.8775,2025-12-13 09:34:08.228144+00:00
2025-01-01 17:00:00+01:00,56308.395000000004,53499.4,2025-12-13 09:34:08.228144+00:00
2025-01-01 18:00:00+01:00,56467.6125,54773.7825,2025-12-13 09:34:08.228144+00:00
2025-01-01 19:00:00+01:00,55292.5625,53912.7975,2025-12-13 09:34:08.228144+00:00
2025-01-01 20:00:00+01:00,53044.67,51476.835,2025-12-13 09:34:08.228144+00:00
2025-01-01 21:00:00+01:00,51180.6025,49667.177500000005,2025-12-13 09:34:08.228144+00:00
2025-01-01 22:00:00+01:00,49082.14,49758.215,2025-12-13 09:34:08.228144+00:00
2025-01-01 23:00:00+01:00,46463.3425,47586.9225,2025-12-13 09:34:08.228144+00:00
2025-01-02 00:00:00+01:00,44541.979999999996,45446.17,2025-12-13 09:34:08.228144+00:00
2025-01-02 01:00:00+01:00,42473.677500000005,43665.0575,2025-12-13 09:34:08.228144+00:00
2025-01-02 02:00:00+01:00,41645.75,42926.755000000005,2025-12-13 09:34:08.228144+00:00
2025-01-02 03:00:00+01:00,41957.0775,43361.9825,2025-12-13 09:34:08.228144+00:00
2025-01-02 04:00:00+01:00,42479.1375,45143.744999999995,2025-12-13 09:34:08.228144+00:00
2025-01-02 05:00:00+01:00,44507.6875,48983.3425,2025-12-13 09:34:08.228144+00:00
2025-01-02 06:00:00+01:00,50022.025,55126.335,2025-12-13 09:34:08.228144+00:00
2025-01-02 07:00:00+01:00,54174.925,59184.25,2025-12-13 09:34:08.228144+00:00
2025-01-02 08:00:00+01:00,57654.537500000006,61819.2625,2025-12-13 09:34:08.228144+00:00
2025-01-02 09:00:00+01:00,59891.85,63602.8025,2025-12-13 09:34:08.228144+00:00
2025-01-02 10:00:00+01:00,60556.34,64819.665,2025-12-13 09:34:08.228144+00:00
2025-01-02 11:00:00+01:00,61615.2425,65527.2325,2025-12-13 09:34:08.228144+00:00
2025-01-02 12:00:00+01:00,62308.545,65386.6775,2025-12-13 09:34:08.228144+00:00
2025-01-02 13:00:00+01:00,61812.354999999996,64762.0025,2025-12-13 09:34:08.228144+00:00
2025-01-02 14:00:00+01:00,60523.735,63121.6425,2025-12-13 09:34:08.228144+00:00
2025-01-02 15:00:00+01:00,60243.39,61942.045,2025-12-13 09:34:08.228144+00:00
2025-01-02 16:00:00+01:00,61307.527500000004,62583.3875,2025-12-13 09:34:08.228144+00:00
2025-01-02 17:00:00+01:00,63478.085,64500.015,2025-12-13 09:34:08.228144+00:00
2025-01-02 18:00:00+01:00,63574.222499999996,64823.255000000005,2025-12-13 09:34:08.228144+00:00
2025-01-02 19:00:00+01:00,62574.3275,63796.8025,2025-12-13 09:34:08.228144+00:00
2025-01-02 20:00:00+01:00,59515.175,60361.515,2025-12-13 09:34:08.228144+00:00
2025-01-02 21:00:00+01:00,56917.6125,56842.685,2025-12-13 09:34:08.228144+00:00
2025-01-02 22:00:00+01:00,54699.7675,54029.605,2025-12-13 09:34:08.228144+00:00
2025-01-02 23:00:00+01:00,51316.4925,51081.2775,2025-12-13 09:34:08.228144+00:00
2025-01-03 00:00:00+01:00,48141.1475,49157.42,2025-12-13 09:34:08.228144+00:00
2025-01-03 01:00:00+01:00,46421.93,47437.955,2025-12-13 09:34:08.228144+00:00
2025-01-03 02:00:00+01:00,46044.005,46399.4775,2025-12-13 09:34:08.228144+00:00
2025-01-03 03:00:00+01:00,46316.0725,46800.165,2025-12-13 09:34:08.228144+00:00
2025-01-03 04:00:00+01:00,47615.8625,48342.3825,2025-12-13 09:34:08.228144+00:00
2025-01-03 05:00:00+01:00,49683.8725,51297.8375,2025-12-13 09:34:08.228144+00:00
2025-01-03 06:00:00+01:00,53196.595,56776.707500000004,2025-12-13 09:34:08.228144+00:00
2025-01-03 07:00:00+01:00,56663.265,61000.7825,2025-12-13 09:34:08.228144+00:00
2025-01-03 08:00:00+01:00,59765.675,63708.0,2025-12-13 09:34:08.228144+00:00
2025-01-03 09:00:00+01:00,61346.785,64846.0225,2025-12-13 09:34:08.228144+00:00
2025-01-03 10:00:00+01:00,62539.29,65700.0375,2025-12-13 09:34:08.228144+00:00
2025-01-03 11:00:00+01:00,63496.0525,65995.3775,2025-12-13 09:34:08.228144+00:00
2025-01-03 12:00:00+01:00,64086.2725,65560.22,2025-12-13 09:34:08.228144+00:00
2025-01-03 13:00:00+01:00,63026.4625,64271.317500000005,2025-12-13 09:34:08.228144+00:00
2025-01-03 14:00:00+01:00,62687.2475,62404.4475,2025-12-13 09:34:08.228144+00:00
2025-01-03 15:00:00+01:00,62786.7175,61139.15,2025-12-13 09:34:08.228144+00:00
2025-01-03 16:00:00+01:00,63738.4875,61850.1625,2025-12-13 09:34:08.228144+00:00
2025-01-03 17:00:00+01:00,66040.7825,64381.104999999996,2025-12-13 09:34:08.228144+00:00
2025-01-03 18:00:00+01:00,65097.3775,64640.1775,2025-12-13 09:34:08.228144+00:00
2025-01-03 19:00:00+01:00,63548.68,62577.935,2025-12-13 09:34:08.228144+00:00
2025-01-03 20:00:00+01:00,60716.0425,59068.2475,2025-12-13 09:34:08.228144+00:00
2025-01-03 21:00:00+01:00,58761.53,55787.9875,2025-12-13 09:34:08.228144+00:00
2025-01-03 22:00:00+01:00,56050.6925,53171.5275,2025-12-13 09:34:08.228144+00:00
2025-01-03 23:00:00+01:00,53301.3275,50073.645000000004,2025-12-13 09:34:08.228144+00:00
2025-01-04 00:00:00+01:00,50777.2525,48153.19,2025-12-13 09:34:08.228144+00:00
2025-01-04 01:00:00+01:00,48874.295,46438.0,2025-12-13 09:34:08.228144+00:00
2025-01-04 02:00:00+01:00,46694.3975,45239.9725,2025-12-13 09:34:08.228144+00:00
2025-01-04 03:00:00+01:00,45568.832500000004,44403.4675,2025-12-13 09:34:08.228144+00:00
2025-01-04 04:00:00+01:00,44789.295,44725.1725,2025-12-13 09:34:08.228144+00:00
2025-01-04 05:00:00+01:00,44523.345,44954.4725,2025-12-13 09:34:08.228144+00:00
2025-01-04 06:00:00+01:00,45585.9,45329.6375,2025-12-13 09:34:08.228144+00:00
2025-01-04 07:00:00+01:00,47657.7475,47615.2525,2025-12-13 09:34:08.228144+00:00
2025-01-04 08:00:00+01:00,51052.3525,50977.42,2025-12-13 09:34:08.228144+00:00
2025-01-04 09:00:00+01:00,54169.6875,54589.402500000004,2025-12-13 09:34:08.228144+00:00
2025-01-04 10:00:00+01:00,56143.994999999995,56562.649999999994,2025-12-13 09:34:08.228144+00:00
2025-01-04 11:00:00+01:00,58353.8875,57420.7275,2025-12-13 09:34:08.228144+00:00
2025-01-04 12:00:00+01:00,58722.9725,57220.1625,2025-12-13 09:34:08.228144+00:00
2025-01-04 13:00:00+01:00,57728.795,55968.3925,2025-12-13 09:34:08.228144+00:00
2025-01-04 14:00:00+01:00,56835.6425,54874.4975,2025-12-13 09:34:08.228144+00:00
2025-01-04 15:00:00+01:00,57098.19,54215.4125,2025-12-13 09:34:08.228144+00:00
2025-01-04 16:00:00+01:00,58882.4525,54606.035,2025-12-13 09:34:08.228144+00:00
2025-01-04 17:00:00+01:00,61165.990000000005,56304.595,2025-12-13 09:34:08.228144+00:00
2025-01-04 18:00:00+01:00,61203.725,56754.055,2025-12-13 09:34:08.228144+00:00
2025-01-04 19:00:00+01:00,59508.7325,55762.4675,2025-12-13 09:34:08.228144+00:00
2025-01-04 20:00:00+01:00,56179.792499999996,52851.445,2025-12-13 09:34:08.228144+00:00
2025-01-04 21:00:00+01:00,53866.8125,50425.2275,2025-12-13 09:34:08.228144+00:00
2025-01-04 22:00:00+01:00,52879.7825,49020.6475,2025-12-13 09:34:08.228144+00:00
2025-01-04 23:00:00+01:00,49786.402500000004,46499.8475,2025-12-13 09:34:08.228144+00:00
2025-01-05 00:00:00+01:00,47174.0325,43434.34,2025-12-13 09:34:08.228144+00:00
2025-01-05 01:00:00+01:00,44340.807499999995,41722.455,2025-12-13 09:34:08.228144+00:00
2025-01-05 02:00:00+01:00,43013.275,40569.31,2025-12-13 09:34:08.228144+00:00
2025-01-05 03:00:00+01:00,42407.542499999996,39865.2175,2025-12-13 09:34:08.228144+00:00
2025-01-05 04:00:00+01:00,42136.755000000005,40176.83,2025-12-13 09:34:08.228144+00:00
2025-01-05 05:00:00+01:00,42557.885,40909.072499999995,2025-12-13 09:34:08.228144+00:00
2025-01-05 06:00:00+01:00,43835.185,41250.2925,2025-12-13 09:34:08.228144+00:00
2025-01-05 07:00:00+01:00,45182.8,42728.09,2025-12-13 09:34:08.228144+00:00
2025-01-05 08:00:00+01:00,48241.4975,45560.5325,2025-12-13 09:34:08.228144+00:00
2025-01-05 09:00:00+01:00,52344.545,49572.925,2025-12-13 09:34:08.228144+00:00
2025-01-05 10:00:00+01:00,54958.2475,52071.43,2025-12-13 09:34:08.228144+00:00
2025-01-05 11:00:00+01:00,57841.925,53818.32,2025-12-13 09:34:08.228144+00:00
2025-01-05 12:00:00+01:00,58378.01,53830.6425,2025-12-13 09:34:08.228144+00:00
2025-01-05 13:00:00+01:00,56603.0075,52639.6075,2025-12-13 09:34:08.228144+00:00
2025-01-05 14:00:00+01:00,55639.955,51221.035,2025-12-13 09:34:08.228144+00:00
2025-01-05 15:00:00+01:00,56035.3575,50559.4775,2025-12-13 09:34:08.228144+00:00
2025-01-05 16:00:00+01:00,58383.595,51379.505,2025-12-13 09:34:08.228144+00:00
2025-01-05 17:00:00+01:00,60546.542499999996,54060.119999999995,2025-12-13 09:34:08.228144+00:00
2025-01-05 18:00:00+01:00,60679.905,55518.525,2025-12-13 09:34:08.228144+00:00
2025-01-05 19:00:00+01:00,58779.6425,54711.255000000005,2025-12-13 09:34:08.228144+00:00
2025-01-05 20:00:00+01:00,56074.4475,52527.5575,2025-12-13 09:34:08.228144+00:00
2025-01-05 21:00:00+01:00,53452.0325,50603.917499999996,2025-12-13 09:34:08.228144+00:00
2025-01-05 22:00:00+01:00,51248.5,49352.695,2025-12-13 09:34:08.228144+00:00
2025-01-05 23:00:00+01:00,48579.745,46885.865,2025-12-13 09:34:08.228144+00:00
2025-01-06 00:00:00+01:00,46221.2975,44186.225,2025-12-13 09:34:08.228144+00:00
2025-01-06 01:00:00+01:00,44405.405,42772.85,2025-12-13 09:34:08.228144+00:00
2025-01-06 02:00:00+01:00,43354.57,41730.335,2025-12-13 09:34:08.228144+00:00
2025-01-06 03:00:00+01:00,44367.475,41574.932499999995,2025-12-13 09:34:08.228144+00:00
2025-01-06 04:00:00+01:00,45369.380000000005,42796.235,2025-12-13 09:34:08.228144+00:00
2025-01-06 05:00:00+01:00,48359.427500000005,45595.985,2025-12-13 09:34:08.228144+00:00
2025-01-06 06:00:00+01:00,52947.66,49056.86,2025-12-13 09:34:08.228144+00:00
2025-01-06 07:00:00+01:00,56669.6475,52634.5325,2025-12-13 09:34:08.228144+00:00
2025-01-06 08:00:00+01:00,59752.675,55862.917499999996,2025-12-13 09:34:08.228144+00:00
2025-01-06 09:00:00+01:00,61796.41,58116.5075,2025-12-13 09:34:08.228144+00:00
2025-01-06 10:00:00+01:00,63461.6075,59664.51,2025-12-13 09:34:08.228144+00:00
2025-01-06 11:00:00+01:00,64354.415,61341.055,2025-12-13 09:34:08.228144+00:00
2025-01-06 12:00:00+01:00,64507.2525,61453.805,2025-12-13 09:34:08.228144+00:00
2025-01-06 13:00:00+01:00,63892.22,59417.495,2025-12-13 09:34:08.228144+00:00
2025-01-06 14:00:00+01:00,62071.29,57734.5725,2025-12-13 09:34:08.228144+00:00
2025-01-06 15:00:00+01:00,61466.2175,58007.15,2025-12-13 09:34:08.228144+00:00
2025-01-06 16:00:00+01:00,62324.665,59194.84,2025-12-13 09:34:08.228144+00:00
2025-01-06 17:00:00+01:00,64748.14,61688.9125,2025-12-13 09:34:08.228144+00:00
2025-01-06 18:00:00+01:00,64290.3225,61488.66,2025-12-13 09:34:08.228144+00:00
2025-01-06 19:00:00+01:00,63323.3225,60099.805,2025-12-13 09:34:08.228144+00:00
2025-01-06 20:00:00+01:00,60571.55,57255.89,2025-12-13 09:34:08.228144+00:00
2025-01-06 21:00:00+01:00,57208.92,54491.46,2025-12-13 09:34:08.228144+00:00
2025-01-06 22:00:00+01:00,54426.207500000004,52331.5875,2025-12-13 09:34:08.228144+00:00
2025-01-06 23:00:00+01:00,51564.81,49594.46,2025-12-13 09:34:08.228144+00:00
2025-01-07 00:00:00+01:00,49098.1425,46758.33,2025-12-13 09:34:08.228144+00:00
2025-01-07 01:00:00+01:00,48071.9625,45332.9975,2025-12-13 09:34:08.228144+00:00
2025-01-07 02:00:00+01:00,47203.395000000004,44591.1675,2025-12-13 09:34:08.228144+00:00
2025-01-07 03:00:00+01:00,47433.01,45126.8925,2025-12-13 09:34:08.228144+00:00
2025-01-07 04:00:00+01:00,48885.805,46730.3075,2025-12-13 09:34:08.228144+00:00
2025-01-07 05:00:00+01:00,51653.3075,50207.024999999994,2025-12-13 09:34:08.228144+00:00
2025-01-07 06:00:00+01:00,59350.56,56123.6725,2025-12-13 09:34:08.228144+00:00
2025-01-07 07:00:00+01:00,65450.75,60592.292499999996,2025-12-13 09:34:08.228144+00:00
2025-01-07 08:00:00+01:00,68943.815,63697.9575,2025-12-13 09:34:08.228144+00:00
2025-01-07 09:00:00+01:00,69420.48999999999,65494.7475,2025-12-13 09:34:08.228144+00:00
2025-01-07 10:00:00+01:00,69170.01000000001,66358.49,2025-12-13 09:34:08.228144+00:00
2025-01-07 11:00:00+01:00,69649.75,67321.58249999999,2025-12-13 09:34:08.228144+00:00
2025-01-07 12:00:00+01:00,69758.215,66956.8475,2025-12-13 09:34:08.228144+00:00
2025-01-07 13:00:00+01:00,69358.98999999999,65984.9575,2025-12-13 09:34:08.228144+00:00
2025-01-07 14:00:00+01:00,68503.3375,64636.695,2025-12-13 09:34:08.228144+00:00
2025-01-07 15:00:00+01:00,67852.445,63881.22749999999,2025-12-13 09:34:08.228144+00:00
2025-01-07 16:00:00+01:00,69375.415,63699.7975,2025-12-13 09:34:08.228144+00:00
2025-01-07 17:00:00+01:00,71651.6825,65214.9,2025-12-13 09:34:08.228144+00:00
2025-01-07 18:00:00+01:00,71271.2,65956.3275,2025-12-13 09:34:08.228144+00:00
2025-01-07 19:00:00+01:00,69073.3175,64693.065,2025-12-13 09:34:08.228144+00:00
2025-01-07 20:00:00+01:00,65942.745,61397.525,2025-12-13 09:34:08.228144+00:00
2025-01-07 21:00:00+01:00,62817.79,58061.0,2025-12-13 09:34:08.228144+00:00
2025-01-07 22:00:00+01:00,59585.3125,55070.9825,2025-12-13 09:34:08.228144+00:00
2025-01-07 23:00:00+01:00,55446.7625,51433.195,2025-12-13 09:34:08.228144+00:00
2025-01-08 00:00:00+01:00,53163.05,48750.655,2025-12-13 09:34:08.228144+00:00
2025-01-08 01:00:00+01:00,51141.29,47159.369999999995,2025-12-13 09:34:08.228144+00:00
2025-01-08 02:00:00+01:00,50239.5775,46415.685,2025-12-13 09:34:08.228144+00:00
2025-01-08 03:00:00+01:00,50699.7975,46784.097499999996,2025-12-13 09:34:08.228144+00:00
2025-01-08 04:00:00+01:00,51863.354999999996,48593.8675,2025-12-13 09:34:08.228144+00:00
2025-01-08 05:00:00+01:00,55600.0175,51415.935,2025-12-13 09:34:08.228144+00:00
2025-01-08 06:00:00+01:00,63473.92,57029.555,2025-12-13 09:34:08.228144+00:00
2025-01-08 07:00:00+01:00,69197.835,61205.4,2025-12-13 09:34:08.228144+00:00
2025-01-08 08:00:00+01:00,72363.0275,64063.729999999996,2025-12-13 09:34:08.228144+00:00
2025-01-08 09:00:00+01:00,72686.01,65933.05249999999,2025-12-13 09:34:08.228144+00:00
2025-01-08 10:00:00+01:00,72779.1225,67003.115,2025-12-13 09:34:08.228144+00:00
2025-01-08 11:00:00+01:00,71771.05249999999,68104.195,2025-12-13 09:34:08.228144+00:00
2025-01-08 12:00:00+01:00,71646.5125,67795.36499999999,2025-12-13 09:34:08.228144+00:00
2025-01-08 13:00:00+01:00,72109.7825,67061.555,2025-12-13 09:34:08.228144+00:00
2025-01-08 14:00:00+01:00,70900.8225,65561.91,2025-12-13 09:34:08.228144+00:00
2025-01-08 15:00:00+01:00,70391.13,64665.2325,2025-12-13 09:34:08.228144+00:00
2025-01-08 16:00:00+01:00,71912.7475,64408.7725,2025-12-13 09:34:08.228144+00:00
2025-01-08 17:00:00+01:00,73894.20999999999,65839.425,2025-12-13 09:34:08.228144+00:00
2025-01-08 18:00:00+01:00,73051.285,65975.6825,2025-12-13 09:34:08.228144+00:00
2025-01-08 19:00:00+01:00,70850.385,64555.942500000005,2025-12-13 09:34:08.228144+00:00
2025-01-08 20:00:00+01:00,67199.9275,61333.5575,2025-12-13 09:34:08.228144+00:00
2025-01-08 21:00:00+01:00,62864.1825,58098.307499999995,2025-12-13 09:34:08.228144+00:00
2025-01-08 22:00:00+01:00,59676.32,54992.995,2025-12-13 09:34:08.228144+00:00
2025-01-08 23:00:00+01:00,55280.47,51266.79,2025-12-13 09:34:08.228144+00:00
2025-01-09 00:00:00+01:00,51883.5125,48923.035,2025-12-13 09:34:08.228144+00:00
2025-01-09 01:00:00+01:00,50042.9825,47266.2175,2025-12-13 09:34:08.228144+00:00
2025-01-09 02:00:00+01:00,48884.98,46320.7675,2025-12-13 09:34:08.228144+00:00
2025-01-09 03:00:00+01:00,48696.835,46688.545,2025-12-13 09:34:08.228144+00:00
2025-01-09 04:00:00+01:00,49445.89,47524.2325,2025-12-13 09:34:08.228144+00:00
2025-01-09 05:00:00+01:00,52521.3975,50310.085,2025-12-13 09:34:08.228144+00:00
2025-01-09 06:00:00+01:00,59408.8375,55361.375,2025-12-13 09:34:08.228144+00:00
2025-01-09 07:00:00+01:00,65424.9975,58615.545,2025-12-13 09:34:08.228144+00:00
2025-01-09 08:00:00+01:00,68313.34,60884.11,2025-12-13 09:34:08.228144+00:00
2025-01-09 09:00:00+01:00,69093.6425,62685.45,2025-12-13 09:34:08.228144+00:00
2025-01-09 10:00:00+01:00,69698.2325,64054.4875,2025-12-13 09:34:08.228144+00:00
2025-01-09 11:00:00+01:00,70827.7225,66384.0175,2025-12-13 09:34:08.228144+00:00
2025-01-09 12:00:00+01:00,70785.095,66784.7225,2025-12-13 09:34:08.228144+00:00
2025-01-09 13:00:00+01:00,70722.05249999999,66163.795,2025-12-13 09:34:08.228144+00:00
2025-01-09 14:00:00+01:00,69418.20999999999,64322.44,2025-12-13 09:34:08.228144+00:00
2025-01-09 15:00:00+01:00,68856.94,63762.805,2025-12-13 09:34:08.228144+00:00
2025-01-09 16:00:00+01:00,69687.195,64155.215,2025-12-13 09:34:08.228144+00:00
2025-01-09 17:00:00+01:00,71804.3875,65794.67499999999,2025-12-13 09:34:08.228144+00:00
2025-01-09 18:00:00+01:00,71566.665,65471.7075,2025-12-13 09:34:08.228144+00:00
2025-01-09 19:00:00+01:00,69766.1125,63244.745,2025-12-13 09:34:08.228144+00:00
2025-01-09 20:00:00+01:00,66491.0,60806.2725,2025-12-13 09:34:08.228144+00:00
2025-01-09 21:00:00+01:00,62954.875,58173.4875,2025-12-13 09:34:08.228144+00:00
2025-01-09 22:00:00+01:00,60203.85,55891.485,2025-12-13 09:34:08.228144+00:00
2025-01-09 23:00:00+01:00,56862.274999999994,52999.8775,2025-12-13 09:34:08.228144+00:00
2025-01-10 00:00:00+01:00,55664.6,50729.68,2025-12-13 09:34:08.228144+00:00
2025-01-10 01:00:00+01:00,53933.9775,48864.1875,2025-12-13 09:34:08.228144+00:00
2025-01-10 02:00:00+01:00,53149.582500000004,47875.75,2025-12-13 09:34:08.228144+00:00
2025-01-10 03:00:00+01:00,53151.275,48050.825,2025-12-13 09:34:08.228144+00:00
2025-01-10 04:00:00+01:00,54015.7525,49701.4425,2025-12-13 09:34:08.228144+00:00
2025-01-10 05:00:00+01:00,56527.8575,53139.5925,2025-12-13 09:34:08.228144+00:00
2025-01-10 06:00:00+01:00,63306.4375,58545.9825,2025-12-13 09:34:08.228144+00:00
2025-01-10 07:00:00+01:00,68981.5,62527.6225,2025-12-13 09:34:08.228144+00:00
2025-01-10 08:00:00+01:00,71453.83,65639.8975,2025-12-13 09:34:08.228144+00:00
2025-01-10 09:00:00+01:00,72025.0175,67378.61499999999,2025-12-13 09:34:08.228144+00:00
2025-01-10 10:00:00+01:00,72672.29,68302.5475,2025-12-13 09:34:08.228144+00:00
2025-01-10 11:00:00+01:00,72101.7175,68938.78,2025-12-13 09:34:08.228144+00:00
2025-01-10 12:00:00+01:00,71898.475,68840.70999999999,2025-12-13 09:34:08.228144+00:00
2025-01-10 13:00:00+01:00,70533.51,67357.9025,2025-12-13 09:34:08.228144+00:00
2025-01-10 14:00:00+01:00,68860.535,65225.305,2025-12-13 09:34:08.228144+00:00
2025-01-10 15:00:00+01:00,68712.8125,65215.1875,2025-12-13 09:34:08.228144+00:00
2025-01-10 16:00:00+01:00,69315.15,65544.15,2025-12-13 09:34:08.228144+00:00
2025-01-10 17:00:00+01:00,71339.465,67904.845,2025-12-13 09:34:08.228144+00:00
2025-01-10 18:00:00+01:00,70800.30249999999,68007.9825,2025-12-13 09:34:08.228144+00:00
2025-01-10 19:00:00+01:00,69037.885,65987.64,2025-12-13 09:34:08.228144+00:00
2025-01-10 20:00:00+01:00,65524.6875,62323.5475,2025-12-13 09:34:08.228144+00:00
2025-01-10 21:00:00+01:00,62414.2125,58953.2,2025-12-13 09:34:08.228144+00:00
2025-01-10 22:00:00+01:00,59355.815,56139.1775,2025-12-13 09:34:08.228144+00:00
2025-01-10 23:00:00+01:00,56154.325000000004,52437.785,2025-12-13 09:34:08.228144+00:00
2025-01-11 00:00:00+01:00,53211.8475,50333.2875,2025-12-13 09:34:08.228144+00:00
2025-01-11 01:00:00+01:00,50722.692500000005,48084.7575,2025-12-13 09:34:08.228144+00:00
2025-01-11 02:00:00+01:00,49346.235,46673.775,2025-12-13 09:34:08.228144+00:00
2025-01-11 03:00:00+01:00,49425.9875,45719.96,2025-12-13 09:34:08.228144+00:00
2025-01-11 04:00:00+01:00,49809.832500000004,46177.505,2025-12-13 09:34:08.228144+00:00
2025-01-11 05:00:00+01:00,49648.7725,46424.4975,2025-12-13 09:34:08.228144+00:00
2025-01-11 06:00:00+01:00,50782.91,46626.89,2025-12-13 09:34:08.228144+00:00
2025-01-11 07:00:00+01:00,53100.855,48726.3925,2025-12-13 09:34:08.228144+00:00
2025-01-11 08:00:00+01:00,56530.865,51989.37,2025-12-13 09:34:08.228144+00:00
2025-01-11 09:00:00+01:00,57950.567500000005,55827.5,2025-12-13 09:34:08.228144+00:00
2025-01-11 10:00:00+01:00,59341.97,58057.39,2025-12-13 09:34:08.228144+00:00
2025-01-11 11:00:00+01:00,60420.4425,59006.225,2025-12-13 09:34:08.228144+00:00
2025-01-11 12:00:00+01:00,60165.97,58980.682499999995,2025-12-13 09:34:08.228144+00:00
2025-01-11 13:00:00+01:00,59449.0025,57842.185,2025-12-13 09:34:08.228144+00:00
2025-01-11 14:00:00+01:00,58915.8275,56506.7575,2025-12-13 09:34:08.228144+00:00
2025-01-11 15:00:00+01:00,59918.215,55625.0575,2025-12-13 09:34:08.228144+00:00
2025-01-11 16:00:00+01:00,61548.3375,55796.7725,2025-12-13 09:34:08.228144+00:00
2025-01-11 17:00:00+01:00,65042.805,57667.9725,2025-12-13 09:34:08.228144+00:00
2025-01-11 18:00:00+01:00,64858.524999999994,58316.402500000004,2025-12-13 09:34:08.228144+00:00
2025-01-11 19:00:00+01:00,63438.07,56881.4475,2025-12-13 09:34:08.228144+00:00
2025-01-11 20:00:00+01:00,60144.315,54038.9825,2025-12-13 09:34:08.228144+00:00
2025-01-11 21:00:00+01:00,57438.6975,51754.0075,2025-12-13 09:34:08.228144+00:00
2025-01-11 22:00:00+01:00,55177.5225,50303.5675,2025-12-13 09:34:08.228144+00:00
2025-01-11 23:00:00+01:00,52145.03,47714.7875,2025-12-13 09:34:08.228144+00:00
2025-01-12 00:00:00+01:00,50109.615000000005,44746.2725,2025-12-13 09:34:08.228144+00:00
2025-01-12 01:00:00+01:00,48625.545,42855.4925,2025-12-13 09:34:08.228144+00:00
2025-01-12 02:00:00+01:00,48071.08,41589.167499999996,2025-12-13 09:34:08.228144+00:00
2025-01-12 03:00:00+01:00,47777.7375,41002.4725,2025-12-13 09:34:08.228144+00:00
2025-01-12 04:00:00+01:00,47550.485,41499.042499999996,2025-12-13 09:34:08.228144+00:00
2025-01-12 05:00:00+01:00,47725.8625,42250.71,2025-12-13 09:34:08.228144+00:00
2025-01-12 06:00:00+01:00,47516.285,42639.32,2025-12-13 09:34:08.228144+00:00
2025-01-12 07:00:00+01:00,48990.955,44276.0575,2025-12-13 09:34:08.228144+00:00
2025-01-12 08:00:00+01:00,52074.445,47307.369999999995,2025-12-13 09:34:08.228144+00:00
2025-01-12 09:00:00+01:00,54353.035,51309.84,2025-12-13 09:34:08.228144+00:00
2025-01-12 10:00:00+01:00,56502.36,53255.4925,2025-12-13 09:34:08.228144+00:00
2025-01-12 11:00:00+01:00,58585.9925,54867.817500000005,2025-12-13 09:34:08.228144+00:00
2025-01-12 12:00:00+01:00,57996.68,55259.505000000005,2025-12-13 09:34:08.228144+00:00
2025-01-12 13:00:00+01:00,55599.4075,54252.3925,2025-12-13 09:34:08.228144+00:00
2025-01-12 14:00:00+01:00,54155.9675,52886.0725,2025-12-13 09:34:08.228144+00:00
2025-01-12 15:00:00+01:00,53589.46,52264.5825,2025-12-13 09:34:08.228144+00:00
2025-01-12 16:00:00+01:00,55722.1575,52677.665,2025-12-13 09:34:08.228144+00:00
2025-01-12 17:00:00+01:00,59814.9925,55597.447499999995,2025-12-13 09:34:08.228144+00:00
2025-01-12 18:00:00+01:00,60779.1075,57288.9775,2025-12-13 09:34:08.228144+00:00
2025-01-12 19:00:00+01:00,59537.1875,56136.09,2025-12-13 09:34:08.228144+00:00
2025-01-12 20:00:00+01:00,56740.75,53909.7975,2025-12-13 09:34:08.228144+00:00
2025-01-12 21:00:00+01:00,54938.905,52074.0925,2025-12-13 09:34:08.228144+00:00
2025-01-12 22:00:00+01:00,53933.4375,50824.402500000004,2025-12-13 09:34:08.228144+00:00
2025-01-12 23:00:00+01:00,51412.835,48210.3825,2025-12-13 09:34:08.228144+00:00
2025-01-13 00:00:00+01:00,49275.9875,47610.955,2025-12-13 09:34:08.228144+00:00
2025-01-13 01:00:00+01:00,48282.465,46364.4825,2025-12-13 09:34:08.228144+00:00
2025-01-13 02:00:00+01:00,48079.7875,45912.07,2025-12-13 09:34:08.228144+00:00
2025-01-13 03:00:00+01:00,48278.6775,46019.69,2025-12-13 09:34:08.228144+00:00
2025-01-13 04:00:00+01:00,49717.7825,48079.1025,2025-12-13 09:34:08.228144+00:00
2025-01-13 05:00:00+01:00,53966.36,52844.7375,2025-12-13 09:34:08.228144+00:00
2025-01-13 06:00:00+01:00,62124.7125,60519.4975,2025-12-13 09:34:08.228144+00:00
2025-01-13 07:00:00+01:00,68811.9925,65722.7825,2025-12-13 09:34:08.228144+00:00
2025-01-13 08:00:00+01:00,71819.74,68558.9225,2025-12-13 09:34:08.228144+00:00
2025-01-13 09:00:00+01:00,72001.3875,69662.6975,2025-12-13 09:34:08.228144+00:00
2025-01-13 10:00:00+01:00,72415.0,70284.7225,2025-12-13 09:34:08.228144+00:00
2025-01-13 11:00:00+01:00,72279.93,70956.505,2025-12-13 09:34:08.228144+00:00
2025-01-13 12:00:00+01:00,72882.6325,70561.315,2025-12-13 09:34:08.228144+00:00
2025-01-13 13:00:00+01:00,71813.6725,69634.695,2025-12-13 09:34:08.228144+00:00
2025-01-13 14:00:00+01:00,70092.0875,68571.4875,2025-12-13 09:34:08.228144+00:00
2025-01-13 15:00:00+01:00,70111.1375,68120.17,2025-12-13 09:34:08.228144+00:00
2025-01-13 16:00:00+01:00,71576.435,68061.2125,2025-12-13 09:34:08.228144+00:00
2025-01-13 17:00:00+01:00,74421.0475,69256.435,2025-12-13 09:34:08.228144+00:00
2025-01-13 18:00:00+01:00,74817.6425,69651.96,2025-12-13 09:34:08.228144+00:00
2025-01-13 19:00:00+01:00,74085.4625,68449.3625,2025-12-13 09:34:08.228144+00:00
2025-01-13 20:00:00+01:00,70748.85,64686.2225,2025-12-13 09:34:08.228144+00:00
2025-01-13 21:00:00+01:00,67609.6175,61219.7125,2025-12-13 09:34:08.228144+00:00
2025-01-13 22:00:00+01:00,63956.972499999996,58273.335,2025-12-13 09:34:08.228144+00:00
2025-01-13 23:00:00+01:00,60352.6625,54845.405,2025-12-13 09:34:08.228144+00:00
2025-01-14 00:00:00+01:00,57617.7875,52016.905,2025-12-13 09:34:08.228144+00:00
2025-01-14 01:00:00+01:00,56363.7025,50497.5475,2025-12-13 09:34:08.228144+00:00
2025-01-14 02:00:00+01:00,56008.4,49301.185,2025-12-13 09:34:08.228144+00:00
2025-01-14 03:00:00+01:00,56280.317500000005,49644.615,2025-12-13 09:34:08.228144+00:00
2025-01-14 04:00:00+01:00,56476.115,51328.0525,2025-12-13 09:34:08.228144+00:00
2025-01-14 05:00:00+01:00,60059.1325,54732.7475,2025-12-13 09:34:08.228144+00:00
2025-01-14 06:00:00+01:00,67849.5225,61210.97,2025-12-13 09:34:08.228144+00:00
2025-01-14 07:00:00+01:00,73619.875,66511.72750000001,2025-12-13 09:34:08.228144+00:00
2025-01-14 08:00:00+01:00,76119.2,69223.9125,2025-12-13 09:34:08.228144+00:00
2025-01-14 09:00:00+01:00,76079.27249999999,70672.7325,2025-12-13 09:34:08.228144+00:00
2025-01-14 10:00:00+01:00,75842.19499999999,71125.575,2025-12-13 09:34:08.228144+00:00
2025-01-14 11:00:00+01:00,75147.8875,71685.1225,2025-12-13 09:34:08.228144+00:00
2025-01-14 12:00:00+01:00,75150.2525,71167.2125,2025-12-13 09:34:08.228144+00:00
2025-01-14 13:00:00+01:00,74166.6075,70275.005,2025-12-13 09:34:08.228144+00:00
2025-01-14 14:00:00+01:00,72829.735,68882.9,2025-12-13 09:34:08.228144+00:00
2025-01-14 15:00:00+01:00,71712.73999999999,68234.655,2025-12-13 09:34:08.228144+00:00
2025-01-14 16:00:00+01:00,72874.2825,68253.425,2025-12-13 09:34:08.228144+00:00
2025-01-14 17:00:00+01:00,75105.565,70676.84,2025-12-13 09:34:08.228144+00:00
2025-01-14 18:00:00+01:00,74511.77,70360.29000000001,2025-12-13 09:34:08.228144+00:00
2025-01-14 19:00:00+01:00,72312.58,68715.5475,2025-12-13 09:34:08.228144+00:00
2025-01-14 20:00:00+01:00,69382.57,65067.475,2025-12-13 09:34:08.228144+00:00
2025-01-14 21:00:00+01:00,66153.4125,61678.7975,2025-12-13 09:34:08.228144+00:00
2025-01-14 22:00:00+01:00,62402.975,58782.9525,2025-12-13 09:34:08.228144+00:00
2025-01-14 23:00:00+01:00,58766.725,55757.8675,2025-12-13 09:34:08.228144+00:00
2025-01-15 00:00:00+01:00,55439.9725,53677.795,2025-12-13 09:34:08.228144+00:00
2025-01-15 01:00:00+01:00,53840.73,52010.385,2025-12-13 09:34:08.228144+00:00
2025-01-15 02:00:00+01:00,53125.2625,51221.3175,2025-12-13 09:34:08.228144+00:00
2025-01-15 03:00:00+01:00,53097.055,51061.205,2025-12-13 09:34:08.228144+00:00
2025-01-15 04:00:00+01:00,53666.6725,52761.3475,2025-12-13 09:34:08.228144+00:00
2025-01-15 05:00:00+01:00,56565.18,55985.7075,2025-12-13 09:34:08.228144+00:00
2025-01-15 06:00:00+01:00,63049.31,61557.6125,2025-12-13 09:34:08.228144+00:00
2025-01-15 07:00:00+01:00,68115.60250000001,66748.97,2025-12-13 09:34:08.228144+00:00
2025-01-15 08:00:00+01:00,71001.42,69706.2675,2025-12-13 09:34:08.228144+00:00
2025-01-15 09:00:00+01:00,71119.925,71357.70749999999,2025-12-13 09:34:08.228144+00:00
2025-01-15 10:00:00+01:00,71522.02,72369.9025,2025-12-13 09:34:08.228144+00:00
2025-01-15 11:00:00+01:00,71580.895,72873.8975,2025-12-13 09:34:08.228144+00:00
2025-01-15 12:00:00+01:00,70853.7175,72562.605,2025-12-13 09:34:08.228144+00:00
2025-01-15 13:00:00+01:00,70125.36,71426.725,2025-12-13 09:34:08.228144+00:00
2025-01-15 14:00:00+01:00,69361.9575,69865.4425,2025-12-13 09:34:08.228144+00:00
2025-01-15 15:00:00+01:00,68966.4575,68623.88,2025-12-13 09:34:08.228144+00:00
2025-01-15 16:00:00+01:00,69178.2125,68641.485,2025-12-13 09:34:08.228144+00:00
2025-01-15 17:00:00+01:00,71125.105,70418.02,2025-12-13 09:34:08.228144+00:00
2025-01-15 18:00:00+01:00,70652.8825,69871.765,2025-12-13 09:34:08.228144+00:00
2025-01-15 19:00:00+01:00,68857.0625,68138.985,2025-12-13 09:34:08.228144+00:00
2025-01-15 20:00:00+01:00,65343.2675,64748.4075,2025-12-13 09:34:08.228144+00:00
2025-01-15 21:00:00+01:00,61883.245,61285.985,2025-12-13 09:34:08.228144+00:00
2025-01-15 22:00:00+01:00,58474.5275,58146.020000000004,2025-12-13 09:34:08.228144+00:00
2025-01-15 23:00:00+01:00,55151.4375,54884.265,2025-12-13 09:34:08.228144+00:00
2025-01-16 00:00:00+01:00,52775.89,51406.0925,2025-12-13 09:34:08.228144+00:00
2025-01-16 01:00:00+01:00,52122.197499999995,49668.445,2025-12-13 09:34:08.228144+00:00
2025-01-16 02:00:00+01:00,51103.5325,48769.244999999995,2025-12-13 09:34:08.228144+00:00
2025-01-16 03:00:00+01:00,51292.26,48995.082500000004,2025-12-13 09:34:08.228144+00:00
2025-01-16 04:00:00+01:00,52965.1525,49731.795,2025-12-13 09:34:08.228144+00:00
2025-01-16 05:00:00+01:00,56477.2325,53205.5975,2025-12-13 09:34:08.228144+00:00
2025-01-16 06:00:00+01:00,63270.7325,60115.55,2025-12-13 09:34:08.228144+00:00
2025-01-16 07:00:00+01:00,69051.0225,65517.27250000001,2025-12-13 09:34:08.228144+00:00
2025-01-16 08:00:00+01:00,72226.775,67697.93,2025-12-13 09:34:08.228144+00:00
2025-01-16 09:00:00+01:00,72581.5775,67951.5825,2025-12-13 09:34:08.228144+00:00
2025-01-16 10:00:00+01:00,73043.27,68528.14749999999,2025-12-13 09:34:08.228144+00:00
2025-01-16 11:00:00+01:00,73021.5325,69760.235,2025-12-13 09:34:08.228144+00:00
2025-01-16 12:00:00+01:00,72584.1625,69599.205,2025-12-13 09:34:08.228144+00:00
2025-01-16 13:00:00+01:00,71911.2475,68738.145,2025-12-13 09:34:08.228144+00:00
2025-01-16 14:00:00+01:00,70090.965,67216.1,2025-12-13 09:34:08.228144+00:00
2025-01-16 15:00:00+01:00,69750.1225,67089.1225,2025-12-13 09:34:08.228144+00:00
2025-01-16 16:00:00+01:00,70862.77249999999,67074.2525,2025-12-13 09:34:08.228144+00:00
2025-01-16 17:00:00+01:00,72829.04,69259.9525,2025-12-13 09:34:08.228144+00:00
2025-01-16 18:00:00+01:00,72358.59,68738.245,2025-12-13 09:34:08.228144+00:00
2025-01-16 19:00:00+01:00,70791.655,66168.75,2025-12-13 09:34:08.228144+00:00
2025-01-16 20:00:00+01:00,67406.935,63414.86,2025-12-13 09:34:08.228144+00:00
2025-01-16 21:00:00+01:00,64004.6775,60593.1325,2025-12-13 09:34:08.228144+00:00
2025-01-16 22:00:00+01:00,61286.4225,57823.777500000004,2025-12-13 09:34:08.228144+00:00
2025-01-16 23:00:00+01:00,57730.417499999996,54649.2325,2025-12-13 09:34:08.228144+00:00
2025-01-17 00:00:00+01:00,55570.807499999995,52056.75,2025-12-13 09:34:08.228144+00:00
2025-01-17 01:00:00+01:00,54187.505,50356.6,2025-12-13 09:34:08.228144+00:00
2025-01-17 02:00:00+01:00,53026.87,49583.2025,2025-12-13 09:34:08.228144+00:00
2025-01-17 03:00:00+01:00,53238.8375,49819.0025,2025-12-13 09:34:08.228144+00:00
2025-01-17 04:00:00+01:00,54339.315,51508.84,2025-12-13 09:34:08.228144+00:00
2025-01-17 05:00:00+01:00,56753.665,54854.1275,2025-12-13 09:34:08.228144+00:00
2025-01-17 06:00:00+01:00,63390.057499999995,61626.207500000004,2025-12-13 09:34:08.228144+00:00
2025-01-17 07:00:00+01:00,69412.6625,66989.105,2025-12-13 09:34:08.228144+00:00
2025-01-17 08:00:00+01:00,72398.64,69765.37,2025-12-13 09:34:08.228144+00:00
2025-01-17 09:00:00+01:00,73063.805,70377.1175,2025-12-13 09:34:08.228144+00:00
2025-01-17 10:00:00+01:00,73540.725,70150.495,2025-12-13 09:34:08.228144+00:00
2025-01-17 11:00:00+01:00,73556.345,70533.505,2025-12-13 09:34:08.228144+00:00
2025-01-17 12:00:00+01:00,73112.7625,70004.98,2025-12-13 09:34:08.228144+00:00
2025-01-17 13:00:00+01:00,71415.3125,68768.515,2025-12-13 09:34:08.228144+00:00
2025-01-17 14:00:00+01:00,70105.715,67122.955,2025-12-13 09:34:08.228144+00:00
2025-01-17 15:00:00+01:00,69225.955,66405.0675,2025-12-13 09:34:08.228144+00:00
2025-01-17 16:00:00+01:00,69787.2425,66887.82250000001,2025-12-13 09:34:08.228144+00:00
2025-01-17 17:00:00+01:00,71896.975,69592.89749999999,2025-12-13 09:34:08.228144+00:00
2025-01-17 18:00:00+01:00,71134.395,69302.8,2025-12-13 09:34:08.228144+00:00
2025-01-17 19:00:00+01:00,68855.08,66555.21,2025-12-13 09:34:08.228144+00:00
2025-01-17 20:00:00+01:00,65181.83,63230.8525,2025-12-13 09:34:08.228144+00:00
2025-01-17 21:00:00+01:00,61892.6875,59954.06,2025-12-13 09:34:08.228144+00:00
2025-01-17 22:00:00+01:00,58925.06,56984.942500000005,2025-12-13 09:34:08.228144+00:00
2025-01-17 23:00:00+01:00,56348.652500000004,53585.417499999996,2025-12-13 09:34:08.228144+00:00
2025-01-18 00:00:00+01:00,53214.33,50452.9375,2025-12-13 09:34:08.228144+00:00
2025-01-18 01:00:00+01:00,50985.835,48323.5225,2025-12-13 09:34:08.228144+00:00
2025-01-18 02:00:00+01:00,50110.6225,47036.55,2025-12-13 09:34:08.228144+00:00
2025-01-18 03:00:00+01:00,49575.82,46308.4525,2025-12-13 09:34:08.228144+00:00
2025-01-18 04:00:00+01:00,49322.655,46628.182499999995,2025-12-13 09:34:08.228144+00:00
2025-01-18 05:00:00+01:00,49299.1575,47391.8025,2025-12-13 09:34:08.228144+00:00
2025-01-18 06:00:00+01:00,50438.995,48373.5375,2025-12-13 09:34:08.228144+00:00
2025-01-18 07:00:00+01:00,53119.4175,50539.7725,2025-12-13 09:34:08.228144+00:00
2025-01-18 08:00:00+01:00,56550.92,53784.5225,2025-12-13 09:34:08.228144+00:00
2025-01-18 09:00:00+01:00,59065.51,56962.675,2025-12-13 09:34:08.228144+00:00
2025-01-18 10:00:00+01:00,60715.457500000004,58775.7625,2025-12-13 09:34:08.228144+00:00
2025-01-18 11:00:00+01:00,61530.4,59912.885,2025-12-13 09:34:08.228144+00:00
2025-01-18 12:00:00+01:00,60995.805,59854.7475,2025-12-13 09:34:08.228144+00:00
2025-01-18 13:00:00+01:00,59436.24,58512.740000000005,2025-12-13 09:34:08.228144+00:00
2025-01-18 14:00:00+01:00,57325.9,57285.49,2025-12-13 09:34:08.228144+00:00
2025-01-18 15:00:00+01:00,56843.7375,56784.4925,2025-12-13 09:34:08.228144+00:00
2025-01-18 16:00:00+01:00,58303.95,57453.9475,2025-12-13 09:34:08.228144+00:00
2025-01-18 17:00:00+01:00,61515.4975,59685.9625,2025-12-13 09:34:08.228144+00:00
2025-01-18 18:00:00+01:00,62563.6925,60157.8975,2025-12-13 09:34:08.228144+00:00
2025-01-18 19:00:00+01:00,60548.935,58437.76,2025-12-13 09:34:08.228144+00:00
2025-01-18 20:00:00+01:00,57255.3775,55408.0475,2025-12-13 09:34:08.228144+00:00
2025-01-18 21:00:00+01:00,55021.935,53129.14,2025-12-13 09:34:08.228144+00:00
2025-01-18 22:00:00+01:00,53622.47,51583.5525,2025-12-13 09:34:08.228144+00:00
2025-01-18 23:00:00+01:00,51486.695,48969.74,2025-12-13 09:34:08.228144+00:00
2025-01-19 00:00:00+01:00,49100.96,46080.770000000004,2025-12-13 09:34:08.228144+00:00
2025-01-19 01:00:00+01:00,47265.6875,44327.0975,2025-12-13 09:34:08.228144+00:00
2025-01-19 02:00:00+01:00,46039.5325,43298.46,2025-12-13 09:34:08.228144+00:00
2025-01-19 03:00:00+01:00,45782.095,42692.095,2025-12-13 09:34:08.228144+00:00
2025-01-19 04:00:00+01:00,45402.65,42691.7425,2025-12-13 09:34:08.228144+00:00
2025-01-19 05:00:00+01:00,45212.2125,43159.4775,2025-12-13 09:34:08.228144+00:00
2025-01-19 06:00:00+01:00,45568.792499999996,43469.745,2025-12-13 09:34:08.228144+00:00
2025-01-19 07:00:00+01:00,47594.86,44913.59,2025-12-13 09:34:08.228144+00:00
2025-01-19 08:00:00+01:00,50806.7175,47818.04,2025-12-13 09:34:08.228144+00:00
2025-01-19 09:00:00+01:00,53949.92,51539.417499999996,2025-12-13 09:34:08.228144+00:00
2025-01-19 10:00:00+01:00,56969.19,53908.5375,2025-12-13 09:34:08.228144+00:00
2025-01-19 11:00:00+01:00,58914.955,55365.025,2025-12-13 09:34:08.228144+00:00
2025-01-19 12:00:00+01:00,58406.3225,55486.7175,2025-12-13 09:34:08.228144+00:00
2025-01-19 13:00:00+01:00,56155.4875,54180.1375,2025-12-13 09:34:08.228144+00:00
2025-01-19 14:00:00+01:00,53630.225,53126.165,2025-12-13 09:34:08.228144+00:00
2025-01-19 15:00:00+01:00,53054.7525,52732.45,2025-12-13 09:34:08.228144+00:00
2025-01-19 16:00:00+01:00,55547.28,53618.9675,2025-12-13 09:34:08.228144+00:00
2025-01-19 17:00:00+01:00,59485.33,56634.64,2025-12-13 09:34:08.228144+00:00
2025-01-19 18:00:00+01:00,60828.5725,58290.2475,2025-12-13 09:34:08.228144+00:00
2025-01-19 19:00:00+01:00,59334.9525,56830.4025,2025-12-13 09:34:08.228144+00:00
2025-01-19 20:00:00+01:00,56808.3375,54740.3875,2025-12-13 09:34:08.228144+00:00
2025-01-19 21:00:00+01:00,54815.12,52972.4375,2025-12-13 09:34:08.228144+00:00
2025-01-19 22:00:00+01:00,54044.2875,51764.365,2025-12-13 09:34:08.228144+00:00
2025-01-19 23:00:00+01:00,52056.9225,49270.5025,2025-12-13 09:34:08.228144+00:00
2025-01-20 00:00:00+01:00,50097.815,48209.705,2025-12-13 09:34:08.228144+00:00
2025-01-20 01:00:00+01:00,48748.12,46751.415,2025-12-13 09:34:08.228144+00:00
2025-01-20 02:00:00+01:00,48852.235,46217.479999999996,2025-12-13 09:34:08.228144+00:00
2025-01-20 03:00:00+01:00,49862.9475,46567.8825,2025-12-13 09:34:08.228144+00:00
2025-01-20 04:00:00+01:00,50631.03,48619.6125,2025-12-13 09:34:08.228144+00:00
2025-01-20 05:00:00+01:00,53961.67,53231.875,2025-12-13 09:34:08.228144+00:00
2025-01-20 06:00:00+01:00,62448.495,60901.8725,2025-12-13 09:34:08.228144+00:00
2025-01-20 07:00:00+01:00,68512.375,66032.79000000001,2025-12-13 09:34:08.228144+00:00
2025-01-20 08:00:00+01:00,71680.35500000001,68864.0975,2025-12-13 09:34:08.228144+00:00
2025-01-20 09:00:00+01:00,72149.25,70227.035,2025-12-13 09:34:08.228144+00:00
2025-01-20 10:00:00+01:00,72810.625,71093.1175,2025-12-13 09:34:08.228144+00:00
2025-01-20 11:00:00+01:00,72882.3075,72153.075,2025-12-13 09:34:08.228144+00:00
2025-01-20 12:00:00+01:00,72229.92,72304.39,2025-12-13 09:34:08.228144+00:00
2025-01-20 13:00:00+01:00,71259.92,71518.215,2025-12-13 09:34:08.228144+00:00
2025-01-20 14:00:00+01:00,69691.7525,70432.885,2025-12-13 09:34:08.228144+00:00
2025-01-20 15:00:00+01:00,69028.8575,69569.2025,2025-12-13 09:34:08.228144+00:00
2025-01-20 16:00:00+01:00,69283.505,69248.315,2025-12-13 09:34:08.228144+00:00
2025-01-20 17:00:00+01:00,71413.6875,70440.9725,2025-12-13 09:34:08.228144+00:00
2025-01-20 18:00:00+01:00,71194.83499999999,71200.255,2025-12-13 09:34:08.228144+00:00
2025-01-20 19:00:00+01:00,70135.1825,69235.1475,2025-12-13 09:34:08.228144+00:00
2025-01-20 20:00:00+01:00,66834.9975,65497.302500000005,2025-12-13 09:34:08.228144+00:00
2025-01-20 21:00:00+01:00,63413.042499999996,61897.505,2025-12-13 09:34:08.228144+00:00
2025-01-20 22:00:00+01:00,60487.925,58958.56,2025-12-13 09:34:08.228144+00:00
2025-01-20 23:00:00+01:00,57455.805,55274.3875,2025-12-13 09:34:08.228144+00:00
2025-01-21 00:00:00+01:00,54108.3875,52286.4275,2025-12-13 09:34:08.228144+00:00
2025-01-21 01:00:00+01:00,52902.832500000004,50880.85,2025-12-13 09:34:08.228144+00:00
2025-01-21 02:00:00+01:00,52386.585,49535.3,2025-12-13 09:34:08.228144+00:00
2025-01-21 03:00:00+01:00,52709.42,49949.045,2025-12-13 09:34:08.228144+00:00
2025-01-21 04:00:00+01:00,53673.3675,51444.32,2025-12-13 09:34:08.228144+00:00
2025-01-21 05:00:00+01:00,57242.04,54941.5925,2025-12-13 09:34:08.228144+00:00
2025-01-21 06:00:00+01:00,63691.9025,61714.1175,2025-12-13 09:34:08.228144+00:00
2025-01-21 07:00:00+01:00,69758.6225,67173.3825,2025-12-13 09:34:08.228144+00:00
2025-01-21 08:00:00+01:00,72399.68,69960.1675,2025-12-13 09:34:08.228144+00:00
2025-01-21 09:00:00+01:00,72148.7075,71215.75,2025-12-13 09:34:08.228144+00:00
2025-01-21 10:00:00+01:00,72408.8575,71910.6875,2025-12-13 09:34:08.228144+00:00
2025-01-21 11:00:00+01:00,71849.81,72395.3175,2025-12-13 09:34:08.228144+00:00
2025-01-21 12:00:00+01:00,70875.1225,72132.855,2025-12-13 09:34:08.228144+00:00
2025-01-21 13:00:00+01:00,69909.975,71042.8025,2025-12-13 09:34:08.228144+00:00
2025-01-21 14:00:00+01:00,68156.0275,69667.1275,2025-12-13 09:34:08.228144+00:00
2025-01-21 15:00:00+01:00,67959.5375,69173.1225,2025-12-13 09:34:08.228144+00:00
2025-01-21 16:00:00+01:00,68594.6525,69227.5675,2025-12-13 09:34:08.228144+00:00
2025-01-21 17:00:00+01:00,71008.5,71533.625,2025-12-13 09:34:08.228144+00:00
2025-01-21 18:00:00+01:00,71400.5925,71583.15,2025-12-13 09:34:08.228144+00:00
2025-01-21 19:00:00+01:00,69873.0175,69330.2575,2025-12-13 09:34:08.228144+00:00
2025-01-21 20:00:00+01:00,66012.3325,65493.335,2025-12-13 09:34:08.228144+00:00
2025-01-21 21:00:00+01:00,62561.1225,61894.3875,2025-12-13 09:34:08.228144+00:00
2025-01-21 22:00:00+01:00,59534.5925,58765.770000000004,2025-12-13 09:34:08.228144+00:00
2025-01-21 23:00:00+01:00,56368.665,55569.76,2025-12-13 09:34:08.228144+00:00
2025-01-22 00:00:00+01:00,53409.555,53633.5375,2025-12-13 09:34:08.228144+00:00
2025-01-22 01:00:00+01:00,51514.0175,52113.1575,2025-12-13 09:34:08.228144+00:00
2025-01-22 02:00:00+01:00,50815.9925,51400.115,2025-12-13 09:34:08.228144+00:00
2025-01-22 03:00:00+01:00,51063.1325,51324.2125,2025-12-13 09:34:08.228144+00:00
2025-01-22 04:00:00+01:00,51841.31,52786.0125,2025-12-13 09:34:08.228144+00:00
2025-01-22 05:00:00+01:00,55080.7575,56065.8475,2025-12-13 09:34:08.228144+00:00
2025-01-22 06:00:00+01:00,62159.965,61797.685,2025-12-13 09:34:08.228144+00:00
2025-01-22 07:00:00+01:00,67633.2675,67294.72750000001,2025-12-13 09:34:08.228144+00:00
2025-01-22 08:00:00+01:00,70162.9225,70122.955,2025-12-13 09:34:08.228144+00:00
2025-01-22 09:00:00+01:00,70371.89749999999,71579.3125,2025-12-13 09:34:08.228144+00:00
2025-01-22 10:00:00+01:00,70022.495,72743.9925,2025-12-13 09:34:08.228144+00:00
2025-01-22 11:00:00+01:00,70339.6825,73138.9025,2025-12-13 09:34:08.228144+00:00
2025-01-22 12:00:00+01:00,70329.09,72676.7525,2025-12-13 09:34:08.228144+00:00
2025-01-22 13:00:00+01:00,68661.2325,71369.91,2025-12-13 09:34:08.228144+00:00
2025-01-22 14:00:00+01:00,67559.14,69911.9075,2025-12-13 09:34:08.228144+00:00
2025-01-22 15:00:00+01:00,67130.61499999999,68691.72750000001,2025-12-13 09:34:08.228144+00:00
2025-01-22 16:00:00+01:00,68144.2975,68901.75,2025-12-13 09:34:08.228144+00:00
2025-01-22 17:00:00+01:00,71280.04500000001,70562.465,2025-12-13 09:34:08.228144+00:00
2025-01-22 18:00:00+01:00,71878.75,70495.7775,2025-12-13 09:34:08.228144+00:00
2025-01-22 19:00:00+01:00,69765.9025,68424.065,2025-12-13 09:34:08.228144+00:00
2025-01-22 20:00:00+01:00,66515.39,64867.81,2025-12-13 09:34:08.228144+00:00
2025-01-22 21:00:00+01:00,63128.3275,61252.012500000004,2025-12-13 09:34:08.228144+00:00
2025-01-22 22:00:00+01:00,60138.7175,58166.6425,2025-12-13 09:34:08.228144+00:00
2025-01-22 23:00:00+01:00,56552.46,55014.0475,2025-12-13 09:34:08.228144+00:00
2025-01-23 00:00:00+01:00,52619.5625,51035.7175,2025-12-13 09:34:08.228144+00:00
2025-01-23 01:00:00+01:00,50236.5975,49018.015,2025-12-13 09:34:08.228144+00:00
2025-01-23 02:00:00+01:00,49658.815,48275.55,2025-12-13 09:34:08.228144+00:00
2025-01-23 03:00:00+01:00,49416.8675,48420.025,2025-12-13 09:34:08.228144+00:00
2025-01-23 04:00:00+01:00,50641.3125,49134.735,2025-12-13 09:34:08.228144+00:00
2025-01-23 05:00:00+01:00,53947.082500000004,52409.1375,2025-12-13 09:34:08.228144+00:00
2025-01-23 06:00:00+01:00,61434.99,59196.065,2025-12-13 09:34:08.228144+00:00
2025-01-23 07:00:00+01:00,67345.3175,64605.9825,2025-12-13 09:34:08.228144+00:00
2025-01-23 08:00:00+01:00,70009.4025,66679.4125,2025-12-13 09:34:08.228144+00:00
2025-01-23 09:00:00+01:00,71168.41,67260.91750000001,2025-12-13 09:34:08.228144+00:00
2025-01-23 10:00:00+01:00,72010.855,67996.4375,2025-12-13 09:34:08.228144+00:00
2025-01-23 11:00:00+01:00,72696.01,69062.125,2025-12-13 09:34:08.228144+00:00
2025-01-23 12:00:00+01:00,73082.4125,68724.545,2025-12-13 09:34:08.228144+00:00
2025-01-23 13:00:00+01:00,72148.78749999999,67952.69,2025-12-13 09:34:08.228144+00:00
2025-01-23 14:00:00+01:00,71337.01000000001,66307.20999999999,2025-12-13 09:34:08.228144+00:00
2025-01-23 15:00:00+01:00,70157.685,65777.2175,2025-12-13 09:34:08.228144+00:00
2025-01-23 16:00:00+01:00,70513.9025,65697.66500000001,2025-12-13 09:34:08.228144+00:00
2025-01-23 17:00:00+01:00,72685.4325,67761.4,2025-12-13 09:34:08.228144+00:00
2025-01-23 18:00:00+01:00,72176.1825,67809.28,2025-12-13 09:34:08.228144+00:00
2025-01-23 19:00:00+01:00,70427.9225,65560.8375,2025-12-13 09:34:08.228144+00:00
2025-01-23 20:00:00+01:00,67230.775,62577.245,2025-12-13 09:34:08.228144+00:00
2025-01-23 21:00:00+01:00,63803.34,59911.0825,2025-12-13 09:34:08.228144+00:00
2025-01-23 22:00:00+01:00,60914.96,57051.0875,2025-12-13 09:34:08.228144+00:00
2025-01-23 23:00:00+01:00,56854.634999999995,54009.505000000005,2025-12-13 09:34:08.228144+00:00
2025-01-24 00:00:00+01:00,53956.432499999995,51140.4475,2025-12-13 09:34:08.228144+00:00
2025-01-24 01:00:00+01:00,51895.275,49313.917499999996,2025-12-13 09:34:08.228144+00:00
2025-01-24 02:00:00+01:00,51230.035,48426.67,2025-12-13 09:34:08.228144+00:00
2025-01-24 03:00:00+01:00,51245.0025,48675.869999999995,2025-12-13 09:34:08.228144+00:00
2025-01-24 04:00:00+01:00,52321.8875,50285.1625,2025-12-13 09:34:08.228144+00:00
2025-01-24 05:00:00+01:00,55003.6575,53911.0975,2025-12-13 09:34:08.228144+00:00
2025-01-24 06:00:00+01:00,62135.27,60822.565,2025-12-13 09:34:08.228144+00:00
2025-01-24 07:00:00+01:00,67873.73,65930.3725,2025-12-13 09:34:08.228144+00:00
2025-01-24 08:00:00+01:00,70305.9075,68602.05,2025-12-13 09:34:08.228144+00:00
2025-01-24 09:00:00+01:00,70397.0925,69223.6725,2025-12-13 09:34:08.228144+00:00
2025-01-24 10:00:00+01:00,70804.4125,69022.4525,2025-12-13 09:34:08.228144+00:00
2025-01-24 11:00:00+01:00,70239.5575,69114.235,2025-12-13 09:34:08.228144+00:00
2025-01-24 12:00:00+01:00,69992.795,68326.925,2025-12-13 09:34:08.228144+00:00
2025-01-24 13:00:00+01:00,68221.975,67055.36,2025-12-13 09:34:08.228144+00:00
2025-01-24 14:00:00+01:00,66860.85250000001,65174.7575,2025-12-13 09:34:08.228144+00:00
2025-01-24 15:00:00+01:00,66380.10500000001,65266.205,2025-12-13 09:34:08.228144+00:00
2025-01-24 16:00:00+01:00,66800.4225,66247.075,2025-12-13 09:34:08.228144+00:00
2025-01-24 17:00:00+01:00,69036.2975,68943.575,2025-12-13 09:34:08.228144+00:00
2025-01-24 18:00:00+01:00,68505.50749999999,68738.9025,2025-12-13 09:34:08.228144+00:00
2025-01-24 19:00:00+01:00,67021.455,66088.5425,2025-12-13 09:34:08.228144+00:00
2025-01-24 20:00:00+01:00,63665.9275,62238.7,2025-12-13 09:34:08.228144+00:00
2025-01-24 21:00:00+01:00,59942.335,58386.005,2025-12-13 09:34:08.228144+00:00
2025-01-24 22:00:00+01:00,56217.45,55684.832500000004,2025-12-13 09:34:08.228144+00:00
2025-01-24 23:00:00+01:00,52705.5125,52392.8025,2025-12-13 09:34:08.228144+00:00
2025-01-25 00:00:00+01:00,51798.817500000005,49355.8425,2025-12-13 09:34:08.228144+00:00
2025-01-25 01:00:00+01:00,48996.9975,47333.07,2025-12-13 09:34:08.228144+00:00
2025-01-25 02:00:00+01:00,47623.3425,46245.165,2025-12-13 09:34:08.228144+00:00
2025-01-25 03:00:00+01:00,46977.0025,45486.51,2025-12-13 09:34:08.228144+00:00
2025-01-25 04:00:00+01:00,47574.8,45646.3425,2025-12-13 09:34:08.228144+00:00
2025-01-25 05:00:00+01:00,47937.0775,46211.1175,2025-12-13 09:34:08.228144+00:00
2025-01-25 06:00:00+01:00,48761.0975,46900.9825,2025-12-13 09:34:08.228144+00:00
2025-01-25 07:00:00+01:00,51093.6175,49493.18,2025-12-13 09:34:08.228144+00:00
2025-01-25 08:00:00+01:00,54847.39,52719.005000000005,2025-12-13 09:34:08.228144+00:00
2025-01-25 09:00:00+01:00,58200.5175,55821.9025,2025-12-13 09:34:08.228144+00:00
2025-01-25 10:00:00+01:00,59869.69,57536.347499999996,2025-12-13 09:34:08.228144+00:00
2025-01-25 11:00:00+01:00,61079.095,58342.18,2025-12-13 09:34:08.228144+00:00
2025-01-25 12:00:00+01:00,60795.245,57898.9125,2025-12-13 09:34:08.228144+00:00
2025-01-25 13:00:00+01:00,58892.335,56460.850000000006,2025-12-13 09:34:08.228144+00:00
2025-01-25 14:00:00+01:00,58209.119999999995,55084.505,2025-12-13 09:34:08.228144+00:00
2025-01-25 15:00:00+01:00,56943.3525,54484.21,2025-12-13 09:34:08.228144+00:00
2025-01-25 16:00:00+01:00,57422.82,54891.2375,2025-12-13 09:34:08.228144+00:00
2025-01-25 17:00:00+01:00,60826.6725,57334.025,2025-12-13 09:34:08.228144+00:00
2025-01-25 18:00:00+01:00,61344.8475,58326.09,2025-12-13 09:34:08.228144+00:00
2025-01-25 19:00:00+01:00,58710.4275,56702.82,2025-12-13 09:34:08.228144+00:00
2025-01-25 20:00:00+01:00,55802.785,53920.4675,2025-12-13 09:34:08.228144+00:00
2025-01-25 21:00:00+01:00,53403.1925,51652.67,2025-12-13 09:34:08.228144+00:00
2025-01-25 22:00:00+01:00,51322.05,49972.245,2025-12-13 09:34:08.228144+00:00
2025-01-25 23:00:00+01:00,47581.9125,47508.625,2025-12-13 09:34:08.228144+00:00
2025-01-26 00:00:00+01:00,44032.975,45128.845,2025-12-13 09:34:08.228144+00:00
2025-01-26 01:00:00+01:00,42199.815,43209.4325,2025-12-13 09:34:08.228144+00:00
2025-01-26 02:00:00+01:00,41570.515,42116.91,2025-12-13 09:34:08.228144+00:00
2025-01-26 03:00:00+01:00,41093.645000000004,41705.115,2025-12-13 09:34:08.228144+00:00
2025-01-26 04:00:00+01:00,41284.5525,41806.7825,2025-12-13 09:34:08.228144+00:00
2025-01-26 05:00:00+01:00,41517.345,41970.3625,2025-12-13 09:34:08.228144+00:00
2025-01-26 06:00:00+01:00,42069.585,42101.35,2025-12-13 09:34:08.228144+00:00
2025-01-26 07:00:00+01:00,44014.722499999996,43759.1,2025-12-13 09:34:08.228144+00:00
2025-01-26 08:00:00+01:00,48203.667499999996,46458.9625,2025-12-13 09:34:08.228144+00:00
2025-01-26 09:00:00+01:00,51925.5525,50075.7175,2025-12-13 09:34:08.228144+00:00
2025-01-26 10:00:00+01:00,54297.8,52192.285,2025-12-13 09:34:08.228144+00:00
2025-01-26 11:00:00+01:00,56057.555,53685.9375,2025-12-13 09:34:08.228144+00:00
2025-01-26 12:00:00+01:00,56356.5375,53580.125,2025-12-13 09:34:08.228144+00:00
2025-01-26 13:00:00+01:00,55158.395000000004,51819.365,2025-12-13 09:34:08.228144+00:00
2025-01-26 14:00:00+01:00,53888.1175,50543.7725,2025-12-13 09:34:08.228144+00:00
2025-01-26 15:00:00+01:00,53538.17,50257.0275,2025-12-13 09:34:08.228144+00:00
2025-01-26 16:00:00+01:00,54665.885,51296.1825,2025-12-13 09:34:08.228144+00:00
2025-01-26 17:00:00+01:00,57803.4425,54269.395000000004,2025-12-13 09:34:08.228144+00:00
2025-01-26 18:00:00+01:00,59360.725,56580.7625,2025-12-13 09:34:08.228144+00:00
2025-01-26 19:00:00+01:00,57859.525,55837.165,2025-12-13 09:34:08.228144+00:00
2025-01-26 20:00:00+01:00,54987.875,53504.145000000004,2025-12-13 09:34:08.228144+00:00
2025-01-26 21:00:00+01:00,53188.6475,51703.655,2025-12-13 09:34:08.228144+00:00
2025-01-26 22:00:00+01:00,52374.965,50607.82,2025-12-13 09:34:08.228144+00:00
2025-01-26 23:00:00+01:00,49529.792499999996,48176.395000000004,2025-12-13 09:34:08.228144+00:00
2025-01-27 00:00:00+01:00,47729.79,46470.5325,2025-12-13 09:34:08.228144+00:00
2025-01-27 01:00:00+01:00,46562.6475,44963.509999999995,2025-12-13 09:34:08.228144+00:00
2025-01-27 02:00:00+01:00,46199.5975,44357.4625,2025-12-13 09:34:08.228144+00:00
2025-01-27 03:00:00+01:00,47069.32,44807.445,2025-12-13 09:34:08.228144+00:00
2025-01-27 04:00:00+01:00,49279.1225,46849.505000000005,2025-12-13 09:34:08.228144+00:00
2025-01-27 05:00:00+01:00,53720.7525,51287.705,2025-12-13 09:34:08.228144+00:00
2025-01-27 06:00:00+01:00,62139.7375,58725.3,2025-12-13 09:34:08.228144+00:00
2025-01-27 07:00:00+01:00,68935.35,64107.8675,2025-12-13 09:34:08.228144+00:00
2025-01-27 08:00:00+01:00,71139.1125,67015.39749999999,2025-12-13 09:34:08.228144+00:00
2025-01-27 09:00:00+01:00,71042.59,68311.97750000001,2025-12-13 09:34:08.228144+00:00
2025-01-27 10:00:00+01:00,71677.67,69247.145,2025-12-13 09:34:08.228144+00:00
2025-01-27 11:00:00+01:00,71986.94,69914.3075,2025-12-13 09:34:08.228144+00:00
2025-01-27 12:00:00+01:00,69931.055,69589.4875,2025-12-13 09:34:08.228144+00:00
2025-01-27 13:00:00+01:00,69592.605,68501.60500000001,2025-12-13 09:34:08.228144+00:00
2025-01-27 14:00:00+01:00,68204.95,67462.815,2025-12-13 09:34:08.228144+00:00
2025-01-27 15:00:00+01:00,68257.8125,67044.77,2025-12-13 09:34:08.228144+00:00
2025-01-27 16:00:00+01:00,67520.9725,66557.53,2025-12-13 09:34:08.228144+00:00
2025-01-27 17:00:00+01:00,69931.0175,68253.6125,2025-12-13 09:34:08.228144+00:00
2025-01-27 18:00:00+01:00,70158.795,69055.9325,2025-12-13 09:34:08.228144+00:00
2025-01-27 19:00:00+01:00,68491.89,67291.69750000001,2025-12-13 09:34:08.228144+00:00
2025-01-27 20:00:00+01:00,65050.3475,63686.99,2025-12-13 09:34:08.228144+00:00
2025-01-27 21:00:00+01:00,61108.165,59949.3475,2025-12-13 09:34:08.228144+00:00
2025-01-27 22:00:00+01:00,58791.0325,56747.0875,2025-12-13 09:34:08.228144+00:00
2025-01-27 23:00:00+01:00,55083.495,53143.785,2025-12-13 09:34:08.228144+00:00
2025-01-28 00:00:00+01:00,52195.7725,50628.8025,2025-12-13 09:34:08.228144+00:00
2025-01-28 01:00:00+01:00,50564.68,49059.3925,2025-12-13 09:34:08.228144+00:00
2025-01-28 02:00:00+01:00,50552.93,48251.06,2025-12-13 09:34:08.228144+00:00
2025-01-28 03:00:00+01:00,50380.807499999995,48821.692500000005,2025-12-13 09:34:08.228144+00:00
2025-01-28 04:00:00+01:00,51375.6,50395.44,2025-12-13 09:34:08.228144+00:00
2025-01-28 05:00:00+01:00,54515.9625,53560.555,2025-12-13 09:34:08.228144+00:00
2025-01-28 06:00:00+01:00,62046.6475,59963.387500000004,2025-12-13 09:34:08.228144+00:00
2025-01-28 07:00:00+01:00,69041.9575,65314.1575,2025-12-13 09:34:08.228144+00:00
2025-01-28 08:00:00+01:00,70555.8325,68241.6825,2025-12-13 09:34:08.228144+00:00
2025-01-28 09:00:00+01:00,70661.18,69258.765,2025-12-13 09:34:08.228144+00:00
2025-01-28 10:00:00+01:00,69476.0825,69723.005,2025-12-13 09:34:08.228144+00:00
2025-01-28 11:00:00+01:00,68613.70999999999,69983.7175,2025-12-13 09:34:08.228144+00:00
2025-01-28 12:00:00+01:00,68429.585,69422.3425,2025-12-13 09:34:08.228144+00:00
2025-01-28 13:00:00+01:00,67978.5425,68431.805,2025-12-13 09:34:08.228144+00:00
2025-01-28 14:00:00+01:00,66918.505,67389.7475,2025-12-13 09:34:08.228144+00:00
2025-01-28 15:00:00+01:00,66312.1075,66924.13,2025-12-13 09:34:08.228144+00:00
2025-01-28 16:00:00+01:00,66321.7575,66655.0925,2025-12-13 09:34:08.228144+00:00
2025-01-28 17:00:00+01:00,69044.655,68589.5425,2025-12-13 09:34:08.228144+00:00
2025-01-28 18:00:00+01:00,69399.245,68964.4175,2025-12-13 09:34:08.228144+00:00
2025-01-28 19:00:00+01:00,68187.965,67007.1575,2025-12-13 09:34:08.228144+00:00
2025-01-28 20:00:00+01:00,64607.71,63542.6275,2025-12-13 09:34:08.228144+00:00
2025-01-28 21:00:00+01:00,60554.015,60055.19,2025-12-13 09:34:08.228144+00:00
2025-01-28 22:00:00+01:00,57605.630000000005,57034.6225,2025-12-13 09:34:08.228144+00:00
2025-01-28 23:00:00+01:00,54059.2675,53660.399999999994,2025-12-13 09:34:08.228144+00:00
2025-01-29 00:00:00+01:00,50891.445,51395.9225,2025-12-13 09:34:08.228144+00:00
2025-01-29 01:00:00+01:00,49636.1125,49779.68,2025-12-13 09:34:08.228144+00:00
2025-01-29 02:00:00+01:00,48990.965,49005.58,2025-12-13 09:34:08.228144+00:00
2025-01-29 03:00:00+01:00,49447.345,49262.515,2025-12-13 09:34:08.228144+00:00
2025-01-29 04:00:00+01:00,50762.565,50909.0725,2025-12-13 09:34:08.228144+00:00
2025-01-29 05:00:00+01:00,53856.9925,53944.145000000004,2025-12-13 09:34:08.228144+00:00
2025-01-29 06:00:00+01:00,60410.7725,59901.5875,2025-12-13 09:34:08.228144+00:00
2025-01-29 07:00:00+01:00,66356.6525,64946.3875,2025-12-13 09:34:08.228144+00:00
2025-01-29 08:00:00+01:00,68965.17,67812.595,2025-12-13 09:34:08.228144+00:00
2025-01-29 09:00:00+01:00,69733.3575,68994.965,2025-12-13 09:34:08.228144+00:00
2025-01-29 10:00:00+01:00,69751.36,69915.84,2025-12-13 09:34:08.228144+00:00
2025-01-29 11:00:00+01:00,70110.06,70494.1675,2025-12-13 09:34:08.228144+00:00
2025-01-29 12:00:00+01:00,69760.7925,70087.2525,2025-12-13 09:34:08.228144+00:00
2025-01-29 13:00:00+01:00,69384.2475,68864.9,2025-12-13 09:34:08.228144+00:00
2025-01-29 14:00:00+01:00,68205.84,67245.555,2025-12-13 09:34:08.228144+00:00
2025-01-29 15:00:00+01:00,68021.1675,66133.845,2025-12-13 09:34:08.228144+00:00
2025-01-29 16:00:00+01:00,67911.825,66168.29000000001,2025-12-13 09:34:08.228144+00:00
2025-01-29 17:00:00+01:00,70125.425,68091.6825,2025-12-13 09:34:08.228144+00:00
2025-01-29 18:00:00+01:00,70887.08,68819.0275,2025-12-13 09:34:08.228144+00:00
2025-01-29 19:00:00+01:00,69682.5825,67259.7125,2025-12-13 09:34:08.228144+00:00
2025-01-29 20:00:00+01:00,66415.0075,63920.0475,2025-12-13 09:34:08.228144+00:00
2025-01-29 21:00:00+01:00,62661.725,60482.259999999995,2025-12-13 09:34:08.228144+00:00
2025-01-29 22:00:00+01:00,59487.11,57313.807499999995,2025-12-13 09:34:08.228144+00:00
2025-01-29 23:00:00+01:00,55795.05,54012.385,2025-12-13 09:34:08.228144+00:00
2025-01-30 00:00:00+01:00,52925.095,50947.01,2025-12-13 09:34:08.228144+00:00
2025-01-30 01:00:00+01:00,51674.35,49151.5075,2025-12-13 09:34:08.228144+00:00
2025-01-30 02:00:00+01:00,50806.17,48425.47,2025-12-13 09:34:08.228144+00:00
2025-01-30 03:00:00+01:00,51391.69,48622.1425,2025-12-13 09:34:08.228144+00:00
2025-01-30 04:00:00+01:00,52223.165,50107.1775,2025-12-13 09:34:08.228144+00:00
2025-01-30 05:00:00+01:00,54849.067500000005,53398.335,2025-12-13 09:34:08.228144+00:00
2025-01-30 06:00:00+01:00,62029.0225,60117.8575,2025-12-13 09:34:08.228144+00:00
2025-01-30 07:00:00+01:00,67999.2425,65303.182499999995,2025-12-13 09:34:08.228144+00:00
2025-01-30 08:00:00+01:00,69979.2475,67515.4225,2025-12-13 09:34:08.228144+00:00
2025-01-30 09:00:00+01:00,70377.4375,68219.8775,2025-12-13 09:34:08.228144+00:00
2025-01-30 10:00:00+01:00,70295.56,68890.69,2025-12-13 09:34:08.228144+00:00
2025-01-30 11:00:00+01:00,70623.27,69712.265,2025-12-13 09:34:08.228144+00:00
2025-01-30 12:00:00+01:00,69896.4875,69542.75,2025-12-13 09:34:08.228144+00:00
2025-01-30 13:00:00+01:00,68115.875,68689.70999999999,2025-12-13 09:34:08.228144+00:00
2025-01-30 14:00:00+01:00,66841.85250000001,67013.1675,2025-12-13 09:34:08.228144+00:00
2025-01-30 15:00:00+01:00,65681.91,66178.115,2025-12-13 09:34:08.228144+00:00
2025-01-30 16:00:00+01:00,65831.565,65843.22,2025-12-13 09:34:08.228144+00:00
2025-01-30 17:00:00+01:00,68313.89749999999,67678.7625,2025-12-13 09:34:08.228144+00:00
2025-01-30 18:00:00+01:00,69010.3625,68412.85250000001,2025-12-13 09:34:08.228144+00:00
2025-01-30 19:00:00+01:00,67554.9075,66979.045,2025-12-13 09:34:08.228144+00:00
2025-01-30 20:00:00+01:00,64245.545,63764.9475,2025-12-13 09:34:08.228144+00:00
2025-01-30 21:00:00+01:00,60428.505,60382.79,2025-12-13 09:34:08.228144+00:00
2025-01-30 22:00:00+01:00,57408.2625,57267.655,2025-12-13 09:34:08.228144+00:00
2025-01-30 23:00:00+01:00,53737.0325,53940.0525,2025-12-13 09:34:08.228144+00:00
2025-01-31 00:00:00+01:00,51169.7325,50929.677500000005,2025-12-13 09:34:08.228144+00:00
2025-01-31 01:00:00+01:00,49987.1725,49247.665,2025-12-13 09:34:08.228144+00:00
2025-01-31 02:00:00+01:00,49905.972499999996,48411.8825,2025-12-13 09:34:08.228144+00:00
2025-01-31 03:00:00+01:00,50274.582500000004,48528.7525,2025-12-13 09:34:08.228144+00:00
2025-01-31 04:00:00+01:00,51599.4725,50276.9225,2025-12-13 09:34:08.228144+00:00
2025-01-31 05:00:00+01:00,54707.2725,53559.2425,2025-12-13 09:34:08.228144+00:00
2025-01-31 06:00:00+01:00,61653.0825,60004.725000000006,2025-12-13 09:34:08.228144+00:00
2025-01-31 07:00:00+01:00,67200.5275,65021.14,2025-12-13 09:34:08.228144+00:00
2025-01-31 08:00:00+01:00,69473.245,67791.3675,2025-12-13 09:34:08.228144+00:00
2025-01-31 09:00:00+01:00,70012.47750000001,68927.09,2025-12-13 09:34:08.228144+00:00
2025-01-31 10:00:00+01:00,70025.65,69451.1875,2025-12-13 09:34:08.228144+00:00
2025-01-31 11:00:00+01:00,69294.9725,69575.03,2025-12-13 09:34:08.228144+00:00
2025-01-31 12:00:00+01:00,67690.2525,69276.52,2025-12-13 09:34:08.228144+00:00
2025-01-31 13:00:00+01:00,65989.675,67729.53,2025-12-13 09:34:08.228144+00:00
2025-01-31 14:00:00+01:00,64152.21,66042.4175,2025-12-13 09:34:08.228144+00:00
2025-01-31 15:00:00+01:00,63552.65,65904.15,2025-12-13 09:34:08.228144+00:00
2025-01-31 16:00:00+01:00,63940.615,65862.3125,2025-12-13 09:34:08.228144+00:00
2025-01-31 17:00:00+01:00,66722.985,68210.4125,2025-12-13 09:34:08.228144+00:00
2025-01-31 18:00:00+01:00,67509.3325,68200.495,2025-12-13 09:34:08.228144+00:00
2025-01-31 19:00:00+01:00,65661.725,65825.235,2025-12-13 09:34:08.228144+00:00
2025-01-31 20:00:00+01:00,62640.09,62161.79,2025-12-13 09:34:08.228144+00:00
2025-01-31 21:00:00+01:00,59574.195,58621.972499999996,2025-12-13 09:34:08.228144+00:00
2025-01-31 22:00:00+01:00,56647.2075,55603.1575,2025-12-13 09:34:08.228144+00:00
2025-01-31 23:00:00+01:00,53575.417499999996,51971.0725,2025-12-13 09:34:08.228144+00:00
2025-02-01 00:00:00+01:00,50968.667499999996,49981.0225,2025-12-13 09:34:08.228144+00:00
2025-02-01 01:00:00+01:00,49146.649999999994,47770.48,2025-12-13 09:34:08.228144+00:00
2025-02-01 02:00:00+01:00,48040.66,46513.0225,2025-12-13 09:34:08.228144+00:00
2025-02-01 03:00:00+01:00,47077.6825,45863.205,2025-12-13 09:34:08.228144+00:00
2025-02-01 04:00:00+01:00,47128.31,46343.3425,2025-12-13 09:34:08.228144+00:00
2025-02-01 05:00:00+01:00,47283.425,46981.525,2025-12-13 09:34:08.228144+00:00
2025-02-01 06:00:00+01:00,48184.7825,47980.465,2025-12-13 09:34:08.228144+00:00
2025-02-01 07:00:00+01:00,50807.155,50345.5975,2025-12-13 09:34:08.228144+00:00
2025-02-01 08:00:00+01:00,53853.19,53640.0275,2025-12-13 09:34:08.228144+00:00
2025-02-01 09:00:00+01:00,56543.835,56767.34,2025-12-13 09:34:08.228144+00:00
2025-02-01 10:00:00+01:00,58095.7125,58411.2275,2025-12-13 09:34:08.228144+00:00
2025-02-01 11:00:00+01:00,58897.270000000004,59249.1925,2025-12-13 09:34:08.228144+00:00
2025-02-01 12:00:00+01:00,57649.2275,58683.555,2025-12-13 09:34:08.228144+00:00
2025-02-01 13:00:00+01:00,55783.6575,56906.1275,2025-12-13 09:34:08.228144+00:00
2025-02-01 14:00:00+01:00,54209.91,55305.3525,2025-12-13 09:34:08.228144+00:00
2025-02-01 15:00:00+01:00,52759.0075,54778.16,2025-12-13 09:34:08.228144+00:00
2025-02-01 16:00:00+01:00,53733.97,55017.0775,2025-12-13 09:34:08.228144+00:00
2025-02-01 17:00:00+01:00,57127.5025,57463.9375,2025-12-13 09:34:08.228144+00:00
2025-02-01 18:00:00+01:00,58638.585,58760.71,2025-12-13 09:34:08.228144+00:00
2025-02-01 19:00:00+01:00,57368.292499999996,57162.744999999995,2025-12-13 09:34:08.228144+00:00
2025-02-01 20:00:00+01:00,54659.395000000004,54282.880000000005,2025-12-13 09:34:08.228144+00:00
2025-02-01 21:00:00+01:00,53240.835,52054.072499999995,2025-12-13 09:34:08.228144+00:00
2025-02-01 22:00:00+01:00,51438.735,50709.3475,2025-12-13 09:34:08.228144+00:00
2025-02-01 23:00:00+01:00,49214.215,48138.575,2025-12-13 09:34:08.228144+00:00
2025-02-02 00:00:00+01:00,47015.817500000005,43883.28,2025-12-13 09:34:08.228144+00:00
2025-02-02 01:00:00+01:00,45510.955,42122.6625,2025-12-13 09:34:08.228144+00:00
2025-02-02 02:00:00+01:00,44792.302500000005,41160.82,2025-12-13 09:34:08.228144+00:00
2025-02-02 03:00:00+01:00,44997.555,40697.6625,2025-12-13 09:34:08.228144+00:00
2025-02-02 04:00:00+01:00,44745.565,40844.525,2025-12-13 09:34:08.228144+00:00
2025-02-02 05:00:00+01:00,44701.5375,41288.365,2025-12-13 09:34:08.228144+00:00
2025-02-02 06:00:00+01:00,44881.87,41908.0,2025-12-13 09:34:08.228144+00:00
2025-02-02 07:00:00+01:00,46374.9725,43806.2775,2025-12-13 09:34:08.228144+00:00
2025-02-02 08:00:00+01:00,49589.28,46838.332500000004,2025-12-13 09:34:08.228144+00:00
2025-02-02 09:00:00+01:00,52668.07,50717.145000000004,2025-12-13 09:34:08.228144+00:00
2025-02-02 10:00:00+01:00,55508.885,52532.4275,2025-12-13 09:34:08.228144+00:00
2025-02-02 11:00:00+01:00,57087.1175,53631.7275,2025-12-13 09:34:08.228144+00:00
2025-02-02 12:00:00+01:00,55898.2825,53287.64,2025-12-13 09:34:08.228144+00:00
2025-02-02 13:00:00+01:00,53578.075,51792.655,2025-12-13 09:34:08.228144+00:00
2025-02-02 14:00:00+01:00,51684.21,50560.095,2025-12-13 09:34:08.228144+00:00
2025-02-02 15:00:00+01:00,51082.0975,49910.835,2025-12-13 09:34:08.228144+00:00
2025-02-02 16:00:00+01:00,52192.692500000005,50670.32,2025-12-13 09:34:08.228144+00:00
2025-02-02 17:00:00+01:00,56464.4,53706.95,2025-12-13 09:34:08.228144+00:00
2025-02-02 18:00:00+01:00,59051.245,55559.655,2025-12-13 09:34:08.228144+00:00
2025-02-02 19:00:00+01:00,57668.795,54536.93,2025-12-13 09:34:08.228144+00:00
2025-02-02 20:00:00+01:00,55435.979999999996,52722.73,2025-12-13 09:34:08.228144+00:00
2025-02-02 21:00:00+01:00,53889.8475,51303.222499999996,2025-12-13 09:34:08.228144+00:00
2025-02-02 22:00:00+01:00,53211.8775,50158.195,2025-12-13 09:34:08.228144+00:00
2025-02-02 23:00:00+01:00,51020.5475,47430.665,2025-12-13 09:34:08.228144+00:00
2025-02-03 00:00:00+01:00,49640.7425,45928.0575,2025-12-13 09:34:08.228144+00:00
2025-02-03 01:00:00+01:00,48157.48,44627.42,2025-12-13 09:34:08.228144+00:00
2025-02-03 02:00:00+01:00,47699.28,44389.155,2025-12-13 09:34:08.228144+00:00
2025-02-03 03:00:00+01:00,48155.23,44906.9675,2025-12-13 09:34:08.228144+00:00
2025-02-03 04:00:00+01:00,49678.57,46822.0125,2025-12-13 09:34:08.228144+00:00
2025-02-03 05:00:00+01:00,52986.4375,51155.925,2025-12-13 09:34:08.228144+00:00
2025-02-03 06:00:00+01:00,60386.79,58901.835,2025-12-13 09:34:08.228144+00:00
2025-02-03 07:00:00+01:00,66878.18,64260.5775,2025-12-13 09:34:08.228144+00:00
2025-02-03 08:00:00+01:00,69711.92,67349.415,2025-12-13 09:34:08.228144+00:00
2025-02-03 09:00:00+01:00,70339.69,68578.72,2025-12-13 09:34:08.228144+00:00
2025-02-03 10:00:00+01:00,70462.655,69043.385,2025-12-13 09:34:08.228144+00:00
2025-02-03 11:00:00+01:00,70396.6075,69628.6175,2025-12-13 09:34:08.228144+00:00
2025-02-03 12:00:00+01:00,69528.045,69241.8825,2025-12-13 09:34:08.228144+00:00
2025-02-03 13:00:00+01:00,68639.775,67951.62,2025-12-13 09:34:08.228144+00:00
2025-02-03 14:00:00+01:00,67290.835,66596.8125,2025-12-13 09:34:08.228144+00:00
2025-02-03 15:00:00+01:00,65928.0125,66128.505,2025-12-13 09:34:08.228144+00:00
2025-02-03 16:00:00+01:00,65852.2575,66051.205,2025-12-13 09:34:08.228144+00:00
2025-02-03 17:00:00+01:00,68891.68,67764.77,2025-12-13 09:34:08.228144+00:00
2025-02-03 18:00:00+01:00,69994.5825,68385.3875,2025-12-13 09:34:08.228144+00:00
2025-02-03 19:00:00+01:00,68728.4,66941.1125,2025-12-13 09:34:08.228144+00:00
2025-02-03 20:00:00+01:00,65389.57,63671.22,2025-12-13 09:34:08.228144+00:00
2025-02-03 21:00:00+01:00,62546.72,60348.9225,2025-12-13 09:34:08.228144+00:00
2025-02-03 22:00:00+01:00,59846.885,57280.4225,2025-12-13 09:34:08.228144+00:00
2025-02-03 23:00:00+01:00,56430.7125,53639.6725,2025-12-13 09:34:08.228144+00:00
2025-02-04 00:00:00+01:00,54054.96,50755.5,2025-12-13 09:34:08.228144+00:00
2025-02-04 01:00:00+01:00,52029.869999999995,49275.399999999994,2025-12-13 09:34:08.228144+00:00
2025-02-04 02:00:00+01:00,51781.5625,48436.0325,2025-12-13 09:34:08.228144+00:00
2025-02-04 03:00:00+01:00,51840.8475,48883.3525,2025-12-13 09:34:08.228144+00:00
2025-02-04 04:00:00+01:00,52966.125,50570.2775,2025-12-13 09:34:08.228144+00:00
2025-02-04 05:00:00+01:00,55565.835,53685.350000000006,2025-12-13 09:34:08.228144+00:00
2025-02-04 06:00:00+01:00,63248.542499999996,60076.82,2025-12-13 09:34:08.228144+00:00
2025-02-04 07:00:00+01:00,69133.2675,65190.515,2025-12-13 09:34:08.228144+00:00
2025-02-04 08:00:00+01:00,71904.7475,67923.055,2025-12-13 09:34:08.228144+00:00
2025-02-04 09:00:00+01:00,72615.0375,68961.16500000001,2025-12-13 09:34:08.228144+00:00
2025-02-04 10:00:00+01:00,73413.105,69562.2,2025-12-13 09:34:08.228144+00:00
2025-02-04 11:00:00+01:00,73297.0375,70134.5875,2025-12-13 09:34:08.228144+00:00
2025-02-04 12:00:00+01:00,71948.2625,69756.5975,2025-12-13 09:34:08.228144+00:00
2025-02-04 13:00:00+01:00,69981.955,68612.4,2025-12-13 09:34:08.228144+00:00
2025-02-04 14:00:00+01:00,68759.3925,67147.83499999999,2025-12-13 09:34:08.228144+00:00
2025-02-04 15:00:00+01:00,67569.655,66308.83,2025-12-13 09:34:08.228144+00:00
2025-02-04 16:00:00+01:00,67778.355,65814.4,2025-12-13 09:34:08.228144+00:00
2025-02-04 17:00:00+01:00,70649.0775,67382.075,2025-12-13 09:34:08.228144+00:00
2025-02-04 18:00:00+01:00,72361.935,67783.2475,2025-12-13 09:34:08.228144+00:00
2025-02-04 19:00:00+01:00,71168.1875,66188.78,2025-12-13 09:34:08.228144+00:00
2025-02-04 20:00:00+01:00,67908.02249999999,63072.0125,2025-12-13 09:34:08.228144+00:00
2025-02-04 21:00:00+01:00,64176.51,59776.7125,2025-12-13 09:34:08.228144+00:00
2025-02-04 22:00:00+01:00,61253.2625,56945.685,2025-12-13 09:34:08.228144+00:00
2025-02-04 23:00:00+01:00,58149.1375,53627.6125,2025-12-13 09:34:08.228144+00:00
2025-02-05 00:00:00+01:00,55428.675,53099.5875,2025-12-13 09:34:08.228144+00:00
2025-02-05 01:00:00+01:00,54106.5625,51532.645000000004,2025-12-13 09:34:08.228144+00:00
2025-02-05 02:00:00+01:00,53547.83,50725.7325,2025-12-13 09:34:08.228144+00:00
2025-02-05 03:00:00+01:00,53735.6325,51025.93,2025-12-13 09:34:08.228144+00:00
2025-02-05 04:00:00+01:00,54926.1575,52758.0375,2025-12-13 09:34:08.228144+00:00
2025-02-05 05:00:00+01:00,58452.49,55811.604999999996,2025-12-13 09:34:08.228144+00:00
2025-02-05 06:00:00+01:00,65802.2525,61260.8575,2025-12-13 09:34:08.228144+00:00
2025-02-05 07:00:00+01:00,71034.4975,66357.1075,2025-12-13 09:34:08.228144+00:00
2025-02-05 08:00:00+01:00,72885.63,69307.39,2025-12-13 09:34:08.228144+00:00
2025-02-05 09:00:00+01:00,73495.5775,70635.0025,2025-12-13 09:34:08.228144+00:00
2025-02-05 10:00:00+01:00,73763.7375,71334.2625,2025-12-13 09:34:08.228144+00:00
2025-02-05 11:00:00+01:00,73544.31,71652.3875,2025-12-13 09:34:08.228144+00:00
2025-02-05 12:00:00+01:00,73046.7825,71291.295,2025-12-13 09:34:08.228144+00:00
2025-02-05 13:00:00+01:00,72039.3,69815.69499999999,2025-12-13 09:34:08.228144+00:00
2025-02-05 14:00:00+01:00,70765.1,68026.73,2025-12-13 09:34:08.228144+00:00
2025-02-05 15:00:00+01:00,69472.51000000001,66540.4375,2025-12-13 09:34:08.228144+00:00
2025-02-05 16:00:00+01:00,69193.0775,66323.375,2025-12-13 09:34:08.228144+00:00
2025-02-05 17:00:00+01:00,71008.2425,68148.125,2025-12-13 09:34:08.228144+00:00
2025-02-05 18:00:00+01:00,71739.9625,68788.38,2025-12-13 09:34:08.228144+00:00
2025-02-05 19:00:00+01:00,69695.5375,67895.5825,2025-12-13 09:34:08.228144+00:00
2025-02-05 20:00:00+01:00,66097.2175,64690.509999999995,2025-12-13 09:34:08.228144+00:00
2025-02-05 21:00:00+01:00,62389.155,61268.2775,2025-12-13 09:34:08.228144+00:00
2025-02-05 22:00:00+01:00,59507.4525,58208.332500000004,2025-12-13 09:34:08.228144+00:00
2025-02-05 23:00:00+01:00,56483.615,55125.462499999994,2025-12-13 09:34:08.228144+00:00
2025-02-06 00:00:00+01:00,53547.7575,53473.595,2025-12-13 09:34:08.228144+00:00
2025-02-06 01:00:00+01:00,51766.0425,51861.22,2025-12-13 09:34:08.228144+00:00
2025-02-06 02:00:00+01:00,50492.1325,50811.005000000005,2025-12-13 09:34:08.228144+00:00
2025-02-06 03:00:00+01:00,50651.6275,50966.6,2025-12-13 09:34:08.228144+00:00
2025-02-06 04:00:00+01:00,51425.67,51874.425,2025-12-13 09:34:08.228144+00:00
2025-02-06 05:00:00+01:00,54650.19,54592.8425,2025-12-13 09:34:08.228144+00:00
2025-02-06 06:00:00+01:00,61576.9675,61164.2425,2025-12-13 09:34:08.228144+00:00
2025-02-06 07:00:00+01:00,67142.4275,66633.3775,2025-12-13 09:34:08.228144+00:00
2025-02-06 08:00:00+01:00,69612.91750000001,69457.325,2025-12-13 09:34:08.228144+00:00
2025-02-06 09:00:00+01:00,70304.08499999999,69613.11,2025-12-13 09:34:08.228144+00:00
2025-02-06 10:00:00+01:00,70904.59,70118.935,2025-12-13 09:34:08.228144+00:00
2025-02-06 11:00:00+01:00,70933.765,71051.55,2025-12-13 09:34:08.228144+00:00
2025-02-06 12:00:00+01:00,70704.225,70722.7775,2025-12-13 09:34:08.228144+00:00
2025-02-06 13:00:00+01:00,70264.53,69685.535,2025-12-13 09:34:08.228144+00:00
2025-02-06 14:00:00+01:00,68960.1125,67629.8825,2025-12-13 09:34:08.228144+00:00
2025-02-06 15:00:00+01:00,68326.0,66484.5625,2025-12-13 09:34:08.228144+00:00
2025-02-06 16:00:00+01:00,67847.5,66164.6175,2025-12-13 09:34:08.228144+00:00
2025-02-06 17:00:00+01:00,70718.4075,68344.4875,2025-12-13 09:34:08.228144+00:00
2025-02-06 18:00:00+01:00,71744.9225,69134.535,2025-12-13 09:34:08.228144+00:00
2025-02-06 19:00:00+01:00,70509.6525,67793.84,2025-12-13 09:34:08.228144+00:00
2025-02-06 20:00:00+01:00,66834.85250000001,64981.265,2025-12-13 09:34:08.228144+00:00
2025-02-06 21:00:00+01:00,63634.735,61981.5875,2025-12-13 09:34:08.228144+00:00
2025-02-06 22:00:00+01:00,60141.3825,59371.33,2025-12-13 09:34:08.228144+00:00
2025-02-06 23:00:00+01:00,56423.055,56328.8975,2025-12-13 09:34:08.228144+00:00
2025-02-07 00:00:00+01:00,53211.97,52859.4525,2025-12-13 09:34:08.228144+00:00
2025-02-07 01:00:00+01:00,51880.6225,51492.3975,2025-12-13 09:34:08.228144+00:00
2025-02-07 02:00:00+01:00,51748.09,50648.01,2025-12-13 09:34:08.228144+00:00
2025-02-07 03:00:00+01:00,52700.2875,50950.845,2025-12-13 09:34:08.228144+00:00
2025-02-07 04:00:00+01:00,54343.675,52685.6025,2025-12-13 09:34:08.228144+00:00
2025-02-07 05:00:00+01:00,56774.4975,56074.7925,2025-12-13 09:34:08.228144+00:00
2025-02-07 06:00:00+01:00,63462.225,62411.095,2025-12-13 09:34:08.228144+00:00
2025-02-07 07:00:00+01:00,68808.5825,67346.23,2025-12-13 09:34:08.228144+00:00
2025-02-07 08:00:00+01:00,71511.655,70331.6125,2025-12-13 09:34:08.228144+00:00
2025-02-07 09:00:00+01:00,72471.92,71646.0575,2025-12-13 09:34:08.228144+00:00
2025-02-07 10:00:00+01:00,72859.08,71536.34999999999,2025-12-13 09:34:08.228144+00:00
2025-02-07 11:00:00+01:00,73148.9275,71521.25,2025-12-13 09:34:08.228144+00:00
2025-02-07 12:00:00+01:00,72935.975,71185.7175,2025-12-13 09:34:08.228144+00:00
2025-02-07 13:00:00+01:00,70910.405,69583.025,2025-12-13 09:34:08.228144+00:00
2025-02-07 14:00:00+01:00,68383.975,67535.7825,2025-12-13 09:34:08.228144+00:00
2025-02-07 15:00:00+01:00,67177.2,67009.2325,2025-12-13 09:34:08.228144+00:00
2025-02-07 16:00:00+01:00,67752.8425,67256.12,2025-12-13 09:34:08.228144+00:00
2025-02-07 17:00:00+01:00,70064.2025,69660.2325,2025-12-13 09:34:08.228144+00:00
2025-02-07 18:00:00+01:00,71133.0575,69970.41750000001,2025-12-13 09:34:08.228144+00:00
2025-02-07 19:00:00+01:00,68863.975,68324.69750000001,2025-12-13 09:34:08.228144+00:00
2025-02-07 20:00:00+01:00,65603.1475,64210.03,2025-12-13 09:34:08.228144+00:00
2025-02-07 21:00:00+01:00,62393.815,60311.045,2025-12-13 09:34:08.228144+00:00
2025-02-07 22:00:00+01:00,59763.235,57512.2225,2025-12-13 09:34:08.228144+00:00
2025-02-07 23:00:00+01:00,56292.33,54191.575,2025-12-13 09:34:08.228144+00:00
2025-02-08 00:00:00+01:00,53379.775,50053.1575,2025-12-13 09:34:08.228144+00:00
2025-02-08 01:00:00+01:00,52109.485,48056.899999999994,2025-12-13 09:34:08.228144+00:00
2025-02-08 02:00:00+01:00,50631.01,46874.655,2025-12-13 09:34:08.228144+00:00
2025-02-08 03:00:00+01:00,50364.6425,46358.135,2025-12-13 09:34:08.228144+00:00
2025-02-08 04:00:00+01:00,50344.605,46613.9375,2025-12-13 09:34:08.228144+00:00
2025-02-08 05:00:00+01:00,50851.2625,47317.12,2025-12-13 09:34:08.228144+00:00
2025-02-08 06:00:00+01:00,52096.380000000005,47875.375,2025-12-13 09:34:08.228144+00:00
2025-02-08 07:00:00+01:00,54016.5975,50060.01,2025-12-13 09:34:08.228144+00:00
2025-02-08 08:00:00+01:00,57330.3,53631.1325,2025-12-13 09:34:08.228144+00:00
2025-02-08 09:00:00+01:00,59479.4,56986.49,2025-12-13 09:34:08.228144+00:00
2025-02-08 10:00:00+01:00,61103.88,58605.0125,2025-12-13 09:34:08.228144+00:00
2025-02-08 11:00:00+01:00,60846.2475,59094.685,2025-12-13 09:34:08.228144+00:00
2025-02-08 12:00:00+01:00,59572.3975,58568.55,2025-12-13 09:34:08.228144+00:00
2025-02-08 13:00:00+01:00,57394.31,57031.744999999995,2025-12-13 09:34:08.228144+00:00
2025-02-08 14:00:00+01:00,55883.585,55348.4925,2025-12-13 09:34:08.228144+00:00
2025-02-08 15:00:00+01:00,55380.3825,54670.84,2025-12-13 09:34:08.228144+00:00
2025-02-08 16:00:00+01:00,56205.075,55219.11,2025-12-13 09:34:08.228144+00:00
2025-02-08 17:00:00+01:00,59323.1625,57187.027500000004,2025-12-13 09:34:08.228144+00:00
2025-02-08 18:00:00+01:00,61910.8875,58356.649999999994,2025-12-13 09:34:08.228144+00:00
2025-02-08 19:00:00+01:00,59967.29,57038.182499999995,2025-12-13 09:34:08.228144+00:00
2025-02-08 20:00:00+01:00,57252.29,54230.065,2025-12-13 09:34:08.228144+00:00
2025-02-08 21:00:00+01:00,54774.0975,52012.99,2025-12-13 09:34:08.228144+00:00
2025-02-08 22:00:00+01:00,53031.0075,50468.15,2025-12-13 09:34:08.228144+00:00
2025-02-08 23:00:00+01:00,49855.485,47832.9775,2025-12-13 09:34:08.228144+00:00
2025-02-09 00:00:00+01:00,47670.9375,44810.42,2025-12-13 09:34:08.228144+00:00
2025-02-09 01:00:00+01:00,45785.8375,43020.925,2025-12-13 09:34:08.228144+00:00
2025-02-09 02:00:00+01:00,44683.9675,41904.104999999996,2025-12-13 09:34:08.228144+00:00
2025-02-09 03:00:00+01:00,44301.7375,41501.1625,2025-12-13 09:34:08.228144+00:00
2025-02-09 04:00:00+01:00,44221.065,41744.7575,2025-12-13 09:34:08.228144+00:00
2025-02-09 05:00:00+01:00,44597.5925,42466.755000000005,2025-12-13 09:34:08.228144+00:00
2025-02-09 06:00:00+01:00,44838.567500000005,43057.332500000004,2025-12-13 09:34:08.228144+00:00
2025-02-09 07:00:00+01:00,46513.229999999996,44466.9825,2025-12-13 09:34:08.228144+00:00
2025-02-09 08:00:00+01:00,50707.695,47633.41,2025-12-13 09:34:08.228144+00:00
2025-02-09 09:00:00+01:00,53634.48,51562.3875,2025-12-13 09:34:08.228144+00:00
2025-02-09 10:00:00+01:00,55711.34,53453.85,2025-12-13 09:34:08.228144+00:00
2025-02-09 11:00:00+01:00,56957.3925,54988.075,2025-12-13 09:34:08.228144+00:00
2025-02-09 12:00:00+01:00,56617.134999999995,54792.6325,2025-12-13 09:34:08.228144+00:00
2025-02-09 13:00:00+01:00,55301.8575,53234.0225,2025-12-13 09:34:08.228144+00:00
2025-02-09 14:00:00+01:00,53733.5725,51689.9,2025-12-13 09:34:08.228144+00:00
2025-02-09 15:00:00+01:00,53065.9525,51076.0775,2025-12-13 09:34:08.228144+00:00
2025-02-09 16:00:00+01:00,55353.2425,52120.1225,2025-12-13 09:34:08.228144+00:00
2025-02-09 17:00:00+01:00,58989.552500000005,54623.62,2025-12-13 09:34:08.228144+00:00
2025-02-09 18:00:00+01:00,62044.07,56779.9175,2025-12-13 09:34:08.228144+00:00
2025-02-09 19:00:00+01:00,60727.2,56129.14,2025-12-13 09:34:08.228144+00:00
2025-02-09 20:00:00+01:00,58075.9625,54278.3225,2025-12-13 09:34:08.228144+00:00
2025-02-09 21:00:00+01:00,55986.0975,52539.485,2025-12-13 09:34:08.228144+00:00
2025-02-09 22:00:00+01:00,55433.7225,51246.270000000004,2025-12-13 09:34:08.228144+00:00
2025-02-09 23:00:00+01:00,53071.2275,48545.39,2025-12-13 09:34:08.228144+00:00
2025-02-10 00:00:00+01:00,50348.7475,47329.67,2025-12-13 09:34:08.228144+00:00
2025-02-10 01:00:00+01:00,49087.1225,45953.54,2025-12-13 09:34:08.228144+00:00
2025-02-10 02:00:00+01:00,48826.59,45452.07,2025-12-13 09:34:08.228144+00:00
2025-02-10 03:00:00+01:00,49203.2275,46043.22,2025-12-13 09:34:08.228144+00:00
2025-02-10 04:00:00+01:00,50786.1575,48049.21,2025-12-13 09:34:08.228144+00:00
2025-02-10 05:00:00+01:00,54373.465,52778.09,2025-12-13 09:34:08.228144+00:00
2025-02-10 06:00:00+01:00,62878.825,60205.06,2025-12-13 09:34:08.228144+00:00
2025-02-10 07:00:00+01:00,68421.63500000001,65217.9025,2025-12-13 09:34:08.228144+00:00
2025-02-10 08:00:00+01:00,71102.705,68248.62,2025-12-13 09:34:08.228144+00:00
2025-02-10 09:00:00+01:00,71805.4625,69514.475,2025-12-13 09:34:08.228144+00:00
2025-02-10 10:00:00+01:00,72356.41,70193.1375,2025-12-13 09:34:08.228144+00:00
2025-02-10 11:00:00+01:00,72636.9275,70851.4275,2025-12-13 09:34:08.228144+00:00
2025-02-10 12:00:00+01:00,72299.66500000001,70905.14,2025-12-13 09:34:08.228144+00:00
2025-02-10 13:00:00+01:00,72211.36,70176.0025,2025-12-13 09:34:08.228144+00:00
2025-02-10 14:00:00+01:00,70982.1175,69034.175,2025-12-13 09:34:08.228144+00:00
2025-02-10 15:00:00+01:00,70013.9675,68183.02,2025-12-13 09:34:08.228144+00:00
2025-02-10 16:00:00+01:00,69881.95999999999,68056.4225,2025-12-13 09:34:08.228144+00:00
2025-02-10 17:00:00+01:00,72846.85,68961.65,2025-12-13 09:34:08.228144+00:00
2025-02-10 18:00:00+01:00,74628.38,69891.9775,2025-12-13 09:34:08.228144+00:00
2025-02-10 19:00:00+01:00,73560.735,68551.48749999999,2025-12-13 09:34:08.228144+00:00
2025-02-10 20:00:00+01:00,69467.88,65130.409999999996,2025-12-13 09:34:08.228144+00:00
2025-02-10 21:00:00+01:00,65457.235,61617.3925,2025-12-13 09:34:08.228144+00:00
2025-02-10 22:00:00+01:00,62506.369999999995,58517.770000000004,2025-12-13 09:34:08.228144+00:00
2025-02-10 23:00:00+01:00,59719.4,54838.8675,2025-12-13 09:34:08.228144+00:00
2025-02-11 00:00:00+01:00,56037.195,51533.46,2025-12-13 09:34:08.228144+00:00
2025-02-11 01:00:00+01:00,54963.412500000006,50078.21,2025-12-13 09:34:08.228144+00:00
2025-02-11 02:00:00+01:00,54302.58,48661.6625,2025-12-13 09:34:08.228144+00:00
2025-02-11 03:00:00+01:00,54148.655,49186.7975,2025-12-13 09:34:08.228144+00:00
2025-02-11 04:00:00+01:00,54854.5225,50881.917499999996,2025-12-13 09:34:08.228144+00:00
2025-02-11 05:00:00+01:00,58273.735,54272.7175,2025-12-13 09:34:08.228144+00:00
2025-02-11 06:00:00+01:00,65314.0075,60732.5675,2025-12-13 09:34:08.228144+00:00
2025-02-11 07:00:00+01:00,71731.6675,65698.875,2025-12-13 09:34:08.228144+00:00
2025-02-11 08:00:00+01:00,73475.37,68571.5125,2025-12-13 09:34:08.228144+00:00
2025-02-11 09:00:00+01:00,72606.1925,69727.7025,2025-12-13 09:34:08.228144+00:00
2025-02-11 10:00:00+01:00,73593.8,70434.95999999999,2025-12-13 09:34:08.228144+00:00
2025-02-11 11:00:00+01:00,73849.29250000001,70825.3275,2025-12-13 09:34:08.228144+00:00
2025-02-11 12:00:00+01:00,72932.955,70597.79000000001,2025-12-13 09:34:08.228144+00:00
2025-02-11 13:00:00+01:00,71757.64,69920.4475,2025-12-13 09:34:08.228144+00:00
2025-02-11 14:00:00+01:00,71546.2875,68575.5475,2025-12-13 09:34:08.228144+00:00
2025-02-11 15:00:00+01:00,71123.1125,67810.935,2025-12-13 09:34:08.228144+00:00
2025-02-11 16:00:00+01:00,70938.87,67459.275,2025-12-13 09:34:08.228144+00:00
2025-02-11 17:00:00+01:00,73470.1075,68898.795,2025-12-13 09:34:08.228144+00:00
2025-02-11 18:00:00+01:00,74575.425,69631.91500000001,2025-12-13 09:34:08.228144+00:00
2025-02-11 19:00:00+01:00,72879.3575,67900.285,2025-12-13 09:34:08.228144+00:00
2025-02-11 20:00:00+01:00,69216.8175,64234.93,2025-12-13 09:34:08.228144+00:00
2025-02-11 21:00:00+01:00,65444.740000000005,60852.630000000005,2025-12-13 09:34:08.228144+00:00
2025-02-11 22:00:00+01:00,61585.0275,57628.3725,2025-12-13 09:34:08.228144+00:00
2025-02-11 23:00:00+01:00,57722.7,54334.729999999996,2025-12-13 09:34:08.228144+00:00
2025-02-12 00:00:00+01:00,55692.4,52602.9025,2025-12-13 09:34:08.228144+00:00
2025-02-12 01:00:00+01:00,53799.5125,50896.4375,2025-12-13 09:34:08.228144+00:00
2025-02-12 02:00:00+01:00,53517.9775,50165.82,2025-12-13 09:34:08.228144+00:00
2025-02-12 03:00:00+01:00,53311.175,50146.457500000004,2025-12-13 09:34:08.228144+00:00
2025-02-12 04:00:00+01:00,53969.9125,51791.7475,2025-12-13 09:34:08.228144+00:00
2025-02-12 05:00:00+01:00,57276.7975,55044.945,2025-12-13 09:34:08.228144+00:00
2025-02-12 06:00:00+01:00,65433.9875,60544.8525,2025-12-13 09:34:08.228144+00:00
2025-02-12 07:00:00+01:00,70591.60500000001,65428.572499999995,2025-12-13 09:34:08.228144+00:00
2025-02-12 08:00:00+01:00,72994.75,68685.73999999999,2025-12-13 09:34:08.228144+00:00
2025-02-12 09:00:00+01:00,73416.2225,69798.92749999999,2025-12-13 09:34:08.228144+00:00
2025-02-12 10:00:00+01:00,74060.7825,70827.82,2025-12-13 09:34:08.228144+00:00
2025-02-12 11:00:00+01:00,73901.0675,70784.7375,2025-12-13 09:34:08.228144+00:00
2025-02-12 12:00:00+01:00,72987.64,70143.32,2025-12-13 09:34:08.228144+00:00
2025-02-12 13:00:00+01:00,72573.645,69036.41500000001,2025-12-13 09:34:08.228144+00:00
2025-02-12 14:00:00+01:00,70936.61,67308.3275,2025-12-13 09:34:08.228144+00:00
2025-02-12 15:00:00+01:00,70438.73999999999,65836.615,2025-12-13 09:34:08.228144+00:00
2025-02-12 16:00:00+01:00,70124.3375,65996.10250000001,2025-12-13 09:34:08.228144+00:00
2025-02-12 17:00:00+01:00,71806.3625,67799.9225,2025-12-13 09:34:08.228144+00:00
2025-02-12 18:00:00+01:00,72622.235,68191.325,2025-12-13 09:34:08.228144+00:00
2025-02-12 19:00:00+01:00,70704.4075,66731.755,2025-12-13 09:34:08.228144+00:00
2025-02-12 20:00:00+01:00,67604.2625,63313.5775,2025-12-13 09:34:08.228144+00:00
2025-02-12 21:00:00+01:00,63008.2175,60030.7375,2025-12-13 09:34:08.228144+00:00
2025-02-12 22:00:00+01:00,59521.2825,56897.775,2025-12-13 09:34:08.228144+00:00
2025-02-12 23:00:00+01:00,56098.235,53707.1725,2025-12-13 09:34:08.228144+00:00
2025-02-13 00:00:00+01:00,53435.365,52113.5075,2025-12-13 09:34:08.228144+00:00
2025-02-13 01:00:00+01:00,51824.854999999996,50491.74,2025-12-13 09:34:08.228144+00:00
2025-02-13 02:00:00+01:00,51424.0775,49630.2975,2025-12-13 09:34:08.228144+00:00
2025-02-13 03:00:00+01:00,51649.0225,49901.84,2025-12-13 09:34:08.228144+00:00
2025-02-13 04:00:00+01:00,52782.525,50863.8125,2025-12-13 09:34:08.228144+00:00
2025-02-13 05:00:00+01:00,56278.1875,53838.495,2025-12-13 09:34:08.228144+00:00
2025-02-13 06:00:00+01:00,63607.15,60588.8275,2025-12-13 09:34:08.228144+00:00
2025-02-13 07:00:00+01:00,69315.0,65218.7575,2025-12-13 09:34:08.228144+00:00
2025-02-13 08:00:00+01:00,72280.0825,68098.125,2025-12-13 09:34:08.228144+00:00
2025-02-13 09:00:00+01:00,73189.7925,68429.5675,2025-12-13 09:34:08.228144+00:00
2025-02-13 10:00:00+01:00,73890.33,69228.865,2025-12-13 09:34:08.228144+00:00
2025-02-13 11:00:00+01:00,74311.705,70329.1575,2025-12-13 09:34:08.228144+00:00
2025-02-13 12:00:00+01:00,73784.16,69992.34,2025-12-13 09:34:08.228144+00:00
2025-02-13 13:00:00+01:00,73202.55249999999,69434.3275,2025-12-13 09:34:08.228144+00:00
2025-02-13 14:00:00+01:00,72509.1875,67649.235,2025-12-13 09:34:08.228144+00:00
2025-02-13 15:00:00+01:00,72145.1975,66531.9525,2025-12-13 09:34:08.228144+00:00
2025-02-13 16:00:00+01:00,71482.29,66212.7175,2025-12-13 09:34:08.228144+00:00
2025-02-13 17:00:00+01:00,72955.8825,67849.1725,2025-12-13 09:34:08.228144+00:00
2025-02-13 18:00:00+01:00,74182.1175,68095.345,2025-12-13 09:34:08.228144+00:00
2025-02-13 19:00:00+01:00,72502.2575,66133.8775,2025-12-13 09:34:08.228144+00:00
2025-02-13 20:00:00+01:00,68689.09,63716.325,2025-12-13 09:34:08.228144+00:00
2025-02-13 21:00:00+01:00,65031.3025,60556.05,2025-12-13 09:34:08.228144+00:00
2025-02-13 22:00:00+01:00,61877.7175,57805.41,2025-12-13 09:34:08.228144+00:00
2025-02-13 23:00:00+01:00,58397.2225,54652.6275,2025-12-13 09:34:08.228144+00:00
2025-02-14 00:00:00+01:00,56684.515,51999.51,2025-12-13 09:34:08.228144+00:00
2025-02-14 01:00:00+01:00,55167.775,50367.015,2025-12-13 09:34:08.228144+00:00
2025-02-14 02:00:00+01:00,53944.2,49531.7675,2025-12-13 09:34:08.228144+00:00
2025-02-14 03:00:00+01:00,53766.19,49688.085,2025-12-13 09:34:08.228144+00:00
2025-02-14 04:00:00+01:00,54906.1325,51415.05,2025-12-13 09:34:08.228144+00:00
2025-02-14 05:00:00+01:00,57833.04,54900.7525,2025-12-13 09:34:08.228144+00:00
2025-02-14 06:00:00+01:00,63758.295,61341.1025,2025-12-13 09:34:08.228144+00:00
2025-02-14 07:00:00+01:00,68632.16,66077.34999999999,2025-12-13 09:34:08.228144+00:00
2025-02-14 08:00:00+01:00,71563.68,68700.055,2025-12-13 09:34:08.228144+00:00
2025-02-14 09:00:00+01:00,72260.995,69380.3875,2025-12-13 09:34:08.228144+00:00
2025-02-14 10:00:00+01:00,72643.175,69460.3325,2025-12-13 09:34:08.228144+00:00
2025-02-14 11:00:00+01:00,72595.9125,69628.29000000001,2025-12-13 09:34:08.228144+00:00
2025-02-14 12:00:00+01:00,71743.035,69422.0325,2025-12-13 09:34:08.228144+00:00
2025-02-14 13:00:00+01:00,70651.14,68181.36750000001,2025-12-13 09:34:08.228144+00:00
2025-02-14 14:00:00+01:00,68958.4725,66397.6675,2025-12-13 09:34:08.228144+00:00
2025-02-14 15:00:00+01:00,68083.205,65171.932499999995,2025-12-13 09:34:08.228144+00:00
2025-02-14 16:00:00+01:00,67758.11,65314.315,2025-12-13 09:34:08.228144+00:00
2025-02-14 17:00:00+01:00,68762.3075,67200.43,2025-12-13 09:34:08.228144+00:00
2025-02-14 18:00:00+01:00,69123.38500000001,67629.16,2025-12-13 09:34:08.228144+00:00
2025-02-14 19:00:00+01:00,66871.0575,65662.11,2025-12-13 09:34:08.228144+00:00
2025-02-14 20:00:00+01:00,63235.1875,62539.707500000004,2025-12-13 09:34:08.228144+00:00
2025-02-14 21:00:00+01:00,59963.6475,59305.6075,2025-12-13 09:34:08.228144+00:00
2025-02-14 22:00:00+01:00,57389.667499999996,56314.9525,2025-12-13 09:34:08.228144+00:00
2025-02-14 23:00:00+01:00,54472.9525,52739.31,2025-12-13 09:34:08.228144+00:00
2025-02-15 00:00:00+01:00,51651.3375,49460.125,2025-12-13 09:34:08.228144+00:00
2025-02-15 01:00:00+01:00,49356.815,47411.1625,2025-12-13 09:34:08.228144+00:00
2025-02-15 02:00:00+01:00,48013.955,46313.5475,2025-12-13 09:34:08.228144+00:00
2025-02-15 03:00:00+01:00,47864.005,45777.2875,2025-12-13 09:34:08.228144+00:00
2025-02-15 04:00:00+01:00,48059.4125,45871.2675,2025-12-13 09:34:08.228144+00:00
2025-02-15 05:00:00+01:00,48305.159999999996,47307.5875,2025-12-13 09:34:08.228144+00:00
2025-02-15 06:00:00+01:00,49640.175,49090.8625,2025-12-13 09:34:08.228144+00:00
2025-02-15 07:00:00+01:00,52113.9475,51232.575,2025-12-13 09:34:08.228144+00:00
2025-02-15 08:00:00+01:00,55343.61,54794.385,2025-12-13 09:34:08.228144+00:00
2025-02-15 09:00:00+01:00,58564.2,57901.03,2025-12-13 09:34:08.228144+00:00
2025-02-15 10:00:00+01:00,60551.12,59062.7,2025-12-13 09:34:08.228144+00:00
2025-02-15 11:00:00+01:00,61401.8925,59487.567500000005,2025-12-13 09:34:08.228144+00:00
2025-02-15 12:00:00+01:00,60852.332500000004,58975.2575,2025-12-13 09:34:08.228144+00:00
2025-02-15 13:00:00+01:00,59278.0625,57457.1775,2025-12-13 09:34:08.228144+00:00
2025-02-15 14:00:00+01:00,57893.130000000005,55708.354999999996,2025-12-13 09:34:08.228144+00:00
2025-02-15 15:00:00+01:00,56896.825,54906.415,2025-12-13 09:34:08.228144+00:00
2025-02-15 16:00:00+01:00,57104.395000000004,55729.765,2025-12-13 09:34:08.228144+00:00
2025-02-15 17:00:00+01:00,59442.94,58292.465,2025-12-13 09:34:08.228144+00:00
2025-02-15 18:00:00+01:00,61330.7975,59706.935,2025-12-13 09:34:08.228144+00:00
2025-02-15 19:00:00+01:00,59735.95,58395.2425,2025-12-13 09:34:08.228144+00:00
2025-02-15 20:00:00+01:00,56686.8975,55401.19,2025-12-13 09:34:08.228144+00:00
2025-02-15 21:00:00+01:00,54690.0925,53117.01,2025-12-13 09:34:08.228144+00:00
2025-02-15 22:00:00+01:00,54201.57,51573.56,2025-12-13 09:34:08.228144+00:00
2025-02-15 23:00:00+01:00,52123.2625,48940.95,2025-12-13 09:34:08.228144+00:00
2025-02-16 00:00:00+01:00,49682.16,46348.4675,2025-12-13 09:34:08.228144+00:00
2025-02-16 01:00:00+01:00,47841.7025,44604.1875,2025-12-13 09:34:08.228144+00:00
2025-02-16 02:00:00+01:00,46668.25,43523.10249999999,2025-12-13 09:34:08.228144+00:00
2025-02-16 03:00:00+01:00,46285.3225,43132.4775,2025-12-13 09:34:08.228144+00:00
2025-02-16 04:00:00+01:00,45989.447499999995,43023.3475,2025-12-13 09:34:08.228144+00:00
2025-02-16 05:00:00+01:00,46253.005,43417.2275,2025-12-13 09:34:08.228144+00:00
2025-02-16 06:00:00+01:00,46492.2625,43954.5,2025-12-13 09:34:08.228144+00:00
2025-02-16 07:00:00+01:00,48315.9925,45477.445,2025-12-13 09:34:08.228144+00:00
2025-02-16 08:00:00+01:00,50794.45,48525.457500000004,2025-12-13 09:34:08.228144+00:00
2025-02-16 09:00:00+01:00,54223.9475,52158.924999999996,2025-12-13 09:34:08.228144+00:00
2025-02-16 10:00:00+01:00,56944.5475,54358.3875,2025-12-13 09:34:08.228144+00:00
2025-02-16 11:00:00+01:00,58028.8225,55766.23,2025-12-13 09:34:08.228144+00:00
2025-02-16 12:00:00+01:00,57353.4875,55746.3275,2025-12-13 09:34:08.228144+00:00
2025-02-16 13:00:00+01:00,55322.3475,54375.705,2025-12-13 09:34:08.228144+00:00
2025-02-16 14:00:00+01:00,54075.509999999995,52713.244999999995,2025-12-13 09:34:08.228144+00:00
2025-02-16 15:00:00+01:00,53259.155,52070.1075,2025-12-13 09:34:08.228144+00:00
2025-02-16 16:00:00+01:00,54171.6575,52589.0175,2025-12-13 09:34:08.228144+00:00
2025-02-16 17:00:00+01:00,57255.735,55456.88,2025-12-13 09:34:08.228144+00:00
2025-02-16 18:00:00+01:00,60766.0925,58182.1775,2025-12-13 09:34:08.228144+00:00
2025-02-16 19:00:00+01:00,59968.315,57545.805,2025-12-13 09:34:08.228144+00:00
2025-02-16 20:00:00+01:00,57697.9575,55137.7875,2025-12-13 09:34:08.228144+00:00
2025-02-16 21:00:00+01:00,55772.7875,53274.515,2025-12-13 09:34:08.228144+00:00
2025-02-16 22:00:00+01:00,54330.5575,51921.1275,2025-12-13 09:34:08.228144+00:00
2025-02-16 23:00:00+01:00,52409.3675,49204.525,2025-12-13 09:34:08.228144+00:00
2025-02-17 00:00:00+01:00,50778.6225,48629.0275,2025-12-13 09:34:08.228144+00:00
2025-02-17 01:00:00+01:00,49681.505000000005,47234.8925,2025-12-13 09:34:08.228144+00:00
2025-02-17 02:00:00+01:00,49045.495,47009.1,2025-12-13 09:34:08.228144+00:00
2025-02-17 03:00:00+01:00,49048.04,47542.72,2025-12-13 09:34:08.228144+00:00
2025-02-17 04:00:00+01:00,50392.27,49376.7475,2025-12-13 09:34:08.228144+00:00
2025-02-17 05:00:00+01:00,54172.595,54008.4375,2025-12-13 09:34:08.228144+00:00
2025-02-17 06:00:00+01:00,62875.520000000004,61488.84,2025-12-13 09:34:08.228144+00:00
2025-02-17 07:00:00+01:00,69029.635,66799.41,2025-12-13 09:34:08.228144+00:00
2025-02-17 08:00:00+01:00,71108.5925,69754.645,2025-12-13 09:34:08.228144+00:00
2025-02-17 09:00:00+01:00,71262.505,70642.6125,2025-12-13 09:34:08.228144+00:00
2025-02-17 10:00:00+01:00,70656.9125,71049.625,2025-12-13 09:34:08.228144+00:00
2025-02-17 11:00:00+01:00,69867.5075,71568.85,2025-12-13 09:34:08.228144+00:00
2025-02-17 12:00:00+01:00,68428.69,71264.2225,2025-12-13 09:34:08.228144+00:00
2025-02-17 13:00:00+01:00,67158.64749999999,70278.4425,2025-12-13 09:34:08.228144+00:00
2025-02-17 14:00:00+01:00,66160.455,68674.9975,2025-12-13 09:34:08.228144+00:00
2025-02-17 15:00:00+01:00,65367.215,68040.07500000001,2025-12-13 09:34:08.228144+00:00
2025-02-17 16:00:00+01:00,65688.745,68499.7,2025-12-13 09:34:08.228144+00:00
2025-02-17 17:00:00+01:00,68147.6775,69902.9,2025-12-13 09:34:08.228144+00:00
2025-02-17 18:00:00+01:00,70588.5325,71049.12,2025-12-13 09:34:08.228144+00:00
2025-02-17 19:00:00+01:00,69744.9475,69984.9325,2025-12-13 09:34:08.228144+00:00
2025-02-17 20:00:00+01:00,66666.9875,66298.1525,2025-12-13 09:34:08.228144+00:00
2025-02-17 21:00:00+01:00,63621.135,62854.04,2025-12-13 09:34:08.228144+00:00
2025-02-17 22:00:00+01:00,61071.7725,59642.8225,2025-12-13 09:34:08.228144+00:00
2025-02-17 23:00:00+01:00,58340.945,56101.2125,2025-12-13 09:34:08.228144+00:00
2025-02-18 00:00:00+01:00,55550.567500000005,53700.265,2025-12-13 09:34:08.228144+00:00
2025-02-18 01:00:00+01:00,54224.265,52588.555,2025-12-13 09:34:08.228144+00:00
2025-02-18 02:00:00+01:00,53663.095,51536.3275,2025-12-13 09:34:08.228144+00:00
2025-02-18 03:00:00+01:00,54121.97,51967.6725,2025-12-13 09:34:08.228144+00:00
2025-02-18 04:00:00+01:00,55010.7125,53482.365,2025-12-13 09:34:08.228144+00:00
2025-02-18 05:00:00+01:00,58196.9525,56782.675,2025-12-13 09:34:08.228144+00:00
2025-02-18 06:00:00+01:00,65042.265,63468.255000000005,2025-12-13 09:34:08.228144+00:00
2025-02-18 07:00:00+01:00,70417.255,68414.9825,2025-12-13 09:34:08.228144+00:00
2025-02-18 08:00:00+01:00,72504.28,71423.42,2025-12-13 09:34:08.228144+00:00
2025-02-18 09:00:00+01:00,72276.1775,72275.61,2025-12-13 09:34:08.228144+00:00
2025-02-18 10:00:00+01:00,71338.5,72581.28,2025-12-13 09:34:08.228144+00:00
2025-02-18 11:00:00+01:00,70078.3625,72856.39749999999,2025-12-13 09:34:08.228144+00:00
2025-02-18 12:00:00+01:00,67998.1125,72492.61249999999,2025-12-13 09:34:08.228144+00:00
2025-02-18 13:00:00+01:00,66632.345,71383.695,2025-12-13 09:34:08.228144+00:00
2025-02-18 14:00:00+01:00,65267.630000000005,69579.615,2025-12-13 09:34:08.228144+00:00
2025-02-18 15:00:00+01:00,64559.307499999995,68851.595,2025-12-13 09:34:08.228144+00:00
2025-02-18 16:00:00+01:00,65484.1025,68842.36499999999,2025-12-13 09:34:08.228144+00:00
2025-02-18 17:00:00+01:00,68096.5825,70428.465,2025-12-13 09:34:08.228144+00:00
2025-02-18 18:00:00+01:00,70996.79000000001,70861.9675,2025-12-13 09:34:08.228144+00:00
2025-02-18 19:00:00+01:00,70892.67,69785.4925,2025-12-13 09:34:08.228144+00:00
2025-02-18 20:00:00+01:00,67902.08,65971.03,2025-12-13 09:34:08.228144+00:00
2025-02-18 21:00:00+01:00,64137.4075,62590.0325,2025-12-13 09:34:08.228144+00:00
2025-02-18 22:00:00+01:00,61195.635,59330.1175,2025-12-13 09:34:08.228144+00:00
2025-02-18 23:00:00+01:00,57776.005000000005,56153.065,2025-12-13 09:34:08.228144+00:00
2025-02-19 00:00:00+01:00,54995.6375,55100.975,2025-12-13 09:34:08.228144+00:00
2025-02-19 01:00:00+01:00,53688.7425,53803.774999999994,2025-12-13 09:34:08.228144+00:00
2025-02-19 02:00:00+01:00,53120.9975,53167.1575,2025-12-13 09:34:08.228144+00:00
2025-02-19 03:00:00+01:00,53370.1825,53005.4475,2025-12-13 09:34:08.228144+00:00
2025-02-19 04:00:00+01:00,54901.07,54601.735,2025-12-13 09:34:08.228144+00:00
2025-02-19 05:00:00+01:00,57941.7875,57870.91,2025-12-13 09:34:08.228144+00:00
2025-02-19 06:00:00+01:00,65011.415,63450.125,2025-12-13 09:34:08.228144+00:00
2025-02-19 07:00:00+01:00,70026.31,68466.7475,2025-12-13 09:34:08.228144+00:00
2025-02-19 08:00:00+01:00,71782.7475,71631.1825,2025-12-13 09:34:08.228144+00:00
2025-02-19 09:00:00+01:00,72383.1425,72423.1075,2025-12-13 09:34:08.228144+00:00
2025-02-19 10:00:00+01:00,71464.785,73144.6525,2025-12-13 09:34:08.228144+00:00
2025-02-19 11:00:00+01:00,70339.0975,73417.01999999999,2025-12-13 09:34:08.228144+00:00
2025-02-19 12:00:00+01:00,69220.705,73210.67,2025-12-13 09:34:08.228144+00:00
2025-02-19 13:00:00+01:00,67662.91,71520.9425,2025-12-13 09:34:08.228144+00:00
2025-02-19 14:00:00+01:00,66683.52,69325.295,2025-12-13 09:34:08.228144+00:00
2025-02-19 15:00:00+01:00,66210.87,67759.155,2025-12-13 09:34:08.228144+00:00
2025-02-19 16:00:00+01:00,65973.275,68677.33,2025-12-13 09:34:08.228144+00:00
2025-02-19 17:00:00+01:00,68707.9725,69976.7075,2025-12-13 09:34:08.228144+00:00
2025-02-19 18:00:00+01:00,72173.6525,70437.275,2025-12-13 09:34:08.228144+00:00
2025-02-19 19:00:00+01:00,71618.22750000001,69427.2975,2025-12-13 09:34:08.228144+00:00
2025-02-19 20:00:00+01:00,68046.15,65910.905,2025-12-13 09:34:08.228144+00:00
2025-02-19 21:00:00+01:00,64370.085,62656.935,2025-12-13 09:34:08.228144+00:00
2025-02-19 22:00:00+01:00,61414.6175,59383.425,2025-12-13 09:34:08.228144+00:00
2025-02-19 23:00:00+01:00,57735.7125,56220.494999999995,2025-12-13 09:34:08.228144+00:00
2025-02-20 00:00:00+01:00,55064.457500000004,52067.54,2025-12-13 09:34:08.228144+00:00
2025-02-20 01:00:00+01:00,53812.92,50307.9425,2025-12-13 09:34:08.228144+00:00
2025-02-20 02:00:00+01:00,52988.457500000004,49350.1075,2025-12-13 09:34:08.228144+00:00
2025-02-20 03:00:00+01:00,53759.5975,49488.225,2025-12-13 09:34:08.228144+00:00
2025-02-20 04:00:00+01:00,55174.7425,50644.845,2025-12-13 09:34:08.228144+00:00
2025-02-20 05:00:00+01:00,57973.4925,54076.1725,2025-12-13 09:34:08.228144+00:00
2025-02-20 06:00:00+01:00,65209.2675,60999.035,2025-12-13 09:34:08.228144+00:00
2025-02-20 07:00:00+01:00,70131.2225,65872.6825,2025-12-13 09:34:08.228144+00:00
2025-02-20 08:00:00+01:00,72343.9975,68780.6225,2025-12-13 09:34:08.228144+00:00
2025-02-20 09:00:00+01:00,72191.7525,68890.5175,2025-12-13 09:34:08.228144+00:00
2025-02-20 10:00:00+01:00,72299.3,69489.2225,2025-12-13 09:34:08.228144+00:00
2025-02-20 11:00:00+01:00,72178.39,70105.605,2025-12-13 09:34:08.228144+00:00
2025-02-20 12:00:00+01:00,71000.15,69587.8925,2025-12-13 09:34:08.228144+00:00
2025-02-20 13:00:00+01:00,69855.4275,68606.4,2025-12-13 09:34:08.228144+00:00
2025-02-20 14:00:00+01:00,69105.7275,66635.195,2025-12-13 09:34:08.228144+00:00
2025-02-20 15:00:00+01:00,68149.9275,65466.9,2025-12-13 09:34:08.228144+00:00
2025-02-20 16:00:00+01:00,67480.725,65290.25,2025-12-13 09:34:08.228144+00:00
2025-02-20 17:00:00+01:00,69670.4,66664.62,2025-12-13 09:34:08.228144+00:00
2025-02-20 18:00:00+01:00,72096.1725,67713.04500000001,2025-12-13 09:34:08.228144+00:00
2025-02-20 19:00:00+01:00,70770.50749999999,66211.11,2025-12-13 09:34:08.228144+00:00
2025-02-20 20:00:00+01:00,67364.0225,63259.3875,2025-12-13 09:34:08.228144+00:00
2025-02-20 21:00:00+01:00,63494.2875,60607.04,2025-12-13 09:34:08.228144+00:00
2025-02-20 22:00:00+01:00,60021.225,57811.485,2025-12-13 09:34:08.228144+00:00
2025-02-20 23:00:00+01:00,56817.5,54597.2975,2025-12-13 09:34:08.228144+00:00
2025-02-21 00:00:00+01:00,53475.3975,50336.8475,2025-12-13 09:34:08.228144+00:00
2025-02-21 01:00:00+01:00,51968.862499999996,49058.48,2025-12-13 09:34:08.228144+00:00
2025-02-21 02:00:00+01:00,50452.3875,48411.1725,2025-12-13 09:34:08.228144+00:00
2025-02-21 03:00:00+01:00,50645.0125,48674.8,2025-12-13 09:34:08.228144+00:00
2025-02-21 04:00:00+01:00,51504.692500000005,50122.235,2025-12-13 09:34:08.228144+00:00
2025-02-21 05:00:00+01:00,54523.2675,53814.2575,2025-12-13 09:34:08.228144+00:00
2025-02-21 06:00:00+01:00,61023.494999999995,60521.12,2025-12-13 09:34:08.228144+00:00
2025-02-21 07:00:00+01:00,65588.715,65136.8875,2025-12-13 09:34:08.228144+00:00
2025-02-21 08:00:00+01:00,67815.845,67615.215,2025-12-13 09:34:08.228144+00:00
2025-02-21 09:00:00+01:00,68525.385,68206.5,2025-12-13 09:34:08.228144+00:00
2025-02-21 10:00:00+01:00,67991.1575,68604.63750000001,2025-12-13 09:34:08.228144+00:00
2025-02-21 11:00:00+01:00,67529.16500000001,68063.77249999999,2025-12-13 09:34:08.228144+00:00
2025-02-21 12:00:00+01:00,65261.5175,67705.405,2025-12-13 09:34:08.228144+00:00
2025-02-21 13:00:00+01:00,62448.2175,66416.55,2025-12-13 09:34:08.228144+00:00
2025-02-21 14:00:00+01:00,61014.5375,64136.045,2025-12-13 09:34:08.228144+00:00
2025-02-21 15:00:00+01:00,60782.31,63394.009999999995,2025-12-13 09:34:08.228144+00:00
2025-02-21 16:00:00+01:00,61538.7175,63744.945,2025-12-13 09:34:08.228144+00:00
2025-02-21 17:00:00+01:00,64745.9625,65464.95,2025-12-13 09:34:08.228144+00:00
2025-02-21 18:00:00+01:00,67805.1225,66589.67,2025-12-13 09:34:08.228144+00:00
2025-02-21 19:00:00+01:00,66444.93,65116.015,2025-12-13 09:34:08.228144+00:00
2025-02-21 20:00:00+01:00,62979.21,61466.34,2025-12-13 09:34:08.228144+00:00
2025-02-21 21:00:00+01:00,59400.0625,57751.665,2025-12-13 09:34:08.228144+00:00
2025-02-21 22:00:00+01:00,55440.0625,54630.8275,2025-12-13 09:34:08.228144+00:00
2025-02-21 23:00:00+01:00,52576.6375,51179.025,2025-12-13 09:34:08.228144+00:00
2025-02-22 00:00:00+01:00,49947.355,48911.015,2025-12-13 09:34:08.228144+00:00
2025-02-22 01:00:00+01:00,48616.4375,46898.4525,2025-12-13 09:34:08.228144+00:00
2025-02-22 02:00:00+01:00,47556.34,45683.95,2025-12-13 09:34:08.228144+00:00
2025-02-22 03:00:00+01:00,47116.6125,45138.6275,2025-12-13 09:34:08.228144+00:00
2025-02-22 04:00:00+01:00,47444.995,45281.9025,2025-12-13 09:34:08.228144+00:00
2025-02-22 05:00:00+01:00,48042.3525,46221.0375,2025-12-13 09:34:08.228144+00:00
2025-02-22 06:00:00+01:00,49603.6625,47194.06,2025-12-13 09:34:08.228144+00:00
2025-02-22 07:00:00+01:00,51737.207500000004,49118.725,2025-12-13 09:34:08.228144+00:00
2025-02-22 08:00:00+01:00,55197.675,52515.9525,2025-12-13 09:34:08.228144+00:00
2025-02-22 09:00:00+01:00,57910.165,55707.45,2025-12-13 09:34:08.228144+00:00
2025-02-22 10:00:00+01:00,58839.665,57527.9725,2025-12-13 09:34:08.228144+00:00
2025-02-22 11:00:00+01:00,59328.48,58076.3325,2025-12-13 09:34:08.228144+00:00
2025-02-22 12:00:00+01:00,59352.5375,57757.9025,2025-12-13 09:34:08.228144+00:00
2025-02-22 13:00:00+01:00,57175.024999999994,56321.494999999995,2025-12-13 09:34:08.228144+00:00
2025-02-22 14:00:00+01:00,54309.305,54655.6175,2025-12-13 09:34:08.228144+00:00
2025-02-22 15:00:00+01:00,53396.1275,53862.8875,2025-12-13 09:34:08.228144+00:00
2025-02-22 16:00:00+01:00,54204.1475,54233.305,2025-12-13 09:34:08.228144+00:00
2025-02-22 17:00:00+01:00,57243.6475,55612.815,2025-12-13 09:34:08.228144+00:00
2025-02-22 18:00:00+01:00,59899.9025,57004.94,2025-12-13 09:34:08.228144+00:00
2025-02-22 19:00:00+01:00,58102.905,56253.22,2025-12-13 09:34:08.228144+00:00
2025-02-22 20:00:00+01:00,54787.662500000006,53240.2325,2025-12-13 09:34:08.228144+00:00
2025-02-22 21:00:00+01:00,52080.9425,50429.695,2025-12-13 09:34:08.228144+00:00
2025-02-22 22:00:00+01:00,50363.0825,48663.9725,2025-12-13 09:34:08.228144+00:00
2025-02-22 23:00:00+01:00,47369.729999999996,46035.042499999996,2025-12-13 09:34:08.228144+00:00
2025-02-23 00:00:00+01:00,44108.075,43562.2025,2025-12-13 09:34:08.228144+00:00
2025-02-23 01:00:00+01:00,41842.0075,41901.825,2025-12-13 09:34:08.228144+00:00
2025-02-23 02:00:00+01:00,40732.7,40856.0275,2025-12-13 09:34:08.228144+00:00
2025-02-23 03:00:00+01:00,40740.335,40383.055,2025-12-13 09:34:08.228144+00:00
2025-02-23 04:00:00+01:00,40846.649999999994,40590.3475,2025-12-13 09:34:08.228144+00:00
2025-02-23 05:00:00+01:00,41134.2875,41763.095,2025-12-13 09:34:08.228144+00:00
2025-02-23 06:00:00+01:00,42112.4875,42730.065,2025-12-13 09:34:08.228144+00:00
2025-02-23 07:00:00+01:00,44244.41,44037.89,2025-12-13 09:34:08.228144+00:00
2025-02-23 08:00:00+01:00,47007.575,46972.93,2025-12-13 09:34:08.228144+00:00
2025-02-23 09:00:00+01:00,49592.45,50499.58,2025-12-13 09:34:08.228144+00:00
2025-02-23 10:00:00+01:00,52233.375,52628.245,2025-12-13 09:34:08.228144+00:00
2025-02-23 11:00:00+01:00,54259.3725,53954.23,2025-12-13 09:34:08.228144+00:00
2025-02-23 12:00:00+01:00,53388.13,53613.78,2025-12-13 09:34:08.228144+00:00
2025-02-23 13:00:00+01:00,50818.9125,52056.869999999995,2025-12-13 09:34:08.228144+00:00
2025-02-23 14:00:00+01:00,49340.735,50441.31,2025-12-13 09:34:08.228144+00:00
2025-02-23 15:00:00+01:00,47974.4,49930.36,2025-12-13 09:34:08.228144+00:00
2025-02-23 16:00:00+01:00,48560.5225,50467.615,2025-12-13 09:34:08.228144+00:00
2025-02-23 17:00:00+01:00,51766.1925,52957.6875,2025-12-13 09:34:08.228144+00:00
2025-02-23 18:00:00+01:00,55412.59,55899.915,2025-12-13 09:34:08.228144+00:00
2025-02-23 19:00:00+01:00,54817.54,55404.5575,2025-12-13 09:34:08.228144+00:00
2025-02-23 20:00:00+01:00,53032.8225,53565.96,2025-12-13 09:34:08.228144+00:00
2025-02-23 21:00:00+01:00,51307.505000000005,51701.270000000004,2025-12-13 09:34:08.228144+00:00
2025-02-23 22:00:00+01:00,50145.825000000004,49977.9825,2025-12-13 09:34:08.228144+00:00
2025-02-23 23:00:00+01:00,47696.495,47208.284999999996,2025-12-13 09:34:08.228144+00:00
2025-02-24 00:00:00+01:00,46100.832500000004,45898.3525,2025-12-13 09:34:08.228144+00:00
2025-02-24 01:00:00+01:00,44791.175,44519.582500000004,2025-12-13 09:34:08.228144+00:00
2025-02-24 02:00:00+01:00,44914.634999999995,44143.61,2025-12-13 09:34:08.228144+00:00
2025-02-24 03:00:00+01:00,45873.207500000004,44821.972499999996,2025-12-13 09:34:08.228144+00:00
2025-02-24 04:00:00+01:00,47658.475000000006,46772.36,2025-12-13 09:34:08.228144+00:00
2025-02-24 05:00:00+01:00,51586.3375,51202.177500000005,2025-12-13 09:34:08.228144+00:00
2025-02-24 06:00:00+01:00,60043.6875,58637.3475,2025-12-13 09:34:08.228144+00:00
2025-02-24 07:00:00+01:00,65742.43,63521.045,2025-12-13 09:34:08.228144+00:00
2025-02-24 08:00:00+01:00,68763.7225,66482.825,2025-12-13 09:34:08.228144+00:00
2025-02-24 09:00:00+01:00,69748.3275,67494.7125,2025-12-13 09:34:08.228144+00:00
2025-02-24 10:00:00+01:00,69719.7,68227.9275,2025-12-13 09:34:08.228144+00:00
2025-02-24 11:00:00+01:00,69532.17,68945.88500000001,2025-12-13 09:34:08.228144+00:00
2025-02-24 12:00:00+01:00,68877.9775,68910.14,2025-12-13 09:34:08.228144+00:00
2025-02-24 13:00:00+01:00,67900.31,67746.63249999999,2025-12-13 09:34:08.228144+00:00
2025-02-24 14:00:00+01:00,65848.02,66091.0,2025-12-13 09:34:08.228144+00:00
2025-02-24 15:00:00+01:00,65209.69,65461.755,2025-12-13 09:34:08.228144+00:00
2025-02-24 16:00:00+01:00,65050.3475,65044.1475,2025-12-13 09:34:08.228144+00:00
2025-02-24 17:00:00+01:00,67075.625,66096.69,2025-12-13 09:34:08.228144+00:00
2025-02-24 18:00:00+01:00,68998.11,67360.585,2025-12-13 09:34:08.228144+00:00
2025-02-24 19:00:00+01:00,67991.78,66259.5825,2025-12-13 09:34:08.228144+00:00
2025-02-24 20:00:00+01:00,64224.29,62899.25,2025-12-13 09:34:08.228144+00:00
2025-02-24 21:00:00+01:00,60747.6125,59350.905,2025-12-13 09:34:08.228144+00:00
2025-02-24 22:00:00+01:00,56547.67,55958.7175,2025-12-13 09:34:08.228144+00:00
2025-02-24 23:00:00+01:00,52861.0875,52458.465,2025-12-13 09:34:08.228144+00:00
2025-02-25 00:00:00+01:00,49560.8525,49780.9725,2025-12-13 09:34:08.228144+00:00
2025-02-25 01:00:00+01:00,47656.065,48493.167499999996,2025-12-13 09:34:08.228144+00:00
2025-02-25 02:00:00+01:00,46803.104999999996,47307.5725,2025-12-13 09:34:08.228144+00:00
2025-02-25 03:00:00+01:00,47022.14,47806.7175,2025-12-13 09:34:08.228144+00:00
2025-02-25 04:00:00+01:00,47922.135,49328.854999999996,2025-12-13 09:34:08.228144+00:00
2025-02-25 05:00:00+01:00,51671.1575,52696.3025,2025-12-13 09:34:08.228144+00:00
2025-02-25 06:00:00+01:00,59255.4425,59216.4775,2025-12-13 09:34:08.228144+00:00
2025-02-25 07:00:00+01:00,63996.284999999996,64177.7,2025-12-13 09:34:08.228144+00:00
2025-02-25 08:00:00+01:00,65539.0975,67073.11,2025-12-13 09:34:08.228144+00:00
2025-02-25 09:00:00+01:00,65943.2575,68025.0,2025-12-13 09:34:08.228144+00:00
2025-02-25 10:00:00+01:00,66722.98,68633.2125,2025-12-13 09:34:08.228144+00:00
2025-02-25 11:00:00+01:00,66560.405,69013.015,2025-12-13 09:34:08.228144+00:00
2025-02-25 12:00:00+01:00,65627.63750000001,68822.3675,2025-12-13 09:34:08.228144+00:00
2025-02-25 13:00:00+01:00,65312.5375,67803.8225,2025-12-13 09:34:08.228144+00:00
2025-02-25 14:00:00+01:00,64038.8425,66286.1525,2025-12-13 09:34:08.228144+00:00
2025-02-25 15:00:00+01:00,62588.63,65439.167499999996,2025-12-13 09:34:08.228144+00:00
2025-02-25 16:00:00+01:00,62242.6025,65069.5625,2025-12-13 09:34:08.228144+00:00
2025-02-25 17:00:00+01:00,63714.7325,66296.57250000001,2025-12-13 09:34:08.228144+00:00
2025-02-25 18:00:00+01:00,65953.68000000001,66906.735,2025-12-13 09:34:08.228144+00:00
2025-02-25 19:00:00+01:00,64944.1325,65536.8425,2025-12-13 09:34:08.228144+00:00
2025-02-25 20:00:00+01:00,61714.3,62210.2775,2025-12-13 09:34:08.228144+00:00
2025-02-25 21:00:00+01:00,58557.9475,58876.3275,2025-12-13 09:34:08.228144+00:00
2025-02-25 22:00:00+01:00,55028.65,55520.692500000005,2025-12-13 09:34:08.228144+00:00
2025-02-25 23:00:00+01:00,51254.205,52145.215000000004,2025-12-13 09:34:08.228144+00:00
2025-02-26 00:00:00+01:00,49095.86,51198.8325,2025-12-13 09:34:08.228144+00:00
2025-02-26 01:00:00+01:00,47775.832500000004,49759.427500000005,2025-12-13 09:34:08.228144+00:00
2025-02-26 02:00:00+01:00,46811.92,49275.4,2025-12-13 09:34:08.228144+00:00
2025-02-26 03:00:00+01:00,47286.479999999996,49388.0525,2025-12-13 09:34:08.228144+00:00
2025-02-26 04:00:00+01:00,48619.837499999994,50809.8425,2025-12-13 09:34:08.228144+00:00
2025-02-26 05:00:00+01:00,52136.5175,54017.2175,2025-12-13 09:34:08.228144+00:00
2025-02-26 06:00:00+01:00,59211.7875,59560.405,2025-12-13 09:34:08.228144+00:00
2025-02-26 07:00:00+01:00,64585.630000000005,64473.86,2025-12-13 09:34:08.228144+00:00
2025-02-26 08:00:00+01:00,66940.3625,67732.1575,2025-12-13 09:34:08.228144+00:00
2025-02-26 09:00:00+01:00,67714.72750000001,68794.01,2025-12-13 09:34:08.228144+00:00
2025-02-26 10:00:00+01:00,68343.3825,69685.1275,2025-12-13 09:34:08.228144+00:00
2025-02-26 11:00:00+01:00,68320.66,69976.17,2025-12-13 09:34:08.228144+00:00
2025-02-26 12:00:00+01:00,68158.3575,69550.39,2025-12-13 09:34:08.228144+00:00
2025-02-26 13:00:00+01:00,67046.6175,68085.6125,2025-12-13 09:34:08.228144+00:00
2025-02-26 14:00:00+01:00,65674.175,65823.49,2025-12-13 09:34:08.228144+00:00
2025-02-26 15:00:00+01:00,64751.807499999995,63678.6225,2025-12-13 09:34:08.228144+00:00
2025-02-26 16:00:00+01:00,64043.5,64376.6075,2025-12-13 09:34:08.228144+00:00
2025-02-26 17:00:00+01:00,65337.485,66098.1425,2025-12-13 09:34:08.228144+00:00
2025-02-26 18:00:00+01:00,67011.31,67084.0575,2025-12-13 09:34:08.228144+00:00
2025-02-26 19:00:00+01:00,66265.055,66106.505,2025-12-13 09:34:08.228144+00:00
2025-02-26 20:00:00+01:00,63121.1425,62884.354999999996,2025-12-13 09:34:08.228144+00:00
2025-02-26 21:00:00+01:00,59997.655,59507.68,2025-12-13 09:34:08.228144+00:00
2025-02-26 22:00:00+01:00,56920.770000000004,56316.3875,2025-12-13 09:34:08.228144+00:00
2025-02-26 23:00:00+01:00,53977.5225,53102.33,2025-12-13 09:34:08.228144+00:00
2025-02-27 00:00:00+01:00,51031.1825,49904.0775,2025-12-13 09:34:08.228144+00:00
2025-02-27 01:00:00+01:00,49322.835,48282.9,2025-12-13 09:34:08.228144+00:00
2025-02-27 02:00:00+01:00,49151.015,47672.4275,2025-12-13 09:34:08.228144+00:00
2025-02-27 03:00:00+01:00,49771.365,47842.380000000005,2025-12-13 09:34:08.228144+00:00
2025-02-27 04:00:00+01:00,50853.5275,48725.83,2025-12-13 09:34:08.228144+00:00
2025-02-27 05:00:00+01:00,53665.33,51891.085,2025-12-13 09:34:08.228144+00:00
2025-02-27 06:00:00+01:00,60473.1925,59063.645000000004,2025-12-13 09:34:08.228144+00:00
2025-02-27 07:00:00+01:00,65114.02,64339.807499999995,2025-12-13 09:34:08.228144+00:00
2025-02-27 08:00:00+01:00,67339.2675,67408.885,2025-12-13 09:34:08.228144+00:00
2025-02-27 09:00:00+01:00,67773.4425,68201.545,2025-12-13 09:34:08.228144+00:00
2025-02-27 10:00:00+01:00,67974.41750000001,68781.365,2025-12-13 09:34:08.228144+00:00
2025-02-27 11:00:00+01:00,68341.82250000001,69116.715,2025-12-13 09:34:08.228144+00:00
2025-02-27 12:00:00+01:00,66620.9375,68740.5275,2025-12-13 09:34:08.228144+00:00
2025-02-27 13:00:00+01:00,65640.4,68073.63,2025-12-13 09:34:08.228144+00:00
2025-02-27 14:00:00+01:00,64273.0,66375.105,2025-12-13 09:34:08.228144+00:00
2025-02-27 15:00:00+01:00,63212.25,64875.1875,2025-12-13 09:34:08.228144+00:00
2025-02-27 16:00:00+01:00,63280.295,64175.325,2025-12-13 09:34:08.228144+00:00
2025-02-27 17:00:00+01:00,64761.365,65437.412500000006,2025-12-13 09:34:08.228144+00:00
2025-02-27 18:00:00+01:00,67039.86,66919.2375,2025-12-13 09:34:08.228144+00:00
2025-02-27 19:00:00+01:00,66375.8375,65756.56,2025-12-13 09:34:08.228144+00:00
2025-02-27 20:00:00+01:00,62914.7675,62702.7425,2025-12-13 09:34:08.228144+00:00
2025-02-27 21:00:00+01:00,59368.56,59382.66,2025-12-13 09:34:08.228144+00:00
2025-02-27 22:00:00+01:00,56202.5725,56007.465,2025-12-13 09:34:08.228144+00:00
2025-02-27 23:00:00+01:00,52931.76,52330.380000000005,2025-12-13 09:34:08.228144+00:00
2025-02-28 00:00:00+01:00,50023.167499999996,50185.9925,2025-12-13 09:34:08.228144+00:00
2025-02-28 01:00:00+01:00,48892.4025,48424.92,2025-12-13 09:34:08.228144+00:00
2025-02-28 02:00:00+01:00,48919.085,47810.455,2025-12-13 09:34:08.228144+00:00
2025-02-28 03:00:00+01:00,49167.735,48167.2175,2025-12-13 09:34:08.228144+00:00
2025-02-28 04:00:00+01:00,49804.2275,49217.2525,2025-12-13 09:34:08.228144+00:00
2025-02-28 05:00:00+01:00,52572.9775,52230.7775,2025-12-13 09:34:08.228144+00:00
2025-02-28 06:00:00+01:00,58978.795,59042.055,2025-12-13 09:34:08.228144+00:00
2025-02-28 07:00:00+01:00,63855.175,64337.01,2025-12-13 09:34:08.228144+00:00
2025-02-28 08:00:00+01:00,66763.8275,67411.815,2025-12-13 09:34:08.228144+00:00
2025-02-28 09:00:00+01:00,67546.86,68348.515,2025-12-13 09:34:08.228144+00:00
2025-02-28 10:00:00+01:00,68151.85,69042.51999999999,2025-12-13 09:34:08.228144+00:00
2025-02-28 11:00:00+01:00,68107.44,68975.86,2025-12-13 09:34:08.228144+00:00
2025-02-28 12:00:00+01:00,67837.81,68289.5625,2025-12-13 09:34:08.228144+00:00
2025-02-28 13:00:00+01:00,66113.1875,66626.73,2025-12-13 09:34:08.228144+00:00
2025-02-28 14:00:00+01:00,64224.1175,64427.865,2025-12-13 09:34:08.228144+00:00
2025-02-28 15:00:00+01:00,63095.1425,63871.24,2025-12-13 09:34:08.228144+00:00
2025-02-28 16:00:00+01:00,63158.067500000005,63830.2225,2025-12-13 09:34:08.228144+00:00
2025-02-28 17:00:00+01:00,64292.1575,64993.69,2025-12-13 09:34:08.228144+00:00
2025-02-28 18:00:00+01:00,65757.245,66020.5575,2025-12-13 09:34:08.228144+00:00
2025-02-28 19:00:00+01:00,64290.68,64659.055,2025-12-13 09:34:08.228144+00:00
2025-02-28 20:00:00+01:00,61097.4125,60845.5675,2025-12-13 09:34:08.228144+00:00
2025-02-28 21:00:00+01:00,57861.0075,57344.6375,2025-12-13 09:34:08.228144+00:00
2025-02-28 22:00:00+01:00,55136.2775,54373.2825,2025-12-13 09:34:08.228144+00:00
2025-02-28 23:00:00+01:00,51334.17,50600.375,2025-12-13 09:34:08.228144+00:00
2025-03-01 00:00:00+01:00,48419.494999999995,48232.025,2025-12-13 09:34:08.228144+00:00
2025-03-01 01:00:00+01:00,46603.0375,46100.905,2025-12-13 09:34:08.228144+00:00
2025-03-01 02:00:00+01:00,45714.925,45012.6325,2025-12-13 09:34:08.228144+00:00
2025-03-01 03:00:00+01:00,45437.4425,44998.825,2025-12-13 09:34:08.228144+00:00
2025-03-01 04:00:00+01:00,45708.755,45264.04,2025-12-13 09:34:08.228144+00:00
2025-03-01 05:00:00+01:00,46131.375,46148.630000000005,2025-12-13 09:34:08.228144+00:00
2025-03-01 06:00:00+01:00,47362.465,48124.74,2025-12-13 09:34:08.228144+00:00
2025-03-01 07:00:00+01:00,49581.4775,50272.3075,2025-12-13 09:34:08.228144+00:00
2025-03-01 08:00:00+01:00,52729.79,53752.7975,2025-12-13 09:34:08.228144+00:00
2025-03-01 09:00:00+01:00,55662.675,56730.3475,2025-12-13 09:34:08.228144+00:00
2025-03-01 10:00:00+01:00,57819.5025,58265.3975,2025-12-13 09:34:08.228144+00:00
2025-03-01 11:00:00+01:00,59415.685,58744.6525,2025-12-13 09:34:08.228144+00:00
2025-03-01 12:00:00+01:00,58079.9475,58146.06,2025-12-13 09:34:08.228144+00:00
2025-03-01 13:00:00+01:00,55901.1225,56046.5975,2025-12-13 09:34:08.228144+00:00
2025-03-01 14:00:00+01:00,54694.869999999995,54187.2325,2025-12-13 09:34:08.228144+00:00
2025-03-01 15:00:00+01:00,54161.205,53635.965000000004,2025-12-13 09:34:08.228144+00:00
2025-03-01 16:00:00+01:00,53935.53,54224.65,2025-12-13 09:34:08.228144+00:00
2025-03-01 17:00:00+01:00,56200.3375,56354.155,2025-12-13 09:34:08.228144+00:00
2025-03-01 18:00:00+01:00,58517.3675,58183.1175,2025-12-13 09:34:08.228144+00:00
2025-03-01 19:00:00+01:00,57370.06,57261.7825,2025-12-13 09:34:08.228144+00:00
2025-03-01 20:00:00+01:00,54599.2875,54159.1475,2025-12-13 09:34:08.228144+00:00
2025-03-01 21:00:00+01:00,52613.0125,51907.395000000004,2025-12-13 09:34:08.228144+00:00
2025-03-01 22:00:00+01:00,51279.8575,50459.21,2025-12-13 09:34:08.228144+00:00
2025-03-01 23:00:00+01:00,49031.895000000004,48075.902500000004,2025-12-13 09:34:08.228144+00:00
2025-03-02 00:00:00+01:00,46116.7225,45162.06,2025-12-13 09:34:08.228144+00:00
2025-03-02 01:00:00+01:00,44525.18,43509.0,2025-12-13 09:34:08.228144+00:00
2025-03-02 02:00:00+01:00,43510.585,42828.520000000004,2025-12-13 09:34:08.228144+00:00
2025-03-02 03:00:00+01:00,43574.292499999996,42870.97,2025-12-13 09:34:08.228144+00:00
2025-03-02 04:00:00+01:00,44241.7675,42840.26,2025-12-13 09:34:08.228144+00:00
2025-03-02 05:00:00+01:00,44074.6725,42596.02,2025-12-13 09:34:08.228144+00:00
2025-03-02 06:00:00+01:00,44612.14,42749.185,2025-12-13 09:34:08.228144+00:00
2025-03-02 07:00:00+01:00,46020.524999999994,44354.375,2025-12-13 09:34:08.228144+00:00
2025-03-02 08:00:00+01:00,48865.34,47867.5625,2025-12-13 09:34:08.228144+00:00
2025-03-02 09:00:00+01:00,52288.69,51092.16,2025-12-13 09:34:08.228144+00:00
2025-03-02 10:00:00+01:00,53749.535,53041.994999999995,2025-12-13 09:34:08.228144+00:00
2025-03-02 11:00:00+01:00,54889.915,54174.28,2025-12-13 09:34:08.228144+00:00
2025-03-02 12:00:00+01:00,53734.43,53837.4175,2025-12-13 09:34:08.228144+00:00
2025-03-02 13:00:00+01:00,50990.9875,51790.7875,2025-12-13 09:34:08.228144+00:00
2025-03-02 14:00:00+01:00,49056.31,50199.3275,2025-12-13 09:34:08.228144+00:00
2025-03-02 15:00:00+01:00,48806.707500000004,49566.89,2025-12-13 09:34:08.228144+00:00
2025-03-02 16:00:00+01:00,49590.84,50151.33,2025-12-13 09:34:08.228144+00:00
2025-03-02 17:00:00+01:00,53298.36,52276.405,2025-12-13 09:34:08.228144+00:00
2025-03-02 18:00:00+01:00,56362.26,55102.4,2025-12-13 09:34:08.228144+00:00
2025-03-02 19:00:00+01:00,56564.4075,55014.1625,2025-12-13 09:34:08.228144+00:00
2025-03-02 20:00:00+01:00,54316.13,52824.2475,2025-12-13 09:34:08.228144+00:00
2025-03-02 21:00:00+01:00,53094.1125,51349.1275,2025-12-13 09:34:08.228144+00:00
2025-03-02 22:00:00+01:00,52427.4325,50216.155,2025-12-13 09:34:08.228144+00:00
2025-03-02 23:00:00+01:00,50401.2825,47805.7075,2025-12-13 09:34:08.228144+00:00
2025-03-03 00:00:00+01:00,48385.425,46447.85,2025-12-13 09:34:08.228144+00:00
2025-03-03 01:00:00+01:00,47259.5725,45633.7775,2025-12-13 09:34:08.228144+00:00
2025-03-03 02:00:00+01:00,46836.42,45574.86,2025-12-13 09:34:08.228144+00:00
2025-03-03 03:00:00+01:00,47443.7975,46297.7275,2025-12-13 09:34:08.228144+00:00
2025-03-03 04:00:00+01:00,49347.19,47637.822499999995,2025-12-13 09:34:08.228144+00:00
2025-03-03 05:00:00+01:00,52549.165,51947.76,2025-12-13 09:34:08.228144+00:00
2025-03-03 06:00:00+01:00,59629.9625,60264.432499999995,2025-12-13 09:34:08.228144+00:00
2025-03-03 07:00:00+01:00,63913.9375,65740.7225,2025-12-13 09:34:08.228144+00:00
2025-03-03 08:00:00+01:00,66322.36,68979.9375,2025-12-13 09:34:08.228144+00:00
2025-03-03 09:00:00+01:00,67226.5875,69718.27249999999,2025-12-13 09:34:08.228144+00:00
2025-03-03 10:00:00+01:00,66858.2,69830.30249999999,2025-12-13 09:34:08.228144+00:00
2025-03-03 11:00:00+01:00,66128.655,69475.2475,2025-12-13 09:34:08.228144+00:00
2025-03-03 12:00:00+01:00,64197.270000000004,68711.7475,2025-12-13 09:34:08.228144+00:00
2025-03-03 13:00:00+01:00,62280.8225,67793.345,2025-12-13 09:34:08.228144+00:00
2025-03-03 14:00:00+01:00,61095.54,66122.5825,2025-12-13 09:34:08.228144+00:00
2025-03-03 15:00:00+01:00,60682.345,65966.41750000001,2025-12-13 09:34:08.228144+00:00
2025-03-03 16:00:00+01:00,60686.83,66452.145,2025-12-13 09:34:08.228144+00:00
2025-03-03 17:00:00+01:00,63304.432499999995,67289.235,2025-12-13 09:34:08.228144+00:00
2025-03-03 18:00:00+01:00,66395.06,68384.045,2025-12-13 09:34:08.228144+00:00
2025-03-03 19:00:00+01:00,65939.535,67561.89,2025-12-13 09:34:08.228144+00:00
2025-03-03 20:00:00+01:00,62869.3475,63581.205,2025-12-13 09:34:08.228144+00:00
2025-03-03 21:00:00+01:00,59896.3625,60047.307499999995,2025-12-13 09:34:08.228144+00:00
2025-03-03 22:00:00+01:00,57092.565,56805.345,2025-12-13 09:34:08.228144+00:00
2025-03-03 23:00:00+01:00,54035.792499999996,53116.932499999995,2025-12-13 09:34:08.228144+00:00
2025-03-04 00:00:00+01:00,51830.56,50931.354999999996,2025-12-13 09:34:08.228144+00:00
2025-03-04 01:00:00+01:00,50208.19,49747.82,2025-12-13 09:34:08.228144+00:00
2025-03-04 02:00:00+01:00,49832.7125,49020.26,2025-12-13 09:34:08.228144+00:00
2025-03-04 03:00:00+01:00,50064.385,49636.1575,2025-12-13 09:34:08.228144+00:00
2025-03-04 04:00:00+01:00,51955.1575,50945.77,2025-12-13 09:34:08.228144+00:00
2025-03-04 05:00:00+01:00,55802.2575,54232.7825,2025-12-13 09:34:08.228144+00:00
2025-03-04 06:00:00+01:00,62544.7725,61647.87,2025-12-13 09:34:08.228144+00:00
2025-03-04 07:00:00+01:00,66312.3725,66754.95749999999,2025-12-13 09:34:08.228144+00:00
2025-03-04 08:00:00+01:00,68800.485,69716.225,2025-12-13 09:34:08.228144+00:00
2025-03-04 09:00:00+01:00,68653.6825,70478.8175,2025-12-13 09:34:08.228144+00:00
2025-03-04 10:00:00+01:00,68789.4875,70478.79000000001,2025-12-13 09:34:08.228144+00:00
2025-03-04 11:00:00+01:00,67681.82250000001,70080.0875,2025-12-13 09:34:08.228144+00:00
2025-03-04 12:00:00+01:00,65501.06,69358.595,2025-12-13 09:34:08.228144+00:00
2025-03-04 13:00:00+01:00,63399.4925,67711.5025,2025-12-13 09:34:08.228144+00:00
2025-03-04 14:00:00+01:00,61635.3075,66257.0275,2025-12-13 09:34:08.228144+00:00
2025-03-04 15:00:00+01:00,60541.7375,66133.7025,2025-12-13 09:34:08.228144+00:00
2025-03-04 16:00:00+01:00,60932.520000000004,65996.8925,2025-12-13 09:34:08.228144+00:00
2025-03-04 17:00:00+01:00,64725.0475,67330.0475,2025-12-13 09:34:08.228144+00:00
2025-03-04 18:00:00+01:00,67940.69750000001,68291.41500000001,2025-12-13 09:34:08.228144+00:00
2025-03-04 19:00:00+01:00,67628.77249999999,67104.03749999999,2025-12-13 09:34:08.228144+00:00
2025-03-04 20:00:00+01:00,64176.4675,63341.35,2025-12-13 09:34:08.228144+00:00
2025-03-04 21:00:00+01:00,60976.26,59684.6075,2025-12-13 09:34:08.228144+00:00
2025-03-04 22:00:00+01:00,58247.259999999995,56663.417499999996,2025-12-13 09:34:08.228144+00:00
2025-03-04 23:00:00+01:00,54602.7775,53591.56,2025-12-13 09:34:08.228144+00:00
2025-03-05 00:00:00+01:00,51871.2675,51296.415,2025-12-13 09:34:08.228144+00:00
2025-03-05 01:00:00+01:00,50581.5875,50273.307499999995,2025-12-13 09:34:08.228144+00:00
2025-03-05 02:00:00+01:00,50108.307499999995,49737.125,2025-12-13 09:34:08.228144+00:00
2025-03-05 03:00:00+01:00,50357.1325,50084.682499999995,2025-12-13 09:34:08.228144+00:00
2025-03-05 04:00:00+01:00,51973.055,51425.395000000004,2025-12-13 09:34:08.228144+00:00
2025-03-05 05:00:00+01:00,55588.5,54730.185,2025-12-13 09:34:08.228144+00:00
2025-03-05 06:00:00+01:00,62995.625,60771.5125,2025-12-13 09:34:08.228144+00:00
2025-03-05 07:00:00+01:00,67155.995,65957.72,2025-12-13 09:34:08.228144+00:00
2025-03-05 08:00:00+01:00,69482.83,69208.76,2025-12-13 09:34:08.228144+00:00
2025-03-05 09:00:00+01:00,68974.69750000001,70029.92,2025-12-13 09:34:08.228144+00:00
2025-03-05 10:00:00+01:00,66860.17749999999,70288.72750000001,2025-12-13 09:34:08.228144+00:00
2025-03-05 11:00:00+01:00,64654.33,69812.5025,2025-12-13 09:34:08.228144+00:00
2025-03-05 12:00:00+01:00,62018.21,69237.4675,2025-12-13 09:34:08.228144+00:00
2025-03-05 13:00:00+01:00,60848.77,67529.0775,2025-12-13 09:34:08.228144+00:00
2025-03-05 14:00:00+01:00,61701.39,64857.167499999996,2025-12-13 09:34:08.228144+00:00
2025-03-05 15:00:00+01:00,61324.1875,63413.1825,2025-12-13 09:34:08.228144+00:00
2025-03-05 16:00:00+01:00,61680.1725,63368.005000000005,2025-12-13 09:34:08.228144+00:00
2025-03-05 17:00:00+01:00,65273.552500000005,65226.4375,2025-12-13 09:34:08.228144+00:00
2025-03-05 18:00:00+01:00,68868.79000000001,66569.94750000001,2025-12-13 09:34:08.228144+00:00
2025-03-05 19:00:00+01:00,69336.4125,66363.54,2025-12-13 09:34:08.228144+00:00
2025-03-05 20:00:00+01:00,65411.7375,62500.619999999995,2025-12-13 09:34:08.228144+00:00
2025-03-05 21:00:00+01:00,61892.875,59053.3775,2025-12-13 09:34:08.228144+00:00
2025-03-05 22:00:00+01:00,58762.26,55716.4875,2025-12-13 09:34:08.228144+00:00
2025-03-05 23:00:00+01:00,54669.2775,52263.765,2025-12-13 09:34:08.228144+00:00
2025-03-06 00:00:00+01:00,52019.9275,49584.86,2025-12-13 09:34:08.228144+00:00
2025-03-06 01:00:00+01:00,50562.21,48400.8425,2025-12-13 09:34:08.228144+00:00
2025-03-06 02:00:00+01:00,49441.0825,47777.56,2025-12-13 09:34:08.228144+00:00
2025-03-06 03:00:00+01:00,49254.9325,47925.604999999996,2025-12-13 09:34:08.228144+00:00
2025-03-06 04:00:00+01:00,50569.2125,49143.942500000005,2025-12-13 09:34:08.228144+00:00
2025-03-06 05:00:00+01:00,54033.6225,51992.65,2025-12-13 09:34:08.228144+00:00
2025-03-06 06:00:00+01:00,61071.5625,58566.53,2025-12-13 09:34:08.228144+00:00
2025-03-06 07:00:00+01:00,65023.455,63936.15,2025-12-13 09:34:08.228144+00:00
2025-03-06 08:00:00+01:00,67090.51000000001,66566.34,2025-12-13 09:34:08.228144+00:00
2025-03-06 09:00:00+01:00,67282.43,66978.255,2025-12-13 09:34:08.228144+00:00
2025-03-06 10:00:00+01:00,66071.8125,66814.6775,2025-12-13 09:34:08.228144+00:00
2025-03-06 11:00:00+01:00,64496.66,66960.02,2025-12-13 09:34:08.228144+00:00
2025-03-06 12:00:00+01:00,61982.9275,66201.5675,2025-12-13 09:34:08.228144+00:00
2025-03-06 13:00:00+01:00,60408.9525,64911.3275,2025-12-13 09:34:08.228144+00:00
2025-03-06 14:00:00+01:00,59733.1975,62641.729999999996,2025-12-13 09:34:08.228144+00:00
2025-03-06 15:00:00+01:00,58892.15,61367.7525,2025-12-13 09:34:08.228144+00:00
2025-03-06 16:00:00+01:00,59135.125,61074.6175,2025-12-13 09:34:08.228144+00:00
2025-03-06 17:00:00+01:00,62542.7675,62703.4725,2025-12-13 09:34:08.228144+00:00
2025-03-06 18:00:00+01:00,64992.25,64346.4675,2025-12-13 09:34:08.228144+00:00
2025-03-06 19:00:00+01:00,64514.825,63841.1325,2025-12-13 09:34:08.228144+00:00
2025-03-06 20:00:00+01:00,60790.645,61008.15,2025-12-13 09:34:08.228144+00:00
2025-03-06 21:00:00+01:00,57528.795,57945.604999999996,2025-12-13 09:34:08.228144+00:00
2025-03-06 22:00:00+01:00,54253.515,54875.6175,2025-12-13 09:34:08.228144+00:00
2025-03-06 23:00:00+01:00,51249.275,51320.0325,2025-12-13 09:34:08.228144+00:00
2025-03-07 00:00:00+01:00,48046.725,49502.9975,2025-12-13 09:34:08.228144+00:00
2025-03-07 01:00:00+01:00,46523.3275,48029.630000000005,2025-12-13 09:34:08.228144+00:00
2025-03-07 02:00:00+01:00,45513.8425,47438.447499999995,2025-12-13 09:34:08.228144+00:00
2025-03-07 03:00:00+01:00,46001.1125,47874.0775,2025-12-13 09:34:08.228144+00:00
2025-03-07 04:00:00+01:00,48068.895,49166.2875,2025-12-13 09:34:08.228144+00:00
2025-03-07 05:00:00+01:00,51798.3225,52201.9525,2025-12-13 09:34:08.228144+00:00
2025-03-07 06:00:00+01:00,58414.270000000004,58986.175,2025-12-13 09:34:08.228144+00:00
2025-03-07 07:00:00+01:00,62590.71,63605.777500000004,2025-12-13 09:34:08.228144+00:00
2025-03-07 08:00:00+01:00,64633.555,66638.65,2025-12-13 09:34:08.228144+00:00
2025-03-07 09:00:00+01:00,65210.405,67469.4525,2025-12-13 09:34:08.228144+00:00
2025-03-07 10:00:00+01:00,64039.975,67748.105,2025-12-13 09:34:08.228144+00:00
2025-03-07 11:00:00+01:00,62100.2475,67287.505,2025-12-13 09:34:08.228144+00:00
2025-03-07 12:00:00+01:00,60193.6575,66182.49,2025-12-13 09:34:08.228144+00:00
2025-03-07 13:00:00+01:00,57699.12,64149.815,2025-12-13 09:34:08.228144+00:00
2025-03-07 14:00:00+01:00,56008.1,61844.615,2025-12-13 09:34:08.228144+00:00
2025-03-07 15:00:00+01:00,55990.7475,61018.0775,2025-12-13 09:34:08.228144+00:00
2025-03-07 16:00:00+01:00,56744.585,61126.41,2025-12-13 09:34:08.228144+00:00
2025-03-07 17:00:00+01:00,59462.1475,62225.0525,2025-12-13 09:34:08.228144+00:00
2025-03-07 18:00:00+01:00,61902.57,63701.695,2025-12-13 09:34:08.228144+00:00
2025-03-07 19:00:00+01:00,61401.45,63029.315,2025-12-13 09:34:08.228144+00:00
2025-03-07 20:00:00+01:00,57654.917499999996,59458.16,2025-12-13 09:34:08.228144+00:00
2025-03-07 21:00:00+01:00,54330.425,55955.37,2025-12-13 09:34:08.228144+00:00
2025-03-07 22:00:00+01:00,51412.83,53113.442500000005,2025-12-13 09:34:08.228144+00:00
2025-03-07 23:00:00+01:00,48199.88,49847.775,2025-12-13 09:34:08.228144+00:00
2025-03-08 00:00:00+01:00,45878.595,46965.55,2025-12-13 09:34:08.228144+00:00
2025-03-08 01:00:00+01:00,44265.315,45131.9825,2025-12-13 09:34:08.228144+00:00
2025-03-08 02:00:00+01:00,43180.39,44145.47,2025-12-13 09:34:08.228144+00:00
2025-03-08 03:00:00+01:00,43019.555,43901.0075,2025-12-13 09:34:08.228144+00:00
2025-03-08 04:00:00+01:00,43700.2725,43957.8225,2025-12-13 09:34:08.228144+00:00
2025-03-08 05:00:00+01:00,44236.025,44263.9475,2025-12-13 09:34:08.228144+00:00
2025-03-08 06:00:00+01:00,45567.9725,45270.59,2025-12-13 09:34:08.228144+00:00
2025-03-08 07:00:00+01:00,48162.03,47531.33,2025-12-13 09:34:08.228144+00:00
2025-03-08 08:00:00+01:00,51228.2075,51246.0475,2025-12-13 09:34:08.228144+00:00
2025-03-08 09:00:00+01:00,53343.765,54025.385,2025-12-13 09:34:08.228144+00:00
2025-03-08 10:00:00+01:00,53190.6525,55227.94,2025-12-13 09:34:08.228144+00:00
2025-03-08 11:00:00+01:00,52151.0075,55807.6875,2025-12-13 09:34:08.228144+00:00
2025-03-08 12:00:00+01:00,50308.475,54857.9525,2025-12-13 09:34:08.228144+00:00
2025-03-08 13:00:00+01:00,48153.572499999995,52745.095,2025-12-13 09:34:08.228144+00:00
2025-03-08 14:00:00+01:00,46477.545,50649.67,2025-12-13 09:34:08.228144+00:00
2025-03-08 15:00:00+01:00,46222.67,50195.3275,2025-12-13 09:34:08.228144+00:00
2025-03-08 16:00:00+01:00,47184.105,50869.655,2025-12-13 09:34:08.228144+00:00
2025-03-08 17:00:00+01:00,50931.395000000004,52491.1525,2025-12-13 09:34:08.228144+00:00
2025-03-08 18:00:00+01:00,54609.7,54755.917499999996,2025-12-13 09:34:08.228144+00:00
2025-03-08 19:00:00+01:00,54501.9475,54672.909999999996,2025-12-13 09:34:08.228144+00:00
2025-03-08 20:00:00+01:00,51976.3525,51674.585,2025-12-13 09:34:08.228144+00:00
2025-03-08 21:00:00+01:00,49353.33,49340.925,2025-12-13 09:34:08.228144+00:00
2025-03-08 22:00:00+01:00,47364.19,47508.115,2025-12-13 09:34:08.228144+00:00
2025-03-08 23:00:00+01:00,44587.3925,45203.6625,2025-12-13 09:34:08.228144+00:00
2025-03-09 00:00:00+01:00,42024.4875,43235.5175,2025-12-13 09:34:08.228144+00:00
2025-03-09 01:00:00+01:00,40469.5325,41667.9625,2025-12-13 09:34:08.228144+00:00
2025-03-09 02:00:00+01:00,39749.745,41005.2925,2025-12-13 09:34:08.228144+00:00
2025-03-09 03:00:00+01:00,39521.905,40972.494999999995,2025-12-13 09:34:08.228144+00:00
2025-03-09 04:00:00+01:00,40035.175,41104.71,2025-12-13 09:34:08.228144+00:00
2025-03-09 05:00:00+01:00,40241.5875,41533.78,2025-12-13 09:34:08.228144+00:00
2025-03-09 06:00:00+01:00,41018.215,42253.3175,2025-12-13 09:34:08.228144+00:00
2025-03-09 07:00:00+01:00,43070.354999999996,43849.47,2025-12-13 09:34:08.228144+00:00
2025-03-09 08:00:00+01:00,46550.490000000005,47483.34,2025-12-13 09:34:08.228144+00:00
2025-03-09 09:00:00+01:00,49390.485,50545.845,2025-12-13 09:34:08.228144+00:00
2025-03-09 10:00:00+01:00,50642.5725,52150.665,2025-12-13 09:34:08.228144+00:00
2025-03-09 11:00:00+01:00,49917.655,53027.375,2025-12-13 09:34:08.228144+00:00
2025-03-09 12:00:00+01:00,48316.2175,52204.92,2025-12-13 09:34:08.228144+00:00
2025-03-09 13:00:00+01:00,46260.335,50033.6875,2025-12-13 09:34:08.228144+00:00
2025-03-09 14:00:00+01:00,45516.715,48217.8825,2025-12-13 09:34:08.228144+00:00
2025-03-09 15:00:00+01:00,45014.6325,47445.81,2025-12-13 09:34:08.228144+00:00
2025-03-09 16:00:00+01:00,46226.97,47980.315,2025-12-13 09:34:08.228144+00:00
2025-03-09 17:00:00+01:00,50915.942500000005,50258.697499999995,2025-12-13 09:34:08.228144+00:00
2025-03-09 18:00:00+01:00,54558.21,52943.0075,2025-12-13 09:34:08.228144+00:00
2025-03-09 19:00:00+01:00,54386.332500000004,53276.4225,2025-12-13 09:34:08.228144+00:00
2025-03-09 20:00:00+01:00,52157.475,51379.0975,2025-12-13 09:34:08.228144+00:00
2025-03-09 21:00:00+01:00,50054.6,49697.600000000006,2025-12-13 09:34:08.228144+00:00
2025-03-09 22:00:00+01:00,49157.35,48532.6175,2025-12-13 09:34:08.228144+00:00
2025-03-09 23:00:00+01:00,46317.5225,46155.8925,2025-12-13 09:34:08.228144+00:00
2025-03-10 00:00:00+01:00,44148.6375,44670.1475,2025-12-13 09:34:08.228144+00:00
2025-03-10 01:00:00+01:00,42417.305,43607.2775,2025-12-13 09:34:08.228144+00:00
2025-03-10 02:00:00+01:00,41940.805,43511.11,2025-12-13 09:34:08.228144+00:00
2025-03-10 03:00:00+01:00,42600.53,44114.0125,2025-12-13 09:34:08.228144+00:00
2025-03-10 04:00:00+01:00,44695.6125,45197.4625,2025-12-13 09:34:08.228144+00:00
2025-03-10 05:00:00+01:00,48741.425,49330.2425,2025-12-13 09:34:08.228144+00:00
2025-03-10 06:00:00+01:00,56537.6225,57340.3,2025-12-13 09:34:08.228144+00:00
2025-03-10 07:00:00+01:00,61625.3375,62937.47,2025-12-13 09:34:08.228144+00:00
2025-03-10 08:00:00+01:00,64092.6125,66328.315,2025-12-13 09:34:08.228144+00:00
2025-03-10 09:00:00+01:00,64863.74,67021.8125,2025-12-13 09:34:08.228144+00:00
2025-03-10 10:00:00+01:00,64213.59,67235.03,2025-12-13 09:34:08.228144+00:00
2025-03-10 11:00:00+01:00,63697.735,66788.765,2025-12-13 09:34:08.228144+00:00
2025-03-10 12:00:00+01:00,63088.4225,65889.425,2025-12-13 09:34:08.228144+00:00
2025-03-10 13:00:00+01:00,61565.5625,64717.2925,2025-12-13 09:34:08.228144+00:00
2025-03-10 14:00:00+01:00,60827.4525,63101.235,2025-12-13 09:34:08.228144+00:00
2025-03-10 15:00:00+01:00,60259.3575,62514.7325,2025-12-13 09:34:08.228144+00:00
2025-03-10 16:00:00+01:00,60177.2575,62398.582500000004,2025-12-13 09:34:08.228144+00:00
2025-03-10 17:00:00+01:00,62282.215,63927.0325,2025-12-13 09:34:08.228144+00:00
2025-03-10 18:00:00+01:00,64455.965,65225.975,2025-12-13 09:34:08.228144+00:00
2025-03-10 19:00:00+01:00,63874.0375,64758.4225,2025-12-13 09:34:08.228144+00:00
2025-03-10 20:00:00+01:00,60496.625,61425.98,2025-12-13 09:34:08.228144+00:00
2025-03-10 21:00:00+01:00,57008.67,57885.3,2025-12-13 09:34:08.228144+00:00
2025-03-10 22:00:00+01:00,53595.165,54509.240000000005,2025-12-13 09:34:08.228144+00:00
2025-03-10 23:00:00+01:00,50169.8775,51027.524999999994,2025-12-13 09:34:08.228144+00:00
2025-03-11 00:00:00+01:00,47925.042499999996,48854.81,2025-12-13 09:34:08.228144+00:00
2025-03-11 01:00:00+01:00,46979.9175,47537.455,2025-12-13 09:34:08.228144+00:00
2025-03-11 02:00:00+01:00,46440.6725,47046.520000000004,2025-12-13 09:34:08.228144+00:00
2025-03-11 03:00:00+01:00,46874.5325,47736.6725,2025-12-13 09:34:08.228144+00:00
2025-03-11 04:00:00+01:00,48473.0125,48840.945,2025-12-13 09:34:08.228144+00:00
2025-03-11 05:00:00+01:00,51534.5475,51929.8125,2025-12-13 09:34:08.228144+00:00
2025-03-11 06:00:00+01:00,58517.92,58505.815,2025-12-13 09:34:08.228144+00:00
2025-03-11 07:00:00+01:00,62779.5775,64056.445,2025-12-13 09:34:08.228144+00:00
2025-03-11 08:00:00+01:00,65278.3325,67168.22750000001,2025-12-13 09:34:08.228144+00:00
2025-03-11 09:00:00+01:00,65817.9025,67983.6875,2025-12-13 09:34:08.228144+00:00
2025-03-11 10:00:00+01:00,66283.23999999999,68209.56,2025-12-13 09:34:08.228144+00:00
2025-03-11 11:00:00+01:00,66195.83,68168.81,2025-12-13 09:34:08.228144+00:00
2025-03-11 12:00:00+01:00,64954.0675,67456.27,2025-12-13 09:34:08.228144+00:00
2025-03-11 13:00:00+01:00,64313.8375,66124.41,2025-12-13 09:34:08.228144+00:00
2025-03-11 14:00:00+01:00,63169.785,64449.1225,2025-12-13 09:34:08.228144+00:00
2025-03-11 15:00:00+01:00,61848.5625,63611.94,2025-12-13 09:34:08.228144+00:00
2025-03-11 16:00:00+01:00,61755.415,63107.41,2025-12-13 09:34:08.228144+00:00
2025-03-11 17:00:00+01:00,63527.45,63853.255000000005,2025-12-13 09:34:08.228144+00:00
2025-03-11 18:00:00+01:00,65597.7525,64897.3825,2025-12-13 09:34:08.228144+00:00
2025-03-11 19:00:00+01:00,64807.615,64284.665,2025-12-13 09:34:08.228144+00:00
2025-03-11 20:00:00+01:00,60906.5,61285.305,2025-12-13 09:34:08.228144+00:00
2025-03-11 21:00:00+01:00,57429.93,58097.7675,2025-12-13 09:34:08.228144+00:00
2025-03-11 22:00:00+01:00,53778.53,55001.795,2025-12-13 09:34:08.228144+00:00
2025-03-11 23:00:00+01:00,50475.065,51651.41,2025-12-13 09:34:08.228144+00:00
2025-03-12 00:00:00+01:00,48251.595,49100.722499999996,2025-12-13 09:34:08.228144+00:00
2025-03-12 01:00:00+01:00,47256.705,47799.042499999996,2025-12-13 09:34:08.228144+00:00
2025-03-12 02:00:00+01:00,46690.395,47285.805,2025-12-13 09:34:08.228144+00:00
2025-03-12 03:00:00+01:00,47056.3025,47770.4125,2025-12-13 09:34:08.228144+00:00
2025-03-12 04:00:00+01:00,48220.345,49075.5925,2025-12-13 09:34:08.228144+00:00
2025-03-12 05:00:00+01:00,51553.695,52174.2275,2025-12-13 09:34:08.228144+00:00
2025-03-12 06:00:00+01:00,58927.9675,58422.0775,2025-12-13 09:34:08.228144+00:00
2025-03-12 07:00:00+01:00,63297.6525,63972.97,2025-12-13 09:34:08.228144+00:00
2025-03-12 08:00:00+01:00,65869.4025,67206.6775,2025-12-13 09:34:08.228144+00:00
2025-03-12 09:00:00+01:00,66817.5775,68089.545,2025-12-13 09:34:08.228144+00:00
2025-03-12 10:00:00+01:00,67323.1575,68671.79250000001,2025-12-13 09:34:08.228144+00:00
2025-03-12 11:00:00+01:00,67636.9825,68709.165,2025-12-13 09:34:08.228144+00:00
2025-03-12 12:00:00+01:00,67649.5325,68058.6875,2025-12-13 09:34:08.228144+00:00
2025-03-12 13:00:00+01:00,67128.80500000001,66740.055,2025-12-13 09:34:08.228144+00:00
2025-03-12 14:00:00+01:00,64764.5125,64571.41,2025-12-13 09:34:08.228144+00:00
2025-03-12 15:00:00+01:00,63901.8575,62878.44,2025-12-13 09:34:08.228144+00:00
2025-03-12 16:00:00+01:00,63724.417499999996,62530.6875,2025-12-13 09:34:08.228144+00:00
2025-03-12 17:00:00+01:00,65306.9025,63773.175,2025-12-13 09:34:08.228144+00:00
2025-03-12 18:00:00+01:00,66755.555,65678.07,2025-12-13 09:34:08.228144+00:00
2025-03-12 19:00:00+01:00,66114.3375,65433.05,2025-12-13 09:34:08.228144+00:00
2025-03-12 20:00:00+01:00,62340.885,61995.1075,2025-12-13 09:34:08.228144+00:00
2025-03-12 21:00:00+01:00,58800.6675,58701.182499999995,2025-12-13 09:34:08.228144+00:00
2025-03-12 22:00:00+01:00,55727.6325,55437.89,2025-12-13 09:34:08.228144+00:00
2025-03-12 23:00:00+01:00,52038.99,51796.9125,2025-12-13 09:34:08.228144+00:00
2025-03-13 00:00:00+01:00,49379.5975,49019.96,2025-12-13 09:34:08.228144+00:00
2025-03-13 01:00:00+01:00,47898.6075,47694.3375,2025-12-13 09:34:08.228144+00:00
2025-03-13 02:00:00+01:00,47369.12,47102.25,2025-12-13 09:34:08.228144+00:00
2025-03-13 03:00:00+01:00,48120.667499999996,47371.835,2025-12-13 09:34:08.228144+00:00
2025-03-13 04:00:00+01:00,49767.325,48432.0425,2025-12-13 09:34:08.228144+00:00
2025-03-13 05:00:00+01:00,53030.125,51260.95,2025-12-13 09:34:08.228144+00:00
2025-03-13 06:00:00+01:00,59725.5975,57824.44,2025-12-13 09:34:08.228144+00:00
2025-03-13 07:00:00+01:00,63809.7325,63422.5125,2025-12-13 09:34:08.228144+00:00
2025-03-13 08:00:00+01:00,66061.1525,66225.97750000001,2025-12-13 09:34:08.228144+00:00
2025-03-13 09:00:00+01:00,66905.5275,66946.60500000001,2025-12-13 09:34:08.228144+00:00
2025-03-13 10:00:00+01:00,67716.2825,67478.11499999999,2025-12-13 09:34:08.228144+00:00
2025-03-13 11:00:00+01:00,67673.9375,67851.7,2025-12-13 09:34:08.228144+00:00
2025-03-13 12:00:00+01:00,67633.895,67117.81,2025-12-13 09:34:08.228144+00:00
2025-03-13 13:00:00+01:00,66679.77249999999,66159.1075,2025-12-13 09:34:08.228144+00:00
2025-03-13 14:00:00+01:00,65932.7025,64293.0775,2025-12-13 09:34:08.228144+00:00
2025-03-13 15:00:00+01:00,64506.595,63209.2025,2025-12-13 09:34:08.228144+00:00
2025-03-13 16:00:00+01:00,63961.23,62922.66,2025-12-13 09:34:08.228144+00:00
2025-03-13 17:00:00+01:00,65258.42,64454.542499999996,2025-12-13 09:34:08.228144+00:00
2025-03-13 18:00:00+01:00,66790.1675,65999.79250000001,2025-12-13 09:34:08.228144+00:00
2025-03-13 19:00:00+01:00,66568.355,65221.8225,2025-12-13 09:34:08.228144+00:00
2025-03-13 20:00:00+01:00,62999.1275,61834.9375,2025-12-13 09:34:08.228144+00:00
2025-03-13 21:00:00+01:00,59651.15,58606.68,2025-12-13 09:34:08.228144+00:00
2025-03-13 22:00:00+01:00,56564.9,55286.9075,2025-12-13 09:34:08.228144+00:00
2025-03-13 23:00:00+01:00,52942.185,51501.707500000004,2025-12-13 09:34:08.228144+00:00
2025-03-14 00:00:00+01:00,50254.215,49826.57,2025-12-13 09:34:08.228144+00:00
2025-03-14 01:00:00+01:00,48408.905,48264.6475,2025-12-13 09:34:08.228144+00:00
2025-03-14 02:00:00+01:00,48440.7725,47649.0325,2025-12-13 09:34:08.228144+00:00
2025-03-14 03:00:00+01:00,48385.485,48077.4225,2025-12-13 09:34:08.228144+00:00
2025-03-14 04:00:00+01:00,49909.4525,49046.3725,2025-12-13 09:34:08.228144+00:00
2025-03-14 05:00:00+01:00,53122.565,51902.295,2025-12-13 09:34:08.228144+00:00
2025-03-14 06:00:00+01:00,59568.455,58485.58,2025-12-13 09:34:08.228144+00:00
2025-03-14 07:00:00+01:00,64176.082500000004,63335.207500000004,2025-12-13 09:34:08.228144+00:00
2025-03-14 08:00:00+01:00,66555.11,66376.34999999999,2025-12-13 09:34:08.228144+00:00
2025-03-14 09:00:00+01:00,67470.3,67521.515,2025-12-13 09:34:08.228144+00:00
2025-03-14 10:00:00+01:00,67596.3275,68381.29000000001,2025-12-13 09:34:08.228144+00:00
2025-03-14 11:00:00+01:00,67296.565,68098.225,2025-12-13 09:34:08.228144+00:00
2025-03-14 12:00:00+01:00,66889.91750000001,67195.4975,2025-12-13 09:34:08.228144+00:00
2025-03-14 13:00:00+01:00,65589.425,65488.76,2025-12-13 09:34:08.228144+00:00
2025-03-14 14:00:00+01:00,64398.07,63441.4775,2025-12-13 09:34:08.228144+00:00
2025-03-14 15:00:00+01:00,63130.315,62649.2775,2025-12-13 09:34:08.228144+00:00
2025-03-14 16:00:00+01:00,62975.0625,62551.8275,2025-12-13 09:34:08.228144+00:00
2025-03-14 17:00:00+01:00,64253.2525,63676.43,2025-12-13 09:34:08.228144+00:00
2025-03-14 18:00:00+01:00,65390.957500000004,64692.475,2025-12-13 09:34:08.228144+00:00
2025-03-14 19:00:00+01:00,64318.285,63541.685,2025-12-13 09:34:08.228144+00:00
2025-03-14 20:00:00+01:00,60887.84,60048.785,2025-12-13 09:34:08.228144+00:00
2025-03-14 21:00:00+01:00,57318.729999999996,56637.3875,2025-12-13 09:34:08.228144+00:00
2025-03-14 22:00:00+01:00,54347.7975,53915.0675,2025-12-13 09:34:08.228144+00:00
2025-03-14 23:00:00+01:00,51401.8925,50580.185,2025-12-13 09:34:08.228144+00:00
2025-03-15 00:00:00+01:00,48272.52,48345.567500000005,2025-12-13 09:34:08.228144+00:00
2025-03-15 01:00:00+01:00,46391.5975,46364.22,2025-12-13 09:34:08.228144+00:00
2025-03-15 02:00:00+01:00,44510.84,45338.76,2025-12-13 09:34:08.228144+00:00
2025-03-15 03:00:00+01:00,44212.542499999996,45098.1625,2025-12-13 09:34:08.228144+00:00
2025-03-15 04:00:00+01:00,44239.86,45096.24,2025-12-13 09:34:08.228144+00:00
2025-03-15 05:00:00+01:00,44663.1075,45580.8975,2025-12-13 09:34:08.228144+00:00
2025-03-15 06:00:00+01:00,45727.0275,46827.4325,2025-12-13 09:34:08.228144+00:00
2025-03-15 07:00:00+01:00,48181.697499999995,49356.9925,2025-12-13 09:34:08.228144+00:00
2025-03-15 08:00:00+01:00,51298.375,53202.8875,2025-12-13 09:34:08.228144+00:00
2025-03-15 09:00:00+01:00,54113.515,56427.345,2025-12-13 09:34:08.228144+00:00
2025-03-15 10:00:00+01:00,55766.5525,57697.945,2025-12-13 09:34:08.228144+00:00
2025-03-15 11:00:00+01:00,56647.4125,58054.985,2025-12-13 09:34:08.228144+00:00
2025-03-15 12:00:00+01:00,55814.9675,57537.104999999996,2025-12-13 09:34:08.228144+00:00
2025-03-15 13:00:00+01:00,53943.5625,55861.792499999996,2025-12-13 09:34:08.228144+00:00
2025-03-15 14:00:00+01:00,52080.8625,53921.965,2025-12-13 09:34:08.228144+00:00
2025-03-15 15:00:00+01:00,51474.085,52922.96,2025-12-13 09:34:08.228144+00:00
2025-03-15 16:00:00+01:00,52048.1075,53188.7325,2025-12-13 09:34:08.228144+00:00
2025-03-15 17:00:00+01:00,54571.2325,54811.405,2025-12-13 09:34:08.228144+00:00
2025-03-15 18:00:00+01:00,56686.207500000004,56682.81,2025-12-13 09:34:08.228144+00:00
2025-03-15 19:00:00+01:00,56196.825,56604.0975,2025-12-13 09:34:08.228144+00:00
2025-03-15 20:00:00+01:00,53036.58,53968.28,2025-12-13 09:34:08.228144+00:00
2025-03-15 21:00:00+01:00,50446.3275,51457.47,2025-12-13 09:34:08.228144+00:00
2025-03-15 22:00:00+01:00,48767.3575,49810.7675,2025-12-13 09:34:08.228144+00:00
2025-03-15 23:00:00+01:00,46631.5375,47036.93,2025-12-13 09:34:08.228144+00:00
2025-03-16 00:00:00+01:00,43989.9225,44347.81,2025-12-13 09:34:08.228144+00:00
2025-03-16 01:00:00+01:00,42352.3125,42681.8425,2025-12-13 09:34:08.228144+00:00
2025-03-16 02:00:00+01:00,41478.8175,41942.885,2025-12-13 09:34:08.228144+00:00
2025-03-16 03:00:00+01:00,41491.3475,41795.1575,2025-12-13 09:34:08.228144+00:00
2025-03-16 04:00:00+01:00,41925.59,41880.88,2025-12-13 09:34:08.228144+00:00
2025-03-16 05:00:00+01:00,41960.7075,42477.33,2025-12-13 09:34:08.228144+00:00
2025-03-16 06:00:00+01:00,42310.58,43064.375,2025-12-13 09:34:08.228144+00:00
2025-03-16 07:00:00+01:00,44319.0075,44615.4075,2025-12-13 09:34:08.228144+00:00
2025-03-16 08:00:00+01:00,48239.5475,47971.6975,2025-12-13 09:34:08.228144+00:00
2025-03-16 09:00:00+01:00,51113.0475,51307.3525,2025-12-13 09:34:08.228144+00:00
2025-03-16 10:00:00+01:00,52196.0175,53227.3425,2025-12-13 09:34:08.228144+00:00
2025-03-16 11:00:00+01:00,52431.635,54600.9575,2025-12-13 09:34:08.228144+00:00
2025-03-16 12:00:00+01:00,51900.9725,54207.2525,2025-12-13 09:34:08.228144+00:00
2025-03-16 13:00:00+01:00,50606.44,52191.5775,2025-12-13 09:34:08.228144+00:00
2025-03-16 14:00:00+01:00,49229.682499999995,49926.5975,2025-12-13 09:34:08.228144+00:00
2025-03-16 15:00:00+01:00,48759.19,49388.8075,2025-12-13 09:34:08.228144+00:00
2025-03-16 16:00:00+01:00,49524.91,49813.6075,2025-12-13 09:34:08.228144+00:00
2025-03-16 17:00:00+01:00,52517.6675,52289.6825,2025-12-13 09:34:08.228144+00:00
2025-03-16 18:00:00+01:00,56293.29,55284.5075,2025-12-13 09:34:08.228144+00:00
2025-03-16 19:00:00+01:00,56372.675,55542.4925,2025-12-13 09:34:08.228144+00:00
2025-03-16 20:00:00+01:00,53740.18,53334.01,2025-12-13 09:34:08.228144+00:00
2025-03-16 21:00:00+01:00,52278.0925,51699.8875,2025-12-13 09:34:08.228144+00:00
2025-03-16 22:00:00+01:00,51336.5075,50688.8775,2025-12-13 09:34:08.228144+00:00
2025-03-16 23:00:00+01:00,48952.4025,48035.06,2025-12-13 09:34:08.228144+00:00
2025-03-17 00:00:00+01:00,48135.15,46408.05,2025-12-13 09:34:08.228144+00:00
2025-03-17 01:00:00+01:00,47045.725,45339.11,2025-12-13 09:34:08.228144+00:00
2025-03-17 02:00:00+01:00,47525.832500000004,45140.3025,2025-12-13 09:34:08.228144+00:00
2025-03-17 03:00:00+01:00,47777.707500000004,45599.0775,2025-12-13 09:34:08.228144+00:00
2025-03-17 04:00:00+01:00,48898.1375,47061.3275,2025-12-13 09:34:08.228144+00:00
2025-03-17 05:00:00+01:00,53012.6225,51362.7425,2025-12-13 09:34:08.228144+00:00
2025-03-17 06:00:00+01:00,60483.775,59476.06,2025-12-13 09:34:08.228144+00:00
2025-03-17 07:00:00+01:00,64484.3425,65015.912500000006,2025-12-13 09:34:08.228144+00:00
2025-03-17 08:00:00+01:00,66659.8675,68078.5325,2025-12-13 09:34:08.228144+00:00
2025-03-17 09:00:00+01:00,66542.815,69042.8625,2025-12-13 09:34:08.228144+00:00
2025-03-17 10:00:00+01:00,65754.9625,69181.8525,2025-12-13 09:34:08.228144+00:00
2025-03-17 11:00:00+01:00,65200.630000000005,68968.9025,2025-12-13 09:34:08.228144+00:00
2025-03-17 12:00:00+01:00,64121.285,68145.83499999999,2025-12-13 09:34:08.228144+00:00
2025-03-17 13:00:00+01:00,63117.64,67152.80249999999,2025-12-13 09:34:08.228144+00:00
2025-03-17 14:00:00+01:00,61134.43,65619.8325,2025-12-13 09:34:08.228144+00:00
2025-03-17 15:00:00+01:00,59921.7625,64788.36,2025-12-13 09:34:08.228144+00:00
2025-03-17 16:00:00+01:00,60101.6775,64889.92,2025-12-13 09:34:08.228144+00:00
2025-03-17 17:00:00+01:00,62458.08,66408.9775,2025-12-13 09:34:08.228144+00:00
2025-03-17 18:00:00+01:00,65813.8025,67679.52,2025-12-13 09:34:08.228144+00:00
2025-03-17 19:00:00+01:00,66379.33499999999,67166.37,2025-12-13 09:34:08.228144+00:00
2025-03-17 20:00:00+01:00,62749.6325,63641.62,2025-12-13 09:34:08.228144+00:00
2025-03-17 21:00:00+01:00,59144.565,60171.9725,2025-12-13 09:34:08.228144+00:00
2025-03-17 22:00:00+01:00,56589.33,56923.5925,2025-12-13 09:34:08.228144+00:00
2025-03-17 23:00:00+01:00,53342.695,53131.62,2025-12-13 09:34:08.228144+00:00
2025-03-18 00:00:00+01:00,50557.04,50915.244999999995,2025-12-13 09:34:08.228144+00:00
2025-03-18 01:00:00+01:00,48580.815,49531.2675,2025-12-13 09:34:08.228144+00:00
2025-03-18 02:00:00+01:00,47996.19,48832.68,2025-12-13 09:34:08.228144+00:00
2025-03-18 03:00:00+01:00,48950.9925,49450.1925,2025-12-13 09:34:08.228144+00:00
2025-03-18 04:00:00+01:00,51125.98,50936.195,2025-12-13 09:34:08.228144+00:00
2025-03-18 05:00:00+01:00,55176.759999999995,54068.645,2025-12-13 09:34:08.228144+00:00
2025-03-18 06:00:00+01:00,62232.6475,60817.925,2025-12-13 09:34:08.228144+00:00
2025-03-18 07:00:00+01:00,66718.075,65975.94,2025-12-13 09:34:08.228144+00:00
2025-03-18 08:00:00+01:00,68329.485,68855.205,2025-12-13 09:34:08.228144+00:00
2025-03-18 09:00:00+01:00,66597.2425,69639.04000000001,2025-12-13 09:34:08.228144+00:00
2025-03-18 10:00:00+01:00,63342.667499999996,69708.495,2025-12-13 09:34:08.228144+00:00
2025-03-18 11:00:00+01:00,61530.605,69494.6825,2025-12-13 09:34:08.228144+00:00
2025-03-18 12:00:00+01:00,59981.035,68636.5025,2025-12-13 09:34:08.228144+00:00
2025-03-18 13:00:00+01:00,60109.265,67307.77249999999,2025-12-13 09:34:08.228144+00:00
2025-03-18 14:00:00+01:00,59978.045,65636.795,2025-12-13 09:34:08.228144+00:00
2025-03-18 15:00:00+01:00,59741.9125,65109.635,2025-12-13 09:34:08.228144+00:00
2025-03-18 16:00:00+01:00,59638.3775,65108.6575,2025-12-13 09:34:08.228144+00:00
2025-03-18 17:00:00+01:00,63248.1575,66538.2175,2025-12-13 09:34:08.228144+00:00
2025-03-18 18:00:00+01:00,65881.22,67311.0675,2025-12-13 09:34:08.228144+00:00
2025-03-18 19:00:00+01:00,65918.275,66351.155,2025-12-13 09:34:08.228144+00:00
2025-03-18 20:00:00+01:00,62364.15,62967.0775,2025-12-13 09:34:08.228144+00:00
2025-03-18 21:00:00+01:00,59043.3425,59904.697499999995,2025-12-13 09:34:08.228144+00:00
2025-03-18 22:00:00+01:00,56364.8,57016.375,2025-12-13 09:34:08.228144+00:00
2025-03-18 23:00:00+01:00,52948.5125,53629.630000000005,2025-12-13 09:34:08.228144+00:00
2025-03-19 00:00:00+01:00,50582.285,50887.915,2025-12-13 09:34:08.228144+00:00
2025-03-19 01:00:00+01:00,48814.0775,49560.4625,2025-12-13 09:34:08.228144+00:00
2025-03-19 02:00:00+01:00,48520.325000000004,49005.89,2025-12-13 09:34:08.228144+00:00
2025-03-19 03:00:00+01:00,48746.4875,49467.7825,2025-12-13 09:34:08.228144+00:00
2025-03-19 04:00:00+01:00,50264.957500000004,50680.17,2025-12-13 09:34:08.228144+00:00
2025-03-19 05:00:00+01:00,53777.840000000004,53942.265,2025-12-13 09:34:08.228144+00:00
2025-03-19 06:00:00+01:00,60395.4575,60233.31,2025-12-13 09:34:08.228144+00:00
2025-03-19 07:00:00+01:00,64944.229999999996,65662.5925,2025-12-13 09:34:08.228144+00:00
2025-03-19 08:00:00+01:00,66764.3125,68519.245,2025-12-13 09:34:08.228144+00:00
2025-03-19 09:00:00+01:00,65286.805,69382.89,2025-12-13 09:34:08.228144+00:00
2025-03-19 10:00:00+01:00,63074.1125,69706.63,2025-12-13 09:34:08.228144+00:00
2025-03-19 11:00:00+01:00,61341.665,69196.365,2025-12-13 09:34:08.228144+00:00
2025-03-19 12:00:00+01:00,59656.8225,68198.5475,2025-12-13 09:34:08.228144+00:00
2025-03-19 13:00:00+01:00,58306.58,66605.27249999999,2025-12-13 09:34:08.228144+00:00
2025-03-19 14:00:00+01:00,57698.545,64405.5875,2025-12-13 09:34:08.228144+00:00
2025-03-19 15:00:00+01:00,57602.244999999995,63079.417499999996,2025-12-13 09:34:08.228144+00:00
2025-03-19 16:00:00+01:00,57819.8125,63109.825,2025-12-13 09:34:08.228144+00:00
2025-03-19 17:00:00+01:00,60613.7825,64769.165,2025-12-13 09:34:08.228144+00:00
2025-03-19 18:00:00+01:00,63917.12,65986.17749999999,2025-12-13 09:34:08.228144+00:00
2025-03-19 19:00:00+01:00,64621.14,65597.595,2025-12-13 09:34:08.228144+00:00
2025-03-19 20:00:00+01:00,61409.399999999994,62077.51,2025-12-13 09:34:08.228144+00:00
2025-03-19 21:00:00+01:00,57823.99,58895.7725,2025-12-13 09:34:08.228144+00:00
2025-03-19 22:00:00+01:00,54523.66,55697.957500000004,2025-12-13 09:34:08.228144+00:00
2025-03-19 23:00:00+01:00,51122.3475,52215.455,2025-12-13 09:34:08.228144+00:00
2025-03-20 00:00:00+01:00,48117.979999999996,48726.0025,2025-12-13 09:34:08.228144+00:00
2025-03-20 01:00:00+01:00,46367.8925,47243.67,2025-12-13 09:34:08.228144+00:00
2025-03-20 02:00:00+01:00,45863.74,46898.2975,2025-12-13 09:34:08.228144+00:00
2025-03-20 03:00:00+01:00,46228.677500000005,47252.6325,2025-12-13 09:34:08.228144+00:00
2025-03-20 04:00:00+01:00,47647.5375,48571.259999999995,2025-12-13 09:34:08.228144+00:00
2025-03-20 05:00:00+01:00,51743.785,52147.785,2025-12-13 09:34:08.228144+00:00
2025-03-20 06:00:00+01:00,58489.4925,58779.024999999994,2025-12-13 09:34:08.228144+00:00
2025-03-20 07:00:00+01:00,63343.4025,63367.125,2025-12-13 09:34:08.228144+00:00
2025-03-20 08:00:00+01:00,65296.2375,65950.27249999999,2025-12-13 09:34:08.228144+00:00
2025-03-20 09:00:00+01:00,64707.22,67224.535,2025-12-13 09:34:08.228144+00:00
2025-03-20 10:00:00+01:00,62817.0125,67445.545,2025-12-13 09:34:08.228144+00:00
2025-03-20 11:00:00+01:00,61665.5175,67040.825,2025-12-13 09:34:08.228144+00:00
2025-03-20 12:00:00+01:00,59825.5525,65960.1725,2025-12-13 09:34:08.228144+00:00
2025-03-20 13:00:00+01:00,58552.25,64731.6425,2025-12-13 09:34:08.228144+00:00
2025-03-20 14:00:00+01:00,57820.305,63182.9975,2025-12-13 09:34:08.228144+00:00
2025-03-20 15:00:00+01:00,56965.505,62210.53,2025-12-13 09:34:08.228144+00:00
2025-03-20 16:00:00+01:00,57067.215,61449.442500000005,2025-12-13 09:34:08.228144+00:00
2025-03-20 17:00:00+01:00,60176.3975,62172.9025,2025-12-13 09:34:08.228144+00:00
2025-03-20 18:00:00+01:00,63229.2375,64121.855,2025-12-13 09:34:08.228144+00:00
2025-03-20 19:00:00+01:00,63677.485,64397.735,2025-12-13 09:34:08.228144+00:00
2025-03-20 20:00:00+01:00,60424.6075,61276.0175,2025-12-13 09:34:08.228144+00:00
2025-03-20 21:00:00+01:00,57122.0125,57664.770000000004,2025-12-13 09:34:08.228144+00:00
2025-03-20 22:00:00+01:00,54016.229999999996,54168.84,2025-12-13 09:34:08.228144+00:00
2025-03-20 23:00:00+01:00,49892.3625,50506.2975,2025-12-13 09:34:08.228144+00:00
2025-03-21 00:00:00+01:00,47325.3525,47760.3975,2025-12-13 09:34:08.228144+00:00
2025-03-21 01:00:00+01:00,45336.869999999995,46416.76,2025-12-13 09:34:08.228144+00:00
2025-03-21 02:00:00+01:00,44932.165,45609.395,2025-12-13 09:34:08.228144+00:00
2025-03-21 03:00:00+01:00,46045.685,45881.1025,2025-12-13 09:34:08.228144+00:00
2025-03-21 04:00:00+01:00,47579.4375,46963.785,2025-12-13 09:34:08.228144+00:00
2025-03-21 05:00:00+01:00,51103.2125,49886.38,2025-12-13 09:34:08.228144+00:00
2025-03-21 06:00:00+01:00,57297.777500000004,55803.885,2025-12-13 09:34:08.228144+00:00
2025-03-21 07:00:00+01:00,61643.775,59880.415,2025-12-13 09:34:08.228144+00:00
2025-03-21 08:00:00+01:00,64059.65,62842.08,2025-12-13 09:34:08.228144+00:00
2025-03-21 09:00:00+01:00,63589.1175,64200.69,2025-12-13 09:34:08.228144+00:00
2025-03-21 10:00:00+01:00,62667.8725,64923.43,2025-12-13 09:34:08.228144+00:00
2025-03-21 11:00:00+01:00,61819.4775,64696.835,2025-12-13 09:34:08.228144+00:00
2025-03-21 12:00:00+01:00,60556.265,63810.955,2025-12-13 09:34:08.228144+00:00
2025-03-21 13:00:00+01:00,59700.0375,62012.8375,2025-12-13 09:34:08.228144+00:00
2025-03-21 14:00:00+01:00,59447.8375,59902.707500000004,2025-12-13 09:34:08.228144+00:00
2025-03-21 15:00:00+01:00,58667.2625,59238.2675,2025-12-13 09:34:08.228144+00:00
2025-03-21 16:00:00+01:00,59844.244999999995,59332.067500000005,2025-12-13 09:34:08.228144+00:00
2025-03-21 17:00:00+01:00,60976.045,60600.5525,2025-12-13 09:34:08.228144+00:00
2025-03-21 18:00:00+01:00,63002.7975,61890.125,2025-12-13 09:34:08.228144+00:00
2025-03-21 19:00:00+01:00,64116.9225,60857.165,2025-12-13 09:34:08.228144+00:00
2025-03-21 20:00:00+01:00,60915.4825,57607.195,2025-12-13 09:34:08.228144+00:00
2025-03-21 21:00:00+01:00,56992.5625,54553.96,2025-12-13 09:34:08.228144+00:00
2025-03-21 22:00:00+01:00,53546.39,51473.45,2025-12-13 09:34:08.228144+00:00
2025-03-21 23:00:00+01:00,50426.4725,48092.21,2025-12-13 09:34:08.228144+00:00
2025-03-22 00:00:00+01:00,47347.37,45790.56,2025-12-13 09:34:08.228144+00:00
2025-03-22 01:00:00+01:00,45534.275,44011.917499999996,2025-12-13 09:34:08.228144+00:00
2025-03-22 02:00:00+01:00,44931.585,42853.2975,2025-12-13 09:34:08.228144+00:00
2025-03-22 03:00:00+01:00,44864.56,42620.8875,2025-12-13 09:34:08.228144+00:00
2025-03-22 04:00:00+01:00,45163.925,42903.8125,2025-12-13 09:34:08.228144+00:00
2025-03-22 05:00:00+01:00,45904.77,44133.04,2025-12-13 09:34:08.228144+00:00
2025-03-22 06:00:00+01:00,46973.265,45878.415,2025-12-13 09:34:08.228144+00:00
2025-03-22 07:00:00+01:00,49816.2825,48374.4675,2025-12-13 09:34:08.228144+00:00
2025-03-22 08:00:00+01:00,52430.25,52063.705,2025-12-13 09:34:08.228144+00:00
2025-03-22 09:00:00+01:00,54445.755,54986.3725,2025-12-13 09:34:08.228144+00:00
2025-03-22 10:00:00+01:00,52950.66,56386.83,2025-12-13 09:34:08.228144+00:00
2025-03-22 11:00:00+01:00,52450.67,56859.707500000004,2025-12-13 09:34:08.228144+00:00
2025-03-22 12:00:00+01:00,50822.9875,56040.6575,2025-12-13 09:34:08.228144+00:00
2025-03-22 13:00:00+01:00,49418.89750000001,54447.869999999995,2025-12-13 09:34:08.228144+00:00
2025-03-22 14:00:00+01:00,49093.355,52567.49,2025-12-13 09:34:08.228144+00:00
2025-03-22 15:00:00+01:00,49745.625,51951.7375,2025-12-13 09:34:08.228144+00:00
2025-03-22 16:00:00+01:00,51486.4325,52428.19,2025-12-13 09:34:08.228144+00:00
2025-03-22 17:00:00+01:00,53730.9625,54440.805,2025-12-13 09:34:08.228144+00:00
2025-03-22 18:00:00+01:00,56260.77,56022.005,2025-12-13 09:34:08.228144+00:00
2025-03-22 19:00:00+01:00,55945.4975,55278.7825,2025-12-13 09:34:08.228144+00:00
2025-03-22 20:00:00+01:00,53050.73,52662.3,2025-12-13 09:34:08.228144+00:00
2025-03-22 21:00:00+01:00,50320.56,50274.4075,2025-12-13 09:34:08.228144+00:00
2025-03-22 22:00:00+01:00,48696.9,48535.8375,2025-12-13 09:34:08.228144+00:00
2025-03-22 23:00:00+01:00,46233.735,46013.9275,2025-12-13 09:34:08.228144+00:00
2025-03-23 00:00:00+01:00,43531.8425,43332.03,2025-12-13 09:34:08.228144+00:00
2025-03-23 01:00:00+01:00,41558.7425,41829.825,2025-12-13 09:34:08.228144+00:00
2025-03-23 02:00:00+01:00,40209.235,40943.61,2025-12-13 09:34:08.228144+00:00
2025-03-23 03:00:00+01:00,39934.61,40836.65,2025-12-13 09:34:08.228144+00:00
2025-03-23 04:00:00+01:00,40463.43,40936.32,2025-12-13 09:34:08.228144+00:00
2025-03-23 05:00:00+01:00,40874.7425,41175.015,2025-12-13 09:34:08.228144+00:00
2025-03-23 06:00:00+01:00,40989.8525,41640.815,2025-12-13 09:34:08.228144+00:00
2025-03-23 07:00:00+01:00,43094.66,43259.07,2025-12-13 09:34:08.228144+00:00
2025-03-23 08:00:00+01:00,47170.042499999996,46341.5275,2025-12-13 09:34:08.228144+00:00
2025-03-23 09:00:00+01:00,50474.6625,49689.92,2025-12-13 09:34:08.228144+00:00
2025-03-23 10:00:00+01:00,51776.4775,51873.7175,2025-12-13 09:34:08.228144+00:00
2025-03-23 11:00:00+01:00,52935.692500000005,53180.71,2025-12-13 09:34:08.228144+00:00
2025-03-23 12:00:00+01:00,52272.0125,52641.9,2025-12-13 09:34:08.228144+00:00
2025-03-23 13:00:00+01:00,50163.5925,50609.7675,2025-12-13 09:34:08.228144+00:00
2025-03-23 14:00:00+01:00,48289.1,49075.2875,2025-12-13 09:34:08.228144+00:00
2025-03-23 15:00:00+01:00,47571.425,48506.3775,2025-12-13 09:34:08.228144+00:00
2025-03-23 16:00:00+01:00,47901.155,48798.19,2025-12-13 09:34:08.228144+00:00
2025-03-23 17:00:00+01:00,51180.0225,50590.7875,2025-12-13 09:34:08.228144+00:00
2025-03-23 18:00:00+01:00,54272.465,53295.9375,2025-12-13 09:34:08.228144+00:00
2025-03-23 19:00:00+01:00,54700.75,53075.4575,2025-12-13 09:34:08.228144+00:00
2025-03-23 20:00:00+01:00,52585.67,51162.2025,2025-12-13 09:34:08.228144+00:00
2025-03-23 21:00:00+01:00,50801.72,49593.925,2025-12-13 09:34:08.228144+00:00
2025-03-23 22:00:00+01:00,48850.350000000006,48256.8025,2025-12-13 09:34:08.228144+00:00
2025-03-23 23:00:00+01:00,45738.365,45822.64750000001,2025-12-13 09:34:08.228144+00:00
2025-03-24 00:00:00+01:00,43044.2425,44154.28,2025-12-13 09:34:08.228144+00:00
2025-03-24 01:00:00+01:00,41471.1675,42881.12,2025-12-13 09:34:08.228144+00:00
2025-03-24 02:00:00+01:00,40857.6325,42277.99,2025-12-13 09:34:08.228144+00:00
2025-03-24 03:00:00+01:00,41409.155,42617.9925,2025-12-13 09:34:08.228144+00:00
2025-03-24 04:00:00+01:00,43062.675,43913.3625,2025-12-13 09:34:08.228144+00:00
2025-03-24 05:00:00+01:00,46828.67,47658.965,2025-12-13 09:34:08.228144+00:00
2025-03-24 06:00:00+01:00,54379.2,55480.505,2025-12-13 09:34:08.228144+00:00
2025-03-24 07:00:00+01:00,59651.245,60681.1375,2025-12-13 09:34:08.228144+00:00
2025-03-24 08:00:00+01:00,62280.020000000004,64106.1175,2025-12-13 09:34:08.228144+00:00
2025-03-24 09:00:00+01:00,62628.545,65220.045,2025-12-13 09:34:08.228144+00:00
2025-03-24 10:00:00+01:00,62647.1025,65912.7775,2025-12-13 09:34:08.228144+00:00
2025-03-24 11:00:00+01:00,63753.0025,65853.2425,2025-12-13 09:34:08.228144+00:00
2025-03-24 12:00:00+01:00,63633.5275,64680.4025,2025-12-13 09:34:08.228144+00:00
2025-03-24 13:00:00+01:00,62621.11,63792.375,2025-12-13 09:34:08.228144+00:00
2025-03-24 14:00:00+01:00,60781.46,62243.2275,2025-12-13 09:34:08.228144+00:00
2025-03-24 15:00:00+01:00,59761.7375,60933.05,2025-12-13 09:34:08.228144+00:00
2025-03-24 16:00:00+01:00,58966.9475,60259.095,2025-12-13 09:34:08.228144+00:00
2025-03-24 17:00:00+01:00,60399.325,61699.9675,2025-12-13 09:34:08.228144+00:00
2025-03-24 18:00:00+01:00,62869.335,63521.185,2025-12-13 09:34:08.228144+00:00
2025-03-24 19:00:00+01:00,63126.29,63163.195,2025-12-13 09:34:08.228144+00:00
2025-03-24 20:00:00+01:00,59658.055,60588.71,2025-12-13 09:34:08.228144+00:00
2025-03-24 21:00:00+01:00,56082.295,57221.3725,2025-12-13 09:34:08.228144+00:00
2025-03-24 22:00:00+01:00,52896.5,53496.42,2025-12-13 09:34:08.228144+00:00
2025-03-24 23:00:00+01:00,49426.2375,50058.744999999995,2025-12-13 09:34:08.228144+00:00
2025-03-25 00:00:00+01:00,46619.56,47606.817500000005,2025-12-13 09:34:08.228144+00:00
2025-03-25 01:00:00+01:00,45471.9825,46199.9475,2025-12-13 09:34:08.228144+00:00
2025-03-25 02:00:00+01:00,44833.432499999995,45476.1025,2025-12-13 09:34:08.228144+00:00
2025-03-25 03:00:00+01:00,45831.92,45888.380000000005,2025-12-13 09:34:08.228144+00:00
2025-03-25 04:00:00+01:00,47412.7925,47138.195,2025-12-13 09:34:08.228144+00:00
2025-03-25 05:00:00+01:00,50869.155,50171.615000000005,2025-12-13 09:34:08.228144+00:00
2025-03-25 06:00:00+01:00,57892.415,56414.0675,2025-12-13 09:34:08.228144+00:00
2025-03-25 07:00:00+01:00,63008.5975,61675.6225,2025-12-13 09:34:08.228144+00:00
2025-03-25 08:00:00+01:00,65782.4975,64502.78,2025-12-13 09:34:08.228144+00:00
2025-03-25 09:00:00+01:00,66708.58,65581.4275,2025-12-13 09:34:08.228144+00:00
2025-03-25 10:00:00+01:00,66394.925,66130.2325,2025-12-13 09:34:08.228144+00:00
2025-03-25 11:00:00+01:00,65458.4625,66297.675,2025-12-13 09:34:08.228144+00:00
2025-03-25 12:00:00+01:00,64646.035,65468.9775,2025-12-13 09:34:08.228144+00:00
2025-03-25 13:00:00+01:00,63237.509999999995,64314.75,2025-12-13 09:34:08.228144+00:00
2025-03-25 14:00:00+01:00,62157.2,62621.4925,2025-12-13 09:34:08.228144+00:00
2025-03-25 15:00:00+01:00,61612.5075,61702.835,2025-12-13 09:34:08.228144+00:00
2025-03-25 16:00:00+01:00,62080.0125,61297.795,2025-12-13 09:34:08.228144+00:00
2025-03-25 17:00:00+01:00,63561.3375,62318.535,2025-12-13 09:34:08.228144+00:00
2025-03-25 18:00:00+01:00,65770.2875,63730.87,2025-12-13 09:34:08.228144+00:00
2025-03-25 19:00:00+01:00,65766.22,63072.035,2025-12-13 09:34:08.228144+00:00
2025-03-25 20:00:00+01:00,62003.3275,60584.2775,2025-12-13 09:34:08.228144+00:00
2025-03-25 21:00:00+01:00,58821.53,57416.735,2025-12-13 09:34:08.228144+00:00
2025-03-25 22:00:00+01:00,55125.0625,54183.445,2025-12-13 09:34:08.228144+00:00
2025-03-25 23:00:00+01:00,51188.3275,50659.9975,2025-12-13 09:34:08.228144+00:00
2025-03-26 00:00:00+01:00,47751.18,47949.2425,2025-12-13 09:34:08.228144+00:00
2025-03-26 01:00:00+01:00,45734.335,46540.1425,2025-12-13 09:34:08.228144+00:00
2025-03-26 02:00:00+01:00,44947.2425,45974.0125,2025-12-13 09:34:08.228144+00:00
2025-03-26 03:00:00+01:00,45187.175,46236.34,2025-12-13 09:34:08.228144+00:00
2025-03-26 04:00:00+01:00,46802.93,47450.4675,2025-12-13 09:34:08.228144+00:00
2025-03-26 05:00:00+01:00,50388.715,50488.4375,2025-12-13 09:34:08.228144+00:00
2025-03-26 06:00:00+01:00,57714.4175,56697.4675,2025-12-13 09:34:08.228144+00:00
2025-03-26 07:00:00+01:00,61894.020000000004,62003.4975,2025-12-13 09:34:08.228144+00:00
2025-03-26 08:00:00+01:00,64908.020000000004,65217.3125,2025-12-13 09:34:08.228144+00:00
2025-03-26 09:00:00+01:00,65804.9175,66470.625,2025-12-13 09:34:08.228144+00:00
2025-03-26 10:00:00+01:00,66436.1725,67260.67,2025-12-13 09:34:08.228144+00:00
2025-03-26 11:00:00+01:00,67200.5025,67345.655,2025-12-13 09:34:08.228144+00:00
2025-03-26 12:00:00+01:00,66936.1575,66541.08499999999,2025-12-13 09:34:08.228144+00:00
2025-03-26 13:00:00+01:00,67077.52,65069.954999999994,2025-12-13 09:34:08.228144+00:00
2025-03-26 14:00:00+01:00,65546.06,62778.854999999996,2025-12-13 09:34:08.228144+00:00
2025-03-26 15:00:00+01:00,64291.3725,61326.365,2025-12-13 09:34:08.228144+00:00
2025-03-26 16:00:00+01:00,63434.175,61021.905,2025-12-13 09:34:08.228144+00:00
2025-03-26 17:00:00+01:00,64029.8125,62370.47,2025-12-13 09:34:08.228144+00:00
2025-03-26 18:00:00+01:00,65545.0125,63821.6375,2025-12-13 09:34:08.228144+00:00
2025-03-26 19:00:00+01:00,65182.9075,63224.67,2025-12-13 09:34:08.228144+00:00
2025-03-26 20:00:00+01:00,62406.5825,60166.5925,2025-12-13 09:34:08.228144+00:00
2025-03-26 21:00:00+01:00,58645.71,57014.3425,2025-12-13 09:34:08.228144+00:00
2025-03-26 22:00:00+01:00,54735.435,53587.5325,2025-12-13 09:34:08.228144+00:00
2025-03-26 23:00:00+01:00,50629.1275,49877.1475,2025-12-13 09:34:08.228144+00:00
2025-03-27 00:00:00+01:00,47908.0775,47802.6075,2025-12-13 09:34:08.228144+00:00
2025-03-27 01:00:00+01:00,46242.845,46337.3825,2025-12-13 09:34:08.228144+00:00
2025-03-27 02:00:00+01:00,45348.66,45672.72,2025-12-13 09:34:08.228144+00:00
2025-03-27 03:00:00+01:00,45928.895000000004,46103.84,2025-12-13 09:34:08.228144+00:00
2025-03-27 04:00:00+01:00,47139.44,47102.082500000004,2025-12-13 09:34:08.228144+00:00
2025-03-27 05:00:00+01:00,51279.119999999995,50102.0,2025-12-13 09:34:08.228144+00:00
2025-03-27 06:00:00+01:00,57657.9675,56190.5125,2025-12-13 09:34:08.228144+00:00
2025-03-27 07:00:00+01:00,61769.2325,60777.595,2025-12-13 09:34:08.228144+00:00
2025-03-27 08:00:00+01:00,64316.23,64169.83,2025-12-13 09:34:08.228144+00:00
2025-03-27 09:00:00+01:00,63704.395000000004,65483.6475,2025-12-13 09:34:08.228144+00:00
2025-03-27 10:00:00+01:00,63327.04,65695.8825,2025-12-13 09:34:08.228144+00:00
2025-03-27 11:00:00+01:00,63183.6275,65765.13249999999,2025-12-13 09:34:08.228144+00:00
2025-03-27 12:00:00+01:00,62307.9825,64463.0025,2025-12-13 09:34:08.228144+00:00
2025-03-27 13:00:00+01:00,61150.4875,63328.905,2025-12-13 09:34:08.228144+00:00
2025-03-27 14:00:00+01:00,59699.45,61530.4325,2025-12-13 09:34:08.228144+00:00
2025-03-27 15:00:00+01:00,59372.3775,60619.14,2025-12-13 09:34:08.228144+00:00
2025-03-27 16:00:00+01:00,58981.165,60331.3375,2025-12-13 09:34:08.228144+00:00
2025-03-27 17:00:00+01:00,61546.3525,61407.052500000005,2025-12-13 09:34:08.228144+00:00
2025-03-27 18:00:00+01:00,64075.09,62441.6475,2025-12-13 09:34:08.228144+00:00
2025-03-27 19:00:00+01:00,64877.08,62087.225,2025-12-13 09:34:08.228144+00:00
2025-03-27 20:00:00+01:00,61859.55,59537.557499999995,2025-12-13 09:34:08.228144+00:00
2025-03-27 21:00:00+01:00,58312.9075,56985.0025,2025-12-13 09:34:08.228144+00:00
2025-03-27 22:00:00+01:00,54405.7825,53473.3675,2025-12-13 09:34:08.228144+00:00
2025-03-27 23:00:00+01:00,50460.8575,49828.24,2025-12-13 09:34:08.228144+00:00
2025-03-28 00:00:00+01:00,47852.417499999996,47738.3575,2025-12-13 09:34:08.228144+00:00
2025-03-28 01:00:00+01:00,46117.635,46255.0475,2025-12-13 09:34:08.228144+00:00
2025-03-28 02:00:00+01:00,46070.045,45447.5475,2025-12-13 09:34:08.228144+00:00
2025-03-28 03:00:00+01:00,46957.21,45935.055,2025-12-13 09:34:08.228144+00:00
2025-03-28 04:00:00+01:00,48343.58,46901.53,2025-12-13 09:34:08.228144+00:00
2025-03-28 05:00:00+01:00,51835.5525,49941.195,2025-12-13 09:34:08.228144+00:00
2025-03-28 06:00:00+01:00,57796.7575,56079.015,2025-12-13 09:34:08.228144+00:00
2025-03-28 07:00:00+01:00,61942.06,60548.305,2025-12-13 09:34:08.228144+00:00
2025-03-28 08:00:00+01:00,63785.82,63616.2125,2025-12-13 09:34:08.228144+00:00
2025-03-28 09:00:00+01:00,63846.3025,64576.7125,2025-12-13 09:34:08.228144+00:00
2025-03-28 10:00:00+01:00,61436.255000000005,65194.2675,2025-12-13 09:34:08.228144+00:00
2025-03-28 11:00:00+01:00,59646.765,65013.55,2025-12-13 09:34:08.228144+00:00
2025-03-28 12:00:00+01:00,57651.7575,63897.6175,2025-12-13 09:34:08.228144+00:00
2025-03-28 13:00:00+01:00,55679.4475,61849.8725,2025-12-13 09:34:08.228144+00:00
2025-03-28 14:00:00+01:00,54847.8425,59694.8225,2025-12-13 09:34:08.228144+00:00
2025-03-28 15:00:00+01:00,54830.9075,58838.9025,2025-12-13 09:34:08.228144+00:00
2025-03-28 16:00:00+01:00,55136.265,58876.052500000005,2025-12-13 09:34:08.228144+00:00
2025-03-28 17:00:00+01:00,57578.3725,59960.565,2025-12-13 09:34:08.228144+00:00
2025-03-28 18:00:00+01:00,59983.665,61038.2025,2025-12-13 09:34:08.228144+00:00
2025-03-28 19:00:00+01:00,60804.875,60510.457500000004,2025-12-13 09:34:08.228144+00:00
2025-03-28 20:00:00+01:00,57285.4325,57475.085,2025-12-13 09:34:08.228144+00:00
2025-03-28 21:00:00+01:00,54184.19,54496.0125,2025-12-13 09:34:08.228144+00:00
2025-03-28 22:00:00+01:00,50731.832500000004,51217.6675,2025-12-13 09:34:08.228144+00:00
2025-03-28 23:00:00+01:00,47096.7225,47659.0325,2025-12-13 09:34:08.228144+00:00
2025-03-29 00:00:00+01:00,44117.0925,45654.2625,2025-12-13 09:34:08.228144+00:00
2025-03-29 01:00:00+01:00,41454.7775,43788.9475,2025-12-13 09:34:08.228144+00:00
2025-03-29 02:00:00+01:00,40092.979999999996,42614.0175,2025-12-13 09:34:08.228144+00:00
2025-03-29 03:00:00+01:00,40104.8025,42376.515,2025-12-13 09:34:08.228144+00:00
2025-03-29 04:00:00+01:00,40723.925,42479.215,2025-12-13 09:34:08.228144+00:00
2025-03-29 05:00:00+01:00,41176.065,43993.67,2025-12-13 09:34:08.228144+00:00
2025-03-29 06:00:00+01:00,42868.64,45944.67,2025-12-13 09:34:08.228144+00:00
2025-03-29 07:00:00+01:00,45844.4225,48251.322499999995,2025-12-13 09:34:08.228144+00:00
2025-03-29 08:00:00+01:00,48747.6625,51870.865,2025-12-13 09:34:08.228144+00:00
2025-03-29 09:00:00+01:00,50975.042499999996,54805.15,2025-12-13 09:34:08.228144+00:00
2025-03-29 10:00:00+01:00,52693.0775,56396.8775,2025-12-13 09:34:08.228144+00:00
2025-03-29 11:00:00+01:00,53077.92,56955.985,2025-12-13 09:34:08.228144+00:00
2025-03-29 12:00:00+01:00,52232.635,56283.0275,2025-12-13 09:34:08.228144+00:00
2025-03-29 13:00:00+01:00,50567.0775,54668.725,2025-12-13 09:34:08.228144+00:00
2025-03-29 14:00:00+01:00,49457.94,52574.6,2025-12-13 09:34:08.228144+00:00
2025-03-29 15:00:00+01:00,49307.635,51902.0625,2025-12-13 09:34:08.228144+00:00
2025-03-29 16:00:00+01:00,49915.845,52166.7525,2025-12-13 09:34:08.228144+00:00
2025-03-29 17:00:00+01:00,51152.942500000005,53878.7025,2025-12-13 09:34:08.228144+00:00
2025-03-29 18:00:00+01:00,52979.56,55776.1575,2025-12-13 09:34:08.228144+00:00
2025-03-29 19:00:00+01:00,52886.287500000006,55429.572499999995,2025-12-13 09:34:08.228144+00:00
2025-03-29 20:00:00+01:00,50298.3475,53146.1525,2025-12-13 09:34:08.228144+00:00
2025-03-29 21:00:00+01:00,47986.7125,50897.4375,2025-12-13 09:34:08.228144+00:00
2025-03-29 22:00:00+01:00,46399.635,49165.6225,2025-12-13 09:34:08.228144+00:00
2025-03-29 23:00:00+01:00,43493.565,46583.5075,2025-12-13 09:34:08.228144+00:00
2025-03-30 00:00:00+01:00,41241.29,43572.4225,2025-12-13 09:34:08.228144+00:00
2025-03-30 01:00:00+01:00,40109.51,42091.42333333333,2025-12-13 09:34:08.228144+00:00
2025-03-30 03:00:00+02:00,39749.11666666667,40787.82666666667,2025-12-13 09:34:08.228144+00:00
2025-03-30 04:00:00+02:00,40313.835,41445.625,2025-12-13 09:34:08.228144+00:00
2025-03-30 05:00:00+02:00,40785.6125,41366.5725,2025-12-13 09:34:08.228144+00:00
2025-03-30 06:00:00+02:00,41304.0725,41687.405,2025-12-13 09:34:08.228144+00:00
2025-03-30 07:00:00+02:00,43228.4175,43543.6175,2025-12-13 09:34:08.228144+00:00
2025-03-30 08:00:00+02:00,45731.9375,46899.67,2025-12-13 09:34:08.228144+00:00
2025-03-30 09:00:00+02:00,48736.5075,50358.442500000005,2025-12-13 09:34:08.228144+00:00
2025-03-30 10:00:00+02:00,51396.5375,52832.5475,2025-12-13 09:34:08.228144+00:00
2025-03-30 11:00:00+02:00,52638.847499999996,54512.3725,2025-12-13 09:34:08.228144+00:00
2025-03-30 12:00:00+02:00,52961.3125,54146.7675,2025-12-13 09:34:08.228144+00:00
2025-03-30 13:00:00+02:00,51304.065,52237.03,2025-12-13 09:34:08.228144+00:00
2025-03-30 14:00:00+02:00,49176.1725,50164.455,2025-12-13 09:34:08.228144+00:00
2025-03-30 15:00:00+02:00,48499.8675,49585.9,2025-12-13 09:34:08.228144+00:00
2025-03-30 16:00:00+02:00,48493.287500000006,49985.8375,2025-12-13 09:34:08.228144+00:00
2025-03-30 17:00:00+02:00,50160.567500000005,51786.3225,2025-12-13 09:34:08.228144+00:00
2025-03-30 18:00:00+02:00,51576.567500000005,53736.03,2025-12-13 09:34:08.228144+00:00
2025-03-30 19:00:00+02:00,52829.63,53460.545,2025-12-13 09:34:08.228144+00:00
2025-03-30 20:00:00+02:00,52753.8625,52184.9675,2025-12-13 09:34:08.228144+00:00
2025-03-30 21:00:00+02:00,50754.0725,50942.41,2025-12-13 09:34:08.228144+00:00
2025-03-30 22:00:00+02:00,49360.605,49447.675,2025-12-13 09:34:08.228144+00:00
2025-03-30 23:00:00+02:00,46710.2025,46590.0075,2025-12-13 09:34:08.228144+00:00
2025-03-31 00:00:00+02:00,44275.175,45267.5975,2025-12-13 09:34:08.228144+00:00
2025-03-31 01:00:00+02:00,42155.905,44116.3375,2025-12-13 09:34:08.228144+00:00
2025-03-31 02:00:00+02:00,41957.385,43759.5875,2025-12-13 09:34:08.228144+00:00
2025-03-31 03:00:00+02:00,42320.185,44398.945,2025-12-13 09:34:08.228144+00:00
2025-03-31 04:00:00+02:00,44227.917499999996,45622.555,2025-12-13 09:34:08.228144+00:00
2025-03-31 05:00:00+02:00,49092.0925,49731.292499999996,2025-12-13 09:34:08.228144+00:00
2025-03-31 06:00:00+02:00,57570.3875,57714.71,2025-12-13 09:34:08.228144+00:00
2025-03-31 07:00:00+02:00,61831.8875,62858.7625,2025-12-13 09:34:08.228144+00:00
2025-03-31 08:00:00+02:00,64524.31,65986.09,2025-12-13 09:34:08.228144+00:00
2025-03-31 09:00:00+02:00,65595.4325,66915.56,2025-12-13 09:34:08.228144+00:00
2025-03-31 10:00:00+02:00,65765.935,67630.155,2025-12-13 09:34:08.228144+00:00
2025-03-31 11:00:00+02:00,65235.604999999996,67634.7625,2025-12-13 09:34:08.228144+00:00
2025-03-31 12:00:00+02:00,64502.625,66355.955,2025-12-13 09:34:08.228144+00:00
2025-03-31 13:00:00+02:00,63352.8925,65266.915,2025-12-13 09:34:08.228144+00:00
2025-03-31 14:00:00+02:00,61415.945,63508.675,2025-12-13 09:34:08.228144+00:00
2025-03-31 15:00:00+02:00,59606.865,62270.0225,2025-12-13 09:34:08.228144+00:00
2025-03-31 16:00:00+02:00,58657.3875,61775.2975,2025-12-13 09:34:08.228144+00:00
2025-03-31 17:00:00+02:00,59434.4325,63528.49,2025-12-13 09:34:08.228144+00:00
2025-03-31 18:00:00+02:00,61121.6725,64645.1025,2025-12-13 09:34:08.228144+00:00
2025-03-31 19:00:00+02:00,61611.177500000005,64419.195,2025-12-13 09:34:08.228144+00:00
2025-03-31 20:00:00+02:00,60183.5275,61797.7725,2025-12-13 09:34:08.228144+00:00
2025-03-31 21:00:00+02:00,57066.8425,58536.0025,2025-12-13 09:34:08.228144+00:00
2025-03-31 22:00:00+02:00,53668.925,54938.2,2025-12-13 09:34:08.228144+00:00
2025-03-31 23:00:00+02:00,50276.025,51266.0175,2025-12-13 09:34:08.228144+00:00
2025-04-01 00:00:00+02:00,47165.955,47821.01,2025-12-13 09:34:08.228144+00:00
2025-04-01 01:00:00+02:00,45100.7475,46367.5075,2025-12-13 09:34:08.228144+00:00
2025-04-01 02:00:00+02:00,44333.659999999996,46143.8375,2025-12-13 09:34:08.228144+00:00
2025-04-01 03:00:00+02:00,44565.31,46951.145000000004,2025-12-13 09:34:08.228144+00:00
2025-04-01 04:00:00+02:00,46420.9275,49043.0475,2025-12-13 09:34:08.228144+00:00
2025-04-01 05:00:00+02:00,50604.1125,53493.0875,2025-12-13 09:34:08.228144+00:00
2025-04-01 06:00:00+02:00,58022.1875,59003.925,2025-12-13 09:34:08.228144+00:00
2025-04-01 07:00:00+02:00,62661.605,63505.994999999995,2025-12-13 09:34:08.228144+00:00
2025-04-01 08:00:00+02:00,64972.42,65595.9975,2025-12-13 09:34:08.228144+00:00
2025-04-01 09:00:00+02:00,65230.09,66188.7575,2025-12-13 09:34:08.228144+00:00
2025-04-01 10:00:00+02:00,63712.4225,66370.235,2025-12-13 09:34:08.228144+00:00
2025-04-01 11:00:00+02:00,64146.62,66286.13500000001,2025-12-13 09:34:08.228144+00:00
2025-04-01 12:00:00+02:00,62729.63,65462.795,2025-12-13 09:34:08.228144+00:00
2025-04-01 13:00:00+02:00,61791.1125,63867.045,2025-12-13 09:34:08.228144+00:00
2025-04-01 14:00:00+02:00,60013.755,62657.53,2025-12-13 09:34:08.228144+00:00
2025-04-01 15:00:00+02:00,58233.630000000005,62026.15,2025-12-13 09:34:08.228144+00:00
2025-04-01 16:00:00+02:00,57148.2925,61874.0,2025-12-13 09:34:08.228144+00:00
2025-04-01 17:00:00+02:00,57840.707500000004,63069.5275,2025-12-13 09:34:08.228144+00:00
2025-04-01 18:00:00+02:00,60238.2675,63639.985,2025-12-13 09:34:08.228144+00:00
2025-04-01 19:00:00+02:00,60737.1725,62688.4875,2025-12-13 09:34:08.228144+00:00
2025-04-01 20:00:00+02:00,60420.1375,60036.822499999995,2025-12-13 09:34:08.228144+00:00
2025-04-01 21:00:00+02:00,57811.6525,56609.675,2025-12-13 09:34:08.228144+00:00
2025-04-01 22:00:00+02:00,53738.3975,53448.845,2025-12-13 09:34:08.228144+00:00
2025-04-01 23:00:00+02:00,49354.9625,50315.195,2025-12-13 09:34:08.228144+00:00
2025-04-02 00:00:00+02:00,46218.575,48607.86,2025-12-13 09:34:08.228144+00:00
2025-04-02 01:00:00+02:00,44409.935,47055.5775,2025-12-13 09:34:08.228144+00:00
2025-04-02 02:00:00+02:00,43760.39,46513.175,2025-12-13 09:34:08.228144+00:00
2025-04-02 03:00:00+02:00,44136.8275,46729.11,2025-12-13 09:34:08.228144+00:00
2025-04-02 04:00:00+02:00,45367.697499999995,47936.97,2025-12-13 09:34:08.228144+00:00
2025-04-02 05:00:00+02:00,49489.515,51117.8475,2025-12-13 09:34:08.228144+00:00
2025-04-02 06:00:00+02:00,56895.6925,57053.035,2025-12-13 09:34:08.228144+00:00
2025-04-02 07:00:00+02:00,61469.9775,62110.055,2025-12-13 09:34:08.228144+00:00
2025-04-02 08:00:00+02:00,63795.979999999996,64966.0,2025-12-13 09:34:08.228144+00:00
2025-04-02 09:00:00+02:00,63932.3975,66114.09,2025-12-13 09:34:08.228144+00:00
2025-04-02 10:00:00+02:00,62179.3425,66834.2825,2025-12-13 09:34:08.228144+00:00
2025-04-02 11:00:00+02:00,61471.8425,66684.205,2025-12-13 09:34:08.228144+00:00
2025-04-02 12:00:00+02:00,60306.0625,66046.3825,2025-12-13 09:34:08.228144+00:00
2025-04-02 13:00:00+02:00,59121.5125,64712.485,2025-12-13 09:34:08.228144+00:00
2025-04-02 14:00:00+02:00,57310.425,62744.695,2025-12-13 09:34:08.228144+00:00
2025-04-02 15:00:00+02:00,56961.087499999994,60874.56,2025-12-13 09:34:08.228144+00:00
2025-04-02 16:00:00+02:00,56754.567500000005,60540.8575,2025-12-13 09:34:08.228144+00:00
2025-04-02 17:00:00+02:00,58019.7525,61592.4525,2025-12-13 09:34:08.228144+00:00
2025-04-02 18:00:00+02:00,59434.215,62593.275,2025-12-13 09:34:08.228144+00:00
2025-04-02 19:00:00+02:00,59922.5175,62663.22,2025-12-13 09:34:08.228144+00:00
2025-04-02 20:00:00+02:00,59857.365,60336.78,2025-12-13 09:34:08.228144+00:00
2025-04-02 21:00:00+02:00,57096.4925,57407.2725,2025-12-13 09:34:08.228144+00:00
2025-04-02 22:00:00+02:00,53279.565,54072.6625,2025-12-13 09:34:08.228144+00:00
2025-04-02 23:00:00+02:00,49776.585,50483.0525,2025-12-13 09:34:08.228144+00:00
2025-04-03 00:00:00+02:00,46101.2225,47344.6325,2025-12-13 09:34:08.228144+00:00
2025-04-03 01:00:00+02:00,44772.25,45680.83,2025-12-13 09:34:08.228144+00:00
2025-04-03 02:00:00+02:00,43516.307499999995,45217.9875,2025-12-13 09:34:08.228144+00:00
2025-04-03 03:00:00+02:00,43250.792499999996,45380.6325,2025-12-13 09:34:08.228144+00:00
2025-04-03 04:00:00+02:00,45002.505000000005,46487.1475,2025-12-13 09:34:08.228144+00:00
2025-04-03 05:00:00+02:00,48928.3525,49931.485,2025-12-13 09:34:08.228144+00:00
2025-04-03 06:00:00+02:00,55690.6975,56275.215000000004,2025-12-13 09:34:08.228144+00:00
2025-04-03 07:00:00+02:00,60054.0325,61200.7775,2025-12-13 09:34:08.228144+00:00
2025-04-03 08:00:00+02:00,62951.045,64152.7025,2025-12-13 09:34:08.228144+00:00
2025-04-03 09:00:00+02:00,63334.735,65159.6,2025-12-13 09:34:08.228144+00:00
2025-04-03 10:00:00+02:00,62438.67,65747.22750000001,2025-12-13 09:34:08.228144+00:00
2025-04-03 11:00:00+02:00,61473.167499999996,66102.81,2025-12-13 09:34:08.228144+00:00
2025-04-03 12:00:00+02:00,59300.35,65263.7975,2025-12-13 09:34:08.228144+00:00
2025-04-03 13:00:00+02:00,57626.3575,64029.0475,2025-12-13 09:34:08.228144+00:00
2025-04-03 14:00:00+02:00,56150.3875,62470.7175,2025-12-13 09:34:08.228144+00:00
2025-04-03 15:00:00+02:00,55393.1275,61135.9475,2025-12-13 09:34:08.228144+00:00
2025-04-03 16:00:00+02:00,55137.6275,60508.5025,2025-12-13 09:34:08.228144+00:00
2025-04-03 17:00:00+02:00,55813.165,60213.945,2025-12-13 09:34:08.228144+00:00
2025-04-03 18:00:00+02:00,58517.325,60801.255,2025-12-13 09:34:08.228144+00:00
2025-04-03 19:00:00+02:00,59975.3025,60688.18,2025-12-13 09:34:08.228144+00:00
2025-04-03 20:00:00+02:00,59561.645000000004,59220.82,2025-12-13 09:34:08.228144+00:00
2025-04-03 21:00:00+02:00,56355.587499999994,56246.78,2025-12-13 09:34:08.228144+00:00
2025-04-03 22:00:00+02:00,52447.042499999996,53007.130000000005,2025-12-13 09:34:08.228144+00:00
2025-04-03 23:00:00+02:00,48425.0675,49527.505000000005,2025-12-13 09:34:08.228144+00:00
2025-04-04 00:00:00+02:00,45330.425,47259.682499999995,2025-12-13 09:34:08.228144+00:00
2025-04-04 01:00:00+02:00,43595.3725,45622.2175,2025-12-13 09:34:08.228144+00:00
2025-04-04 02:00:00+02:00,42756.375,45053.525,2025-12-13 09:34:08.228144+00:00
2025-04-04 03:00:00+02:00,43030.9925,45267.8475,2025-12-13 09:34:08.228144+00:00
2025-04-04 04:00:00+02:00,44705.2425,46520.5175,2025-12-13 09:34:08.228144+00:00
2025-04-04 05:00:00+02:00,48626.6425,49585.7625,2025-12-13 09:34:08.228144+00:00
2025-04-04 06:00:00+02:00,55834.5375,55613.76,2025-12-13 09:34:08.228144+00:00
2025-04-04 07:00:00+02:00,60065.6575,60630.725000000006,2025-12-13 09:34:08.228144+00:00
2025-04-04 08:00:00+02:00,63048.792499999996,63412.51,2025-12-13 09:34:08.228144+00:00
2025-04-04 09:00:00+02:00,62286.2675,64457.825,2025-12-13 09:34:08.228144+00:00
2025-04-04 10:00:00+02:00,60961.22,64757.895000000004,2025-12-13 09:34:08.228144+00:00
2025-04-04 11:00:00+02:00,60151.307499999995,64544.705,2025-12-13 09:34:08.228144+00:00
2025-04-04 12:00:00+02:00,58235.9025,63711.3425,2025-12-13 09:34:08.228144+00:00
2025-04-04 13:00:00+02:00,56736.6475,61810.630000000005,2025-12-13 09:34:08.228144+00:00
2025-04-04 14:00:00+02:00,54327.582500000004,59974.9725,2025-12-13 09:34:08.228144+00:00
2025-04-04 15:00:00+02:00,53338.6275,58686.5025,2025-12-13 09:34:08.228144+00:00
2025-04-04 16:00:00+02:00,53420.2325,58486.385,2025-12-13 09:34:08.228144+00:00
2025-04-04 17:00:00+02:00,54178.725,58425.8725,2025-12-13 09:34:08.228144+00:00
2025-04-04 18:00:00+02:00,56813.0,58914.832500000004,2025-12-13 09:34:08.228144+00:00
2025-04-04 19:00:00+02:00,57509.0275,58801.64,2025-12-13 09:34:08.228144+00:00
2025-04-04 20:00:00+02:00,56923.6575,57082.869999999995,2025-12-13 09:34:08.228144+00:00
2025-04-04 21:00:00+02:00,53059.369999999995,54299.1475,2025-12-13 09:34:08.228144+00:00
2025-04-04 22:00:00+02:00,49589.955,51458.542499999996,2025-12-13 09:34:08.228144+00:00
2025-04-04 23:00:00+02:00,46179.46,48286.495,2025-12-13 09:34:08.228144+00:00
2025-04-05 00:00:00+02:00,43615.0275,45362.88,2025-12-13 09:34:08.228144+00:00
2025-04-05 01:00:00+02:00,41143.6825,43443.925,2025-12-13 09:34:08.228144+00:00
2025-04-05 02:00:00+02:00,40453.24,42570.192500000005,2025-12-13 09:34:08.228144+00:00
2025-04-05 03:00:00+02:00,40340.4,42248.635,2025-12-13 09:34:08.228144+00:00
2025-04-05 04:00:00+02:00,41027.145000000004,42266.4,2025-12-13 09:34:08.228144+00:00
2025-04-05 05:00:00+02:00,42926.83,42301.29,2025-12-13 09:34:08.228144+00:00
2025-04-05 06:00:00+02:00,44492.917499999996,43332.965,2025-12-13 09:34:08.228144+00:00
2025-04-05 07:00:00+02:00,47516.979999999996,46117.685,2025-12-13 09:34:08.228144+00:00
2025-04-05 08:00:00+02:00,50547.115000000005,49688.885,2025-12-13 09:34:08.228144+00:00
2025-04-05 09:00:00+02:00,53226.0775,52707.119999999995,2025-12-13 09:34:08.228144+00:00
2025-04-05 10:00:00+02:00,52780.345,54369.0525,2025-12-13 09:34:08.228144+00:00
2025-04-05 11:00:00+02:00,51018.0175,55113.28,2025-12-13 09:34:08.228144+00:00
2025-04-05 12:00:00+02:00,49028.44,54768.705,2025-12-13 09:34:08.228144+00:00
2025-04-05 13:00:00+02:00,46539.13,52892.8475,2025-12-13 09:34:08.228144+00:00
2025-04-05 14:00:00+02:00,44791.0175,51386.9975,2025-12-13 09:34:08.228144+00:00
2025-04-05 15:00:00+02:00,44861.8925,50519.6175,2025-12-13 09:34:08.228144+00:00
2025-04-05 16:00:00+02:00,45626.15,50460.1575,2025-12-13 09:34:08.228144+00:00
2025-04-05 17:00:00+02:00,47810.7725,51382.185,2025-12-13 09:34:08.228144+00:00
2025-04-05 18:00:00+02:00,49866.7825,52704.8475,2025-12-13 09:34:08.228144+00:00
2025-04-05 19:00:00+02:00,50194.332500000004,52836.707500000004,2025-12-13 09:34:08.228144+00:00
2025-04-05 20:00:00+02:00,49563.6625,51319.075,2025-12-13 09:34:08.228144+00:00
2025-04-05 21:00:00+02:00,47941.59,49293.015,2025-12-13 09:34:08.228144+00:00
2025-04-05 22:00:00+02:00,45846.2475,47428.565,2025-12-13 09:34:08.228144+00:00
2025-04-05 23:00:00+02:00,43243.125,44734.145000000004,2025-12-13 09:34:08.228144+00:00
2025-04-06 00:00:00+02:00,40299.745,41659.2325,2025-12-13 09:34:08.228144+00:00
2025-04-06 01:00:00+02:00,38670.115000000005,39910.395,2025-12-13 09:34:08.228144+00:00
2025-04-06 02:00:00+02:00,37769.9925,39118.4675,2025-12-13 09:34:08.228144+00:00
2025-04-06 03:00:00+02:00,38137.0325,38726.8675,2025-12-13 09:34:08.228144+00:00
2025-04-06 04:00:00+02:00,38495.08,38803.91,2025-12-13 09:34:08.228144+00:00
2025-04-06 05:00:00+02:00,38828.74,39602.2975,2025-12-13 09:34:08.228144+00:00
2025-04-06 06:00:00+02:00,39512.6225,41167.4825,2025-12-13 09:34:08.228144+00:00
2025-04-06 07:00:00+02:00,41778.16,43024.2825,2025-12-13 09:34:08.228144+00:00
2025-04-06 08:00:00+02:00,44611.784999999996,46186.2075,2025-12-13 09:34:08.228144+00:00
2025-04-06 09:00:00+02:00,47691.2675,49160.975,2025-12-13 09:34:08.228144+00:00
2025-04-06 10:00:00+02:00,48188.94,51309.5575,2025-12-13 09:34:08.228144+00:00
2025-04-06 11:00:00+02:00,48419.4175,52971.035,2025-12-13 09:34:08.228144+00:00
2025-04-06 12:00:00+02:00,47432.35,52530.9675,2025-12-13 09:34:08.228144+00:00
2025-04-06 13:00:00+02:00,44973.695,50981.68,2025-12-13 09:34:08.228144+00:00
2025-04-06 14:00:00+02:00,43185.97,49340.527500000004,2025-12-13 09:34:08.228144+00:00
2025-04-06 15:00:00+02:00,42259.1425,48404.9675,2025-12-13 09:34:08.228144+00:00
2025-04-06 16:00:00+02:00,43172.6475,48734.130000000005,2025-12-13 09:34:08.228144+00:00
2025-04-06 17:00:00+02:00,46555.0075,50349.465,2025-12-13 09:34:08.228144+00:00
2025-04-06 18:00:00+02:00,48825.195,52173.4975,2025-12-13 09:34:08.228144+00:00
2025-04-06 19:00:00+02:00,50274.19,52588.3775,2025-12-13 09:34:08.228144+00:00
2025-04-06 20:00:00+02:00,50979.7275,51958.1425,2025-12-13 09:34:08.228144+00:00
2025-04-06 21:00:00+02:00,49869.99,50504.5075,2025-12-13 09:34:08.228144+00:00
2025-04-06 22:00:00+02:00,48432.8725,49077.3625,2025-12-13 09:34:08.228144+00:00
2025-04-06 23:00:00+02:00,45761.5025,46668.665,2025-12-13 09:34:08.228144+00:00
2025-04-07 00:00:00+02:00,43352.955,44071.585,2025-12-13 09:34:08.228144+00:00
2025-04-07 01:00:00+02:00,42207.2275,42945.39,2025-12-13 09:34:08.228144+00:00
2025-04-07 02:00:00+02:00,42033.4725,42631.68,2025-12-13 09:34:08.228144+00:00
2025-04-07 03:00:00+02:00,42804.385,42934.425,2025-12-13 09:34:08.228144+00:00
2025-04-07 04:00:00+02:00,44195.3575,44154.43,2025-12-13 09:34:08.228144+00:00
2025-04-07 05:00:00+02:00,48910.615,48555.9675,2025-12-13 09:34:08.228144+00:00
2025-04-07 06:00:00+02:00,56911.5475,56682.6625,2025-12-13 09:34:08.228144+00:00
2025-04-07 07:00:00+02:00,61008.884999999995,62226.385,2025-12-13 09:34:08.228144+00:00
2025-04-07 08:00:00+02:00,63540.945,65220.130000000005,2025-12-13 09:34:08.228144+00:00
2025-04-07 09:00:00+02:00,63572.385,65784.41,2025-12-13 09:34:08.228144+00:00
2025-04-07 10:00:00+02:00,62422.31,66314.06,2025-12-13 09:34:08.228144+00:00
2025-04-07 11:00:00+02:00,61917.277500000004,66432.23,2025-12-13 09:34:08.228144+00:00
2025-04-07 12:00:00+02:00,59776.625,65593.34,2025-12-13 09:34:08.228144+00:00
2025-04-07 13:00:00+02:00,57774.53,64171.9775,2025-12-13 09:34:08.228144+00:00
2025-04-07 14:00:00+02:00,56032.745,62355.31,2025-12-13 09:34:08.228144+00:00
2025-04-07 15:00:00+02:00,55419.3525,60819.79,2025-12-13 09:34:08.228144+00:00
2025-04-07 16:00:00+02:00,54947.4775,60351.94,2025-12-13 09:34:08.228144+00:00
2025-04-07 17:00:00+02:00,55957.7725,61033.38,2025-12-13 09:34:08.228144+00:00
2025-04-07 18:00:00+02:00,58422.33,62366.18,2025-12-13 09:34:08.228144+00:00
2025-04-07 19:00:00+02:00,59467.9675,62509.7525,2025-12-13 09:34:08.228144+00:00
2025-04-07 20:00:00+02:00,58785.1475,60754.8275,2025-12-13 09:34:08.228144+00:00
2025-04-07 21:00:00+02:00,56012.0025,57598.0375,2025-12-13 09:34:08.228144+00:00
2025-04-07 22:00:00+02:00,52492.9075,54138.97,2025-12-13 09:34:08.228144+00:00
2025-04-07 23:00:00+02:00,48940.4275,50354.11,2025-12-13 09:34:08.228144+00:00
2025-04-08 00:00:00+02:00,46063.25,48497.2425,2025-12-13 09:34:08.228144+00:00
2025-04-08 01:00:00+02:00,44421.425,47011.375,2025-12-13 09:34:08.228144+00:00
2025-04-08 02:00:00+02:00,43724.39,46587.4775,2025-12-13 09:34:08.228144+00:00
2025-04-08 03:00:00+02:00,44218.335,46920.479999999996,2025-12-13 09:34:08.228144+00:00
2025-04-08 04:00:00+02:00,45997.51,48186.955,2025-12-13 09:34:08.228144+00:00
2025-04-08 05:00:00+02:00,49693.945,51414.9725,2025-12-13 09:34:08.228144+00:00
2025-04-08 06:00:00+02:00,57100.85,57680.6275,2025-12-13 09:34:08.228144+00:00
2025-04-08 07:00:00+02:00,61315.534999999996,63013.8675,2025-12-13 09:34:08.228144+00:00
2025-04-08 08:00:00+02:00,63620.2625,65681.5325,2025-12-13 09:34:08.228144+00:00
2025-04-08 09:00:00+02:00,63784.33,66214.95,2025-12-13 09:34:08.228144+00:00
2025-04-08 10:00:00+02:00,62646.682499999995,66405.11499999999,2025-12-13 09:34:08.228144+00:00
2025-04-08 11:00:00+02:00,60855.104999999996,66829.375,2025-12-13 09:34:08.228144+00:00
2025-04-08 12:00:00+02:00,58905.6875,66085.4625,2025-12-13 09:34:08.228144+00:00
2025-04-08 13:00:00+02:00,57222.8725,64730.9725,2025-12-13 09:34:08.228144+00:00
2025-04-08 14:00:00+02:00,55975.9775,63338.83,2025-12-13 09:34:08.228144+00:00
2025-04-08 15:00:00+02:00,55515.2425,62202.9875,2025-12-13 09:34:08.228144+00:00
2025-04-08 16:00:00+02:00,54762.5775,61394.4375,2025-12-13 09:34:08.228144+00:00
2025-04-08 17:00:00+02:00,56112.295,61245.3025,2025-12-13 09:34:08.228144+00:00
2025-04-08 18:00:00+02:00,57979.7375,61788.325,2025-12-13 09:34:08.228144+00:00
2025-04-08 19:00:00+02:00,59094.1375,62247.765,2025-12-13 09:34:08.228144+00:00
2025-04-08 20:00:00+02:00,58722.455,60963.89,2025-12-13 09:34:08.228144+00:00
2025-04-08 21:00:00+02:00,55836.925,58244.935,2025-12-13 09:34:08.228144+00:00
2025-04-08 22:00:00+02:00,52240.1,54946.33,2025-12-13 09:34:08.228144+00:00
2025-04-08 23:00:00+02:00,48781.3725,51237.905,2025-12-13 09:34:08.228144+00:00
2025-04-09 00:00:00+02:00,45411.82,47068.6075,2025-12-13 09:34:08.228144+00:00
2025-04-09 01:00:00+02:00,44023.1,46198.5175,2025-12-13 09:34:08.228144+00:00
2025-04-09 02:00:00+02:00,43510.2975,45779.9125,2025-12-13 09:34:08.228144+00:00
2025-04-09 03:00:00+02:00,43981.945,45931.542499999996,2025-12-13 09:34:08.228144+00:00
2025-04-09 04:00:00+02:00,45660.692500000005,47288.9425,2025-12-13 09:34:08.228144+00:00
2025-04-09 05:00:00+02:00,49371.0675,50917.2775,2025-12-13 09:34:08.228144+00:00
2025-04-09 06:00:00+02:00,56432.45,57324.3275,2025-12-13 09:34:08.228144+00:00
2025-04-09 07:00:00+02:00,60638.0025,62726.552500000005,2025-12-13 09:34:08.228144+00:00
2025-04-09 08:00:00+02:00,62962.4875,65508.58500000001,2025-12-13 09:34:08.228144+00:00
2025-04-09 09:00:00+02:00,63479.33,65883.285,2025-12-13 09:34:08.228144+00:00
2025-04-09 10:00:00+02:00,63232.355,65975.2325,2025-12-13 09:34:08.228144+00:00
2025-04-09 11:00:00+02:00,61909.0625,65647.565,2025-12-13 09:34:08.228144+00:00
2025-04-09 12:00:00+02:00,59761.765,64927.295,2025-12-13 09:34:08.228144+00:00
2025-04-09 13:00:00+02:00,59091.9075,63591.5175,2025-12-13 09:34:08.228144+00:00
2025-04-09 14:00:00+02:00,57745.0675,61432.745,2025-12-13 09:34:08.228144+00:00
2025-04-09 15:00:00+02:00,57280.89,59405.667499999996,2025-12-13 09:34:08.228144+00:00
2025-04-09 16:00:00+02:00,57329.4025,58574.555,2025-12-13 09:34:08.228144+00:00
2025-04-09 17:00:00+02:00,58570.175,59197.1275,2025-12-13 09:34:08.228144+00:00
2025-04-09 18:00:00+02:00,61123.135,60935.01,2025-12-13 09:34:08.228144+00:00
2025-04-09 19:00:00+02:00,61965.4075,61649.0275,2025-12-13 09:34:08.228144+00:00
2025-04-09 20:00:00+02:00,61565.635,59636.2325,2025-12-13 09:34:08.228144+00:00
2025-04-09 21:00:00+02:00,59291.5275,56892.2875,2025-12-13 09:34:08.228144+00:00
2025-04-09 22:00:00+02:00,55229.275,53393.565,2025-12-13 09:34:08.228144+00:00
2025-04-09 23:00:00+02:00,50909.6325,49767.9775,2025-12-13 09:34:08.228144+00:00
2025-04-10 00:00:00+02:00,47964.8075,47450.6525,2025-12-13 09:34:08.228144+00:00
2025-04-10 01:00:00+02:00,45598.6375,46257.7575,2025-12-13 09:34:08.228144+00:00
2025-04-10 02:00:00+02:00,44447.955,45653.5625,2025-12-13 09:34:08.228144+00:00
2025-04-10 03:00:00+02:00,44347.66,45807.695,2025-12-13 09:34:08.228144+00:00
2025-04-10 04:00:00+02:00,45102.635,46508.3675,2025-12-13 09:34:08.228144+00:00
2025-04-10 05:00:00+02:00,48636.435,49370.692500000005,2025-12-13 09:34:08.228144+00:00
2025-04-10 06:00:00+02:00,55846.0025,55158.0,2025-12-13 09:34:08.228144+00:00
2025-04-10 07:00:00+02:00,60631.957500000004,60619.13,2025-12-13 09:34:08.228144+00:00
2025-04-10 08:00:00+02:00,63399.307499999995,63140.5175,2025-12-13 09:34:08.228144+00:00
2025-04-10 09:00:00+02:00,63381.212499999994,63751.87,2025-12-13 09:34:08.228144+00:00
2025-04-10 10:00:00+02:00,63495.895,64025.165,2025-12-13 09:34:08.228144+00:00
2025-04-10 11:00:00+02:00,64494.0925,64538.0,2025-12-13 09:34:08.228144+00:00
2025-04-10 12:00:00+02:00,62531.19,63383.455,2025-12-13 09:34:08.228144+00:00
2025-04-10 13:00:00+02:00,60479.1075,62303.245,2025-12-13 09:34:08.228144+00:00
2025-04-10 14:00:00+02:00,58932.4,60904.755,2025-12-13 09:34:08.228144+00:00
2025-04-10 15:00:00+02:00,57511.8,59586.0375,2025-12-13 09:34:08.228144+00:00
2025-04-10 16:00:00+02:00,57525.8725,58560.06,2025-12-13 09:34:08.228144+00:00
2025-04-10 17:00:00+02:00,58986.13,59217.43,2025-12-13 09:34:08.228144+00:00
2025-04-10 18:00:00+02:00,61264.8875,60210.7125,2025-12-13 09:34:08.228144+00:00
2025-04-10 19:00:00+02:00,62912.524999999994,60269.2175,2025-12-13 09:34:08.228144+00:00
2025-04-10 20:00:00+02:00,62384.4625,59094.895000000004,2025-12-13 09:34:08.228144+00:00
2025-04-10 21:00:00+02:00,60016.9,56775.792499999996,2025-12-13 09:34:08.228144+00:00
2025-04-10 22:00:00+02:00,55921.8625,53429.39,2025-12-13 09:34:08.228144+00:00
2025-04-10 23:00:00+02:00,51739.8875,49988.18,2025-12-13 09:34:08.228144+00:00
2025-04-11 00:00:00+02:00,49605.5625,47812.057499999995,2025-12-13 09:34:08.228144+00:00
2025-04-11 01:00:00+02:00,47813.8525,46444.0575,2025-12-13 09:34:08.228144+00:00
2025-04-11 02:00:00+02:00,47141.7125,46028.47,2025-12-13 09:34:08.228144+00:00
2025-04-11 03:00:00+02:00,47322.67,46312.055,2025-12-13 09:34:08.228144+00:00
2025-04-11 04:00:00+02:00,48387.5275,47678.2425,2025-12-13 09:34:08.228144+00:00
2025-04-11 05:00:00+02:00,51159.42,50847.095,2025-12-13 09:34:08.228144+00:00
2025-04-11 06:00:00+02:00,57712.43,56829.805,2025-12-13 09:34:08.228144+00:00
2025-04-11 07:00:00+02:00,62096.505000000005,61928.6025,2025-12-13 09:34:08.228144+00:00
2025-04-11 08:00:00+02:00,64328.3475,64847.675,2025-12-13 09:34:08.228144+00:00
2025-04-11 09:00:00+02:00,64115.7425,64884.0525,2025-12-13 09:34:08.228144+00:00
2025-04-11 10:00:00+02:00,63655.21,64794.25,2025-12-13 09:34:08.228144+00:00
2025-04-11 11:00:00+02:00,62739.369999999995,64672.457500000004,2025-12-13 09:34:08.228144+00:00
2025-04-11 12:00:00+02:00,59949.955,63657.3475,2025-12-13 09:34:08.228144+00:00
2025-04-11 13:00:00+02:00,58063.245,61698.85,2025-12-13 09:34:08.228144+00:00
2025-04-11 14:00:00+02:00,55643.215,60115.03,2025-12-13 09:34:08.228144+00:00
2025-04-11 15:00:00+02:00,55153.035,58584.79,2025-12-13 09:34:08.228144+00:00
2025-04-11 16:00:00+02:00,54786.9625,58468.735,2025-12-13 09:34:08.228144+00:00
2025-04-11 17:00:00+02:00,56068.88,59162.9075,2025-12-13 09:34:08.228144+00:00
2025-04-11 18:00:00+02:00,57336.3725,59658.557499999995,2025-12-13 09:34:08.228144+00:00
2025-04-11 19:00:00+02:00,57667.2675,59236.695,2025-12-13 09:34:08.228144+00:00
2025-04-11 20:00:00+02:00,56918.4125,57129.1625,2025-12-13 09:34:08.228144+00:00
2025-04-11 21:00:00+02:00,54634.832500000004,54198.3925,2025-12-13 09:34:08.228144+00:00
2025-04-11 22:00:00+02:00,51289.4375,51073.38,2025-12-13 09:34:08.228144+00:00
2025-04-11 23:00:00+02:00,47633.5925,47786.9425,2025-12-13 09:34:08.228144+00:00
2025-04-12 00:00:00+02:00,44574.5325,44825.5725,2025-12-13 09:34:08.228144+00:00
2025-04-12 01:00:00+02:00,42204.8425,42922.8275,2025-12-13 09:34:08.228144+00:00
2025-04-12 02:00:00+02:00,40996.805,42065.25,2025-12-13 09:34:08.228144+00:00
2025-04-12 03:00:00+02:00,40804.07,41704.3025,2025-12-13 09:34:08.228144+00:00
2025-04-12 04:00:00+02:00,41680.815,41780.5775,2025-12-13 09:34:08.228144+00:00
2025-04-12 05:00:00+02:00,42141.195,42600.722499999996,2025-12-13 09:34:08.228144+00:00
2025-04-12 06:00:00+02:00,43343.270000000004,44249.75,2025-12-13 09:34:08.228144+00:00
2025-04-12 07:00:00+02:00,46032.0275,46878.69,2025-12-13 09:34:08.228144+00:00
2025-04-12 08:00:00+02:00,49508.8225,50405.9775,2025-12-13 09:34:08.228144+00:00
2025-04-12 09:00:00+02:00,51164.0625,52958.34,2025-12-13 09:34:08.228144+00:00
2025-04-12 10:00:00+02:00,51082.72,54272.85,2025-12-13 09:34:08.228144+00:00
2025-04-12 11:00:00+02:00,49928.405,55065.95,2025-12-13 09:34:08.228144+00:00
2025-04-12 12:00:00+02:00,48379.447499999995,54706.7975,2025-12-13 09:34:08.228144+00:00
2025-04-12 13:00:00+02:00,46615.435,52794.6275,2025-12-13 09:34:08.228144+00:00
2025-04-12 14:00:00+02:00,44798.612499999996,51040.2325,2025-12-13 09:34:08.228144+00:00
2025-04-12 15:00:00+02:00,43870.455,50140.3625,2025-12-13 09:34:08.228144+00:00
2025-04-12 16:00:00+02:00,44242.167499999996,50509.134999999995,2025-12-13 09:34:08.228144+00:00
2025-04-12 17:00:00+02:00,45463.79,51401.979999999996,2025-12-13 09:34:08.228144+00:00
2025-04-12 18:00:00+02:00,47572.86,52672.16,2025-12-13 09:34:08.228144+00:00
2025-04-12 19:00:00+02:00,48396.8275,52761.225,2025-12-13 09:34:08.228144+00:00
2025-04-12 20:00:00+02:00,48382.775,51367.7525,2025-12-13 09:34:08.228144+00:00
2025-04-12 21:00:00+02:00,47326.205,49452.865,2025-12-13 09:34:08.228144+00:00
2025-04-12 22:00:00+02:00,45027.0225,47620.9,2025-12-13 09:34:08.228144+00:00
2025-04-12 23:00:00+02:00,42537.88,45249.16,2025-12-13 09:34:08.228144+00:00
2025-04-13 00:00:00+02:00,39868.9925,41968.5275,2025-12-13 09:34:08.228144+00:00
2025-04-13 01:00:00+02:00,38632.01,40388.0775,2025-12-13 09:34:08.228144+00:00
2025-04-13 02:00:00+02:00,38120.744999999995,39451.3375,2025-12-13 09:34:08.228144+00:00
2025-04-13 03:00:00+02:00,37397.545,39165.325,2025-12-13 09:34:08.228144+00:00
2025-04-13 04:00:00+02:00,37519.735,39203.895000000004,2025-12-13 09:34:08.228144+00:00
2025-04-13 05:00:00+02:00,38156.1975,39625.145000000004,2025-12-13 09:34:08.228144+00:00
2025-04-13 06:00:00+02:00,38822.9125,40595.2775,2025-12-13 09:34:08.228144+00:00
2025-04-13 07:00:00+02:00,40618.729999999996,42400.15,2025-12-13 09:34:08.228144+00:00
2025-04-13 08:00:00+02:00,44408.6175,45368.512500000004,2025-12-13 09:34:08.228144+00:00
2025-04-13 09:00:00+02:00,47985.24,48157.229999999996,2025-12-13 09:34:08.228144+00:00
2025-04-13 10:00:00+02:00,50856.8575,50151.8975,2025-12-13 09:34:08.228144+00:00
2025-04-13 11:00:00+02:00,52192.255000000005,51410.89,2025-12-13 09:34:08.228144+00:00
2025-04-13 12:00:00+02:00,52359.4675,50763.045,2025-12-13 09:34:08.228144+00:00
2025-04-13 13:00:00+02:00,50567.567500000005,48911.8225,2025-12-13 09:34:08.228144+00:00
2025-04-13 14:00:00+02:00,47954.2975,46994.905,2025-12-13 09:34:08.228144+00:00
2025-04-13 15:00:00+02:00,47155.83,46293.645000000004,2025-12-13 09:34:08.228144+00:00
2025-04-13 16:00:00+02:00,47377.445,45976.6175,2025-12-13 09:34:08.228144+00:00
2025-04-13 17:00:00+02:00,48071.2675,46774.765,2025-12-13 09:34:08.228144+00:00
2025-04-13 18:00:00+02:00,48414.1725,48490.16,2025-12-13 09:34:08.228144+00:00
2025-04-13 19:00:00+02:00,48904.652500000004,49583.175,2025-12-13 09:34:08.228144+00:00
2025-04-13 20:00:00+02:00,49207.4625,49190.47,2025-12-13 09:34:08.228144+00:00
2025-04-13 21:00:00+02:00,47841.9275,48026.807499999995,2025-12-13 09:34:08.228144+00:00
2025-04-13 22:00:00+02:00,46606.7025,46634.6775,2025-12-13 09:34:08.228144+00:00
2025-04-13 23:00:00+02:00,44433.104999999996,44195.215,2025-12-13 09:34:08.228144+00:00
2025-04-14 00:00:00+02:00,42462.5525,42919.7125,2025-12-13 09:34:08.228144+00:00
2025-04-14 01:00:00+02:00,40924.932499999995,41690.475,2025-12-13 09:34:08.228144+00:00
2025-04-14 02:00:00+02:00,40063.020000000004,41186.925,2025-12-13 09:34:08.228144+00:00
2025-04-14 03:00:00+02:00,40010.8375,41463.7625,2025-12-13 09:34:08.228144+00:00
2025-04-14 04:00:00+02:00,41628.557499999995,42727.3675,2025-12-13 09:34:08.228144+00:00
2025-04-14 05:00:00+02:00,46635.1425,47009.6575,2025-12-13 09:34:08.228144+00:00
2025-04-14 06:00:00+02:00,53285.130000000005,54818.08,2025-12-13 09:34:08.228144+00:00
2025-04-14 07:00:00+02:00,58329.375,60264.29,2025-12-13 09:34:08.228144+00:00
2025-04-14 08:00:00+02:00,61509.4325,63038.155,2025-12-13 09:34:08.228144+00:00
2025-04-14 09:00:00+02:00,62871.057499999995,63506.92,2025-12-13 09:34:08.228144+00:00
2025-04-14 10:00:00+02:00,62474.8575,63822.6725,2025-12-13 09:34:08.228144+00:00
2025-04-14 11:00:00+02:00,61401.3,63789.3925,2025-12-13 09:34:08.228144+00:00
2025-04-14 12:00:00+02:00,60108.68,62981.8225,2025-12-13 09:34:08.228144+00:00
2025-04-14 13:00:00+02:00,58223.7475,61520.759999999995,2025-12-13 09:34:08.228144+00:00
2025-04-14 14:00:00+02:00,55987.6975,59741.412500000006,2025-12-13 09:34:08.228144+00:00
2025-04-14 15:00:00+02:00,54723.0925,58142.31,2025-12-13 09:34:08.228144+00:00
2025-04-14 16:00:00+02:00,54018.145,57586.4075,2025-12-13 09:34:08.228144+00:00
2025-04-14 17:00:00+02:00,55577.2475,58170.4675,2025-12-13 09:34:08.228144+00:00
2025-04-14 18:00:00+02:00,57584.4225,59437.77,2025-12-13 09:34:08.228144+00:00
2025-04-14 19:00:00+02:00,58446.3675,59794.3225,2025-12-13 09:34:08.228144+00:00
2025-04-14 20:00:00+02:00,58123.09,58427.6575,2025-12-13 09:34:08.228144+00:00
2025-04-14 21:00:00+02:00,55731.68,55774.31,2025-12-13 09:34:08.228144+00:00
2025-04-14 22:00:00+02:00,52564.4,52408.99,2025-12-13 09:34:08.228144+00:00
2025-04-14 23:00:00+02:00,48609.57,48864.1075,2025-12-13 09:34:08.228144+00:00
2025-04-15 00:00:00+02:00,45526.8475,47515.442500000005,2025-12-13 09:34:08.228144+00:00
2025-04-15 01:00:00+02:00,44452.82,46185.6725,2025-12-13 09:34:08.228144+00:00
2025-04-15 02:00:00+02:00,43525.925,45540.1875,2025-12-13 09:34:08.228144+00:00
2025-04-15 03:00:00+02:00,43691.13,45817.64,2025-12-13 09:34:08.228144+00:00
2025-04-15 04:00:00+02:00,45538.335,47320.0325,2025-12-13 09:34:08.228144+00:00
2025-04-15 05:00:00+02:00,49696.1075,50748.4975,2025-12-13 09:34:08.228144+00:00
2025-04-15 06:00:00+02:00,56606.0425,56875.015,2025-12-13 09:34:08.228144+00:00
2025-04-15 07:00:00+02:00,61003.185,62339.917499999996,2025-12-13 09:34:08.228144+00:00
2025-04-15 08:00:00+02:00,63203.380000000005,64963.88,2025-12-13 09:34:08.228144+00:00
2025-04-15 09:00:00+02:00,64075.2675,65402.83,2025-12-13 09:34:08.228144+00:00
2025-04-15 10:00:00+02:00,62893.985,65799.2575,2025-12-13 09:34:08.228144+00:00
2025-04-15 11:00:00+02:00,62808.9025,66245.7475,2025-12-13 09:34:08.228144+00:00
2025-04-15 12:00:00+02:00,62382.957500000004,65441.14,2025-12-13 09:34:08.228144+00:00
2025-04-15 13:00:00+02:00,62082.3125,63965.945,2025-12-13 09:34:08.228144+00:00
2025-04-15 14:00:00+02:00,60397.4225,62554.1,2025-12-13 09:34:08.228144+00:00
2025-04-15 15:00:00+02:00,58847.2,61832.9825,2025-12-13 09:34:08.228144+00:00
2025-04-15 16:00:00+02:00,57750.0925,61027.6175,2025-12-13 09:34:08.228144+00:00
2025-04-15 17:00:00+02:00,59285.8925,60837.6625,2025-12-13 09:34:08.228144+00:00
2025-04-15 18:00:00+02:00,60763.38,60836.457500000004,2025-12-13 09:34:08.228144+00:00
2025-04-15 19:00:00+02:00,61429.0575,60881.3875,2025-12-13 09:34:08.228144+00:00
2025-04-15 20:00:00+02:00,60147.2,59774.1125,2025-12-13 09:34:08.228144+00:00
2025-04-15 21:00:00+02:00,57193.205,56986.6475,2025-12-13 09:34:08.228144+00:00
2025-04-15 22:00:00+02:00,53348.13,53682.1575,2025-12-13 09:34:08.228144+00:00
2025-04-15 23:00:00+02:00,49315.2725,50269.1425,2025-12-13 09:34:08.228144+00:00
2025-04-16 00:00:00+02:00,45943.4825,46728.0475,2025-12-13 09:34:08.228144+00:00
2025-04-16 01:00:00+02:00,44477.96,46054.957500000004,2025-12-13 09:34:08.228144+00:00
2025-04-16 02:00:00+02:00,43711.105,45567.76,2025-12-13 09:34:08.228144+00:00
2025-04-16 03:00:00+02:00,43829.07,45534.205,2025-12-13 09:34:08.228144+00:00
2025-04-16 04:00:00+02:00,44376.805,46822.24,2025-12-13 09:34:08.228144+00:00
2025-04-16 05:00:00+02:00,48162.97,50395.880000000005,2025-12-13 09:34:08.228144+00:00
2025-04-16 06:00:00+02:00,53980.475000000006,56465.5075,2025-12-13 09:34:08.228144+00:00
2025-04-16 07:00:00+02:00,58132.915,61811.525,2025-12-13 09:34:08.228144+00:00
2025-04-16 08:00:00+02:00,61443.17,65252.005,2025-12-13 09:34:08.228144+00:00
2025-04-16 09:00:00+02:00,60963.99,66385.6175,2025-12-13 09:34:08.228144+00:00
2025-04-16 10:00:00+02:00,61205.5125,66512.4325,2025-12-13 09:34:08.228144+00:00
2025-04-16 11:00:00+02:00,60284.1,66132.835,2025-12-13 09:34:08.228144+00:00
2025-04-16 12:00:00+02:00,59582.152500000004,65552.585,2025-12-13 09:34:08.228144+00:00
2025-04-16 13:00:00+02:00,58751.3725,63625.8675,2025-12-13 09:34:08.228144+00:00
2025-04-16 14:00:00+02:00,57843.375,60844.075,2025-12-13 09:34:08.228144+00:00
2025-04-16 15:00:00+02:00,58197.6075,58694.6625,2025-12-13 09:34:08.228144+00:00
2025-04-16 16:00:00+02:00,58191.5375,57749.75,2025-12-13 09:34:08.228144+00:00
2025-04-16 17:00:00+02:00,58917.925,58115.715,2025-12-13 09:34:08.228144+00:00
2025-04-16 18:00:00+02:00,60238.152500000004,59696.7325,2025-12-13 09:34:08.228144+00:00
2025-04-16 19:00:00+02:00,59553.5975,60713.21,2025-12-13 09:34:08.228144+00:00
2025-04-16 20:00:00+02:00,59034.2425,58693.8975,2025-12-13 09:34:08.228144+00:00
2025-04-16 21:00:00+02:00,57218.065,56053.125,2025-12-13 09:34:08.228144+00:00
2025-04-16 22:00:00+02:00,53617.31,52454.6675,2025-12-13 09:34:08.228144+00:00
2025-04-16 23:00:00+02:00,50303.905,48983.515,2025-12-13 09:34:08.228144+00:00
2025-04-17 00:00:00+02:00,47067.182499999995,47772.8275,2025-12-13 09:34:08.228144+00:00
2025-04-17 01:00:00+02:00,45629.2,46635.0325,2025-12-13 09:34:08.228144+00:00
2025-04-17 02:00:00+02:00,44787.5,45763.7475,2025-12-13 09:34:08.228144+00:00
2025-04-17 03:00:00+02:00,44779.7125,45687.0275,2025-12-13 09:34:08.228144+00:00
2025-04-17 04:00:00+02:00,45838.985,46285.229999999996,2025-12-13 09:34:08.228144+00:00
2025-04-17 05:00:00+02:00,49283.385,48122.875,2025-12-13 09:34:08.228144+00:00
2025-04-17 06:00:00+02:00,55174.0875,52781.3225,2025-12-13 09:34:08.228144+00:00
2025-04-17 07:00:00+02:00,59622.97,57537.255,2025-12-13 09:34:08.228144+00:00
2025-04-17 08:00:00+02:00,62589.535,60855.490000000005,2025-12-13 09:34:08.228144+00:00
2025-04-17 09:00:00+02:00,63856.32,62206.065,2025-12-13 09:34:08.228144+00:00
2025-04-17 10:00:00+02:00,64949.4525,63188.3925,2025-12-13 09:34:08.228144+00:00
2025-04-17 11:00:00+02:00,65520.05,64321.435,2025-12-13 09:34:08.228144+00:00
2025-04-17 12:00:00+02:00,64276.42,63406.7375,2025-12-13 09:34:08.228144+00:00
2025-04-17 13:00:00+02:00,63009.5425,62198.8575,2025-12-13 09:34:08.228144+00:00
2025-04-17 14:00:00+02:00,61505.35,60882.755,2025-12-13 09:34:08.228144+00:00
2025-04-17 15:00:00+02:00,60926.3475,59615.6175,2025-12-13 09:34:08.228144+00:00
2025-04-17 16:00:00+02:00,60195.815,58677.604999999996,2025-12-13 09:34:08.228144+00:00
2025-04-17 17:00:00+02:00,59414.1,59077.979999999996,2025-12-13 09:34:08.228144+00:00
2025-04-17 18:00:00+02:00,59051.5775,58575.005,2025-12-13 09:34:08.228144+00:00
2025-04-17 19:00:00+02:00,57954.265,58204.3,2025-12-13 09:34:08.228144+00:00
2025-04-17 20:00:00+02:00,56432.1725,57074.2625,2025-12-13 09:34:08.228144+00:00
2025-04-17 21:00:00+02:00,53392.905,55415.565,2025-12-13 09:34:08.228144+00:00
2025-04-17 22:00:00+02:00,50255.67,52426.4825,2025-12-13 09:34:08.228144+00:00
2025-04-17 23:00:00+02:00,47081.675,49181.47,2025-12-13 09:34:08.228144+00:00
2025-04-18 00:00:00+02:00,43376.82,44512.0775,2025-12-13 09:34:08.228144+00:00
2025-04-18 01:00:00+02:00,41014.035,42534.542499999996,2025-12-13 09:34:08.228144+00:00
2025-04-18 02:00:00+02:00,39409.2675,41522.307499999995,2025-12-13 09:34:08.228144+00:00
2025-04-18 03:00:00+02:00,38818.705,40915.725,2025-12-13 09:34:08.228144+00:00
2025-04-18 04:00:00+02:00,39070.07,40741.2175,2025-12-13 09:34:08.228144+00:00
2025-04-18 05:00:00+02:00,39663.44,40495.3125,2025-12-13 09:34:08.228144+00:00
2025-04-18 06:00:00+02:00,39923.1225,40818.635,2025-12-13 09:34:08.228144+00:00
2025-04-18 07:00:00+02:00,41643.89,43154.07,2025-12-13 09:34:08.228144+00:00
2025-04-18 08:00:00+02:00,44955.4325,46741.295,2025-12-13 09:34:08.228144+00:00
2025-04-18 09:00:00+02:00,47806.9675,49300.19,2025-12-13 09:34:08.228144+00:00
2025-04-18 10:00:00+02:00,49858.285,51785.817500000005,2025-12-13 09:34:08.228144+00:00
2025-04-18 11:00:00+02:00,51789.55,53513.6075,2025-12-13 09:34:08.228144+00:00
2025-04-18 12:00:00+02:00,51450.6475,52917.9425,2025-12-13 09:34:08.228144+00:00
2025-04-18 13:00:00+02:00,50218.325,51234.7175,2025-12-13 09:34:08.228144+00:00
2025-04-18 14:00:00+02:00,48854.2725,49866.8525,2025-12-13 09:34:08.228144+00:00
2025-04-18 15:00:00+02:00,48287.96,48938.67,2025-12-13 09:34:08.228144+00:00
2025-04-18 16:00:00+02:00,47612.5075,48844.3375,2025-12-13 09:34:08.228144+00:00
2025-04-18 17:00:00+02:00,47929.0975,49747.6875,2025-12-13 09:34:08.228144+00:00
2025-04-18 18:00:00+02:00,48859.645000000004,50080.5625,2025-12-13 09:34:08.228144+00:00
2025-04-18 19:00:00+02:00,48797.7875,50243.6875,2025-12-13 09:34:08.228144+00:00
2025-04-18 20:00:00+02:00,48335.3575,49330.659999999996,2025-12-13 09:34:08.228144+00:00
2025-04-18 21:00:00+02:00,47413.59,47765.25,2025-12-13 09:34:08.228144+00:00
2025-04-18 22:00:00+02:00,45353.275,46028.345,2025-12-13 09:34:08.228144+00:00
2025-04-18 23:00:00+02:00,42461.7025,43507.715,2025-12-13 09:34:08.228144+00:00
2025-04-19 00:00:00+02:00,40092.07,43409.1525,2025-12-13 09:34:08.228144+00:00
2025-04-19 01:00:00+02:00,38116.015,41902.285,2025-12-13 09:34:08.228144+00:00
2025-04-19 02:00:00+02:00,37603.0175,41085.619999999995,2025-12-13 09:34:08.228144+00:00
2025-04-19 03:00:00+02:00,37121.0825,40897.1375,2025-12-13 09:34:08.228144+00:00
2025-04-19 04:00:00+02:00,37679.33,41176.6075,2025-12-13 09:34:08.228144+00:00
2025-04-19 05:00:00+02:00,39148.1275,42297.55,2025-12-13 09:34:08.228144+00:00
2025-04-19 06:00:00+02:00,40011.475,44014.2375,2025-12-13 09:34:08.228144+00:00
2025-04-19 07:00:00+02:00,42241.0125,46911.1475,2025-12-13 09:34:08.228144+00:00
2025-04-19 08:00:00+02:00,45267.11,50384.8825,2025-12-13 09:34:08.228144+00:00
2025-04-19 09:00:00+02:00,47932.0225,52901.0975,2025-12-13 09:34:08.228144+00:00
2025-04-19 10:00:00+02:00,49157.0475,54132.159999999996,2025-12-13 09:34:08.228144+00:00
2025-04-19 11:00:00+02:00,48644.0275,54799.347499999996,2025-12-13 09:34:08.228144+00:00
2025-04-19 12:00:00+02:00,47989.152500000004,54467.7225,2025-12-13 09:34:08.228144+00:00
2025-04-19 13:00:00+02:00,46440.1125,52640.03,2025-12-13 09:34:08.228144+00:00
2025-04-19 14:00:00+02:00,44828.2175,50990.432499999995,2025-12-13 09:34:08.228144+00:00
2025-04-19 15:00:00+02:00,43789.3125,50171.545,2025-12-13 09:34:08.228144+00:00
2025-04-19 16:00:00+02:00,43888.64,50439.4075,2025-12-13 09:34:08.228144+00:00
2025-04-19 17:00:00+02:00,44523.792499999996,51126.6125,2025-12-13 09:34:08.228144+00:00
2025-04-19 18:00:00+02:00,46514.5925,52185.23,2025-12-13 09:34:08.228144+00:00
2025-04-19 19:00:00+02:00,47681.837499999994,52227.84,2025-12-13 09:34:08.228144+00:00
2025-04-19 20:00:00+02:00,47102.75,50844.3725,2025-12-13 09:34:08.228144+00:00
2025-04-19 21:00:00+02:00,46292.4975,48934.475,2025-12-13 09:34:08.228144+00:00
2025-04-19 22:00:00+02:00,44245.325,47103.8925,2025-12-13 09:34:08.228144+00:00
2025-04-19 23:00:00+02:00,41368.3725,44717.7525,2025-12-13 09:34:08.228144+00:00
2025-04-20 00:00:00+02:00,38718.93,40657.975,2025-12-13 09:34:08.228144+00:00
2025-04-20 01:00:00+02:00,36495.9075,39044.58,2025-12-13 09:34:08.228144+00:00
2025-04-20 02:00:00+02:00,35717.354999999996,38202.515,2025-12-13 09:34:08.228144+00:00
2025-04-20 03:00:00+02:00,35641.4125,37815.9775,2025-12-13 09:34:08.228144+00:00
2025-04-20 04:00:00+02:00,35587.67,37521.542499999996,2025-12-13 09:34:08.228144+00:00
2025-04-20 05:00:00+02:00,35831.7025,36872.229999999996,2025-12-13 09:34:08.228144+00:00
2025-04-20 06:00:00+02:00,35836.345,35896.1125,2025-12-13 09:34:08.228144+00:00
2025-04-20 07:00:00+02:00,38107.7425,37112.56,2025-12-13 09:34:08.228144+00:00
2025-04-20 08:00:00+02:00,41891.6275,40683.6425,2025-12-13 09:34:08.228144+00:00
2025-04-20 09:00:00+02:00,43704.005,43930.979999999996,2025-12-13 09:34:08.228144+00:00
2025-04-20 10:00:00+02:00,43894.2,46440.2175,2025-12-13 09:34:08.228144+00:00
2025-04-20 11:00:00+02:00,43709.1725,48250.405,2025-12-13 09:34:08.228144+00:00
2025-04-20 12:00:00+02:00,42249.62,47426.43,2025-12-13 09:34:08.228144+00:00
2025-04-20 13:00:00+02:00,39939.505000000005,45736.0475,2025-12-13 09:34:08.228144+00:00
2025-04-20 14:00:00+02:00,39297.8525,44275.0775,2025-12-13 09:34:08.228144+00:00
2025-04-20 15:00:00+02:00,38577.104999999996,43560.020000000004,2025-12-13 09:34:08.228144+00:00
2025-04-20 16:00:00+02:00,39089.7925,43765.61,2025-12-13 09:34:08.228144+00:00
2025-04-20 17:00:00+02:00,40336.8675,44721.1425,2025-12-13 09:34:08.228144+00:00
2025-04-20 18:00:00+02:00,42898.3625,45282.915,2025-12-13 09:34:08.228144+00:00
2025-04-20 19:00:00+02:00,43915.4575,45701.1,2025-12-13 09:34:08.228144+00:00
2025-04-20 20:00:00+02:00,44137.5225,45500.71,2025-12-13 09:34:08.228144+00:00
2025-04-20 21:00:00+02:00,43444.8125,44649.16,2025-12-13 09:34:08.228144+00:00
2025-04-20 22:00:00+02:00,42134.2225,43653.9425,2025-12-13 09:34:08.228144+00:00
2025-04-20 23:00:00+02:00,39531.1325,41675.495,2025-12-13 09:34:08.228144+00:00
2025-04-21 00:00:00+02:00,37645.104999999996,40352.35,2025-12-13 09:34:08.228144+00:00
2025-04-21 01:00:00+02:00,35519.3375,38934.19,2025-12-13 09:34:08.228144+00:00
2025-04-21 02:00:00+02:00,34494.885,38268.69,2025-12-13 09:34:08.228144+00:00
2025-04-21 03:00:00+02:00,34015.34,38036.935000000005,2025-12-13 09:34:08.228144+00:00
2025-04-21 04:00:00+02:00,34632.6425,38070.605,2025-12-13 09:34:08.228144+00:00
2025-04-21 05:00:00+02:00,35308.6625,38389.520000000004,2025-12-13 09:34:08.228144+00:00
2025-04-21 06:00:00+02:00,35898.542499999996,38940.01,2025-12-13 09:34:08.228144+00:00
2025-04-21 07:00:00+02:00,37669.2325,40908.395000000004,2025-12-13 09:34:08.228144+00:00
2025-04-21 08:00:00+02:00,40623.52,44276.365000000005,2025-12-13 09:34:08.228144+00:00
2025-04-21 09:00:00+02:00,43389.1,46977.2375,2025-12-13 09:34:08.228144+00:00
2025-04-21 10:00:00+02:00,44822.2275,49250.4475,2025-12-13 09:34:08.228144+00:00
2025-04-21 11:00:00+02:00,46271.1975,51036.53,2025-12-13 09:34:08.228144+00:00
2025-04-21 12:00:00+02:00,45809.96,50438.1075,2025-12-13 09:34:08.228144+00:00
2025-04-21 13:00:00+02:00,44224.575,48991.2525,2025-12-13 09:34:08.228144+00:00
2025-04-21 14:00:00+02:00,43294.1825,47441.215,2025-12-13 09:34:08.228144+00:00
2025-04-21 15:00:00+02:00,42857.0875,46597.8325,2025-12-13 09:34:08.228144+00:00
2025-04-21 16:00:00+02:00,42236.8525,46714.33,2025-12-13 09:34:08.228144+00:00
2025-04-21 17:00:00+02:00,43637.0625,47757.8875,2025-12-13 09:34:08.228144+00:00
2025-04-21 18:00:00+02:00,45873.7175,48299.0175,2025-12-13 09:34:08.228144+00:00
2025-04-21 19:00:00+02:00,46304.542499999996,48846.075,2025-12-13 09:34:08.228144+00:00
2025-04-21 20:00:00+02:00,46741.619999999995,48438.655,2025-12-13 09:34:08.228144+00:00
2025-04-21 21:00:00+02:00,45880.76,47252.9775,2025-12-13 09:34:08.228144+00:00
2025-04-21 22:00:00+02:00,44345.34,45687.18,2025-12-13 09:34:08.228144+00:00
2025-04-21 23:00:00+02:00,41634.365,43344.54,2025-12-13 09:34:08.228144+00:00
2025-04-22 00:00:00+02:00,39285.4025,42929.5125,2025-12-13 09:34:08.228144+00:00
2025-04-22 01:00:00+02:00,37921.685,41632.942500000005,2025-12-13 09:34:08.228144+00:00
2025-04-22 02:00:00+02:00,37211.705,41305.3,2025-12-13 09:34:08.228144+00:00
2025-04-22 03:00:00+02:00,37517.525,41532.55,2025-12-13 09:34:08.228144+00:00
2025-04-22 04:00:00+02:00,39267.869999999995,42547.125,2025-12-13 09:34:08.228144+00:00
2025-04-22 05:00:00+02:00,43668.9875,46246.485,2025-12-13 09:34:08.228144+00:00
2025-04-22 06:00:00+02:00,50858.205,52784.285,2025-12-13 09:34:08.228144+00:00
2025-04-22 07:00:00+02:00,56175.9375,58342.8225,2025-12-13 09:34:08.228144+00:00
2025-04-22 08:00:00+02:00,59687.5075,61679.3,2025-12-13 09:34:08.228144+00:00
2025-04-22 09:00:00+02:00,60502.0675,62956.1,2025-12-13 09:34:08.228144+00:00
2025-04-22 10:00:00+02:00,60541.2825,63692.39,2025-12-13 09:34:08.228144+00:00
2025-04-22 11:00:00+02:00,60595.347499999996,64068.9825,2025-12-13 09:34:08.228144+00:00
2025-04-22 12:00:00+02:00,59721.785,63538.5375,2025-12-13 09:34:08.228144+00:00
2025-04-22 13:00:00+02:00,58434.3675,62477.94,2025-12-13 09:34:08.228144+00:00
2025-04-22 14:00:00+02:00,56812.565,61187.305,2025-12-13 09:34:08.228144+00:00
2025-04-22 15:00:00+02:00,55617.3825,60046.945,2025-12-13 09:34:08.228144+00:00
2025-04-22 16:00:00+02:00,54908.354999999996,59002.7025,2025-12-13 09:34:08.228144+00:00
2025-04-22 17:00:00+02:00,54993.82,59123.0075,2025-12-13 09:34:08.228144+00:00
2025-04-22 18:00:00+02:00,56351.59,59350.145000000004,2025-12-13 09:34:08.228144+00:00
2025-04-22 19:00:00+02:00,56313.495,59301.425,2025-12-13 09:34:08.228144+00:00
2025-04-22 20:00:00+02:00,55119.682499999995,57976.057499999995,2025-12-13 09:34:08.228144+00:00
2025-04-22 21:00:00+02:00,53772.509999999995,55378.417499999996,2025-12-13 09:34:08.228144+00:00
2025-04-22 22:00:00+02:00,50230.81,52166.3475,2025-12-13 09:34:08.228144+00:00
2025-04-22 23:00:00+02:00,46522.3625,48403.04,2025-12-13 09:34:08.228144+00:00
2025-04-23 00:00:00+02:00,44341.9275,46236.4325,2025-12-13 09:34:08.228144+00:00
2025-04-23 01:00:00+02:00,43265.87,44637.175,2025-12-13 09:34:08.228144+00:00
2025-04-23 02:00:00+02:00,42574.475000000006,43967.515,2025-12-13 09:34:08.228144+00:00
2025-04-23 03:00:00+02:00,42675.7325,44045.59,2025-12-13 09:34:08.228144+00:00
2025-04-23 04:00:00+02:00,43364.385,45111.675,2025-12-13 09:34:08.228144+00:00
2025-04-23 05:00:00+02:00,46727.6675,48094.04,2025-12-13 09:34:08.228144+00:00
2025-04-23 06:00:00+02:00,52591.585,54124.345,2025-12-13 09:34:08.228144+00:00
2025-04-23 07:00:00+02:00,57483.9225,59485.427500000005,2025-12-13 09:34:08.228144+00:00
2025-04-23 08:00:00+02:00,60630.837499999994,62821.7775,2025-12-13 09:34:08.228144+00:00
2025-04-23 09:00:00+02:00,61674.6825,63905.96,2025-12-13 09:34:08.228144+00:00
2025-04-23 10:00:00+02:00,61454.47,64392.93,2025-12-13 09:34:08.228144+00:00
2025-04-23 11:00:00+02:00,61446.0125,64468.155,2025-12-13 09:34:08.228144+00:00
2025-04-23 12:00:00+02:00,60388.04,63661.925,2025-12-13 09:34:08.228144+00:00
2025-04-23 13:00:00+02:00,59620.2425,62697.8425,2025-12-13 09:34:08.228144+00:00
2025-04-23 14:00:00+02:00,58028.380000000005,61467.674999999996,2025-12-13 09:34:08.228144+00:00
2025-04-23 15:00:00+02:00,57644.21,60380.799999999996,2025-12-13 09:34:08.228144+00:00
2025-04-23 16:00:00+02:00,57093.082500000004,59642.405,2025-12-13 09:34:08.228144+00:00
2025-04-23 17:00:00+02:00,58169.95,59859.5975,2025-12-13 09:34:08.228144+00:00
2025-04-23 18:00:00+02:00,58371.035,60537.979999999996,2025-12-13 09:34:08.228144+00:00
2025-04-23 19:00:00+02:00,58368.14,60271.9725,2025-12-13 09:34:08.228144+00:00
2025-04-23 20:00:00+02:00,57442.99,58692.1275,2025-12-13 09:34:08.228144+00:00
2025-04-23 21:00:00+02:00,55311.2775,56018.855,2025-12-13 09:34:08.228144+00:00
2025-04-23 22:00:00+02:00,51891.675,52661.795,2025-12-13 09:34:08.228144+00:00
2025-04-23 23:00:00+02:00,48057.2225,48867.9025,2025-12-13 09:34:08.228144+00:00
2025-04-24 00:00:00+02:00,45556.23,45118.2475,2025-12-13 09:34:08.228144+00:00
2025-04-24 01:00:00+02:00,43795.9125,43802.54,2025-12-13 09:34:08.228144+00:00
2025-04-24 02:00:00+02:00,42691.115,43308.6575,2025-12-13 09:34:08.228144+00:00
2025-04-24 03:00:00+02:00,42755.9475,43507.8725,2025-12-13 09:34:08.228144+00:00
2025-04-24 04:00:00+02:00,43886.7525,44514.3625,2025-12-13 09:34:08.228144+00:00
2025-04-24 05:00:00+02:00,47436.345,47705.845,2025-12-13 09:34:08.228144+00:00
2025-04-24 06:00:00+02:00,54257.432499999995,53347.9475,2025-12-13 09:34:08.228144+00:00
2025-04-24 07:00:00+02:00,58723.895,58765.62,2025-12-13 09:34:08.228144+00:00
2025-04-24 08:00:00+02:00,61913.365,62153.0225,2025-12-13 09:34:08.228144+00:00
2025-04-24 09:00:00+02:00,63080.18,63720.2975,2025-12-13 09:34:08.228144+00:00
2025-04-24 10:00:00+02:00,64467.1575,64766.5175,2025-12-13 09:34:08.228144+00:00
2025-04-24 11:00:00+02:00,65439.175,65127.1,2025-12-13 09:34:08.228144+00:00
2025-04-24 12:00:00+02:00,64355.3925,64511.725,2025-12-13 09:34:08.228144+00:00
2025-04-24 13:00:00+02:00,63586.427500000005,63469.285,2025-12-13 09:34:08.228144+00:00
2025-04-24 14:00:00+02:00,62689.6475,62099.6875,2025-12-13 09:34:08.228144+00:00
2025-04-24 15:00:00+02:00,60918.5675,60799.62,2025-12-13 09:34:08.228144+00:00
2025-04-24 16:00:00+02:00,60070.42,59603.835,2025-12-13 09:34:08.228144+00:00
2025-04-24 17:00:00+02:00,60515.6175,59391.2975,2025-12-13 09:34:08.228144+00:00
2025-04-24 18:00:00+02:00,61067.2375,59803.16,2025-12-13 09:34:08.228144+00:00
2025-04-24 19:00:00+02:00,60188.6825,59981.057499999995,2025-12-13 09:34:08.228144+00:00
2025-04-24 20:00:00+02:00,58973.4375,58505.4925,2025-12-13 09:34:08.228144+00:00
2025-04-24 21:00:00+02:00,56683.5325,55643.155,2025-12-13 09:34:08.228144+00:00
2025-04-24 22:00:00+02:00,52687.935,52446.58,2025-12-13 09:34:08.228144+00:00
2025-04-24 23:00:00+02:00,48696.947499999995,48988.565,2025-12-13 09:34:08.228144+00:00
2025-04-25 00:00:00+02:00,45570.07,47139.735,2025-12-13 09:34:08.228144+00:00
2025-04-25 01:00:00+02:00,43661.3675,45776.9225,2025-12-13 09:34:08.228144+00:00
2025-04-25 02:00:00+02:00,42864.2125,44922.205,2025-12-13 09:34:08.228144+00:00
2025-04-25 03:00:00+02:00,43087.64,44967.9925,2025-12-13 09:34:08.228144+00:00
2025-04-25 04:00:00+02:00,44490.99,45892.3175,2025-12-13 09:34:08.228144+00:00
2025-04-25 05:00:00+02:00,48150.2725,48731.6875,2025-12-13 09:34:08.228144+00:00
2025-04-25 06:00:00+02:00,54143.7325,54208.5025,2025-12-13 09:34:08.228144+00:00
2025-04-25 07:00:00+02:00,58914.015,59310.0425,2025-12-13 09:34:08.228144+00:00
2025-04-25 08:00:00+02:00,62136.119999999995,62344.02,2025-12-13 09:34:08.228144+00:00
2025-04-25 09:00:00+02:00,63367.5025,63837.19,2025-12-13 09:34:08.228144+00:00
2025-04-25 10:00:00+02:00,64347.045,64799.82,2025-12-13 09:34:08.228144+00:00
2025-04-25 11:00:00+02:00,63969.1625,64757.042499999996,2025-12-13 09:34:08.228144+00:00
2025-04-25 12:00:00+02:00,63677.707500000004,63768.74,2025-12-13 09:34:08.228144+00:00
2025-04-25 13:00:00+02:00,60547.7575,61981.0775,2025-12-13 09:34:08.228144+00:00
2025-04-25 14:00:00+02:00,57833.67,60057.07,2025-12-13 09:34:08.228144+00:00
2025-04-25 15:00:00+02:00,56803.31,59279.725000000006,2025-12-13 09:34:08.228144+00:00
2025-04-25 16:00:00+02:00,56176.2025,58412.5175,2025-12-13 09:34:08.228144+00:00
2025-04-25 17:00:00+02:00,56566.585,59043.0875,2025-12-13 09:34:08.228144+00:00
2025-04-25 18:00:00+02:00,57235.575,59806.9975,2025-12-13 09:34:08.228144+00:00
2025-04-25 19:00:00+02:00,57405.97,59157.2825,2025-12-13 09:34:08.228144+00:00
2025-04-25 20:00:00+02:00,56029.7,57271.2675,2025-12-13 09:34:08.228144+00:00
2025-04-25 21:00:00+02:00,54218.695,54318.2375,2025-12-13 09:34:08.228144+00:00
2025-04-25 22:00:00+02:00,50520.1325,51402.2325,2025-12-13 09:34:08.228144+00:00
2025-04-25 23:00:00+02:00,46885.3975,48013.8625,2025-12-13 09:34:08.228144+00:00
2025-04-26 00:00:00+02:00,44222.04,45498.765,2025-12-13 09:34:08.228144+00:00
2025-04-26 01:00:00+02:00,41611.215,43755.0625,2025-12-13 09:34:08.228144+00:00
2025-04-26 02:00:00+02:00,40226.0,42950.295,2025-12-13 09:34:08.228144+00:00
2025-04-26 03:00:00+02:00,39974.55,42516.315,2025-12-13 09:34:08.228144+00:00
2025-04-26 04:00:00+02:00,40496.5675,42351.307499999995,2025-12-13 09:34:08.228144+00:00
2025-04-26 05:00:00+02:00,41024.5025,42416.9,2025-12-13 09:34:08.228144+00:00
2025-04-26 06:00:00+02:00,42309.5,43442.1425,2025-12-13 09:34:08.228144+00:00
2025-04-26 07:00:00+02:00,44748.7575,45964.68,2025-12-13 09:34:08.228144+00:00
2025-04-26 08:00:00+02:00,48041.552500000005,49304.805,2025-12-13 09:34:08.228144+00:00
2025-04-26 09:00:00+02:00,50482.3725,52198.19,2025-12-13 09:34:08.228144+00:00
2025-04-26 10:00:00+02:00,50489.384999999995,53849.4275,2025-12-13 09:34:08.228144+00:00
2025-04-26 11:00:00+02:00,49356.055,54455.195,2025-12-13 09:34:08.228144+00:00
2025-04-26 12:00:00+02:00,48492.25,53557.49,2025-12-13 09:34:08.228144+00:00
2025-04-26 13:00:00+02:00,47141.16,51854.8475,2025-12-13 09:34:08.228144+00:00
2025-04-26 14:00:00+02:00,45607.3175,50016.835,2025-12-13 09:34:08.228144+00:00
2025-04-26 15:00:00+02:00,44934.6275,48901.7975,2025-12-13 09:34:08.228144+00:00
2025-04-26 16:00:00+02:00,44720.595,48799.2225,2025-12-13 09:34:08.228144+00:00
2025-04-26 17:00:00+02:00,45606.0575,49817.6675,2025-12-13 09:34:08.228144+00:00
2025-04-26 18:00:00+02:00,47429.82,50884.6425,2025-12-13 09:34:08.228144+00:00
2025-04-26 19:00:00+02:00,48261.0775,50924.005000000005,2025-12-13 09:34:08.228144+00:00
2025-04-26 20:00:00+02:00,47792.385,49922.8625,2025-12-13 09:34:08.228144+00:00
2025-04-26 21:00:00+02:00,47190.0,48224.125,2025-12-13 09:34:08.228144+00:00
2025-04-26 22:00:00+02:00,44928.3225,46362.619999999995,2025-12-13 09:34:08.228144+00:00
2025-04-26 23:00:00+02:00,42008.0225,43886.3925,2025-12-13 09:34:08.228144+00:00
2025-04-27 00:00:00+02:00,39307.745,41019.409999999996,2025-12-13 09:34:08.228144+00:00
2025-04-27 01:00:00+02:00,37700.354999999996,39367.7325,2025-12-13 09:34:08.228144+00:00
2025-04-27 02:00:00+02:00,36478.020000000004,38471.675,2025-12-13 09:34:08.228144+00:00
2025-04-27 03:00:00+02:00,36341.6575,38120.2525,2025-12-13 09:34:08.228144+00:00
2025-04-27 04:00:00+02:00,36849.575,38132.475,2025-12-13 09:34:08.228144+00:00
2025-04-27 05:00:00+02:00,37128.135,38225.7375,2025-12-13 09:34:08.228144+00:00
2025-04-27 06:00:00+02:00,37172.6425,38491.585,2025-12-13 09:34:08.228144+00:00
2025-04-27 07:00:00+02:00,39452.4125,40431.2375,2025-12-13 09:34:08.228144+00:00
2025-04-27 08:00:00+02:00,42544.0075,43891.1975,2025-12-13 09:34:08.228144+00:00
2025-04-27 09:00:00+02:00,44961.915,47358.0025,2025-12-13 09:34:08.228144+00:00
2025-04-27 10:00:00+02:00,45539.975,49570.65,2025-12-13 09:34:08.228144+00:00
2025-04-27 11:00:00+02:00,45411.6525,50674.7375,2025-12-13 09:34:08.228144+00:00
2025-04-27 12:00:00+02:00,44286.795,50010.7675,2025-12-13 09:34:08.228144+00:00
2025-04-27 13:00:00+02:00,42642.0225,48233.9125,2025-12-13 09:34:08.228144+00:00
2025-04-27 14:00:00+02:00,41056.7475,46739.854999999996,2025-12-13 09:34:08.228144+00:00
2025-04-27 15:00:00+02:00,40464.1575,45775.67,2025-12-13 09:34:08.228144+00:00
2025-04-27 16:00:00+02:00,40631.3775,45574.3625,2025-12-13 09:34:08.228144+00:00
2025-04-27 17:00:00+02:00,42862.0725,46647.880000000005,2025-12-13 09:34:08.228144+00:00
2025-04-27 18:00:00+02:00,45382.4625,47675.37,2025-12-13 09:34:08.228144+00:00
2025-04-27 19:00:00+02:00,47232.9725,48225.515,2025-12-13 09:34:08.228144+00:00
2025-04-27 20:00:00+02:00,47651.3225,48050.167499999996,2025-12-13 09:34:08.228144+00:00
2025-04-27 21:00:00+02:00,47383.9,47123.49,2025-12-13 09:34:08.228144+00:00
2025-04-27 22:00:00+02:00,45977.5475,45749.947499999995,2025-12-13 09:34:08.228144+00:00
2025-04-27 23:00:00+02:00,43276.9925,43545.56,2025-12-13 09:34:08.228144+00:00
2025-04-28 00:00:00+02:00,41312.265,41936.585,2025-12-13 09:34:08.228144+00:00
2025-04-28 01:00:00+02:00,39973.015,41030.655,2025-12-13 09:34:08.228144+00:00
2025-04-28 02:00:00+02:00,39242.020000000004,40834.229999999996,2025-12-13 09:34:08.228144+00:00
2025-04-28 03:00:00+02:00,39584.572499999995,41157.0625,2025-12-13 09:34:08.228144+00:00
2025-04-28 04:00:00+02:00,41338.275,42540.4675,2025-12-13 09:34:08.228144+00:00
2025-04-28 05:00:00+02:00,45474.68,46937.555,2025-12-13 09:34:08.228144+00:00
2025-04-28 06:00:00+02:00,52810.54,54347.86,2025-12-13 09:34:08.228144+00:00
2025-04-28 07:00:00+02:00,57841.68,59860.18,2025-12-13 09:34:08.228144+00:00
2025-04-28 08:00:00+02:00,60828.865000000005,63593.92,2025-12-13 09:34:08.228144+00:00
2025-04-28 09:00:00+02:00,58961.7825,64791.1125,2025-12-13 09:34:08.228144+00:00
2025-04-28 10:00:00+02:00,58413.1525,65338.8575,2025-12-13 09:34:08.228144+00:00
2025-04-28 11:00:00+02:00,56828.979999999996,65402.9325,2025-12-13 09:34:08.228144+00:00
2025-04-28 12:00:00+02:00,55945.3475,64490.255,2025-12-13 09:34:08.228144+00:00
2025-04-28 13:00:00+02:00,55226.2625,63112.2325,2025-12-13 09:34:08.228144+00:00
2025-04-28 14:00:00+02:00,53828.1025,61432.42,2025-12-13 09:34:08.228144+00:00
2025-04-28 15:00:00+02:00,53137.41,59767.4525,2025-12-13 09:34:08.228144+00:00
2025-04-28 16:00:00+02:00,53161.4725,58989.134999999995,2025-12-13 09:34:08.228144+00:00
2025-04-28 17:00:00+02:00,53982.505,59576.31,2025-12-13 09:34:08.228144+00:00
2025-04-28 18:00:00+02:00,56261.4975,59866.57,2025-12-13 09:34:08.228144+00:00
2025-04-28 19:00:00+02:00,57887.395,59870.555,2025-12-13 09:34:08.228144+00:00
2025-04-28 20:00:00+02:00,57038.425,58611.09,2025-12-13 09:34:08.228144+00:00
2025-04-28 21:00:00+02:00,55118.865,56015.1925,2025-12-13 09:34:08.228144+00:00
2025-04-28 22:00:00+02:00,51967.2075,52406.7225,2025-12-13 09:34:08.228144+00:00
2025-04-28 23:00:00+02:00,48507.4425,48704.9625,2025-12-13 09:34:08.228144+00:00
2025-04-29 00:00:00+02:00,45752.662500000006,45990.3725,2025-12-13 09:34:08.228144+00:00
2025-04-29 01:00:00+02:00,44143.64,44495.94,2025-12-13 09:34:08.228144+00:00
2025-04-29 02:00:00+02:00,42711.545,44126.9875,2025-12-13 09:34:08.228144+00:00
2025-04-29 03:00:00+02:00,42548.0575,44482.3975,2025-12-13 09:34:08.228144+00:00
2025-04-29 04:00:00+02:00,44241.4975,45795.2875,2025-12-13 09:34:08.228144+00:00
2025-04-29 05:00:00+02:00,48871.7175,49097.9625,2025-12-13 09:34:08.228144+00:00
2025-04-29 06:00:00+02:00,55805.277500000004,54874.835,2025-12-13 09:34:08.228144+00:00
2025-04-29 07:00:00+02:00,60691.7125,60424.345,2025-12-13 09:34:08.228144+00:00
2025-04-29 08:00:00+02:00,62693.03,63523.7325,2025-12-13 09:34:08.228144+00:00
2025-04-29 09:00:00+02:00,61159.682499999995,64477.065,2025-12-13 09:34:08.228144+00:00
2025-04-29 10:00:00+02:00,58462.1825,64956.835,2025-12-13 09:34:08.228144+00:00
2025-04-29 11:00:00+02:00,57625.4525,65599.1075,2025-12-13 09:34:08.228144+00:00
2025-04-29 12:00:00+02:00,56686.29,65015.2525,2025-12-13 09:34:08.228144+00:00
2025-04-29 13:00:00+02:00,56000.3925,63616.735,2025-12-13 09:34:08.228144+00:00
2025-04-29 14:00:00+02:00,54533.2075,62124.45,2025-12-13 09:34:08.228144+00:00
2025-04-29 15:00:00+02:00,53729.35,61029.885,2025-12-13 09:34:08.228144+00:00
2025-04-29 16:00:00+02:00,52753.3275,60063.662500000006,2025-12-13 09:34:08.228144+00:00
2025-04-29 17:00:00+02:00,54810.822499999995,60091.9725,2025-12-13 09:34:08.228144+00:00
2025-04-29 18:00:00+02:00,56484.01,60051.8525,2025-12-13 09:34:08.228144+00:00
2025-04-29 19:00:00+02:00,57641.39,59818.275,2025-12-13 09:34:08.228144+00:00
2025-04-29 20:00:00+02:00,56428.2325,58731.524999999994,2025-12-13 09:34:08.228144+00:00
2025-04-29 21:00:00+02:00,54812.415,56381.3425,2025-12-13 09:34:08.228144+00:00
2025-04-29 22:00:00+02:00,50856.4,53198.93,2025-12-13 09:34:08.228144+00:00
2025-04-29 23:00:00+02:00,47321.455,49666.3825,2025-12-13 09:34:08.228144+00:00
2025-04-30 00:00:00+02:00,43903.9125,46135.7375,2025-12-13 09:34:08.228144+00:00
2025-04-30 01:00:00+02:00,42106.197499999995,45120.7875,2025-12-13 09:34:08.228144+00:00
2025-04-30 02:00:00+02:00,40918.2775,44591.455,2025-12-13 09:34:08.228144+00:00
2025-04-30 03:00:00+02:00,41318.65,44690.9525,2025-12-13 09:34:08.228144+00:00
2025-04-30 04:00:00+02:00,42877.317500000005,46015.2475,2025-12-13 09:34:08.228144+00:00
2025-04-30 05:00:00+02:00,46855.71,49296.16499999999,2025-12-13 09:34:08.228144+00:00
2025-04-30 06:00:00+02:00,53597.015,54711.8925,2025-12-13 09:34:08.228144+00:00
2025-04-30 07:00:00+02:00,58256.295,60116.4025,2025-12-13 09:34:08.228144+00:00
2025-04-30 08:00:00+02:00,60368.375,63496.545,2025-12-13 09:34:08.228144+00:00
2025-04-30 09:00:00+02:00,59604.06,64654.192500000005,2025-12-13 09:34:08.228144+00:00
2025-04-30 10:00:00+02:00,58293.9325,64898.69,2025-12-13 09:34:08.228144+00:00
2025-04-30 11:00:00+02:00,56977.6875,64902.5925,2025-12-13 09:34:08.228144+00:00
2025-04-30 12:00:00+02:00,55843.0275,64222.85,2025-12-13 09:34:08.228144+00:00
2025-04-30 13:00:00+02:00,55467.5075,62734.8375,2025-12-13 09:34:08.228144+00:00
2025-04-30 14:00:00+02:00,54478.55,60864.8975,2025-12-13 09:34:08.228144+00:00
2025-04-30 15:00:00+02:00,53425.8775,59174.2025,2025-12-13 09:34:08.228144+00:00
2025-04-30 16:00:00+02:00,53251.1025,58435.135,2025-12-13 09:34:08.228144+00:00
2025-04-30 17:00:00+02:00,53794.2475,58975.22,2025-12-13 09:34:08.228144+00:00
2025-04-30 18:00:00+02:00,54911.1625,59414.515,2025-12-13 09:34:08.228144+00:00
2025-04-30 19:00:00+02:00,55967.542499999996,59393.535,2025-12-13 09:34:08.228144+00:00
2025-04-30 20:00:00+02:00,54761.74,57508.435,2025-12-13 09:34:08.228144+00:00
2025-04-30 21:00:00+02:00,52963.5875,55027.4125,2025-12-13 09:34:08.228144+00:00
2025-04-30 22:00:00+02:00,49310.7675,51405.4325,2025-12-13 09:34:08.228144+00:00
2025-04-30 23:00:00+02:00,45119.8825,48028.1325,2025-12-13 09:34:08.228144+00:00
2025-05-01 00:00:00+02:00,41633.7625,43112.11,2025-12-13 09:34:08.228144+00:00
2025-05-01 01:00:00+02:00,39763.11,41821.917499999996,2025-12-13 09:34:08.228144+00:00
2025-05-01 02:00:00+02:00,38419.222499999996,40633.715,2025-12-13 09:34:08.228144+00:00
2025-05-01 03:00:00+02:00,37602.07,40088.94,2025-12-13 09:34:08.228144+00:00
2025-05-01 04:00:00+02:00,37334.29,39893.825,2025-12-13 09:34:08.228144+00:00
2025-05-01 05:00:00+02:00,36929.2675,39614.685,2025-12-13 09:34:08.228144+00:00
2025-05-01 06:00:00+02:00,37000.3525,39258.1225,2025-12-13 09:34:08.228144+00:00
2025-05-01 07:00:00+02:00,38910.6425,41693.35249999999,2025-12-13 09:34:08.228144+00:00
2025-05-01 08:00:00+02:00,42361.0325,44869.29,2025-12-13 09:34:08.228144+00:00
2025-05-01 09:00:00+02:00,44641.2225,47567.7275,2025-12-13 09:34:08.228144+00:00
2025-05-01 10:00:00+02:00,44671.1525,49513.6025,2025-12-13 09:34:08.228144+00:00
2025-05-01 11:00:00+02:00,44269.405,50907.7825,2025-12-13 09:34:08.228144+00:00
2025-05-01 12:00:00+02:00,42841.05,50277.740000000005,2025-12-13 09:34:08.228144+00:00
2025-05-01 13:00:00+02:00,41544.1,48335.8225,2025-12-13 09:34:08.228144+00:00
2025-05-01 14:00:00+02:00,39815.770000000004,46701.015,2025-12-13 09:34:08.228144+00:00
2025-05-01 15:00:00+02:00,39210.905,45793.755000000005,2025-12-13 09:34:08.228144+00:00
2025-05-01 16:00:00+02:00,39501.255,45575.957500000004,2025-12-13 09:34:08.228144+00:00
2025-05-01 17:00:00+02:00,41301.167499999996,46267.6775,2025-12-13 09:34:08.228144+00:00
2025-05-01 18:00:00+02:00,43551.7275,47284.555,2025-12-13 09:34:08.228144+00:00
2025-05-01 19:00:00+02:00,45308.0675,48192.4125,2025-12-13 09:34:08.228144+00:00
2025-05-01 20:00:00+02:00,45461.6625,48108.667499999996,2025-12-13 09:34:08.228144+00:00
2025-05-01 21:00:00+02:00,45806.1825,47388.1225,2025-12-13 09:34:08.228144+00:00
2025-05-01 22:00:00+02:00,44160.442500000005,45788.5025,2025-12-13 09:34:08.228144+00:00
2025-05-01 23:00:00+02:00,41581.065,43301.0325,2025-12-13 09:34:08.228144+00:00
2025-05-02 00:00:00+02:00,39564.0225,42468.205,2025-12-13 09:34:08.228144+00:00
2025-05-02 01:00:00+02:00,37899.7725,41502.6175,2025-12-13 09:34:08.228144+00:00
2025-05-02 02:00:00+02:00,37488.6125,41003.26,2025-12-13 09:34:08.228144+00:00
2025-05-02 03:00:00+02:00,37292.04,41215.025,2025-12-13 09:34:08.228144+00:00
2025-05-02 04:00:00+02:00,38350.37,42068.59,2025-12-13 09:34:08.228144+00:00
2025-05-02 05:00:00+02:00,41143.7775,45050.745,2025-12-13 09:34:08.228144+00:00
2025-05-02 06:00:00+02:00,46133.925,50054.9925,2025-12-13 09:34:08.228144+00:00
2025-05-02 07:00:00+02:00,49967.35,55013.04,2025-12-13 09:34:08.228144+00:00
2025-05-02 08:00:00+02:00,52701.1,57872.5075,2025-12-13 09:34:08.228144+00:00
2025-05-02 09:00:00+02:00,52067.6275,59034.335,2025-12-13 09:34:08.228144+00:00
2025-05-02 10:00:00+02:00,51832.5175,59615.649999999994,2025-12-13 09:34:08.228144+00:00
2025-05-02 11:00:00+02:00,51895.5375,59642.9875,2025-12-13 09:34:08.228144+00:00
2025-05-02 12:00:00+02:00,52405.2325,59453.1475,2025-12-13 09:34:08.228144+00:00
2025-05-02 13:00:00+02:00,50874.9975,58670.0975,2025-12-13 09:34:08.228144+00:00
2025-05-02 14:00:00+02:00,49287.715,57509.87,2025-12-13 09:34:08.228144+00:00
2025-05-02 15:00:00+02:00,49171.1175,56628.76,2025-12-13 09:34:08.228144+00:00
2025-05-02 16:00:00+02:00,49222.9975,55766.595,2025-12-13 09:34:08.228144+00:00
2025-05-02 17:00:00+02:00,50668.6425,56027.197499999995,2025-12-13 09:34:08.228144+00:00
2025-05-02 18:00:00+02:00,51553.51,56789.7825,2025-12-13 09:34:08.228144+00:00
2025-05-02 19:00:00+02:00,51838.18,56633.12,2025-12-13 09:34:08.228144+00:00
2025-05-02 20:00:00+02:00,50240.515,55200.315,2025-12-13 09:34:08.228144+00:00
2025-05-02 21:00:00+02:00,48998.95,52962.354999999996,2025-12-13 09:34:08.228144+00:00
2025-05-02 22:00:00+02:00,46539.947499999995,50186.735,2025-12-13 09:34:08.228144+00:00
2025-05-02 23:00:00+02:00,43262.2025,46808.104999999996,2025-12-13 09:34:08.228144+00:00
2025-05-03 00:00:00+02:00,41423.47,44379.71,2025-12-13 09:34:08.228144+00:00
2025-05-03 01:00:00+02:00,39426.85,42217.4275,2025-12-13 09:34:08.228144+00:00
2025-05-03 02:00:00+02:00,37945.99,41113.4875,2025-12-13 09:34:08.228144+00:00
2025-05-03 03:00:00+02:00,37342.7825,40601.805,2025-12-13 09:34:08.228144+00:00
2025-05-03 04:00:00+02:00,37010.6925,40596.16,2025-12-13 09:34:08.228144+00:00
2025-05-03 05:00:00+02:00,38167.2425,40748.87,2025-12-13 09:34:08.228144+00:00
2025-05-03 06:00:00+02:00,39690.3875,41407.3975,2025-12-13 09:34:08.228144+00:00
2025-05-03 07:00:00+02:00,41670.2025,44200.96,2025-12-13 09:34:08.228144+00:00
2025-05-03 08:00:00+02:00,45329.24,47822.8875,2025-12-13 09:34:08.228144+00:00
2025-05-03 09:00:00+02:00,48794.43,50723.96,2025-12-13 09:34:08.228144+00:00
2025-05-03 10:00:00+02:00,50304.025,52398.4925,2025-12-13 09:34:08.228144+00:00
2025-05-03 11:00:00+02:00,50555.36,53437.1375,2025-12-13 09:34:08.228144+00:00
2025-05-03 12:00:00+02:00,49588.1625,53019.685,2025-12-13 09:34:08.228144+00:00
2025-05-03 13:00:00+02:00,47634.425,51588.095,2025-12-13 09:34:08.228144+00:00
2025-05-03 14:00:00+02:00,46029.85,50164.917499999996,2025-12-13 09:34:08.228144+00:00
2025-05-03 15:00:00+02:00,45105.55,49115.847499999996,2025-12-13 09:34:08.228144+00:00
2025-05-03 16:00:00+02:00,45359.354999999996,49129.56,2025-12-13 09:34:08.228144+00:00
2025-05-03 17:00:00+02:00,46296.2225,49944.91,2025-12-13 09:34:08.228144+00:00
2025-05-03 18:00:00+02:00,47780.130000000005,51182.1625,2025-12-13 09:34:08.228144+00:00
2025-05-03 19:00:00+02:00,48044.265,50691.582500000004,2025-12-13 09:34:08.228144+00:00
2025-05-03 20:00:00+02:00,46680.2275,49309.775,2025-12-13 09:34:08.228144+00:00
2025-05-03 21:00:00+02:00,45611.14,47635.73,2025-12-13 09:34:08.228144+00:00
2025-05-03 22:00:00+02:00,43445.034999999996,45798.75,2025-12-13 09:34:08.228144+00:00
2025-05-03 23:00:00+02:00,41291.1025,43553.1025,2025-12-13 09:34:08.228144+00:00
2025-05-04 00:00:00+02:00,39324.03,40932.6475,2025-12-13 09:34:08.228144+00:00
2025-05-04 01:00:00+02:00,37649.4525,39449.7275,2025-12-13 09:34:08.228144+00:00
2025-05-04 02:00:00+02:00,37063.0175,38490.505000000005,2025-12-13 09:34:08.228144+00:00
2025-05-04 03:00:00+02:00,36541.1475,38106.380000000005,2025-12-13 09:34:08.228144+00:00
2025-05-04 04:00:00+02:00,37169.72,38029.02,2025-12-13 09:34:08.228144+00:00
2025-05-04 05:00:00+02:00,37421.12,38035.5,2025-12-13 09:34:08.228144+00:00
2025-05-04 06:00:00+02:00,37293.315,38226.2025,2025-12-13 09:34:08.228144+00:00
2025-05-04 07:00:00+02:00,39404.5325,40154.8575,2025-12-13 09:34:08.228144+00:00
2025-05-04 08:00:00+02:00,43237.7,43232.7725,2025-12-13 09:34:08.228144+00:00
2025-05-04 09:00:00+02:00,46273.8475,46029.42,2025-12-13 09:34:08.228144+00:00
2025-05-04 10:00:00+02:00,48950.9975,48020.0575,2025-12-13 09:34:08.228144+00:00
2025-05-04 11:00:00+02:00,50287.2275,49346.0625,2025-12-13 09:34:08.228144+00:00
2025-05-04 12:00:00+02:00,49769.0025,48795.7125,2025-12-13 09:34:08.228144+00:00
2025-05-04 13:00:00+02:00,47910.305,47060.68,2025-12-13 09:34:08.228144+00:00
2025-05-04 14:00:00+02:00,45881.875,45491.615,2025-12-13 09:34:08.228144+00:00
2025-05-04 15:00:00+02:00,44842.2275,44674.055,2025-12-13 09:34:08.228144+00:00
2025-05-04 16:00:00+02:00,44706.6875,44669.65,2025-12-13 09:34:08.228144+00:00
2025-05-04 17:00:00+02:00,46134.832500000004,45855.0875,2025-12-13 09:34:08.228144+00:00
2025-05-04 18:00:00+02:00,46930.3725,47304.94,2025-12-13 09:34:08.228144+00:00
2025-05-04 19:00:00+02:00,47402.0425,47960.895000000004,2025-12-13 09:34:08.228144+00:00
2025-05-04 20:00:00+02:00,46824.8175,47501.085,2025-12-13 09:34:08.228144+00:00
2025-05-04 21:00:00+02:00,46184.5,46608.9075,2025-12-13 09:34:08.228144+00:00
2025-05-04 22:00:00+02:00,44840.9375,45362.009999999995,2025-12-13 09:34:08.228144+00:00
2025-05-04 23:00:00+02:00,41726.4225,43224.6075,2025-12-13 09:34:08.228144+00:00
2025-05-05 00:00:00+02:00,39330.200000000004,41379.8925,2025-12-13 09:34:08.228144+00:00
2025-05-05 01:00:00+02:00,38437.130000000005,40304.3425,2025-12-13 09:34:08.228144+00:00
2025-05-05 02:00:00+02:00,38239.2275,39847.735,2025-12-13 09:34:08.228144+00:00
2025-05-05 03:00:00+02:00,38594.375,40131.8775,2025-12-13 09:34:08.228144+00:00
2025-05-05 04:00:00+02:00,40039.4975,41391.119999999995,2025-12-13 09:34:08.228144+00:00
2025-05-05 05:00:00+02:00,44149.9975,45140.0125,2025-12-13 09:34:08.228144+00:00
2025-05-05 06:00:00+02:00,52037.405,51434.8525,2025-12-13 09:34:08.228144+00:00
2025-05-05 07:00:00+02:00,56887.97,56157.552500000005,2025-12-13 09:34:08.228144+00:00
2025-05-05 08:00:00+02:00,60298.587499999994,60104.33,2025-12-13 09:34:08.228144+00:00
2025-05-05 09:00:00+02:00,60382.7125,61795.4625,2025-12-13 09:34:08.228144+00:00
2025-05-05 10:00:00+02:00,60582.985,62553.6575,2025-12-13 09:34:08.228144+00:00
2025-05-05 11:00:00+02:00,60655.0125,62513.515,2025-12-13 09:34:08.228144+00:00
2025-05-05 12:00:00+02:00,60544.98,62185.83,2025-12-13 09:34:08.228144+00:00
2025-05-05 13:00:00+02:00,59894.5025,61118.5525,2025-12-13 09:34:08.228144+00:00
2025-05-05 14:00:00+02:00,58129.9625,59394.155,2025-12-13 09:34:08.228144+00:00
2025-05-05 15:00:00+02:00,57039.4225,57729.15,2025-12-13 09:34:08.228144+00:00
2025-05-05 16:00:00+02:00,56793.1675,56530.7125,2025-12-13 09:34:08.228144+00:00
2025-05-05 17:00:00+02:00,57504.98,56180.572499999995,2025-12-13 09:34:08.228144+00:00
2025-05-05 18:00:00+02:00,58736.0775,57444.7175,2025-12-13 09:34:08.228144+00:00
2025-05-05 19:00:00+02:00,58569.7525,58140.51,2025-12-13 09:34:08.228144+00:00
2025-05-05 20:00:00+02:00,56960.965000000004,57073.8975,2025-12-13 09:34:08.228144+00:00
2025-05-05 21:00:00+02:00,55222.9925,54724.2125,2025-12-13 09:34:08.228144+00:00
2025-05-05 22:00:00+02:00,51606.947499999995,51414.244999999995,2025-12-13 09:34:08.228144+00:00
2025-05-05 23:00:00+02:00,47826.69,48076.1125,2025-12-13 09:34:08.228144+00:00
2025-05-06 00:00:00+02:00,44737.045,45471.8375,2025-12-13 09:34:08.228144+00:00
2025-05-06 01:00:00+02:00,43257.729999999996,44156.572499999995,2025-12-13 09:34:08.228144+00:00
2025-05-06 02:00:00+02:00,42678.7575,43374.9275,2025-12-13 09:34:08.228144+00:00
2025-05-06 03:00:00+02:00,42767.025,43654.87,2025-12-13 09:34:08.228144+00:00
2025-05-06 04:00:00+02:00,44149.085,44844.472499999996,2025-12-13 09:34:08.228144+00:00
2025-05-06 05:00:00+02:00,48127.5325,47946.9925,2025-12-13 09:34:08.228144+00:00
2025-05-06 06:00:00+02:00,54766.2975,53037.925,2025-12-13 09:34:08.228144+00:00
2025-05-06 07:00:00+02:00,59752.05,57884.01,2025-12-13 09:34:08.228144+00:00
2025-05-06 08:00:00+02:00,61625.5125,60705.1825,2025-12-13 09:34:08.228144+00:00
2025-05-06 09:00:00+02:00,61418.8575,62057.875,2025-12-13 09:34:08.228144+00:00
2025-05-06 10:00:00+02:00,61362.3825,62621.67,2025-12-13 09:34:08.228144+00:00
2025-05-06 11:00:00+02:00,61247.01,63092.4525,2025-12-13 09:34:08.228144+00:00
2025-05-06 12:00:00+02:00,59725.905,62586.8675,2025-12-13 09:34:08.228144+00:00
2025-05-06 13:00:00+02:00,57753.795,61204.945,2025-12-13 09:34:08.228144+00:00
2025-05-06 14:00:00+02:00,56124.0625,59982.192500000005,2025-12-13 09:34:08.228144+00:00
2025-05-06 15:00:00+02:00,55739.47,59536.5975,2025-12-13 09:34:08.228144+00:00
2025-05-06 16:00:00+02:00,55030.240000000005,58804.9675,2025-12-13 09:34:08.228144+00:00
2025-05-06 17:00:00+02:00,55872.125,58890.5225,2025-12-13 09:34:08.228144+00:00
2025-05-06 18:00:00+02:00,56712.0125,58983.7525,2025-12-13 09:34:08.228144+00:00
2025-05-06 19:00:00+02:00,56791.095,58342.8475,2025-12-13 09:34:08.228144+00:00
2025-05-06 20:00:00+02:00,55577.560000000005,56874.965,2025-12-13 09:34:08.228144+00:00
2025-05-06 21:00:00+02:00,54590.4375,54615.82,2025-12-13 09:34:08.228144+00:00
2025-05-06 22:00:00+02:00,50897.917499999996,51684.7625,2025-12-13 09:34:08.228144+00:00
2025-05-06 23:00:00+02:00,47182.3,48325.695,2025-12-13 09:34:08.228144+00:00
2025-05-07 00:00:00+02:00,44302.067500000005,46086.7075,2025-12-13 09:34:08.228144+00:00
2025-05-07 01:00:00+02:00,42846.417499999996,44492.277500000004,2025-12-13 09:34:08.228144+00:00
2025-05-07 02:00:00+02:00,42367.31,43848.15,2025-12-13 09:34:08.228144+00:00
2025-05-07 03:00:00+02:00,42392.7825,44041.1375,2025-12-13 09:34:08.228144+00:00
2025-05-07 04:00:00+02:00,43406.3425,45322.6075,2025-12-13 09:34:08.228144+00:00
2025-05-07 05:00:00+02:00,47176.47,48216.88,2025-12-13 09:34:08.228144+00:00
2025-05-07 06:00:00+02:00,53738.485,53322.7175,2025-12-13 09:34:08.228144+00:00
2025-05-07 07:00:00+02:00,58377.7075,57726.1225,2025-12-13 09:34:08.228144+00:00
2025-05-07 08:00:00+02:00,61021.45,60816.16,2025-12-13 09:34:08.228144+00:00
2025-05-07 09:00:00+02:00,61802.667499999996,61796.994999999995,2025-12-13 09:34:08.228144+00:00
2025-05-07 10:00:00+02:00,60554.05,62369.8375,2025-12-13 09:34:08.228144+00:00
2025-05-07 11:00:00+02:00,60527.9,62311.5975,2025-12-13 09:34:08.228144+00:00
2025-05-07 12:00:00+02:00,59316.16,61607.03,2025-12-13 09:34:08.228144+00:00
2025-05-07 13:00:00+02:00,58439.5675,60872.05,2025-12-13 09:34:08.228144+00:00
2025-05-07 14:00:00+02:00,57367.1825,59575.6175,2025-12-13 09:34:08.228144+00:00
2025-05-07 15:00:00+02:00,56686.505,58407.412500000006,2025-12-13 09:34:08.228144+00:00
2025-05-07 16:00:00+02:00,56140.7675,57936.924999999996,2025-12-13 09:34:08.228144+00:00
2025-05-07 17:00:00+02:00,57113.332500000004,58183.935,2025-12-13 09:34:08.228144+00:00
2025-05-07 18:00:00+02:00,58213.0525,59060.3725,2025-12-13 09:34:08.228144+00:00
2025-05-07 19:00:00+02:00,58196.8925,58910.8575,2025-12-13 09:34:08.228144+00:00
2025-05-07 20:00:00+02:00,56469.3475,57394.455,2025-12-13 09:34:08.228144+00:00
2025-05-07 21:00:00+02:00,55209.795,54971.29,2025-12-13 09:34:08.228144+00:00
2025-05-07 22:00:00+02:00,51224.417499999996,51656.2175,2025-12-13 09:34:08.228144+00:00
2025-05-07 23:00:00+02:00,47511.895000000004,48459.2,2025-12-13 09:34:08.228144+00:00
2025-05-08 00:00:00+02:00,44539.5675,46806.1625,2025-12-13 09:34:08.228144+00:00
2025-05-08 01:00:00+02:00,42846.2025,45636.61,2025-12-13 09:34:08.228144+00:00
2025-05-08 02:00:00+02:00,42013.6425,44949.582500000004,2025-12-13 09:34:08.228144+00:00
2025-05-08 03:00:00+02:00,42145.815,44854.99,2025-12-13 09:34:08.228144+00:00
2025-05-08 04:00:00+02:00,43111.625,45815.64,2025-12-13 09:34:08.228144+00:00
2025-05-08 05:00:00+02:00,46507.7575,48893.5975,2025-12-13 09:34:08.228144+00:00
2025-05-08 06:00:00+02:00,53153.0775,54083.2725,2025-12-13 09:34:08.228144+00:00
2025-05-08 07:00:00+02:00,57853.5775,58707.65,2025-12-13 09:34:08.228144+00:00
2025-05-08 08:00:00+02:00,60752.145,61886.9975,2025-12-13 09:34:08.228144+00:00
2025-05-08 09:00:00+02:00,61223.075,63638.432499999995,2025-12-13 09:34:08.228144+00:00
2025-05-08 10:00:00+02:00,59938.9,64742.27,2025-12-13 09:34:08.228144+00:00
2025-05-08 11:00:00+02:00,58857.3975,65558.9625,2025-12-13 09:34:08.228144+00:00
2025-05-08 12:00:00+02:00,57680.565,64713.7275,2025-12-13 09:34:08.228144+00:00
2025-05-08 13:00:00+02:00,56838.615,63560.465,2025-12-13 09:34:08.228144+00:00
2025-05-08 14:00:00+02:00,56295.88,61876.2375,2025-12-13 09:34:08.228144+00:00
2025-05-08 15:00:00+02:00,55701.925,60662.56,2025-12-13 09:34:08.228144+00:00
2025-05-08 16:00:00+02:00,55971.9625,59946.57,2025-12-13 09:34:08.228144+00:00
2025-05-08 17:00:00+02:00,56657.0525,60236.3475,2025-12-13 09:34:08.228144+00:00
2025-05-08 18:00:00+02:00,57625.625,60243.19,2025-12-13 09:34:08.228144+00:00
2025-05-08 19:00:00+02:00,57267.5675,59683.7825,2025-12-13 09:34:08.228144+00:00
2025-05-08 20:00:00+02:00,56398.5925,58273.634999999995,2025-12-13 09:34:08.228144+00:00
2025-05-08 21:00:00+02:00,54614.832500000004,56046.0525,2025-12-13 09:34:08.228144+00:00
2025-05-08 22:00:00+02:00,50929.475,52732.6625,2025-12-13 09:34:08.228144+00:00
2025-05-08 23:00:00+02:00,47233.6425,49420.1125,2025-12-13 09:34:08.228144+00:00
2025-05-09 00:00:00+02:00,44448.41,46439.565,2025-12-13 09:34:08.228144+00:00
2025-05-09 01:00:00+02:00,42688.0725,44967.555,2025-12-13 09:34:08.228144+00:00
2025-05-09 02:00:00+02:00,42070.005,44350.3575,2025-12-13 09:34:08.228144+00:00
2025-05-09 03:00:00+02:00,42468.66,44493.505000000005,2025-12-13 09:34:08.228144+00:00
2025-05-09 04:00:00+02:00,43748.355,45493.067500000005,2025-12-13 09:34:08.228144+00:00
2025-05-09 05:00:00+02:00,47378.3325,48370.405,2025-12-13 09:34:08.228144+00:00
2025-05-09 06:00:00+02:00,53742.91,53880.065,2025-12-13 09:34:08.228144+00:00
2025-05-09 07:00:00+02:00,58073.165,58646.3875,2025-12-13 09:34:08.228144+00:00
2025-05-09 08:00:00+02:00,60770.765,61712.175,2025-12-13 09:34:08.228144+00:00
2025-05-09 09:00:00+02:00,59767.82,62917.9,2025-12-13 09:34:08.228144+00:00
2025-05-09 10:00:00+02:00,58204.76,63881.785,2025-12-13 09:34:08.228144+00:00
2025-05-09 11:00:00+02:00,57492.015,64121.5775,2025-12-13 09:34:08.228144+00:00
2025-05-09 12:00:00+02:00,56838.1925,63193.2125,2025-12-13 09:34:08.228144+00:00
2025-05-09 13:00:00+02:00,55577.835,61227.92,2025-12-13 09:34:08.228144+00:00
2025-05-09 14:00:00+02:00,54033.2725,59282.7475,2025-12-13 09:34:08.228144+00:00
2025-05-09 15:00:00+02:00,53666.785,58258.025,2025-12-13 09:34:08.228144+00:00
2025-05-09 16:00:00+02:00,53264.417499999996,57881.5025,2025-12-13 09:34:08.228144+00:00
2025-05-09 17:00:00+02:00,53342.322499999995,57882.51,2025-12-13 09:34:08.228144+00:00
2025-05-09 18:00:00+02:00,53955.5,58152.7375,2025-12-13 09:34:08.228144+00:00
2025-05-09 19:00:00+02:00,54557.1125,57617.6025,2025-12-13 09:34:08.228144+00:00
2025-05-09 20:00:00+02:00,53785.06,55682.085,2025-12-13 09:34:08.228144+00:00
2025-05-09 21:00:00+02:00,52115.265,53195.6175,2025-12-13 09:34:08.228144+00:00
2025-05-09 22:00:00+02:00,49485.0875,50225.035,2025-12-13 09:34:08.228144+00:00
2025-05-09 23:00:00+02:00,45966.165,46933.945,2025-12-13 09:34:08.228144+00:00
2025-05-10 00:00:00+02:00,42548.3975,44043.0075,2025-12-13 09:34:08.228144+00:00
2025-05-10 01:00:00+02:00,40699.5325,42482.325,2025-12-13 09:34:08.228144+00:00
2025-05-10 02:00:00+02:00,39426.41,41685.8375,2025-12-13 09:34:08.228144+00:00
2025-05-10 03:00:00+02:00,39028.98,41020.025,2025-12-13 09:34:08.228144+00:00
2025-05-10 04:00:00+02:00,39399.9975,40684.81,2025-12-13 09:34:08.228144+00:00
2025-05-10 05:00:00+02:00,39787.72,40886.6225,2025-12-13 09:34:08.228144+00:00
2025-05-10 06:00:00+02:00,41366.255,42104.1025,2025-12-13 09:34:08.228144+00:00
2025-05-10 07:00:00+02:00,43656.7425,44907.235,2025-12-13 09:34:08.228144+00:00
2025-05-10 08:00:00+02:00,47266.095,48468.55,2025-12-13 09:34:08.228144+00:00
2025-05-10 09:00:00+02:00,48410.582500000004,51378.7175,2025-12-13 09:34:08.228144+00:00
2025-05-10 10:00:00+02:00,48173.807499999995,52860.490000000005,2025-12-13 09:34:08.228144+00:00
2025-05-10 11:00:00+02:00,47934.5325,53511.3075,2025-12-13 09:34:08.228144+00:00
2025-05-10 12:00:00+02:00,47054.0175,52753.085,2025-12-13 09:34:08.228144+00:00
2025-05-10 13:00:00+02:00,45271.145000000004,50754.015,2025-12-13 09:34:08.228144+00:00
2025-05-10 14:00:00+02:00,43627.235,49320.755,2025-12-13 09:34:08.228144+00:00
2025-05-10 15:00:00+02:00,42909.8675,48406.0875,2025-12-13 09:34:08.228144+00:00
2025-05-10 16:00:00+02:00,43122.135,48229.415,2025-12-13 09:34:08.228144+00:00
2025-05-10 17:00:00+02:00,44337.8,48719.2225,2025-12-13 09:34:08.228144+00:00
2025-05-10 18:00:00+02:00,45902.46,49660.4375,2025-12-13 09:34:08.228144+00:00
2025-05-10 19:00:00+02:00,47099.0075,49770.465,2025-12-13 09:34:08.228144+00:00
2025-05-10 20:00:00+02:00,46632.1475,48910.095,2025-12-13 09:34:08.228144+00:00
2025-05-10 21:00:00+02:00,45706.3,47325.74,2025-12-13 09:34:08.228144+00:00
2025-05-10 22:00:00+02:00,43888.99,45519.115,2025-12-13 09:34:08.228144+00:00
2025-05-10 23:00:00+02:00,41146.6475,43045.9825,2025-12-13 09:34:08.228144+00:00
2025-05-11 00:00:00+02:00,38442.457500000004,40735.5375,2025-12-13 09:34:08.228144+00:00
2025-05-11 01:00:00+02:00,36634.0675,39083.347499999996,2025-12-13 09:34:08.228144+00:00
2025-05-11 02:00:00+02:00,35169.885,38191.75,2025-12-13 09:34:08.228144+00:00
2025-05-11 03:00:00+02:00,34652.365,37845.6875,2025-12-13 09:34:08.228144+00:00
2025-05-11 04:00:00+02:00,34738.555,37895.3675,2025-12-13 09:34:08.228144+00:00
2025-05-11 05:00:00+02:00,35012.5,38273.0625,2025-12-13 09:34:08.228144+00:00
2025-05-11 06:00:00+02:00,35833.1375,38864.18,2025-12-13 09:34:08.228144+00:00
2025-05-11 07:00:00+02:00,38046.43,40833.44,2025-12-13 09:34:08.228144+00:00
2025-05-11 08:00:00+02:00,41951.942500000005,44139.235,2025-12-13 09:34:08.228144+00:00
2025-05-11 09:00:00+02:00,43464.795,47393.442500000005,2025-12-13 09:34:08.228144+00:00
2025-05-11 10:00:00+02:00,43615.744999999995,49584.947499999995,2025-12-13 09:34:08.228144+00:00
2025-05-11 11:00:00+02:00,44192.615,51095.4225,2025-12-13 09:34:08.228144+00:00
2025-05-11 12:00:00+02:00,42971.07,50737.9475,2025-12-13 09:34:08.228144+00:00
2025-05-11 13:00:00+02:00,40605.9975,49229.45,2025-12-13 09:34:08.228144+00:00
2025-05-11 14:00:00+02:00,39372.9,47714.9225,2025-12-13 09:34:08.228144+00:00
2025-05-11 15:00:00+02:00,39155.7825,46815.8625,2025-12-13 09:34:08.228144+00:00
2025-05-11 16:00:00+02:00,39432.94,47013.2325,2025-12-13 09:34:08.228144+00:00
2025-05-11 17:00:00+02:00,41109.2325,48275.0,2025-12-13 09:34:08.228144+00:00
2025-05-11 18:00:00+02:00,43853.0775,49076.395000000004,2025-12-13 09:34:08.228144+00:00
2025-05-11 19:00:00+02:00,45435.415,49126.53,2025-12-13 09:34:08.228144+00:00
2025-05-11 20:00:00+02:00,46160.5725,48891.945,2025-12-13 09:34:08.228144+00:00
2025-05-11 21:00:00+02:00,46429.13,48038.4425,2025-12-13 09:34:08.228144+00:00
2025-05-11 22:00:00+02:00,45490.7,46906.015,2025-12-13 09:34:08.228144+00:00
2025-05-11 23:00:00+02:00,42352.425,44646.5775,2025-12-13 09:34:08.228144+00:00
2025-05-12 00:00:00+02:00,40365.185,42624.2825,2025-12-13 09:34:08.228144+00:00
2025-05-12 01:00:00+02:00,38903.9125,41447.435,2025-12-13 09:34:08.228144+00:00
2025-05-12 02:00:00+02:00,38225.8775,41088.8225,2025-12-13 09:34:08.228144+00:00
2025-05-12 03:00:00+02:00,38615.33,41319.615,2025-12-13 09:34:08.228144+00:00
2025-05-12 04:00:00+02:00,39846.755000000005,42522.555,2025-12-13 09:34:08.228144+00:00
2025-05-12 05:00:00+02:00,44000.682499999995,46594.215,2025-12-13 09:34:08.228144+00:00
2025-05-12 06:00:00+02:00,50892.884999999995,53774.3575,2025-12-13 09:34:08.228144+00:00
2025-05-12 07:00:00+02:00,56186.205,59105.86,2025-12-13 09:34:08.228144+00:00
2025-05-12 08:00:00+02:00,59278.695,62494.6025,2025-12-13 09:34:08.228144+00:00
2025-05-12 09:00:00+02:00,58460.1375,63373.2975,2025-12-13 09:34:08.228144+00:00
2025-05-12 10:00:00+02:00,58195.7,64088.5075,2025-12-13 09:34:08.228144+00:00
2025-05-12 11:00:00+02:00,57646.265,64339.880000000005,2025-12-13 09:34:08.228144+00:00
2025-05-12 12:00:00+02:00,56633.4675,64040.6325,2025-12-13 09:34:08.228144+00:00
2025-05-12 13:00:00+02:00,55310.36,63184.2375,2025-12-13 09:34:08.228144+00:00
2025-05-12 14:00:00+02:00,54246.51,61533.8425,2025-12-13 09:34:08.228144+00:00
2025-05-12 15:00:00+02:00,53667.6225,60125.1125,2025-12-13 09:34:08.228144+00:00
2025-05-12 16:00:00+02:00,52934.275,59127.5575,2025-12-13 09:34:08.228144+00:00
2025-05-12 17:00:00+02:00,54115.525,58735.1075,2025-12-13 09:34:08.228144+00:00
2025-05-12 18:00:00+02:00,55959.99,59879.09,2025-12-13 09:34:08.228144+00:00
2025-05-12 19:00:00+02:00,56659.2,60083.332500000004,2025-12-13 09:34:08.228144+00:00
2025-05-12 20:00:00+02:00,56034.8675,58657.8475,2025-12-13 09:34:08.228144+00:00
2025-05-12 21:00:00+02:00,54573.95,56011.207500000004,2025-12-13 09:34:08.228144+00:00
2025-05-12 22:00:00+02:00,51125.35,52650.04,2025-12-13 09:34:08.228144+00:00
2025-05-12 23:00:00+02:00,46646.2325,49087.825,2025-12-13 09:34:08.228144+00:00
2025-05-13 00:00:00+02:00,43200.625,46501.3425,2025-12-13 09:34:08.228144+00:00
2025-05-13 01:00:00+02:00,41823.04,44878.1,2025-12-13 09:34:08.228144+00:00
2025-05-13 02:00:00+02:00,40735.270000000004,44142.082500000004,2025-12-13 09:34:08.228144+00:00
2025-05-13 03:00:00+02:00,40718.575,44312.96,2025-12-13 09:34:08.228144+00:00
2025-05-13 04:00:00+02:00,42231.7525,45339.7875,2025-12-13 09:34:08.228144+00:00
2025-05-13 05:00:00+02:00,45635.19,48398.3375,2025-12-13 09:34:08.228144+00:00
2025-05-13 06:00:00+02:00,52443.4725,53851.8575,2025-12-13 09:34:08.228144+00:00
2025-05-13 07:00:00+02:00,57466.785,59133.68,2025-12-13 09:34:08.228144+00:00
2025-05-13 08:00:00+02:00,60283.495,61746.465,2025-12-13 09:34:08.228144+00:00
2025-05-13 09:00:00+02:00,59117.4375,62684.2675,2025-12-13 09:34:08.228144+00:00
2025-05-13 10:00:00+02:00,58446.3725,63173.0725,2025-12-13 09:34:08.228144+00:00
2025-05-13 11:00:00+02:00,58174.020000000004,63774.845,2025-12-13 09:34:08.228144+00:00
2025-05-13 12:00:00+02:00,57170.1175,63544.22,2025-12-13 09:34:08.228144+00:00
2025-05-13 13:00:00+02:00,56278.9625,62567.655,2025-12-13 09:34:08.228144+00:00
2025-05-13 14:00:00+02:00,55085.740000000005,60988.7875,2025-12-13 09:34:08.228144+00:00
2025-05-13 15:00:00+02:00,54175.535,59777.9775,2025-12-13 09:34:08.228144+00:00
2025-05-13 16:00:00+02:00,53946.675,58727.93,2025-12-13 09:34:08.228144+00:00
2025-05-13 17:00:00+02:00,55060.825,58185.265,2025-12-13 09:34:08.228144+00:00
2025-05-13 18:00:00+02:00,57163.36,58562.62,2025-12-13 09:34:08.228144+00:00
2025-05-13 19:00:00+02:00,58152.975,58740.167499999996,2025-12-13 09:34:08.228144+00:00
2025-05-13 20:00:00+02:00,57463.3625,57509.75,2025-12-13 09:34:08.228144+00:00
2025-05-13 21:00:00+02:00,55606.285,55140.4775,2025-12-13 09:34:08.228144+00:00
2025-05-13 22:00:00+02:00,51585.395,52023.255,2025-12-13 09:34:08.228144+00:00
2025-05-13 23:00:00+02:00,47837.695,48745.2275,2025-12-13 09:34:08.228144+00:00
2025-05-14 00:00:00+02:00,45223.4175,46023.817500000005,2025-12-13 09:34:08.228144+00:00
2025-05-14 01:00:00+02:00,43884.545,44835.61,2025-12-13 09:34:08.228144+00:00
2025-05-14 02:00:00+02:00,43264.6275,44300.0525,2025-12-13 09:34:08.228144+00:00
2025-05-14 03:00:00+02:00,43172.28,44299.6425,2025-12-13 09:34:08.228144+00:00
2025-05-14 04:00:00+02:00,44360.8225,45624.7825,2025-12-13 09:34:08.228144+00:00
2025-05-14 05:00:00+02:00,47829.235,48599.832500000004,2025-12-13 09:34:08.228144+00:00
2025-05-14 06:00:00+02:00,54499.6475,54294.4525,2025-12-13 09:34:08.228144+00:00
2025-05-14 07:00:00+02:00,58699.417499999996,59583.725,2025-12-13 09:34:08.228144+00:00
2025-05-14 08:00:00+02:00,61024.455,62355.682499999995,2025-12-13 09:34:08.228144+00:00
2025-05-14 09:00:00+02:00,59732.917499999996,62722.265,2025-12-13 09:34:08.228144+00:00
2025-05-14 10:00:00+02:00,59112.705,62947.05,2025-12-13 09:34:08.228144+00:00
2025-05-14 11:00:00+02:00,58465.16,63345.4675,2025-12-13 09:34:08.228144+00:00
2025-05-14 12:00:00+02:00,57257.0925,63025.275,2025-12-13 09:34:08.228144+00:00
2025-05-14 13:00:00+02:00,55934.5675,61934.3,2025-12-13 09:34:08.228144+00:00
2025-05-14 14:00:00+02:00,55025.97,60220.97,2025-12-13 09:34:08.228144+00:00
2025-05-14 15:00:00+02:00,54505.6175,58995.8925,2025-12-13 09:34:08.228144+00:00
2025-05-14 16:00:00+02:00,54591.195,57748.979999999996,2025-12-13 09:34:08.228144+00:00
2025-05-14 17:00:00+02:00,55415.275,57428.0875,2025-12-13 09:34:08.228144+00:00
2025-05-14 18:00:00+02:00,56485.1375,58604.595,2025-12-13 09:34:08.228144+00:00
2025-05-14 19:00:00+02:00,57575.432499999995,59220.729999999996,2025-12-13 09:34:08.228144+00:00
2025-05-14 20:00:00+02:00,56176.8125,57571.545,2025-12-13 09:34:08.228144+00:00
2025-05-14 21:00:00+02:00,54833.3625,55299.76,2025-12-13 09:34:08.228144+00:00
2025-05-14 22:00:00+02:00,51486.0725,51812.2625,2025-12-13 09:34:08.228144+00:00
2025-05-14 23:00:00+02:00,47353.7975,48478.8475,2025-12-13 09:34:08.228144+00:00
2025-05-15 00:00:00+02:00,44979.415,46718.685,2025-12-13 09:34:08.228144+00:00
2025-05-15 01:00:00+02:00,42869.345,45226.3575,2025-12-13 09:34:08.228144+00:00
2025-05-15 02:00:00+02:00,41888.774999999994,44523.085,2025-12-13 09:34:08.228144+00:00
2025-05-15 03:00:00+02:00,42187.4,44465.35,2025-12-13 09:34:08.228144+00:00
2025-05-15 04:00:00+02:00,44500.912500000006,45237.18,2025-12-13 09:34:08.228144+00:00
2025-05-15 05:00:00+02:00,48133.2625,48046.835,2025-12-13 09:34:08.228144+00:00
2025-05-15 06:00:00+02:00,54702.205,53342.1325,2025-12-13 09:34:08.228144+00:00
2025-05-15 07:00:00+02:00,59175.94,58475.2225,2025-12-13 09:34:08.228144+00:00
2025-05-15 08:00:00+02:00,62001.765,61469.415,2025-12-13 09:34:08.228144+00:00
2025-05-15 09:00:00+02:00,60380.807499999995,62701.04,2025-12-13 09:34:08.228144+00:00
2025-05-15 10:00:00+02:00,59516.6225,62829.13,2025-12-13 09:34:08.228144+00:00
2025-05-15 11:00:00+02:00,58931.4525,63527.46,2025-12-13 09:34:08.228144+00:00
2025-05-15 12:00:00+02:00,57810.075000000004,62663.957500000004,2025-12-13 09:34:08.228144+00:00
2025-05-15 13:00:00+02:00,56347.535,61534.795,2025-12-13 09:34:08.228144+00:00
2025-05-15 14:00:00+02:00,55532.284999999996,60616.255,2025-12-13 09:34:08.228144+00:00
2025-05-15 15:00:00+02:00,54920.3575,59379.5475,2025-12-13 09:34:08.228144+00:00
2025-05-15 16:00:00+02:00,55218.3125,58757.1625,2025-12-13 09:34:08.228144+00:00
2025-05-15 17:00:00+02:00,56617.917499999996,59005.4875,2025-12-13 09:34:08.228144+00:00
2025-05-15 18:00:00+02:00,56384.35,59306.275,2025-12-13 09:34:08.228144+00:00
2025-05-15 19:00:00+02:00,56674.582500000004,59330.7,2025-12-13 09:34:08.228144+00:00
2025-05-15 20:00:00+02:00,55666.395000000004,57844.515,2025-12-13 09:34:08.228144+00:00
2025-05-15 21:00:00+02:00,53681.895000000004,55637.5125,2025-12-13 09:34:08.228144+00:00
2025-05-15 22:00:00+02:00,50797.685,52407.255,2025-12-13 09:34:08.228144+00:00
2025-05-15 23:00:00+02:00,47353.5325,48960.455,2025-12-13 09:34:08.228144+00:00
2025-05-16 00:00:00+02:00,45385.2875,46375.935,2025-12-13 09:34:08.228144+00:00
2025-05-16 01:00:00+02:00,43754.78,44976.485,2025-12-13 09:34:08.228144+00:00
2025-05-16 02:00:00+02:00,43162.4025,44382.5125,2025-12-13 09:34:08.228144+00:00
2025-05-16 03:00:00+02:00,43269.37,44477.1975,2025-12-13 09:34:08.228144+00:00
2025-05-16 04:00:00+02:00,44293.0775,45385.1,2025-12-13 09:34:08.228144+00:00
2025-05-16 05:00:00+02:00,47401.18,48248.7,2025-12-13 09:34:08.228144+00:00
2025-05-16 06:00:00+02:00,53802.875,54288.0775,2025-12-13 09:34:08.228144+00:00
2025-05-16 07:00:00+02:00,58284.8725,59076.520000000004,2025-12-13 09:34:08.228144+00:00
2025-05-16 08:00:00+02:00,60369.325,61511.625,2025-12-13 09:34:08.228144+00:00
2025-05-16 09:00:00+02:00,59756.652500000004,62185.2575,2025-12-13 09:34:08.228144+00:00
2025-05-16 10:00:00+02:00,58956.3225,62611.485,2025-12-13 09:34:08.228144+00:00
2025-05-16 11:00:00+02:00,58180.92,62759.3325,2025-12-13 09:34:08.228144+00:00
2025-05-16 12:00:00+02:00,57663.5075,61872.3625,2025-12-13 09:34:08.228144+00:00
2025-05-16 13:00:00+02:00,56211.822499999995,60638.1175,2025-12-13 09:34:08.228144+00:00
2025-05-16 14:00:00+02:00,54541.8075,58960.8925,2025-12-13 09:34:08.228144+00:00
2025-05-16 15:00:00+02:00,54481.5725,57756.545,2025-12-13 09:34:08.228144+00:00
2025-05-16 16:00:00+02:00,54550.08,57294.854999999996,2025-12-13 09:34:08.228144+00:00
2025-05-16 17:00:00+02:00,54939.53,57429.445,2025-12-13 09:34:08.228144+00:00
2025-05-16 18:00:00+02:00,55219.1625,58129.735,2025-12-13 09:34:08.228144+00:00
2025-05-16 19:00:00+02:00,55027.1475,57778.655,2025-12-13 09:34:08.228144+00:00
2025-05-16 20:00:00+02:00,53049.3225,55782.5025,2025-12-13 09:34:08.228144+00:00
2025-05-16 21:00:00+02:00,51718.3875,53169.5225,2025-12-13 09:34:08.228144+00:00
2025-05-16 22:00:00+02:00,49266.5125,50347.465000000004,2025-12-13 09:34:08.228144+00:00
2025-05-16 23:00:00+02:00,46711.6525,47015.6625,2025-12-13 09:34:08.228144+00:00
2025-05-17 00:00:00+02:00,44002.45,43979.1475,2025-12-13 09:34:08.228144+00:00
2025-05-17 01:00:00+02:00,42235.287500000006,41938.955,2025-12-13 09:34:08.228144+00:00
2025-05-17 02:00:00+02:00,41131.26,40905.635,2025-12-13 09:34:08.228144+00:00
2025-05-17 03:00:00+02:00,40781.4125,40633.7275,2025-12-13 09:34:08.228144+00:00
2025-05-17 04:00:00+02:00,41158.8875,40723.2375,2025-12-13 09:34:08.228144+00:00
2025-05-17 05:00:00+02:00,41481.9875,40736.7175,2025-12-13 09:34:08.228144+00:00
2025-05-17 06:00:00+02:00,42891.4025,41967.14,2025-12-13 09:34:08.228144+00:00
2025-05-17 07:00:00+02:00,44808.965,44944.93,2025-12-13 09:34:08.228144+00:00
2025-05-17 08:00:00+02:00,48054.270000000004,48306.1975,2025-12-13 09:34:08.228144+00:00
2025-05-17 09:00:00+02:00,50343.4625,50871.955,2025-12-13 09:34:08.228144+00:00
2025-05-17 10:00:00+02:00,50309.22,52335.205,2025-12-13 09:34:08.228144+00:00
2025-05-17 11:00:00+02:00,50786.0525,52888.0675,2025-12-13 09:34:08.228144+00:00
2025-05-17 12:00:00+02:00,49872.9325,52162.82,2025-12-13 09:34:08.228144+00:00
2025-05-17 13:00:00+02:00,47797.72,50423.19,2025-12-13 09:34:08.228144+00:00
2025-05-17 14:00:00+02:00,46703.6975,49214.7475,2025-12-13 09:34:08.228144+00:00
2025-05-17 15:00:00+02:00,45947.39,48096.15,2025-12-13 09:34:08.228144+00:00
2025-05-17 16:00:00+02:00,45574.3375,48360.215,2025-12-13 09:34:08.228144+00:00
2025-05-17 17:00:00+02:00,46599.64,49481.1225,2025-12-13 09:34:08.228144+00:00
2025-05-17 18:00:00+02:00,47227.5775,50507.4625,2025-12-13 09:34:08.228144+00:00
2025-05-17 19:00:00+02:00,47842.384999999995,50392.015,2025-12-13 09:34:08.228144+00:00
2025-05-17 20:00:00+02:00,46450.66,48947.46,2025-12-13 09:34:08.228144+00:00
2025-05-17 21:00:00+02:00,44550.840000000004,47278.575,2025-12-13 09:34:08.228144+00:00
2025-05-17 22:00:00+02:00,42976.3125,45468.915,2025-12-13 09:34:08.228144+00:00
2025-05-17 23:00:00+02:00,40634.1375,43029.8925,2025-12-13 09:34:08.228144+00:00
2025-05-18 00:00:00+02:00,38155.43,40398.645,2025-12-13 09:34:08.228144+00:00
2025-05-18 01:00:00+02:00,36423.84,38820.9675,2025-12-13 09:34:08.228144+00:00
2025-05-18 02:00:00+02:00,35474.5575,37941.0375,2025-12-13 09:34:08.228144+00:00
2025-05-18 03:00:00+02:00,35172.5675,37482.8775,2025-12-13 09:34:08.228144+00:00
2025-05-18 04:00:00+02:00,35568.515,37371.5025,2025-12-13 09:34:08.228144+00:00
2025-05-18 05:00:00+02:00,35764.525,37346.295,2025-12-13 09:34:08.228144+00:00
2025-05-18 06:00:00+02:00,36575.805,37547.0025,2025-12-13 09:34:08.228144+00:00
2025-05-18 07:00:00+02:00,38472.81,39736.95,2025-12-13 09:34:08.228144+00:00
2025-05-18 08:00:00+02:00,42078.59,43198.457500000004,2025-12-13 09:34:08.228144+00:00
2025-05-18 09:00:00+02:00,45126.917499999996,46371.197499999995,2025-12-13 09:34:08.228144+00:00
2025-05-18 10:00:00+02:00,46983.24,48241.1575,2025-12-13 09:34:08.228144+00:00
2025-05-18 11:00:00+02:00,48147.167499999996,49747.9525,2025-12-13 09:34:08.228144+00:00
2025-05-18 12:00:00+02:00,48230.3575,49195.73,2025-12-13 09:34:08.228144+00:00
2025-05-18 13:00:00+02:00,46358.735,47111.8525,2025-12-13 09:34:08.228144+00:00
2025-05-18 14:00:00+02:00,44582.490000000005,45735.1175,2025-12-13 09:34:08.228144+00:00
2025-05-18 15:00:00+02:00,43524.22,45041.175,2025-12-13 09:34:08.228144+00:00
2025-05-18 16:00:00+02:00,43308.9125,45060.4625,2025-12-13 09:34:08.228144+00:00
2025-05-18 17:00:00+02:00,44932.2575,46283.595,2025-12-13 09:34:08.228144+00:00
2025-05-18 18:00:00+02:00,46128.505,47800.5325,2025-12-13 09:34:08.228144+00:00
2025-05-18 19:00:00+02:00,47233.8175,48332.24,2025-12-13 09:34:08.228144+00:00
2025-05-18 20:00:00+02:00,47106.6075,47813.8225,2025-12-13 09:34:08.228144+00:00
2025-05-18 21:00:00+02:00,46934.5225,47179.104999999996,2025-12-13 09:34:08.228144+00:00
2025-05-18 22:00:00+02:00,45895.15,45984.225,2025-12-13 09:34:08.228144+00:00
2025-05-18 23:00:00+02:00,43269.0,43585.479999999996,2025-12-13 09:34:08.228144+00:00
2025-05-19 00:00:00+02:00,41074.05,41474.182499999995,2025-12-13 09:34:08.228144+00:00
2025-05-19 01:00:00+02:00,38502.68,40367.315,2025-12-13 09:34:08.228144+00:00
2025-05-19 02:00:00+02:00,38205.8075,39868.895000000004,2025-12-13 09:34:08.228144+00:00
2025-05-19 03:00:00+02:00,38955.195,40126.9775,2025-12-13 09:34:08.228144+00:00
2025-05-19 04:00:00+02:00,40185.5275,41314.2325,2025-12-13 09:34:08.228144+00:00
2025-05-19 05:00:00+02:00,43973.2425,45370.6875,2025-12-13 09:34:08.228144+00:00
2025-05-19 06:00:00+02:00,51361.6425,53235.8575,2025-12-13 09:34:08.228144+00:00
2025-05-19 07:00:00+02:00,56423.145000000004,57882.1375,2025-12-13 09:34:08.228144+00:00
2025-05-19 08:00:00+02:00,58931.2175,60949.8925,2025-12-13 09:34:08.228144+00:00
2025-05-19 09:00:00+02:00,58800.0175,61727.2225,2025-12-13 09:34:08.228144+00:00
2025-05-19 10:00:00+02:00,57973.38,62318.3775,2025-12-13 09:34:08.228144+00:00
2025-05-19 11:00:00+02:00,58400.6825,62827.1725,2025-12-13 09:34:08.228144+00:00
2025-05-19 12:00:00+02:00,57772.2375,62625.5675,2025-12-13 09:34:08.228144+00:00
2025-05-19 13:00:00+02:00,56434.04,61651.41,2025-12-13 09:34:08.228144+00:00
2025-05-19 14:00:00+02:00,55136.0175,60405.722499999996,2025-12-13 09:34:08.228144+00:00
2025-05-19 15:00:00+02:00,54606.5875,58930.115,2025-12-13 09:34:08.228144+00:00
2025-05-19 16:00:00+02:00,53784.5975,58043.9775,2025-12-13 09:34:08.228144+00:00
2025-05-19 17:00:00+02:00,54840.807499999995,58235.015,2025-12-13 09:34:08.228144+00:00
2025-05-19 18:00:00+02:00,55849.09,58839.0275,2025-12-13 09:34:08.228144+00:00
2025-05-19 19:00:00+02:00,55742.38,58983.24,2025-12-13 09:34:08.228144+00:00
2025-05-19 20:00:00+02:00,54798.854999999996,57300.235,2025-12-13 09:34:08.228144+00:00
2025-05-19 21:00:00+02:00,52854.405,54886.325,2025-12-13 09:34:08.228144+00:00
2025-05-19 22:00:00+02:00,49718.7275,51536.3425,2025-12-13 09:34:08.228144+00:00
2025-05-19 23:00:00+02:00,45833.7475,48088.7825,2025-12-13 09:34:08.228144+00:00
2025-05-20 00:00:00+02:00,43052.665,45980.8475,2025-12-13 09:34:08.228144+00:00
2025-05-20 01:00:00+02:00,41780.6425,44369.485,2025-12-13 09:34:08.228144+00:00
2025-05-20 02:00:00+02:00,41066.16,43453.085,2025-12-13 09:34:08.228144+00:00
2025-05-20 03:00:00+02:00,41341.5825,43614.7225,2025-12-13 09:34:08.228144+00:00
2025-05-20 04:00:00+02:00,42774.715,44644.057499999995,2025-12-13 09:34:08.228144+00:00
2025-05-20 05:00:00+02:00,45538.32,47437.520000000004,2025-12-13 09:34:08.228144+00:00
2025-05-20 06:00:00+02:00,52553.759999999995,53339.7875,2025-12-13 09:34:08.228144+00:00
2025-05-20 07:00:00+02:00,57310.625,58745.1475,2025-12-13 09:34:08.228144+00:00
2025-05-20 08:00:00+02:00,59819.0275,61767.4975,2025-12-13 09:34:08.228144+00:00
2025-05-20 09:00:00+02:00,59759.515,62776.375,2025-12-13 09:34:08.228144+00:00
2025-05-20 10:00:00+02:00,58850.965,63248.285,2025-12-13 09:34:08.228144+00:00
2025-05-20 11:00:00+02:00,59380.7,63969.1775,2025-12-13 09:34:08.228144+00:00
2025-05-20 12:00:00+02:00,59108.0925,63520.605,2025-12-13 09:34:08.228144+00:00
2025-05-20 13:00:00+02:00,58498.095,62323.270000000004,2025-12-13 09:34:08.228144+00:00
2025-05-20 14:00:00+02:00,56884.0075,61077.0275,2025-12-13 09:34:08.228144+00:00
2025-05-20 15:00:00+02:00,56719.5625,60031.525,2025-12-13 09:34:08.228144+00:00
2025-05-20 16:00:00+02:00,56326.545,59050.130000000005,2025-12-13 09:34:08.228144+00:00
2025-05-20 17:00:00+02:00,57448.5925,59055.315,2025-12-13 09:34:08.228144+00:00
2025-05-20 18:00:00+02:00,58617.5075,58872.245,2025-12-13 09:34:08.228144+00:00
2025-05-20 19:00:00+02:00,58648.8625,58551.285,2025-12-13 09:34:08.228144+00:00
2025-05-20 20:00:00+02:00,57051.3,56967.5175,2025-12-13 09:34:08.228144+00:00
2025-05-20 21:00:00+02:00,55075.19,54885.5625,2025-12-13 09:34:08.228144+00:00
2025-05-20 22:00:00+02:00,52072.115,51859.525,2025-12-13 09:34:08.228144+00:00
2025-05-20 23:00:00+02:00,48285.05,48500.225,2025-12-13 09:34:08.228144+00:00
2025-05-21 00:00:00+02:00,44165.115,45254.15,2025-12-13 09:34:08.228144+00:00
2025-05-21 01:00:00+02:00,42810.72,43811.665,2025-12-13 09:34:08.228144+00:00
2025-05-21 02:00:00+02:00,42223.915,43156.590000000004,2025-12-13 09:34:08.228144+00:00
2025-05-21 03:00:00+02:00,42569.055,43370.0125,2025-12-13 09:34:08.228144+00:00
2025-05-21 04:00:00+02:00,43992.94,44815.17,2025-12-13 09:34:08.228144+00:00
2025-05-21 05:00:00+02:00,47194.707500000004,47514.625,2025-12-13 09:34:08.228144+00:00
2025-05-21 06:00:00+02:00,54633.2875,53354.595,2025-12-13 09:34:08.228144+00:00
2025-05-21 07:00:00+02:00,59503.0125,58292.4075,2025-12-13 09:34:08.228144+00:00
2025-05-21 08:00:00+02:00,62573.9775,60927.5475,2025-12-13 09:34:08.228144+00:00
2025-05-21 09:00:00+02:00,61307.03,61452.925,2025-12-13 09:34:08.228144+00:00
2025-05-21 10:00:00+02:00,60646.635,62229.1925,2025-12-13 09:34:08.228144+00:00
2025-05-21 11:00:00+02:00,59923.6875,62566.055,2025-12-13 09:34:08.228144+00:00
2025-05-21 12:00:00+02:00,59576.6475,61753.3875,2025-12-13 09:34:08.228144+00:00
2025-05-21 13:00:00+02:00,58580.0125,61043.22,2025-12-13 09:34:08.228144+00:00
2025-05-21 14:00:00+02:00,57132.91,59638.7525,2025-12-13 09:34:08.228144+00:00
2025-05-21 15:00:00+02:00,57909.0175,58417.56,2025-12-13 09:34:08.228144+00:00
2025-05-21 16:00:00+02:00,58460.66,57752.9375,2025-12-13 09:34:08.228144+00:00
2025-05-21 17:00:00+02:00,59390.9975,57849.755,2025-12-13 09:34:08.228144+00:00
2025-05-21 18:00:00+02:00,59997.725,58384.42,2025-12-13 09:34:08.228144+00:00
2025-05-21 19:00:00+02:00,60399.1225,58422.015,2025-12-13 09:34:08.228144+00:00
2025-05-21 20:00:00+02:00,58263.2375,56791.6225,2025-12-13 09:34:08.228144+00:00
2025-05-21 21:00:00+02:00,56226.3125,54616.542499999996,2025-12-13 09:34:08.228144+00:00
2025-05-21 22:00:00+02:00,52685.88,51378.62,2025-12-13 09:34:08.228144+00:00
2025-05-21 23:00:00+02:00,49104.315,48177.865,2025-12-13 09:34:08.228144+00:00
2025-05-22 00:00:00+02:00,45587.885,45618.575,2025-12-13 09:34:08.228144+00:00
2025-05-22 01:00:00+02:00,44013.1525,44273.72,2025-12-13 09:34:08.228144+00:00
2025-05-22 02:00:00+02:00,42952.5075,43605.09,2025-12-13 09:34:08.228144+00:00
2025-05-22 03:00:00+02:00,42565.1625,43825.21000000001,2025-12-13 09:34:08.228144+00:00
2025-05-22 04:00:00+02:00,44003.1025,44914.2875,2025-12-13 09:34:08.228144+00:00
2025-05-22 05:00:00+02:00,47355.325,47761.6425,2025-12-13 09:34:08.228144+00:00
2025-05-22 06:00:00+02:00,53961.815,53649.1125,2025-12-13 09:34:08.228144+00:00
2025-05-22 07:00:00+02:00,59229.845,58527.5225,2025-12-13 09:34:08.228144+00:00
2025-05-22 08:00:00+02:00,61476.55,60749.884999999995,2025-12-13 09:34:08.228144+00:00
2025-05-22 09:00:00+02:00,61051.125,61666.072499999995,2025-12-13 09:34:08.228144+00:00
2025-05-22 10:00:00+02:00,61362.3775,62268.08,2025-12-13 09:34:08.228144+00:00
2025-05-22 11:00:00+02:00,61822.1625,63197.59,2025-12-13 09:34:08.228144+00:00
2025-05-22 12:00:00+02:00,62455.1,62699.947499999995,2025-12-13 09:34:08.228144+00:00
2025-05-22 13:00:00+02:00,61635.2775,61593.072499999995,2025-12-13 09:34:08.228144+00:00
2025-05-22 14:00:00+02:00,60228.6425,60256.82,2025-12-13 09:34:08.228144+00:00
2025-05-22 15:00:00+02:00,59673.265,59148.354999999996,2025-12-13 09:34:08.228144+00:00
2025-05-22 16:00:00+02:00,58236.457500000004,58569.1825,2025-12-13 09:34:08.228144+00:00
2025-05-22 17:00:00+02:00,59309.555,58495.2775,2025-12-13 09:34:08.228144+00:00
2025-05-22 18:00:00+02:00,59724.585,58437.284999999996,2025-12-13 09:34:08.228144+00:00
2025-05-22 19:00:00+02:00,59346.5025,58194.5575,2025-12-13 09:34:08.228144+00:00
2025-05-22 20:00:00+02:00,57160.04,56753.1925,2025-12-13 09:34:08.228144+00:00
2025-05-22 21:00:00+02:00,55529.0075,54458.585,2025-12-13 09:34:08.228144+00:00
2025-05-22 22:00:00+02:00,52268.2225,51563.71,2025-12-13 09:34:08.228144+00:00
2025-05-22 23:00:00+02:00,48597.58,48452.625,2025-12-13 09:34:08.228144+00:00
2025-05-23 00:00:00+02:00,45330.955,45509.9675,2025-12-13 09:34:08.228144+00:00
2025-05-23 01:00:00+02:00,43945.665,44113.665,2025-12-13 09:34:08.228144+00:00
2025-05-23 02:00:00+02:00,43124.0725,43564.5975,2025-12-13 09:34:08.228144+00:00
2025-05-23 03:00:00+02:00,43814.880000000005,43897.22,2025-12-13 09:34:08.228144+00:00
2025-05-23 04:00:00+02:00,44834.6225,44813.58,2025-12-13 09:34:08.228144+00:00
2025-05-23 05:00:00+02:00,47314.8925,47253.965,2025-12-13 09:34:08.228144+00:00
2025-05-23 06:00:00+02:00,53663.5525,52846.244999999995,2025-12-13 09:34:08.228144+00:00
2025-05-23 07:00:00+02:00,58156.5575,57905.3225,2025-12-13 09:34:08.228144+00:00
2025-05-23 08:00:00+02:00,61334.89,60790.2175,2025-12-13 09:34:08.228144+00:00
2025-05-23 09:00:00+02:00,61676.015,61493.2375,2025-12-13 09:34:08.228144+00:00
2025-05-23 10:00:00+02:00,61599.43,62536.1225,2025-12-13 09:34:08.228144+00:00
2025-05-23 11:00:00+02:00,61563.8075,62883.345,2025-12-13 09:34:08.228144+00:00
2025-05-23 12:00:00+02:00,60270.725,62025.91,2025-12-13 09:34:08.228144+00:00
2025-05-23 13:00:00+02:00,59010.7825,60582.6025,2025-12-13 09:34:08.228144+00:00
2025-05-23 14:00:00+02:00,57085.17,58819.9975,2025-12-13 09:34:08.228144+00:00
2025-05-23 15:00:00+02:00,56356.927500000005,57693.115,2025-12-13 09:34:08.228144+00:00
2025-05-23 16:00:00+02:00,55912.7675,57103.292499999996,2025-12-13 09:34:08.228144+00:00
2025-05-23 17:00:00+02:00,55736.7575,57090.645000000004,2025-12-13 09:34:08.228144+00:00
2025-05-23 18:00:00+02:00,55157.245,57110.067500000005,2025-12-13 09:34:08.228144+00:00
2025-05-23 19:00:00+02:00,54399.7575,56357.9075,2025-12-13 09:34:08.228144+00:00
2025-05-23 20:00:00+02:00,52684.4225,54316.5175,2025-12-13 09:34:08.228144+00:00
2025-05-23 21:00:00+02:00,50864.085,52031.0925,2025-12-13 09:34:08.228144+00:00
2025-05-23 22:00:00+02:00,48329.485,49268.89,2025-12-13 09:34:08.228144+00:00
2025-05-23 23:00:00+02:00,45347.83500000001,46174.6575,2025-12-13 09:34:08.228144+00:00
2025-05-24 00:00:00+02:00,43084.66,44123.3125,2025-12-13 09:34:08.228144+00:00
2025-05-24 01:00:00+02:00,41382.244999999995,42013.42,2025-12-13 09:34:08.228144+00:00
2025-05-24 02:00:00+02:00,40571.957500000004,40955.145000000004,2025-12-13 09:34:08.228144+00:00
2025-05-24 03:00:00+02:00,40129.3425,40694.5875,2025-12-13 09:34:08.228144+00:00
2025-05-24 04:00:00+02:00,39785.25,40940.205,2025-12-13 09:34:08.228144+00:00
2025-05-24 05:00:00+02:00,39892.8425,40977.7075,2025-12-13 09:34:08.228144+00:00
2025-05-24 06:00:00+02:00,41318.5,42379.275,2025-12-13 09:34:08.228144+00:00
2025-05-24 07:00:00+02:00,43501.16,45255.39,2025-12-13 09:34:08.228144+00:00
2025-05-24 08:00:00+02:00,46262.6325,48646.895000000004,2025-12-13 09:34:08.228144+00:00
2025-05-24 09:00:00+02:00,48590.8925,51105.4225,2025-12-13 09:34:08.228144+00:00
2025-05-24 10:00:00+02:00,49066.0625,52423.3525,2025-12-13 09:34:08.228144+00:00
2025-05-24 11:00:00+02:00,49482.5775,53122.6625,2025-12-13 09:34:08.228144+00:00
2025-05-24 12:00:00+02:00,49035.6625,52493.7525,2025-12-13 09:34:08.228144+00:00
2025-05-24 13:00:00+02:00,47316.619999999995,51102.7825,2025-12-13 09:34:08.228144+00:00
2025-05-24 14:00:00+02:00,46281.235,49598.125,2025-12-13 09:34:08.228144+00:00
2025-05-24 15:00:00+02:00,46102.0975,48686.2225,2025-12-13 09:34:08.228144+00:00
2025-05-24 16:00:00+02:00,45747.0525,48819.3275,2025-12-13 09:34:08.228144+00:00
2025-05-24 17:00:00+02:00,46943.565,49654.630000000005,2025-12-13 09:34:08.228144+00:00
2025-05-24 18:00:00+02:00,47752.475000000006,50126.0375,2025-12-13 09:34:08.228144+00:00
2025-05-24 19:00:00+02:00,47914.86,49623.792499999996,2025-12-13 09:34:08.228144+00:00
2025-05-24 20:00:00+02:00,47068.325000000004,48488.2275,2025-12-13 09:34:08.228144+00:00
2025-05-24 21:00:00+02:00,45867.015,47149.82,2025-12-13 09:34:08.228144+00:00
2025-05-24 22:00:00+02:00,44747.6625,45377.8625,2025-12-13 09:34:08.228144+00:00
2025-05-24 23:00:00+02:00,42767.0325,43140.1125,2025-12-13 09:34:08.228144+00:00
2025-05-25 00:00:00+02:00,40681.7975,40895.835,2025-12-13 09:34:08.228144+00:00
2025-05-25 01:00:00+02:00,38631.8725,39236.045,2025-12-13 09:34:08.228144+00:00
2025-05-25 02:00:00+02:00,37328.35,38331.707500000004,2025-12-13 09:34:08.228144+00:00
2025-05-25 03:00:00+02:00,36401.445,37856.1125,2025-12-13 09:34:08.228144+00:00
2025-05-25 04:00:00+02:00,36488.145000000004,37670.19,2025-12-13 09:34:08.228144+00:00
2025-05-25 05:00:00+02:00,36747.275,37478.7175,2025-12-13 09:34:08.228144+00:00
2025-05-25 06:00:00+02:00,37841.4275,37670.265,2025-12-13 09:34:08.228144+00:00
2025-05-25 07:00:00+02:00,40344.955,39941.8775,2025-12-13 09:34:08.228144+00:00
2025-05-25 08:00:00+02:00,43185.525,43240.055,2025-12-13 09:34:08.228144+00:00
2025-05-25 09:00:00+02:00,46740.067500000005,46382.53,2025-12-13 09:34:08.228144+00:00
2025-05-25 10:00:00+02:00,48349.035,48435.745,2025-12-13 09:34:08.228144+00:00
2025-05-25 11:00:00+02:00,50577.6425,49804.1425,2025-12-13 09:34:08.228144+00:00
2025-05-25 12:00:00+02:00,50776.917499999996,49565.765,2025-12-13 09:34:08.228144+00:00
2025-05-25 13:00:00+02:00,48169.6725,48066.6575,2025-12-13 09:34:08.228144+00:00
2025-05-25 14:00:00+02:00,46857.207500000004,46659.6825,2025-12-13 09:34:08.228144+00:00
2025-05-25 15:00:00+02:00,46205.38,45762.275,2025-12-13 09:34:08.228144+00:00
2025-05-25 16:00:00+02:00,45981.9525,45737.4225,2025-12-13 09:34:08.228144+00:00
2025-05-25 17:00:00+02:00,48362.5725,46757.765,2025-12-13 09:34:08.228144+00:00
2025-05-25 18:00:00+02:00,49189.3575,47543.0,2025-12-13 09:34:08.228144+00:00
2025-05-25 19:00:00+02:00,48540.155,47904.85,2025-12-13 09:34:08.228144+00:00
2025-05-25 20:00:00+02:00,47616.932499999995,47471.94,2025-12-13 09:34:08.228144+00:00
2025-05-25 21:00:00+02:00,47084.8575,46627.095,2025-12-13 09:34:08.228144+00:00
2025-05-25 22:00:00+02:00,46104.4125,45406.815,2025-12-13 09:34:08.228144+00:00
2025-05-25 23:00:00+02:00,42978.295,43350.735,2025-12-13 09:34:08.228144+00:00
2025-05-26 00:00:00+02:00,40838.085,41145.255000000005,2025-12-13 09:34:08.228144+00:00
2025-05-26 01:00:00+02:00,39372.1325,40180.4075,2025-12-13 09:34:08.228144+00:00
2025-05-26 02:00:00+02:00,38680.905,39827.5275,2025-12-13 09:34:08.228144+00:00
2025-05-26 03:00:00+02:00,38922.4875,40164.104999999996,2025-12-13 09:34:08.228144+00:00
2025-05-26 04:00:00+02:00,40431.7525,41349.3425,2025-12-13 09:34:08.228144+00:00
2025-05-26 05:00:00+02:00,43948.270000000004,45015.792499999996,2025-12-13 09:34:08.228144+00:00
2025-05-26 06:00:00+02:00,51052.765,52332.4975,2025-12-13 09:34:08.228144+00:00
2025-05-26 07:00:00+02:00,56130.28,57441.785,2025-12-13 09:34:08.228144+00:00
2025-05-26 08:00:00+02:00,59644.365000000005,61001.715,2025-12-13 09:34:08.228144+00:00
2025-05-26 09:00:00+02:00,60008.692500000005,62382.76,2025-12-13 09:34:08.228144+00:00
2025-05-26 10:00:00+02:00,59786.935,63369.5625,2025-12-13 09:34:08.228144+00:00
2025-05-26 11:00:00+02:00,60462.3475,63502.63,2025-12-13 09:34:08.228144+00:00
2025-05-26 12:00:00+02:00,59587.8275,63201.3675,2025-12-13 09:34:08.228144+00:00
2025-05-26 13:00:00+02:00,58812.4875,62180.895000000004,2025-12-13 09:34:08.228144+00:00
2025-05-26 14:00:00+02:00,57642.185,60741.425,2025-12-13 09:34:08.228144+00:00
2025-05-26 15:00:00+02:00,57036.745,59089.7225,2025-12-13 09:34:08.228144+00:00
2025-05-26 16:00:00+02:00,56231.8275,58108.9,2025-12-13 09:34:08.228144+00:00
2025-05-26 17:00:00+02:00,55945.1225,57834.9675,2025-12-13 09:34:08.228144+00:00
2025-05-26 18:00:00+02:00,56872.5025,58620.2225,2025-12-13 09:34:08.228144+00:00
2025-05-26 19:00:00+02:00,56810.795,58942.29,2025-12-13 09:34:08.228144+00:00
2025-05-26 20:00:00+02:00,55379.667499999996,57300.8825,2025-12-13 09:34:08.228144+00:00
2025-05-26 21:00:00+02:00,53530.335,54907.925,2025-12-13 09:34:08.228144+00:00
2025-05-26 22:00:00+02:00,50169.24,51651.0225,2025-12-13 09:34:08.228144+00:00
2025-05-26 23:00:00+02:00,46693.585,48277.6825,2025-12-13 09:34:08.228144+00:00
2025-05-27 00:00:00+02:00,43926.505000000005,45842.435,2025-12-13 09:34:08.228144+00:00
2025-05-27 01:00:00+02:00,42200.082500000004,44407.795,2025-12-13 09:34:08.228144+00:00
2025-05-27 02:00:00+02:00,41626.51,43535.875,2025-12-13 09:34:08.228144+00:00
2025-05-27 03:00:00+02:00,42030.979999999996,43793.65,2025-12-13 09:34:08.228144+00:00
2025-05-27 04:00:00+02:00,43136.8825,44842.01,2025-12-13 09:34:08.228144+00:00
2025-05-27 05:00:00+02:00,45699.417499999996,47365.6725,2025-12-13 09:34:08.228144+00:00
2025-05-27 06:00:00+02:00,53409.447499999995,53088.494999999995,2025-12-13 09:34:08.228144+00:00
2025-05-27 07:00:00+02:00,58103.6275,58723.725,2025-12-13 09:34:08.228144+00:00
2025-05-27 08:00:00+02:00,60233.24,62018.4725,2025-12-13 09:34:08.228144+00:00
2025-05-27 09:00:00+02:00,61417.32,63158.042499999996,2025-12-13 09:34:08.228144+00:00
2025-05-27 10:00:00+02:00,61189.215,64001.7975,2025-12-13 09:34:08.228144+00:00
2025-05-27 11:00:00+02:00,61364.8075,64567.8325,2025-12-13 09:34:08.228144+00:00
2025-05-27 12:00:00+02:00,61123.4775,63970.3,2025-12-13 09:34:08.228144+00:00
2025-05-27 13:00:00+02:00,60512.8775,62787.025,2025-12-13 09:34:08.228144+00:00
2025-05-27 14:00:00+02:00,59162.155,61732.805,2025-12-13 09:34:08.228144+00:00
2025-05-27 15:00:00+02:00,59121.73,60933.840000000004,2025-12-13 09:34:08.228144+00:00
2025-05-27 16:00:00+02:00,57876.665,60065.78,2025-12-13 09:34:08.228144+00:00
2025-05-27 17:00:00+02:00,57911.7275,59969.3775,2025-12-13 09:34:08.228144+00:00
2025-05-27 18:00:00+02:00,58056.7725,59569.25,2025-12-13 09:34:08.228144+00:00
2025-05-27 19:00:00+02:00,56282.5525,59028.8875,2025-12-13 09:34:08.228144+00:00
2025-05-27 20:00:00+02:00,54632.8125,57250.6125,2025-12-13 09:34:08.228144+00:00
2025-05-27 21:00:00+02:00,52854.8425,54983.542499999996,2025-12-13 09:34:08.228144+00:00
2025-05-27 22:00:00+02:00,50070.835,52097.46,2025-12-13 09:34:08.228144+00:00
2025-05-27 23:00:00+02:00,46683.4025,48636.94,2025-12-13 09:34:08.228144+00:00
2025-05-28 00:00:00+02:00,43457.9175,45532.072499999995,2025-12-13 09:34:08.228144+00:00
2025-05-28 01:00:00+02:00,42236.295,44143.415,2025-12-13 09:34:08.228144+00:00
2025-05-28 02:00:00+02:00,42167.082500000004,43523.82,2025-12-13 09:34:08.228144+00:00
2025-05-28 03:00:00+02:00,42618.66,43652.595,2025-12-13 09:34:08.228144+00:00
2025-05-28 04:00:00+02:00,43844.369999999995,44929.2675,2025-12-13 09:34:08.228144+00:00
2025-05-28 05:00:00+02:00,47590.655,47555.66,2025-12-13 09:34:08.228144+00:00
2025-05-28 06:00:00+02:00,53663.2975,53284.365,2025-12-13 09:34:08.228144+00:00
2025-05-28 07:00:00+02:00,58362.41,58497.43,2025-12-13 09:34:08.228144+00:00
2025-05-28 08:00:00+02:00,61377.2275,61732.475,2025-12-13 09:34:08.228144+00:00
2025-05-28 09:00:00+02:00,62701.8625,62713.2225,2025-12-13 09:34:08.228144+00:00
2025-05-28 10:00:00+02:00,63317.8875,63524.6525,2025-12-13 09:34:08.228144+00:00
2025-05-28 11:00:00+02:00,64359.045,63616.1975,2025-12-13 09:34:08.228144+00:00
2025-05-28 12:00:00+02:00,62827.6,63171.7575,2025-12-13 09:34:08.228144+00:00
2025-05-28 13:00:00+02:00,60386.5225,62151.9325,2025-12-13 09:34:08.228144+00:00
2025-05-28 14:00:00+02:00,59247.479999999996,60497.845,2025-12-13 09:34:08.228144+00:00
2025-05-28 15:00:00+02:00,57692.98,59290.815,2025-12-13 09:34:08.228144+00:00
2025-05-28 16:00:00+02:00,56515.375,58687.6875,2025-12-13 09:34:08.228144+00:00
2025-05-28 17:00:00+02:00,56294.8175,58355.3375,2025-12-13 09:34:08.228144+00:00
2025-05-28 18:00:00+02:00,56523.380000000005,58307.39,2025-12-13 09:34:08.228144+00:00
2025-05-28 19:00:00+02:00,56045.4975,57929.917499999996,2025-12-13 09:34:08.228144+00:00
2025-05-28 20:00:00+02:00,54058.740000000005,55983.815,2025-12-13 09:34:08.228144+00:00
2025-05-28 21:00:00+02:00,51412.125,53760.485,2025-12-13 09:34:08.228144+00:00
2025-05-28 22:00:00+02:00,49286.0575,50554.295,2025-12-13 09:34:08.228144+00:00
2025-05-28 23:00:00+02:00,46129.3925,47373.71,2025-12-13 09:34:08.228144+00:00
2025-05-29 00:00:00+02:00,43171.7325,42119.9775,2025-12-13 09:34:08.228144+00:00
2025-05-29 01:00:00+02:00,41216.76,40471.15,2025-12-13 09:34:08.228144+00:00
2025-05-29 02:00:00+02:00,40109.2775,39319.1325,2025-12-13 09:34:08.228144+00:00
2025-05-29 03:00:00+02:00,39625.325,38806.979999999996,2025-12-13 09:34:08.228144+00:00
2025-05-29 04:00:00+02:00,39519.4825,38726.915,2025-12-13 09:34:08.228144+00:00
2025-05-29 05:00:00+02:00,38328.8225,37854.965,2025-12-13 09:34:08.228144+00:00
2025-05-29 06:00:00+02:00,38403.1575,37759.1225,2025-12-13 09:34:08.228144+00:00
2025-05-29 07:00:00+02:00,40488.42,40196.6675,2025-12-13 09:34:08.228144+00:00
2025-05-29 08:00:00+02:00,43375.455,43868.8925,2025-12-13 09:34:08.228144+00:00
2025-05-29 09:00:00+02:00,46189.1425,46867.88,2025-12-13 09:34:08.228144+00:00
2025-05-29 10:00:00+02:00,47443.5175,49332.0575,2025-12-13 09:34:08.228144+00:00
2025-05-29 11:00:00+02:00,48087.8075,50882.9275,2025-12-13 09:34:08.228144+00:00
2025-05-29 12:00:00+02:00,47448.5375,50188.0,2025-12-13 09:34:08.228144+00:00
2025-05-29 13:00:00+02:00,45669.9225,48417.955,2025-12-13 09:34:08.228144+00:00
2025-05-29 14:00:00+02:00,45121.5875,47371.369999999995,2025-12-13 09:34:08.228144+00:00
2025-05-29 15:00:00+02:00,44678.707500000004,46744.38,2025-12-13 09:34:08.228144+00:00
2025-05-29 16:00:00+02:00,44082.1575,46745.31,2025-12-13 09:34:08.228144+00:00
2025-05-29 17:00:00+02:00,45024.0225,47658.67,2025-12-13 09:34:08.228144+00:00
2025-05-29 18:00:00+02:00,45556.417499999996,48047.0725,2025-12-13 09:34:08.228144+00:00
2025-05-29 19:00:00+02:00,45867.2825,47707.2,2025-12-13 09:34:08.228144+00:00
2025-05-29 20:00:00+02:00,44938.59,47226.277500000004,2025-12-13 09:34:08.228144+00:00
2025-05-29 21:00:00+02:00,44212.4325,46273.05,2025-12-13 09:34:08.228144+00:00
2025-05-29 22:00:00+02:00,43491.9375,44700.1825,2025-12-13 09:34:08.228144+00:00
2025-05-29 23:00:00+02:00,41584.72,42598.9225,2025-12-13 09:34:08.228144+00:00
2025-05-30 00:00:00+02:00,38818.0675,41752.7225,2025-12-13 09:34:08.228144+00:00
2025-05-30 01:00:00+02:00,37765.7025,40425.0675,2025-12-13 09:34:08.228144+00:00
2025-05-30 02:00:00+02:00,37087.785,39835.7375,2025-12-13 09:34:08.228144+00:00
2025-05-30 03:00:00+02:00,37232.6175,39878.61,2025-12-13 09:34:08.228144+00:00
2025-05-30 04:00:00+02:00,38511.6025,40676.64,2025-12-13 09:34:08.228144+00:00
2025-05-30 05:00:00+02:00,40578.832500000004,42037.9475,2025-12-13 09:34:08.228144+00:00
2025-05-30 06:00:00+02:00,44668.520000000004,45379.1525,2025-12-13 09:34:08.228144+00:00
2025-05-30 07:00:00+02:00,48427.1,49093.6175,2025-12-13 09:34:08.228144+00:00
2025-05-30 08:00:00+02:00,52023.6975,52625.8025,2025-12-13 09:34:08.228144+00:00
2025-05-30 09:00:00+02:00,53495.2275,54904.0775,2025-12-13 09:34:08.228144+00:00
2025-05-30 10:00:00+02:00,54268.8475,56354.82,2025-12-13 09:34:08.228144+00:00
2025-05-30 11:00:00+02:00,53346.244999999995,57181.7475,2025-12-13 09:34:08.228144+00:00
2025-05-30 12:00:00+02:00,53070.6,56574.1925,2025-12-13 09:34:08.228144+00:00
2025-05-30 13:00:00+02:00,51290.8925,55045.6275,2025-12-13 09:34:08.228144+00:00
2025-05-30 14:00:00+02:00,49552.6675,53891.582500000004,2025-12-13 09:34:08.228144+00:00
2025-05-30 15:00:00+02:00,49305.6975,52950.2825,2025-12-13 09:34:08.228144+00:00
2025-05-30 16:00:00+02:00,49774.545,52086.285,2025-12-13 09:34:08.228144+00:00
2025-05-30 17:00:00+02:00,51754.8425,52439.7825,2025-12-13 09:34:08.228144+00:00
2025-05-30 18:00:00+02:00,51749.8525,52198.19,2025-12-13 09:34:08.228144+00:00
2025-05-30 19:00:00+02:00,52174.0175,51467.0175,2025-12-13 09:34:08.228144+00:00
2025-05-30 20:00:00+02:00,50548.4275,50403.7775,2025-12-13 09:34:08.228144+00:00
2025-05-30 21:00:00+02:00,49032.4825,48852.595,2025-12-13 09:34:08.228144+00:00
2025-05-30 22:00:00+02:00,47102.78,46617.505,2025-12-13 09:34:08.228144+00:00
2025-05-30 23:00:00+02:00,43593.9875,43970.655,2025-12-13 09:34:08.228144+00:00
2025-05-31 00:00:00+02:00,40700.6575,41122.009999999995,2025-12-13 09:34:08.228144+00:00
2025-05-31 01:00:00+02:00,38783.655,39566.1175,2025-12-13 09:34:08.228144+00:00
2025-05-31 02:00:00+02:00,37262.8325,38804.265,2025-12-13 09:34:08.228144+00:00
2025-05-31 03:00:00+02:00,36781.765,38581.9375,2025-12-13 09:34:08.228144+00:00
2025-05-31 04:00:00+02:00,36963.875,38731.15,2025-12-13 09:34:08.228144+00:00
2025-05-31 05:00:00+02:00,36985.0925,38901.5375,2025-12-13 09:34:08.228144+00:00
2025-05-31 06:00:00+02:00,38677.3125,40348.8075,2025-12-13 09:34:08.228144+00:00
2025-05-31 07:00:00+02:00,41413.185,43223.5275,2025-12-13 09:34:08.228144+00:00
2025-05-31 08:00:00+02:00,44335.4675,46585.795,2025-12-13 09:34:08.228144+00:00
2025-05-31 09:00:00+02:00,46255.735,49131.3,2025-12-13 09:34:08.228144+00:00
2025-05-31 10:00:00+02:00,46501.7575,50544.7825,2025-12-13 09:34:08.228144+00:00
2025-05-31 11:00:00+02:00,47010.965,51476.25,2025-12-13 09:34:08.228144+00:00
2025-05-31 12:00:00+02:00,46688.2425,50905.552500000005,2025-12-13 09:34:08.228144+00:00
2025-05-31 13:00:00+02:00,45873.2625,49406.08,2025-12-13 09:34:08.228144+00:00
2025-05-31 14:00:00+02:00,45530.0475,48127.8175,2025-12-13 09:34:08.228144+00:00
2025-05-31 15:00:00+02:00,45592.130000000005,47149.905,2025-12-13 09:34:08.228144+00:00
2025-05-31 16:00:00+02:00,45481.55,47376.03,2025-12-13 09:34:08.228144+00:00
2025-05-31 17:00:00+02:00,46288.649999999994,48057.095,2025-12-13 09:34:08.228144+00:00
2025-05-31 18:00:00+02:00,46695.65,48630.3625,2025-12-13 09:34:08.228144+00:00
2025-05-31 19:00:00+02:00,46530.3175,48114.8675,2025-12-13 09:34:08.228144+00:00
2025-05-31 20:00:00+02:00,45177.595,46915.57,2025-12-13 09:34:08.228144+00:00
2025-05-31 21:00:00+02:00,43358.305,45604.965,2025-12-13 09:34:08.228144+00:00
2025-05-31 22:00:00+02:00,42196.65,43747.8225,2025-12-13 09:34:08.228144+00:00
2025-05-31 23:00:00+02:00,39914.16,41573.2325,2025-12-13 09:34:08.228144+00:00
2025-06-01 00:00:00+02:00,37447.4525,39440.12,2025-12-13 09:34:08.228144+00:00
2025-06-01 01:00:00+02:00,35546.63,37881.3575,2025-12-13 09:34:08.228144+00:00
2025-06-01 02:00:00+02:00,34047.5675,36965.9925,2025-12-13 09:34:08.228144+00:00
2025-06-01 03:00:00+02:00,33962.1575,36483.1,2025-12-13 09:34:08.228144+00:00
2025-06-01 04:00:00+02:00,34545.9775,36353.8225,2025-12-13 09:34:08.228144+00:00
2025-06-01 05:00:00+02:00,34761.6575,35996.22,2025-12-13 09:34:08.228144+00:00
2025-06-01 06:00:00+02:00,35846.0425,36468.795,2025-12-13 09:34:08.228144+00:00
2025-06-01 07:00:00+02:00,38000.2725,38617.6275,2025-12-13 09:34:08.228144+00:00
2025-06-01 08:00:00+02:00,41319.3025,42153.8675,2025-12-13 09:34:08.228144+00:00
2025-06-01 09:00:00+02:00,44109.4525,45321.55,2025-12-13 09:34:08.228144+00:00
2025-06-01 10:00:00+02:00,46043.9975,47306.735,2025-12-13 09:34:08.228144+00:00
2025-06-01 11:00:00+02:00,46614.665,48758.13,2025-12-13 09:34:08.228144+00:00
2025-06-01 12:00:00+02:00,46203.3725,48331.815,2025-12-13 09:34:08.228144+00:00
2025-06-01 13:00:00+02:00,44536.0525,46885.7775,2025-12-13 09:34:08.228144+00:00
2025-06-01 14:00:00+02:00,42547.0025,45687.6225,2025-12-13 09:34:08.228144+00:00
2025-06-01 15:00:00+02:00,42028.6575,45009.0925,2025-12-13 09:34:08.228144+00:00
2025-06-01 16:00:00+02:00,42658.095,45152.57,2025-12-13 09:34:08.228144+00:00
2025-06-01 17:00:00+02:00,45628.2125,46366.945,2025-12-13 09:34:08.228144+00:00
2025-06-01 18:00:00+02:00,46856.5925,46848.95,2025-12-13 09:34:08.228144+00:00
2025-06-01 19:00:00+02:00,47263.3475,46657.645,2025-12-13 09:34:08.228144+00:00
2025-06-01 20:00:00+02:00,46270.3875,46252.9775,2025-12-13 09:34:08.228144+00:00
2025-06-01 21:00:00+02:00,46456.345,45443.795,2025-12-13 09:34:08.228144+00:00
2025-06-01 22:00:00+02:00,45975.8575,44119.5975,2025-12-13 09:34:08.228144+00:00
2025-06-01 23:00:00+02:00,43455.182499999995,41999.335,2025-12-13 09:34:08.228144+00:00
2025-06-02 00:00:00+02:00,40840.83,40454.3675,2025-12-13 09:34:08.228144+00:00
2025-06-02 01:00:00+02:00,39430.2275,39521.79,2025-12-13 09:34:08.228144+00:00
2025-06-02 02:00:00+02:00,38813.79,39198.655,2025-12-13 09:34:08.228144+00:00
2025-06-02 03:00:00+02:00,38835.4775,39643.11,2025-12-13 09:34:08.228144+00:00
2025-06-02 04:00:00+02:00,39819.48,40769.115000000005,2025-12-13 09:34:08.228144+00:00
2025-06-02 05:00:00+02:00,43230.31,44049.542499999996,2025-12-13 09:34:08.228144+00:00
2025-06-02 06:00:00+02:00,50840.84,50997.8275,2025-12-13 09:34:08.228144+00:00
2025-06-02 07:00:00+02:00,56422.2075,55956.6725,2025-12-13 09:34:08.228144+00:00
2025-06-02 08:00:00+02:00,59409.3975,59436.1425,2025-12-13 09:34:08.228144+00:00
2025-06-02 09:00:00+02:00,60504.1875,60671.94,2025-12-13 09:34:08.228144+00:00
2025-06-02 10:00:00+02:00,61390.8525,61758.354999999996,2025-12-13 09:34:08.228144+00:00
2025-06-02 11:00:00+02:00,61812.854999999996,62043.9675,2025-12-13 09:34:08.228144+00:00
2025-06-02 12:00:00+02:00,61525.95,61673.255000000005,2025-12-13 09:34:08.228144+00:00
2025-06-02 13:00:00+02:00,60756.005,60607.0775,2025-12-13 09:34:08.228144+00:00
2025-06-02 14:00:00+02:00,59923.0875,59385.0925,2025-12-13 09:34:08.228144+00:00
2025-06-02 15:00:00+02:00,59163.035,57693.005,2025-12-13 09:34:08.228144+00:00
2025-06-02 16:00:00+02:00,58227.78999999999,56628.7,2025-12-13 09:34:08.228144+00:00
2025-06-02 17:00:00+02:00,58486.7025,56304.2325,2025-12-13 09:34:08.228144+00:00
2025-06-02 18:00:00+02:00,58159.9825,56918.1175,2025-12-13 09:34:08.228144+00:00
2025-06-02 19:00:00+02:00,58111.8675,56976.0975,2025-12-13 09:34:08.228144+00:00
2025-06-02 20:00:00+02:00,55818.6325,55298.1475,2025-12-13 09:34:08.228144+00:00
2025-06-02 21:00:00+02:00,53132.2125,52950.56,2025-12-13 09:34:08.228144+00:00
2025-06-02 22:00:00+02:00,50629.417499999996,49781.6975,2025-12-13 09:34:08.228144+00:00
2025-06-02 23:00:00+02:00,46941.0725,46524.99,2025-12-13 09:34:08.228144+00:00
2025-06-03 00:00:00+02:00,43894.994999999995,44432.39,2025-12-13 09:34:08.228144+00:00
2025-06-03 01:00:00+02:00,41745.0475,42986.7525,2025-12-13 09:34:08.228144+00:00
2025-06-03 02:00:00+02:00,40619.8525,42128.6925,2025-12-13 09:34:08.228144+00:00
2025-06-03 03:00:00+02:00,40507.25,42430.26,2025-12-13 09:34:08.228144+00:00
2025-06-03 04:00:00+02:00,41752.9025,43414.54,2025-12-13 09:34:08.228144+00:00
2025-06-03 05:00:00+02:00,44918.1125,45643.695,2025-12-13 09:34:08.228144+00:00
2025-06-03 06:00:00+02:00,51675.785,51523.86,2025-12-13 09:34:08.228144+00:00
2025-06-03 07:00:00+02:00,56990.24,57229.095,2025-12-13 09:34:08.228144+00:00
2025-06-03 08:00:00+02:00,59694.45,60548.6,2025-12-13 09:34:08.228144+00:00
2025-06-03 09:00:00+02:00,60060.11,61701.9425,2025-12-13 09:34:08.228144+00:00
2025-06-03 10:00:00+02:00,60406.067500000005,62564.735,2025-12-13 09:34:08.228144+00:00
2025-06-03 11:00:00+02:00,60066.5775,62940.63,2025-12-13 09:34:08.228144+00:00
2025-06-03 12:00:00+02:00,59108.1825,62652.0775,2025-12-13 09:34:08.228144+00:00
2025-06-03 13:00:00+02:00,57937.64,61297.667499999996,2025-12-13 09:34:08.228144+00:00
2025-06-03 14:00:00+02:00,56463.99,60161.7625,2025-12-13 09:34:08.228144+00:00
2025-06-03 15:00:00+02:00,56382.51,58871.2675,2025-12-13 09:34:08.228144+00:00
2025-06-03 16:00:00+02:00,57154.5775,57950.65,2025-12-13 09:34:08.228144+00:00
2025-06-03 17:00:00+02:00,57567.175,57619.515,2025-12-13 09:34:08.228144+00:00
2025-06-03 18:00:00+02:00,58680.235,57457.3625,2025-12-13 09:34:08.228144+00:00
2025-06-03 19:00:00+02:00,58582.815,57105.9875,2025-12-13 09:34:08.228144+00:00
2025-06-03 20:00:00+02:00,56151.6425,55742.815,2025-12-13 09:34:08.228144+00:00
2025-06-03 21:00:00+02:00,54425.5775,53706.0125,2025-12-13 09:34:08.228144+00:00
2025-06-03 22:00:00+02:00,52184.945,50825.119999999995,2025-12-13 09:34:08.228144+00:00
2025-06-03 23:00:00+02:00,48344.04,47466.1525,2025-12-13 09:34:08.228144+00:00
2025-06-04 00:00:00+02:00,46022.7425,45144.990000000005,2025-12-13 09:34:08.228144+00:00
2025-06-04 01:00:00+02:00,44319.5,43835.8375,2025-12-13 09:34:08.228144+00:00
2025-06-04 02:00:00+02:00,43468.2175,43076.427500000005,2025-12-13 09:34:08.228144+00:00
2025-06-04 03:00:00+02:00,43328.6575,43117.7725,2025-12-13 09:34:08.228144+00:00
2025-06-04 04:00:00+02:00,43567.805,44291.565,2025-12-13 09:34:08.228144+00:00
2025-06-04 05:00:00+02:00,45789.9375,46468.555,2025-12-13 09:34:08.228144+00:00
2025-06-04 06:00:00+02:00,52949.295,52007.07,2025-12-13 09:34:08.228144+00:00
2025-06-04 07:00:00+02:00,58759.9975,57302.2175,2025-12-13 09:34:08.228144+00:00
2025-06-04 08:00:00+02:00,62329.375,60734.835,2025-12-13 09:34:08.228144+00:00
2025-06-04 09:00:00+02:00,61773.895000000004,62004.915,2025-12-13 09:34:08.228144+00:00
2025-06-04 10:00:00+02:00,61998.9425,63061.58,2025-12-13 09:34:08.228144+00:00
2025-06-04 11:00:00+02:00,62591.09,63149.502499999995,2025-12-13 09:34:08.228144+00:00
2025-06-04 12:00:00+02:00,62974.8275,62826.3625,2025-12-13 09:34:08.228144+00:00
2025-06-04 13:00:00+02:00,61956.3475,61729.0975,2025-12-13 09:34:08.228144+00:00
2025-06-04 14:00:00+02:00,60300.65,60263.875,2025-12-13 09:34:08.228144+00:00
2025-06-04 15:00:00+02:00,58934.15,59036.93,2025-12-13 09:34:08.228144+00:00
2025-06-04 16:00:00+02:00,58333.845,58074.299999999996,2025-12-13 09:34:08.228144+00:00
2025-06-04 17:00:00+02:00,59664.744999999995,57792.185,2025-12-13 09:34:08.228144+00:00
2025-06-04 18:00:00+02:00,60999.475,57760.1275,2025-12-13 09:34:08.228144+00:00
2025-06-04 19:00:00+02:00,60042.432499999995,57406.12,2025-12-13 09:34:08.228144+00:00
2025-06-04 20:00:00+02:00,57863.942500000005,55174.72,2025-12-13 09:34:08.228144+00:00
2025-06-04 21:00:00+02:00,55065.0075,52840.302500000005,2025-12-13 09:34:08.228144+00:00
2025-06-04 22:00:00+02:00,51813.455,49564.1325,2025-12-13 09:34:08.228144+00:00
2025-06-04 23:00:00+02:00,47731.72,46471.5925,2025-12-13 09:34:08.228144+00:00
2025-06-05 00:00:00+02:00,43958.0175,45614.9325,2025-12-13 09:34:08.228144+00:00
2025-06-05 01:00:00+02:00,42176.3125,43978.11,2025-12-13 09:34:08.228144+00:00
2025-06-05 02:00:00+02:00,41309.1475,43222.12,2025-12-13 09:34:08.228144+00:00
2025-06-05 03:00:00+02:00,41425.42,43310.28,2025-12-13 09:34:08.228144+00:00
2025-06-05 04:00:00+02:00,42638.415,44138.795,2025-12-13 09:34:08.228144+00:00
2025-06-05 05:00:00+02:00,45234.4925,46011.47,2025-12-13 09:34:08.228144+00:00
2025-06-05 06:00:00+02:00,52021.3425,51426.2025,2025-12-13 09:34:08.228144+00:00
2025-06-05 07:00:00+02:00,57066.2675,56537.55,2025-12-13 09:34:08.228144+00:00
2025-06-05 08:00:00+02:00,60073.8625,59846.755,2025-12-13 09:34:08.228144+00:00
2025-06-05 09:00:00+02:00,61207.7425,61848.520000000004,2025-12-13 09:34:08.228144+00:00
2025-06-05 10:00:00+02:00,61880.515,62924.54,2025-12-13 09:34:08.228144+00:00
2025-06-05 11:00:00+02:00,61440.4825,64070.2325,2025-12-13 09:34:08.228144+00:00
2025-06-05 12:00:00+02:00,60963.53,63685.2075,2025-12-13 09:34:08.228144+00:00
2025-06-05 13:00:00+02:00,59799.822499999995,63135.67,2025-12-13 09:34:08.228144+00:00
2025-06-05 14:00:00+02:00,59044.4825,61347.2475,2025-12-13 09:34:08.228144+00:00
2025-06-05 15:00:00+02:00,58597.9925,59654.42,2025-12-13 09:34:08.228144+00:00
2025-06-05 16:00:00+02:00,57331.5375,58572.545,2025-12-13 09:34:08.228144+00:00
2025-06-05 17:00:00+02:00,57587.8975,58518.5625,2025-12-13 09:34:08.228144+00:00
2025-06-05 18:00:00+02:00,57510.5225,58708.2475,2025-12-13 09:34:08.228144+00:00
2025-06-05 19:00:00+02:00,56936.805,58239.1025,2025-12-13 09:34:08.228144+00:00
2025-06-05 20:00:00+02:00,55648.41,56356.305,2025-12-13 09:34:08.228144+00:00
2025-06-05 21:00:00+02:00,53446.025,54299.5625,2025-12-13 09:34:08.228144+00:00
2025-06-05 22:00:00+02:00,50848.465,51295.0225,2025-12-13 09:34:08.228144+00:00
2025-06-05 23:00:00+02:00,47711.932499999995,48175.45,2025-12-13 09:34:08.228144+00:00
2025-06-06 00:00:00+02:00,44466.68,45816.3825,2025-12-13 09:34:08.228144+00:00
2025-06-06 01:00:00+02:00,43334.9275,44179.1575,2025-12-13 09:34:08.228144+00:00
2025-06-06 02:00:00+02:00,42644.119999999995,43439.1325,2025-12-13 09:34:08.228144+00:00
2025-06-06 03:00:00+02:00,42870.5575,43598.405,2025-12-13 09:34:08.228144+00:00
2025-06-06 04:00:00+02:00,43972.880000000005,44472.96,2025-12-13 09:34:08.228144+00:00
2025-06-06 05:00:00+02:00,46938.8475,47165.695,2025-12-13 09:34:08.228144+00:00
2025-06-06 06:00:00+02:00,53864.185,53041.3725,2025-12-13 09:34:08.228144+00:00
2025-06-06 07:00:00+02:00,59000.755000000005,58237.53,2025-12-13 09:34:08.228144+00:00
2025-06-06 08:00:00+02:00,62581.485,60982.21,2025-12-13 09:34:08.228144+00:00
2025-06-06 09:00:00+02:00,63727.185,61715.155,2025-12-13 09:34:08.228144+00:00
2025-06-06 10:00:00+02:00,62358.354999999996,62796.8975,2025-12-13 09:34:08.228144+00:00
2025-06-06 11:00:00+02:00,61326.04,63147.0025,2025-12-13 09:34:08.228144+00:00
2025-06-06 12:00:00+02:00,60402.7525,62228.48,2025-12-13 09:34:08.228144+00:00
2025-06-06 13:00:00+02:00,58805.4225,60460.3975,2025-12-13 09:34:08.228144+00:00
2025-06-06 14:00:00+02:00,57653.03,58347.0975,2025-12-13 09:34:08.228144+00:00
2025-06-06 15:00:00+02:00,56510.645,57262.5375,2025-12-13 09:34:08.228144+00:00
2025-06-06 16:00:00+02:00,55782.572499999995,56886.2425,2025-12-13 09:34:08.228144+00:00
2025-06-06 17:00:00+02:00,57253.975,56847.2325,2025-12-13 09:34:08.228144+00:00
2025-06-06 18:00:00+02:00,56738.5075,57143.9125,2025-12-13 09:34:08.228144+00:00
2025-06-06 19:00:00+02:00,56012.8375,57035.582500000004,2025-12-13 09:34:08.228144+00:00
2025-06-06 20:00:00+02:00,54709.707500000004,55077.2325,2025-12-13 09:34:08.228144+00:00
2025-06-06 21:00:00+02:00,51918.15,52720.875,2025-12-13 09:34:08.228144+00:00
2025-06-06 22:00:00+02:00,48521.6175,49754.24,2025-12-13 09:34:08.228144+00:00
2025-06-06 23:00:00+02:00,44969.4075,46556.4375,2025-12-13 09:34:08.228144+00:00
2025-06-07 00:00:00+02:00,41944.3225,43506.119999999995,2025-12-13 09:34:08.228144+00:00
2025-06-07 01:00:00+02:00,40544.16,41663.025,2025-12-13 09:34:08.228144+00:00
2025-06-07 02:00:00+02:00,39310.6375,40641.8175,2025-12-13 09:34:08.228144+00:00
2025-06-07 03:00:00+02:00,38648.9125,40274.535,2025-12-13 09:34:08.228144+00:00
2025-06-07 04:00:00+02:00,38685.3975,40372.9075,2025-12-13 09:34:08.228144+00:00
2025-06-07 05:00:00+02:00,38397.4375,40396.0925,2025-12-13 09:34:08.228144+00:00
2025-06-07 06:00:00+02:00,39980.2875,42255.69,2025-12-13 09:34:08.228144+00:00
2025-06-07 07:00:00+02:00,42503.53,45403.9725,2025-12-13 09:34:08.228144+00:00
2025-06-07 08:00:00+02:00,45432.17,48855.417499999996,2025-12-13 09:34:08.228144+00:00
2025-06-07 09:00:00+02:00,47552.8425,51307.2375,2025-12-13 09:34:08.228144+00:00
2025-06-07 10:00:00+02:00,49275.205,52353.2275,2025-12-13 09:34:08.228144+00:00
2025-06-07 11:00:00+02:00,49839.56,52818.9925,2025-12-13 09:34:08.228144+00:00
2025-06-07 12:00:00+02:00,49622.332500000004,52462.8,2025-12-13 09:34:08.228144+00:00
2025-06-07 13:00:00+02:00,47573.832500000004,50905.985,2025-12-13 09:34:08.228144+00:00
2025-06-07 14:00:00+02:00,46761.442500000005,49479.0025,2025-12-13 09:34:08.228144+00:00
2025-06-07 15:00:00+02:00,46362.5275,48272.325,2025-12-13 09:34:08.228144+00:00
2025-06-07 16:00:00+02:00,45856.775,48304.2375,2025-12-13 09:34:08.228144+00:00
2025-06-07 17:00:00+02:00,45867.5875,49322.83,2025-12-13 09:34:08.228144+00:00
2025-06-07 18:00:00+02:00,46699.465,50475.42,2025-12-13 09:34:08.228144+00:00
2025-06-07 19:00:00+02:00,46380.205,50432.5175,2025-12-13 09:34:08.228144+00:00
2025-06-07 20:00:00+02:00,45033.2225,49276.86,2025-12-13 09:34:08.228144+00:00
2025-06-07 21:00:00+02:00,43746.8475,47777.715,2025-12-13 09:34:08.228144+00:00
2025-06-07 22:00:00+02:00,42370.195,46002.5475,2025-12-13 09:34:08.228144+00:00
2025-06-07 23:00:00+02:00,40436.3375,43497.667499999996,2025-12-13 09:34:08.228144+00:00
2025-06-08 00:00:00+02:00,38327.61,39955.155,2025-12-13 09:34:08.228144+00:00
2025-06-08 01:00:00+02:00,36509.5075,38239.9675,2025-12-13 09:34:08.228144+00:00
2025-06-08 02:00:00+02:00,35131.085,37303.9625,2025-12-13 09:34:08.228144+00:00
2025-06-08 03:00:00+02:00,34207.365,36838.8725,2025-12-13 09:34:08.228144+00:00
2025-06-08 04:00:00+02:00,33916.5125,36893.015,2025-12-13 09:34:08.228144+00:00
2025-06-08 05:00:00+02:00,33862.725000000006,36726.6475,2025-12-13 09:34:08.228144+00:00
2025-06-08 06:00:00+02:00,34321.075,36897.535,2025-12-13 09:34:08.228144+00:00
2025-06-08 07:00:00+02:00,36510.335,38849.8,2025-12-13 09:34:08.228144+00:00
2025-06-08 08:00:00+02:00,39704.335,42363.1625,2025-12-13 09:34:08.228144+00:00
2025-06-08 09:00:00+02:00,42947.7525,45079.8625,2025-12-13 09:34:08.228144+00:00
2025-06-08 10:00:00+02:00,45071.0475,45996.6725,2025-12-13 09:34:08.228144+00:00
2025-06-08 11:00:00+02:00,46358.725,46760.8,2025-12-13 09:34:08.228144+00:00
2025-06-08 12:00:00+02:00,45649.03,46620.1175,2025-12-13 09:34:08.228144+00:00
2025-06-08 13:00:00+02:00,43740.38,45307.0375,2025-12-13 09:34:08.228144+00:00
2025-06-08 14:00:00+02:00,42166.445,44018.67,2025-12-13 09:34:08.228144+00:00
2025-06-08 15:00:00+02:00,41996.435,43530.3625,2025-12-13 09:34:08.228144+00:00
2025-06-08 16:00:00+02:00,42188.77,43533.3775,2025-12-13 09:34:08.228144+00:00
2025-06-08 17:00:00+02:00,43185.345,44492.817500000005,2025-12-13 09:34:08.228144+00:00
2025-06-08 18:00:00+02:00,43934.725,45991.5125,2025-12-13 09:34:08.228144+00:00
2025-06-08 19:00:00+02:00,45188.4125,45856.03,2025-12-13 09:34:08.228144+00:00
2025-06-08 20:00:00+02:00,45252.5975,45474.805,2025-12-13 09:34:08.228144+00:00
2025-06-08 21:00:00+02:00,44278.7625,44708.58,2025-12-13 09:34:08.228144+00:00
2025-06-08 22:00:00+02:00,43368.055,43539.615,2025-12-13 09:34:08.228144+00:00
2025-06-08 23:00:00+02:00,40709.067500000005,41470.8575,2025-12-13 09:34:08.228144+00:00
2025-06-09 00:00:00+02:00,38705.6475,38557.0325,2025-12-13 09:34:08.228144+00:00
2025-06-09 01:00:00+02:00,37027.1475,37235.7175,2025-12-13 09:34:08.228144+00:00
2025-06-09 02:00:00+02:00,36092.1025,36489.76,2025-12-13 09:34:08.228144+00:00
2025-06-09 03:00:00+02:00,35816.335,36242.3575,2025-12-13 09:34:08.228144+00:00
2025-06-09 04:00:00+02:00,35990.177500000005,36600.1125,2025-12-13 09:34:08.228144+00:00
2025-06-09 05:00:00+02:00,36121.957500000004,36512.4125,2025-12-13 09:34:08.228144+00:00
2025-06-09 06:00:00+02:00,37060.3575,37326.2125,2025-12-13 09:34:08.228144+00:00
2025-06-09 07:00:00+02:00,39003.165,39769.825,2025-12-13 09:34:08.228144+00:00
2025-06-09 08:00:00+02:00,42321.777500000004,43203.2525,2025-12-13 09:34:08.228144+00:00
2025-06-09 09:00:00+02:00,43256.1525,45964.5125,2025-12-13 09:34:08.228144+00:00
2025-06-09 10:00:00+02:00,43586.19,47300.130000000005,2025-12-13 09:34:08.228144+00:00
2025-06-09 11:00:00+02:00,43984.7975,48353.6975,2025-12-13 09:34:08.228144+00:00
2025-06-09 12:00:00+02:00,44523.8725,48304.77,2025-12-13 09:34:08.228144+00:00
2025-06-09 13:00:00+02:00,43057.16,46924.275,2025-12-13 09:34:08.228144+00:00
2025-06-09 14:00:00+02:00,41589.2725,45497.555,2025-12-13 09:34:08.228144+00:00
2025-06-09 15:00:00+02:00,40872.9075,44881.9125,2025-12-13 09:34:08.228144+00:00
2025-06-09 16:00:00+02:00,41528.2475,44765.2525,2025-12-13 09:34:08.228144+00:00
2025-06-09 17:00:00+02:00,44126.052500000005,45616.2975,2025-12-13 09:34:08.228144+00:00
2025-06-09 18:00:00+02:00,45143.64,47003.942500000005,2025-12-13 09:34:08.228144+00:00
2025-06-09 19:00:00+02:00,45071.56,47035.505,2025-12-13 09:34:08.228144+00:00
2025-06-09 20:00:00+02:00,44604.567500000005,46613.325,2025-12-13 09:34:08.228144+00:00
2025-06-09 21:00:00+02:00,44063.985,45679.7325,2025-12-13 09:34:08.228144+00:00
2025-06-09 22:00:00+02:00,43324.0025,44371.195,2025-12-13 09:34:08.228144+00:00
2025-06-09 23:00:00+02:00,40796.745,42306.395000000004,2025-12-13 09:34:08.228144+00:00
2025-06-10 00:00:00+02:00,38197.652500000004,41402.215,2025-12-13 09:34:08.228144+00:00
2025-06-10 01:00:00+02:00,36940.4,40238.55,2025-12-13 09:34:08.228144+00:00
2025-06-10 02:00:00+02:00,36414.88,39912.9925,2025-12-13 09:34:08.228144+00:00
2025-06-10 03:00:00+02:00,36500.215,40218.3825,2025-12-13 09:34:08.228144+00:00
2025-06-10 04:00:00+02:00,38011.68,41410.03,2025-12-13 09:34:08.228144+00:00
2025-06-10 05:00:00+02:00,41094.052500000005,44183.33,2025-12-13 09:34:08.228144+00:00
2025-06-10 06:00:00+02:00,48739.695,49845.46,2025-12-13 09:34:08.228144+00:00
2025-06-10 07:00:00+02:00,53843.5025,54920.17,2025-12-13 09:34:08.228144+00:00
2025-06-10 08:00:00+02:00,56968.9775,58270.455,2025-12-13 09:34:08.228144+00:00
2025-06-10 09:00:00+02:00,58243.4,60162.729999999996,2025-12-13 09:34:08.228144+00:00
2025-06-10 10:00:00+02:00,59295.1725,61174.34,2025-12-13 09:34:08.228144+00:00
2025-06-10 11:00:00+02:00,59965.884999999995,62109.2425,2025-12-13 09:34:08.228144+00:00
2025-06-10 12:00:00+02:00,59249.45,61825.8125,2025-12-13 09:34:08.228144+00:00
2025-06-10 13:00:00+02:00,57696.3425,60854.192500000005,2025-12-13 09:34:08.228144+00:00
2025-06-10 14:00:00+02:00,57177.7875,59325.4975,2025-12-13 09:34:08.228144+00:00
2025-06-10 15:00:00+02:00,56938.1725,58908.472499999996,2025-12-13 09:34:08.228144+00:00
2025-06-10 16:00:00+02:00,56820.8525,58023.8675,2025-12-13 09:34:08.228144+00:00
2025-06-10 17:00:00+02:00,56869.6875,58102.369999999995,2025-12-13 09:34:08.228144+00:00
2025-06-10 18:00:00+02:00,56540.3825,57978.707500000004,2025-12-13 09:34:08.228144+00:00
2025-06-10 19:00:00+02:00,56423.215,57144.6825,2025-12-13 09:34:08.228144+00:00
2025-06-10 20:00:00+02:00,55304.1225,55184.145,2025-12-13 09:34:08.228144+00:00
2025-06-10 21:00:00+02:00,53074.8125,52625.0675,2025-12-13 09:34:08.228144+00:00
2025-06-10 22:00:00+02:00,50964.057499999995,49853.3175,2025-12-13 09:34:08.228144+00:00
2025-06-10 23:00:00+02:00,47890.399999999994,46425.2325,2025-12-13 09:34:08.228144+00:00
2025-06-11 00:00:00+02:00,44945.5125,44509.405,2025-12-13 09:34:08.228144+00:00
2025-06-11 01:00:00+02:00,43253.5975,42949.285,2025-12-13 09:34:08.228144+00:00
2025-06-11 02:00:00+02:00,42637.6775,42121.085,2025-12-13 09:34:08.228144+00:00
2025-06-11 03:00:00+02:00,42996.807499999995,42100.207500000004,2025-12-13 09:34:08.228144+00:00
2025-06-11 04:00:00+02:00,44001.045,43037.6575,2025-12-13 09:34:08.228144+00:00
2025-06-11 05:00:00+02:00,46230.465,44580.8775,2025-12-13 09:34:08.228144+00:00
2025-06-11 06:00:00+02:00,52909.1,49628.94,2025-12-13 09:34:08.228144+00:00
2025-06-11 07:00:00+02:00,57439.845,54805.76,2025-12-13 09:34:08.228144+00:00
2025-06-11 08:00:00+02:00,59759.9825,58506.009999999995,2025-12-13 09:34:08.228144+00:00
2025-06-11 09:00:00+02:00,58851.12,59974.04,2025-12-13 09:34:08.228144+00:00
2025-06-11 10:00:00+02:00,59037.64,60744.8975,2025-12-13 09:34:08.228144+00:00
2025-06-11 11:00:00+02:00,58812.325,61394.475,2025-12-13 09:34:08.228144+00:00
2025-06-11 12:00:00+02:00,56904.325,61003.7675,2025-12-13 09:34:08.228144+00:00
2025-06-11 13:00:00+02:00,55729.9175,60090.86,2025-12-13 09:34:08.228144+00:00
2025-06-11 14:00:00+02:00,54460.06,58432.2425,2025-12-13 09:34:08.228144+00:00
2025-06-11 15:00:00+02:00,53935.73,57529.35,2025-12-13 09:34:08.228144+00:00
2025-06-11 16:00:00+02:00,53494.95,56710.62,2025-12-13 09:34:08.228144+00:00
2025-06-11 17:00:00+02:00,54762.21,56856.2675,2025-12-13 09:34:08.228144+00:00
2025-06-11 18:00:00+02:00,55677.625,57279.3375,2025-12-13 09:34:08.228144+00:00
2025-06-11 19:00:00+02:00,56405.79,56570.9125,2025-12-13 09:34:08.228144+00:00
2025-06-11 20:00:00+02:00,55283.125,54603.32,2025-12-13 09:34:08.228144+00:00
2025-06-11 21:00:00+02:00,53261.9,52454.4225,2025-12-13 09:34:08.228144+00:00
2025-06-11 22:00:00+02:00,51186.775,49490.035,2025-12-13 09:34:08.228144+00:00
2025-06-11 23:00:00+02:00,47507.165,46230.119999999995,2025-12-13 09:34:08.228144+00:00
2025-06-12 00:00:00+02:00,44012.1075,43613.33,2025-12-13 09:34:08.228144+00:00
2025-06-12 01:00:00+02:00,42236.2425,42298.3125,2025-12-13 09:34:08.228144+00:00
2025-06-12 02:00:00+02:00,41196.685,41642.1325,2025-12-13 09:34:08.228144+00:00
2025-06-12 03:00:00+02:00,40925.557499999995,41643.1225,2025-12-13 09:34:08.228144+00:00
2025-06-12 04:00:00+02:00,41889.7275,42490.315,2025-12-13 09:34:08.228144+00:00
2025-06-12 05:00:00+02:00,45005.41,43997.5825,2025-12-13 09:34:08.228144+00:00
2025-06-12 06:00:00+02:00,51522.79,48912.04,2025-12-13 09:34:08.228144+00:00
2025-06-12 07:00:00+02:00,56686.917499999996,53744.7525,2025-12-13 09:34:08.228144+00:00
2025-06-12 08:00:00+02:00,58200.045,57171.0275,2025-12-13 09:34:08.228144+00:00
2025-06-12 09:00:00+02:00,57800.675,59069.4775,2025-12-13 09:34:08.228144+00:00
2025-06-12 10:00:00+02:00,57511.1075,59618.4525,2025-12-13 09:34:08.228144+00:00
2025-06-12 11:00:00+02:00,56934.4625,60553.8975,2025-12-13 09:34:08.228144+00:00
2025-06-12 12:00:00+02:00,55646.0325,60136.917499999996,2025-12-13 09:34:08.228144+00:00
2025-06-12 13:00:00+02:00,54772.1125,59508.332500000004,2025-12-13 09:34:08.228144+00:00
2025-06-12 14:00:00+02:00,54460.9875,57974.845,2025-12-13 09:34:08.228144+00:00
2025-06-12 15:00:00+02:00,54204.075,56874.84,2025-12-13 09:34:08.228144+00:00
2025-06-12 16:00:00+02:00,53944.14,56144.8025,2025-12-13 09:34:08.228144+00:00
2025-06-12 17:00:00+02:00,55395.635,56005.57,2025-12-13 09:34:08.228144+00:00
2025-06-12 18:00:00+02:00,55936.3875,56241.615,2025-12-13 09:34:08.228144+00:00
2025-06-12 19:00:00+02:00,56633.302500000005,55952.1575,2025-12-13 09:34:08.228144+00:00
2025-06-12 20:00:00+02:00,55549.58,54426.6175,2025-12-13 09:34:08.228144+00:00
2025-06-12 21:00:00+02:00,53898.7475,52666.425,2025-12-13 09:34:08.228144+00:00
2025-06-12 22:00:00+02:00,51935.5375,49930.97,2025-12-13 09:34:08.228144+00:00
2025-06-12 23:00:00+02:00,48512.5225,46881.0125,2025-12-13 09:34:08.228144+00:00
2025-06-13 00:00:00+02:00,45564.295,44486.3725,2025-12-13 09:34:08.228144+00:00
2025-06-13 01:00:00+02:00,43387.3875,43183.045,2025-12-13 09:34:08.228144+00:00
2025-06-13 02:00:00+02:00,42546.56,42275.630000000005,2025-12-13 09:34:08.228144+00:00
2025-06-13 03:00:00+02:00,42519.0125,42155.7,2025-12-13 09:34:08.228144+00:00
2025-06-13 04:00:00+02:00,42994.76,42900.09,2025-12-13 09:34:08.228144+00:00
2025-06-13 05:00:00+02:00,45728.2725,44405.697499999995,2025-12-13 09:34:08.228144+00:00
2025-06-13 06:00:00+02:00,52007.9775,49460.9125,2025-12-13 09:34:08.228144+00:00
2025-06-13 07:00:00+02:00,55983.38,54354.3275,2025-12-13 09:34:08.228144+00:00
2025-06-13 08:00:00+02:00,58067.805,57021.3575,2025-12-13 09:34:08.228144+00:00
2025-06-13 09:00:00+02:00,58170.2175,58794.3275,2025-12-13 09:34:08.228144+00:00
2025-06-13 10:00:00+02:00,58627.41,59994.4825,2025-12-13 09:34:08.228144+00:00
2025-06-13 11:00:00+02:00,58406.995,60530.9475,2025-12-13 09:34:08.228144+00:00
2025-06-13 12:00:00+02:00,57588.95,59954.63,2025-12-13 09:34:08.228144+00:00
2025-06-13 13:00:00+02:00,55700.015,58526.9,2025-12-13 09:34:08.228144+00:00
2025-06-13 14:00:00+02:00,54670.2875,56610.1625,2025-12-13 09:34:08.228144+00:00
2025-06-13 15:00:00+02:00,54177.697499999995,56199.305,2025-12-13 09:34:08.228144+00:00
2025-06-13 16:00:00+02:00,53982.095,55066.69,2025-12-13 09:34:08.228144+00:00
2025-06-13 17:00:00+02:00,54043.865,55180.11,2025-12-13 09:34:08.228144+00:00
2025-06-13 18:00:00+02:00,54088.1525,55057.4825,2025-12-13 09:34:08.228144+00:00
2025-06-13 19:00:00+02:00,53854.3475,54172.57,2025-12-13 09:34:08.228144+00:00
2025-06-13 20:00:00+02:00,53039.2,52659.015,2025-12-13 09:34:08.228144+00:00
2025-06-13 21:00:00+02:00,51350.862499999996,50350.365,2025-12-13 09:34:08.228144+00:00
2025-06-13 22:00:00+02:00,49575.152500000004,47738.685,2025-12-13 09:34:08.228144+00:00
2025-06-13 23:00:00+02:00,46779.479999999996,44452.09,2025-12-13 09:34:08.228144+00:00
2025-06-14 00:00:00+02:00,44233.09,42455.9825,2025-12-13 09:34:08.228144+00:00
2025-06-14 01:00:00+02:00,41943.979999999996,40645.24,2025-12-13 09:34:08.228144+00:00
2025-06-14 02:00:00+02:00,40412.145000000004,39557.1425,2025-12-13 09:34:08.228144+00:00
2025-06-14 03:00:00+02:00,39956.354999999996,39051.4625,2025-12-13 09:34:08.228144+00:00
2025-06-14 04:00:00+02:00,39830.76,39096.7475,2025-12-13 09:34:08.228144+00:00
2025-06-14 05:00:00+02:00,40082.1775,38772.465,2025-12-13 09:34:08.228144+00:00
2025-06-14 06:00:00+02:00,41887.8725,40726.425,2025-12-13 09:34:08.228144+00:00
2025-06-14 07:00:00+02:00,44699.66,43592.152500000004,2025-12-13 09:34:08.228144+00:00
2025-06-14 08:00:00+02:00,47695.3,47270.5325,2025-12-13 09:34:08.228144+00:00
2025-06-14 09:00:00+02:00,49154.1975,50154.4325,2025-12-13 09:34:08.228144+00:00
2025-06-14 10:00:00+02:00,48825.425,51617.994999999995,2025-12-13 09:34:08.228144+00:00
2025-06-14 11:00:00+02:00,48735.845,52433.125,2025-12-13 09:34:08.228144+00:00
2025-06-14 12:00:00+02:00,47992.384999999995,51956.9925,2025-12-13 09:34:08.228144+00:00
2025-06-14 13:00:00+02:00,46766.0625,50679.415,2025-12-13 09:34:08.228144+00:00
2025-06-14 14:00:00+02:00,45862.3125,49631.215,2025-12-13 09:34:08.228144+00:00
2025-06-14 15:00:00+02:00,46141.5575,48951.2275,2025-12-13 09:34:08.228144+00:00
2025-06-14 16:00:00+02:00,46740.935,48306.6075,2025-12-13 09:34:08.228144+00:00
2025-06-14 17:00:00+02:00,47936.585,48595.47,2025-12-13 09:34:08.228144+00:00
2025-06-14 18:00:00+02:00,48714.5025,48940.515,2025-12-13 09:34:08.228144+00:00
2025-06-14 19:00:00+02:00,49144.557499999995,48757.2825,2025-12-13 09:34:08.228144+00:00
2025-06-14 20:00:00+02:00,48316.729999999996,47635.5475,2025-12-13 09:34:08.228144+00:00
2025-06-14 21:00:00+02:00,46960.155,46089.975,2025-12-13 09:34:08.228144+00:00
2025-06-14 22:00:00+02:00,46095.4075,44405.115,2025-12-13 09:34:08.228144+00:00
2025-06-14 23:00:00+02:00,43586.182499999995,42122.7225,2025-12-13 09:34:08.228144+00:00
2025-06-15 00:00:00+02:00,40826.6575,40894.7525,2025-12-13 09:34:08.228144+00:00
2025-06-15 01:00:00+02:00,38983.3,39298.28,2025-12-13 09:34:08.228144+00:00
2025-06-15 02:00:00+02:00,37711.2175,38298.5075,2025-12-13 09:34:08.228144+00:00
2025-06-15 03:00:00+02:00,36608.7575,37935.59,2025-12-13 09:34:08.228144+00:00
2025-06-15 04:00:00+02:00,35581.385,38163.4475,2025-12-13 09:34:08.228144+00:00
2025-06-15 05:00:00+02:00,35382.205,38154.85,2025-12-13 09:34:08.228144+00:00
2025-06-15 06:00:00+02:00,36648.5725,39529.8125,2025-12-13 09:34:08.228144+00:00
2025-06-15 07:00:00+02:00,38561.315,41642.5575,2025-12-13 09:34:08.228144+00:00
2025-06-15 08:00:00+02:00,41228.1125,44821.7625,2025-12-13 09:34:08.228144+00:00
2025-06-15 09:00:00+02:00,44045.9975,47570.185,2025-12-13 09:34:08.228144+00:00
2025-06-15 10:00:00+02:00,45543.8575,49217.2275,2025-12-13 09:34:08.228144+00:00
2025-06-15 11:00:00+02:00,47010.58,49996.955,2025-12-13 09:34:08.228144+00:00
2025-06-15 12:00:00+02:00,47154.56,49553.0,2025-12-13 09:34:08.228144+00:00
2025-06-15 13:00:00+02:00,45871.417499999996,48325.465,2025-12-13 09:34:08.228144+00:00
2025-06-15 14:00:00+02:00,44951.6325,46839.2075,2025-12-13 09:34:08.228144+00:00
2025-06-15 15:00:00+02:00,43778.88,45981.9525,2025-12-13 09:34:08.228144+00:00
2025-06-15 16:00:00+02:00,44207.425,45742.2625,2025-12-13 09:34:08.228144+00:00
2025-06-15 17:00:00+02:00,46065.79,46608.2825,2025-12-13 09:34:08.228144+00:00
2025-06-15 18:00:00+02:00,47177.3175,47814.6575,2025-12-13 09:34:08.228144+00:00
2025-06-15 19:00:00+02:00,46854.212499999994,48523.455,2025-12-13 09:34:08.228144+00:00
2025-06-15 20:00:00+02:00,46402.5625,47953.7025,2025-12-13 09:34:08.228144+00:00
2025-06-15 21:00:00+02:00,45507.652500000004,46904.9075,2025-12-13 09:34:08.228144+00:00
2025-06-15 22:00:00+02:00,45294.225,45476.185,2025-12-13 09:34:08.228144+00:00
2025-06-15 23:00:00+02:00,43496.692500000005,43217.2675,2025-12-13 09:34:08.228144+00:00
2025-06-16 00:00:00+02:00,41549.7275,40837.947499999995,2025-12-13 09:34:08.228144+00:00
2025-06-16 01:00:00+02:00,40350.8475,39598.0175,2025-12-13 09:34:08.228144+00:00
2025-06-16 02:00:00+02:00,40011.2675,38828.425,2025-12-13 09:34:08.228144+00:00
2025-06-16 03:00:00+02:00,39646.9475,39230.1075,2025-12-13 09:34:08.228144+00:00
2025-06-16 04:00:00+02:00,40412.4775,40530.729999999996,2025-12-13 09:34:08.228144+00:00
2025-06-16 05:00:00+02:00,43548.44,43679.4775,2025-12-13 09:34:08.228144+00:00
2025-06-16 06:00:00+02:00,50776.2625,50754.69,2025-12-13 09:34:08.228144+00:00
2025-06-16 07:00:00+02:00,56259.395000000004,56118.1775,2025-12-13 09:34:08.228144+00:00
2025-06-16 08:00:00+02:00,59591.99,60400.1125,2025-12-13 09:34:08.228144+00:00
2025-06-16 09:00:00+02:00,59757.0025,62263.8875,2025-12-13 09:34:08.228144+00:00
2025-06-16 10:00:00+02:00,59431.229999999996,62878.445,2025-12-13 09:34:08.228144+00:00
2025-06-16 11:00:00+02:00,59891.2675,62594.9775,2025-12-13 09:34:08.228144+00:00
2025-06-16 12:00:00+02:00,59876.475,61890.7575,2025-12-13 09:34:08.228144+00:00
2025-06-16 13:00:00+02:00,59813.1225,61007.81,2025-12-13 09:34:08.228144+00:00
2025-06-16 14:00:00+02:00,58966.575,59584.6925,2025-12-13 09:34:08.228144+00:00
2025-06-16 15:00:00+02:00,58226.385,57874.72,2025-12-13 09:34:08.228144+00:00
2025-06-16 16:00:00+02:00,57619.81,57031.1875,2025-12-13 09:34:08.228144+00:00
2025-06-16 17:00:00+02:00,57350.775,56432.625,2025-12-13 09:34:08.228144+00:00
2025-06-16 18:00:00+02:00,57387.7975,56914.4225,2025-12-13 09:34:08.228144+00:00
2025-06-16 19:00:00+02:00,57681.115,57052.06,2025-12-13 09:34:08.228144+00:00
2025-06-16 20:00:00+02:00,56231.2,55723.0825,2025-12-13 09:34:08.228144+00:00
2025-06-16 21:00:00+02:00,54237.3525,53564.33,2025-12-13 09:34:08.228144+00:00
2025-06-16 22:00:00+02:00,51831.197499999995,50692.229999999996,2025-12-13 09:34:08.228144+00:00
2025-06-16 23:00:00+02:00,48565.792499999996,47475.9625,2025-12-13 09:34:08.228144+00:00
2025-06-17 00:00:00+02:00,45869.465,44315.685,2025-12-13 09:34:08.228144+00:00
2025-06-17 01:00:00+02:00,43947.35,42641.3075,2025-12-13 09:34:08.228144+00:00
2025-06-17 02:00:00+02:00,42409.3225,41637.905,2025-12-13 09:34:08.228144+00:00
2025-06-17 03:00:00+02:00,42208.56,41782.55,2025-12-13 09:34:08.228144+00:00
2025-06-17 04:00:00+02:00,43064.025,42695.46,2025-12-13 09:34:08.228144+00:00
2025-06-17 05:00:00+02:00,45934.1425,44499.72,2025-12-13 09:34:08.228144+00:00
2025-06-17 06:00:00+02:00,52415.0075,49890.975,2025-12-13 09:34:08.228144+00:00
2025-06-17 07:00:00+02:00,57141.2225,55389.9275,2025-12-13 09:34:08.228144+00:00
2025-06-17 08:00:00+02:00,58731.835,58837.307499999995,2025-12-13 09:34:08.228144+00:00
2025-06-17 09:00:00+02:00,58650.8375,60279.715,2025-12-13 09:34:08.228144+00:00
2025-06-17 10:00:00+02:00,58590.44,60870.67,2025-12-13 09:34:08.228144+00:00
2025-06-17 11:00:00+02:00,58602.59,61399.28,2025-12-13 09:34:08.228144+00:00
2025-06-17 12:00:00+02:00,57562.1175,60940.86,2025-12-13 09:34:08.228144+00:00
2025-06-17 13:00:00+02:00,56061.2775,59196.27,2025-12-13 09:34:08.228144+00:00
2025-06-17 14:00:00+02:00,54884.020000000004,57908.875,2025-12-13 09:34:08.228144+00:00
2025-06-17 15:00:00+02:00,55238.0225,57382.5125,2025-12-13 09:34:08.228144+00:00
2025-06-17 16:00:00+02:00,55553.229999999996,56794.8875,2025-12-13 09:34:08.228144+00:00
2025-06-17 17:00:00+02:00,56255.41,56838.869999999995,2025-12-13 09:34:08.228144+00:00
2025-06-17 18:00:00+02:00,56794.96,56733.17,2025-12-13 09:34:08.228144+00:00
2025-06-17 19:00:00+02:00,57492.6775,56141.155,2025-12-13 09:34:08.228144+00:00
2025-06-17 20:00:00+02:00,56757.445,55217.7275,2025-12-13 09:34:08.228144+00:00
2025-06-17 21:00:00+02:00,54145.235,53440.83,2025-12-13 09:34:08.228144+00:00
2025-06-17 22:00:00+02:00,51572.6675,50891.99,2025-12-13 09:34:08.228144+00:00
2025-06-17 23:00:00+02:00,48856.1375,47821.915,2025-12-13 09:34:08.228144+00:00
2025-06-18 00:00:00+02:00,45612.5325,44637.3675,2025-12-13 09:34:08.228144+00:00
2025-06-18 01:00:00+02:00,43513.43,43249.4675,2025-12-13 09:34:08.228144+00:00
2025-06-18 02:00:00+02:00,42442.417499999996,42678.9825,2025-12-13 09:34:08.228144+00:00
2025-06-18 03:00:00+02:00,42306.9675,42749.73,2025-12-13 09:34:08.228144+00:00
2025-06-18 04:00:00+02:00,43223.6875,43844.307499999995,2025-12-13 09:34:08.228144+00:00
2025-06-18 05:00:00+02:00,45509.3375,45433.962499999994,2025-12-13 09:34:08.228144+00:00
2025-06-18 06:00:00+02:00,51756.7,50477.134999999995,2025-12-13 09:34:08.228144+00:00
2025-06-18 07:00:00+02:00,56510.215,55859.235,2025-12-13 09:34:08.228144+00:00
2025-06-18 08:00:00+02:00,59262.1475,59511.317500000005,2025-12-13 09:34:08.228144+00:00
2025-06-18 09:00:00+02:00,58469.8975,61055.270000000004,2025-12-13 09:34:08.228144+00:00
2025-06-18 10:00:00+02:00,57581.7575,60978.685,2025-12-13 09:34:08.228144+00:00
2025-06-18 11:00:00+02:00,57477.845,60495.59,2025-12-13 09:34:08.228144+00:00
2025-06-18 12:00:00+02:00,57125.8875,59521.25,2025-12-13 09:34:08.228144+00:00
2025-06-18 13:00:00+02:00,56715.8375,58364.192500000005,2025-12-13 09:34:08.228144+00:00
2025-06-18 14:00:00+02:00,56560.055,56773.229999999996,2025-12-13 09:34:08.228144+00:00
2025-06-18 15:00:00+02:00,55875.567500000005,55585.545,2025-12-13 09:34:08.228144+00:00
2025-06-18 16:00:00+02:00,56189.135,54770.2575,2025-12-13 09:34:08.228144+00:00
2025-06-18 17:00:00+02:00,57038.3625,55113.2475,2025-12-13 09:34:08.228144+00:00
2025-06-18 18:00:00+02:00,57462.7525,55699.645,2025-12-13 09:34:08.228144+00:00
2025-06-18 19:00:00+02:00,57371.68,56032.9975,2025-12-13 09:34:08.228144+00:00
2025-06-18 20:00:00+02:00,56133.08,54697.7475,2025-12-13 09:34:08.228144+00:00
2025-06-18 21:00:00+02:00,53967.7675,52938.0175,2025-12-13 09:34:08.228144+00:00
2025-06-18 22:00:00+02:00,51696.72,49880.2275,2025-12-13 09:34:08.228144+00:00
2025-06-18 23:00:00+02:00,48350.235,46734.1275,2025-12-13 09:34:08.228144+00:00
2025-06-19 00:00:00+02:00,45401.552500000005,44057.7675,2025-12-13 09:34:08.228144+00:00
2025-06-19 01:00:00+02:00,43367.7,42175.745,2025-12-13 09:34:08.228144+00:00
2025-06-19 02:00:00+02:00,41809.5025,41045.3,2025-12-13 09:34:08.228144+00:00
2025-06-19 03:00:00+02:00,41328.67,40408.8625,2025-12-13 09:34:08.228144+00:00
2025-06-19 04:00:00+02:00,41356.965,40523.527500000004,2025-12-13 09:34:08.228144+00:00
2025-06-19 05:00:00+02:00,42052.01,39712.0025,2025-12-13 09:34:08.228144+00:00
2025-06-19 06:00:00+02:00,44592.5775,40329.2225,2025-12-13 09:34:08.228144+00:00
2025-06-19 07:00:00+02:00,47854.025,43225.5375,2025-12-13 09:34:08.228144+00:00
2025-06-19 08:00:00+02:00,50615.33,46672.9825,2025-12-13 09:34:08.228144+00:00
2025-06-19 09:00:00+02:00,50869.2825,48912.2225,2025-12-13 09:34:08.228144+00:00
2025-06-19 10:00:00+02:00,50318.567500000005,50049.024999999994,2025-12-13 09:34:08.228144+00:00
2025-06-19 11:00:00+02:00,50390.38,51211.7475,2025-12-13 09:34:08.228144+00:00
2025-06-19 12:00:00+02:00,49777.229999999996,51001.64,2025-12-13 09:34:08.228144+00:00
2025-06-19 13:00:00+02:00,48595.9075,49857.895000000004,2025-12-13 09:34:08.228144+00:00
2025-06-19 14:00:00+02:00,47604.8575,48645.8225,2025-12-13 09:34:08.228144+00:00
2025-06-19 15:00:00+02:00,47170.6425,48114.85,2025-12-13 09:34:08.228144+00:00
2025-06-19 16:00:00+02:00,47352.009999999995,48192.61,2025-12-13 09:34:08.228144+00:00
2025-06-19 17:00:00+02:00,49641.22749999999,48977.0225,2025-12-13 09:34:08.228144+00:00
2025-06-19 18:00:00+02:00,50301.805,49848.6375,2025-12-13 09:34:08.228144+00:00
2025-06-19 19:00:00+02:00,49823.845,49793.22,2025-12-13 09:34:08.228144+00:00
2025-06-19 20:00:00+02:00,49911.7475,49054.7125,2025-12-13 09:34:08.228144+00:00
2025-06-19 21:00:00+02:00,48328.9,47879.057499999995,2025-12-13 09:34:08.228144+00:00
2025-06-19 22:00:00+02:00,47120.385,46184.14,2025-12-13 09:34:08.228144+00:00
2025-06-19 23:00:00+02:00,44526.7375,43867.3575,2025-12-13 09:34:08.228144+00:00
2025-06-20 00:00:00+02:00,42247.265,41685.1675,2025-12-13 09:34:08.228144+00:00
2025-06-20 01:00:00+02:00,40721.4875,40304.947499999995,2025-12-13 09:34:08.228144+00:00
2025-06-20 02:00:00+02:00,39090.1525,39791.5475,2025-12-13 09:34:08.228144+00:00
2025-06-20 03:00:00+02:00,38871.165,39487.3725,2025-12-13 09:34:08.228144+00:00
2025-06-20 04:00:00+02:00,39466.305,40248.1325,2025-12-13 09:34:08.228144+00:00
2025-06-20 05:00:00+02:00,41439.042499999996,40901.6625,2025-12-13 09:34:08.228144+00:00
2025-06-20 06:00:00+02:00,46238.6825,43616.695,2025-12-13 09:34:08.228144+00:00
2025-06-20 07:00:00+02:00,50341.485,47517.130000000005,2025-12-13 09:34:08.228144+00:00
2025-06-20 08:00:00+02:00,53086.630000000005,51091.7125,2025-12-13 09:34:08.228144+00:00
2025-06-20 09:00:00+02:00,52842.3375,53054.402500000004,2025-12-13 09:34:08.228144+00:00
2025-06-20 10:00:00+02:00,52539.965000000004,54033.5875,2025-12-13 09:34:08.228144+00:00
2025-06-20 11:00:00+02:00,52322.417499999996,54709.1225,2025-12-13 09:34:08.228144+00:00
2025-06-20 12:00:00+02:00,51841.085,54317.5,2025-12-13 09:34:08.228144+00:00
2025-06-20 13:00:00+02:00,50595.729999999996,53214.6175,2025-12-13 09:34:08.228144+00:00
2025-06-20 14:00:00+02:00,49482.2675,52012.73,2025-12-13 09:34:08.228144+00:00
2025-06-20 15:00:00+02:00,49368.815,51422.3675,2025-12-13 09:34:08.228144+00:00
2025-06-20 16:00:00+02:00,49571.3725,51187.755,2025-12-13 09:34:08.228144+00:00
2025-06-20 17:00:00+02:00,50120.7975,51289.11,2025-12-13 09:34:08.228144+00:00
2025-06-20 18:00:00+02:00,51152.26,51881.37,2025-12-13 09:34:08.228144+00:00
2025-06-20 19:00:00+02:00,51439.24,51665.3225,2025-12-13 09:34:08.228144+00:00
2025-06-20 20:00:00+02:00,50555.905,50646.815,2025-12-13 09:34:08.228144+00:00
2025-06-20 21:00:00+02:00,48274.185,49247.525,2025-12-13 09:34:08.228144+00:00
2025-06-20 22:00:00+02:00,46607.6225,47165.9725,2025-12-13 09:34:08.228144+00:00
2025-06-20 23:00:00+02:00,43508.4625,44600.3575,2025-12-13 09:34:08.228144+00:00
2025-06-21 00:00:00+02:00,40947.1525,42032.1825,2025-12-13 09:34:08.228144+00:00
2025-06-21 01:00:00+02:00,39057.28,40517.972499999996,2025-12-13 09:34:08.228144+00:00
2025-06-21 02:00:00+02:00,38067.345,39676.56,2025-12-13 09:34:08.228144+00:00
2025-06-21 03:00:00+02:00,37626.097499999996,39228.65,2025-12-13 09:34:08.228144+00:00
2025-06-21 04:00:00+02:00,37190.692500000005,39060.765,2025-12-13 09:34:08.228144+00:00
2025-06-21 05:00:00+02:00,37162.807499999995,38505.1725,2025-12-13 09:34:08.228144+00:00
2025-06-21 06:00:00+02:00,39156.755,39642.2175,2025-12-13 09:34:08.228144+00:00
2025-06-21 07:00:00+02:00,42353.4475,42485.195,2025-12-13 09:34:08.228144+00:00
2025-06-21 08:00:00+02:00,45096.5725,45904.4275,2025-12-13 09:34:08.228144+00:00
2025-06-21 09:00:00+02:00,46768.47,48479.057499999995,2025-12-13 09:34:08.228144+00:00
2025-06-21 10:00:00+02:00,46779.53,49795.0775,2025-12-13 09:34:08.228144+00:00
2025-06-21 11:00:00+02:00,46867.0925,50045.380000000005,2025-12-13 09:34:08.228144+00:00
2025-06-21 12:00:00+02:00,45726.7275,49267.6725,2025-12-13 09:34:08.228144+00:00
2025-06-21 13:00:00+02:00,44504.905,47949.985,2025-12-13 09:34:08.228144+00:00
2025-06-21 14:00:00+02:00,43885.130000000005,46605.145000000004,2025-12-13 09:34:08.228144+00:00
2025-06-21 15:00:00+02:00,43662.115,45409.5325,2025-12-13 09:34:08.228144+00:00
2025-06-21 16:00:00+02:00,44755.2275,45153.03,2025-12-13 09:34:08.228144+00:00
2025-06-21 17:00:00+02:00,45477.7725,45380.235,2025-12-13 09:34:08.228144+00:00
2025-06-21 18:00:00+02:00,46411.0225,46458.8425,2025-12-13 09:34:08.228144+00:00
2025-06-21 19:00:00+02:00,47059.585,47012.435,2025-12-13 09:34:08.228144+00:00
2025-06-21 20:00:00+02:00,46570.955,46356.39,2025-12-13 09:34:08.228144+00:00
2025-06-21 21:00:00+02:00,44932.1075,45150.3725,2025-12-13 09:34:08.228144+00:00
2025-06-21 22:00:00+02:00,44011.229999999996,43483.6,2025-12-13 09:34:08.228144+00:00
2025-06-21 23:00:00+02:00,41756.975,41332.785,2025-12-13 09:34:08.228144+00:00
2025-06-22 00:00:00+02:00,38910.9325,39677.2375,2025-12-13 09:34:08.228144+00:00
2025-06-22 01:00:00+02:00,36798.097499999996,38050.4225,2025-12-13 09:34:08.228144+00:00
2025-06-22 02:00:00+02:00,35501.557499999995,37142.97,2025-12-13 09:34:08.228144+00:00
2025-06-22 03:00:00+02:00,34906.2825,36811.7975,2025-12-13 09:34:08.228144+00:00
2025-06-22 04:00:00+02:00,34591.625,36898.3825,2025-12-13 09:34:08.228144+00:00
2025-06-22 05:00:00+02:00,34157.72,37047.46,2025-12-13 09:34:08.228144+00:00
2025-06-22 06:00:00+02:00,35114.9775,38377.520000000004,2025-12-13 09:34:08.228144+00:00
2025-06-22 07:00:00+02:00,37324.7125,41124.0625,2025-12-13 09:34:08.228144+00:00
2025-06-22 08:00:00+02:00,40329.46,43994.332500000004,2025-12-13 09:34:08.228144+00:00
2025-06-22 09:00:00+02:00,42204.0675,46223.47,2025-12-13 09:34:08.228144+00:00
2025-06-22 10:00:00+02:00,43100.1575,48176.2325,2025-12-13 09:34:08.228144+00:00
2025-06-22 11:00:00+02:00,44033.245,49360.28,2025-12-13 09:34:08.228144+00:00
2025-06-22 12:00:00+02:00,43649.3525,49551.9275,2025-12-13 09:34:08.228144+00:00
2025-06-22 13:00:00+02:00,43121.3525,48847.2775,2025-12-13 09:34:08.228144+00:00
2025-06-22 14:00:00+02:00,42284.2725,47827.9625,2025-12-13 09:34:08.228144+00:00
2025-06-22 15:00:00+02:00,42436.65,47275.3975,2025-12-13 09:34:08.228144+00:00
2025-06-22 16:00:00+02:00,42899.9275,47177.71,2025-12-13 09:34:08.228144+00:00
2025-06-22 17:00:00+02:00,44788.825,47590.2125,2025-12-13 09:34:08.228144+00:00
2025-06-22 18:00:00+02:00,48073.7775,48480.7375,2025-12-13 09:34:08.228144+00:00
2025-06-22 19:00:00+02:00,48582.5875,48980.475000000006,2025-12-13 09:34:08.228144+00:00
2025-06-22 20:00:00+02:00,47671.36,48511.8625,2025-12-13 09:34:08.228144+00:00
2025-06-22 21:00:00+02:00,46971.7525,47140.744999999995,2025-12-13 09:34:08.228144+00:00
2025-06-22 22:00:00+02:00,46760.35,45517.0075,2025-12-13 09:34:08.228144+00:00
2025-06-22 23:00:00+02:00,44715.8575,43480.625,2025-12-13 09:34:08.228144+00:00
2025-06-23 00:00:00+02:00,42609.8475,41410.715,2025-12-13 09:34:08.228144+00:00
2025-06-23 01:00:00+02:00,39987.4775,40350.399999999994,2025-12-13 09:34:08.228144+00:00
2025-06-23 02:00:00+02:00,40096.49,39741.2975,2025-12-13 09:34:08.228144+00:00
2025-06-23 03:00:00+02:00,40345.305,40022.575,2025-12-13 09:34:08.228144+00:00
2025-06-23 04:00:00+02:00,41125.77,41288.4625,2025-12-13 09:34:08.228144+00:00
2025-06-23 05:00:00+02:00,43988.1425,44165.1125,2025-12-13 09:34:08.228144+00:00
2025-06-23 06:00:00+02:00,51210.5425,50986.027500000004,2025-12-13 09:34:08.228144+00:00
2025-06-23 07:00:00+02:00,57094.915,56283.354999999996,2025-12-13 09:34:08.228144+00:00
2025-06-23 08:00:00+02:00,60444.17,60546.6,2025-12-13 09:34:08.228144+00:00
2025-06-23 09:00:00+02:00,61885.332500000004,62250.7675,2025-12-13 09:34:08.228144+00:00
2025-06-23 10:00:00+02:00,62067.205,62544.1125,2025-12-13 09:34:08.228144+00:00
2025-06-23 11:00:00+02:00,63263.3825,62309.0175,2025-12-13 09:34:08.228144+00:00
2025-06-23 12:00:00+02:00,62422.5475,61730.215,2025-12-13 09:34:08.228144+00:00
2025-06-23 13:00:00+02:00,61352.08,60555.28,2025-12-13 09:34:08.228144+00:00
2025-06-23 14:00:00+02:00,60113.7325,59138.9425,2025-12-13 09:34:08.228144+00:00
2025-06-23 15:00:00+02:00,59418.2975,57624.905,2025-12-13 09:34:08.228144+00:00
2025-06-23 16:00:00+02:00,58188.057499999995,56663.957500000004,2025-12-13 09:34:08.228144+00:00
2025-06-23 17:00:00+02:00,58545.6275,56548.515,2025-12-13 09:34:08.228144+00:00
2025-06-23 18:00:00+02:00,58021.21,57034.66,2025-12-13 09:34:08.228144+00:00
2025-06-23 19:00:00+02:00,59381.17,57308.75,2025-12-13 09:34:08.228144+00:00
2025-06-23 20:00:00+02:00,58875.5275,56143.2875,2025-12-13 09:34:08.228144+00:00
2025-06-23 21:00:00+02:00,56642.89,53812.8425,2025-12-13 09:34:08.228144+00:00
2025-06-23 22:00:00+02:00,54204.29,50745.99,2025-12-13 09:34:08.228144+00:00
2025-06-23 23:00:00+02:00,50854.175,47499.26,2025-12-13 09:34:08.228144+00:00
2025-06-24 00:00:00+02:00,47059.105,45332.5325,2025-12-13 09:34:08.228144+00:00
2025-06-24 01:00:00+02:00,45131.557499999995,43533.935,2025-12-13 09:34:08.228144+00:00
2025-06-24 02:00:00+02:00,44216.0675,42422.3625,2025-12-13 09:34:08.228144+00:00
2025-06-24 03:00:00+02:00,43919.5625,42575.6125,2025-12-13 09:34:08.228144+00:00
2025-06-24 04:00:00+02:00,44587.465,43592.9075,2025-12-13 09:34:08.228144+00:00
2025-06-24 05:00:00+02:00,47522.785,45761.94,2025-12-13 09:34:08.228144+00:00
2025-06-24 06:00:00+02:00,54572.8,51187.415,2025-12-13 09:34:08.228144+00:00
2025-06-24 07:00:00+02:00,58780.465,55973.17,2025-12-13 09:34:08.228144+00:00
2025-06-24 08:00:00+02:00,58975.1875,59098.8625,2025-12-13 09:34:08.228144+00:00
2025-06-24 09:00:00+02:00,58543.2425,60473.7525,2025-12-13 09:34:08.228144+00:00
2025-06-24 10:00:00+02:00,57615.83,60935.3275,2025-12-13 09:34:08.228144+00:00
2025-06-24 11:00:00+02:00,57803.1725,61483.445,2025-12-13 09:34:08.228144+00:00
2025-06-24 12:00:00+02:00,57472.62,61049.3875,2025-12-13 09:34:08.228144+00:00
2025-06-24 13:00:00+02:00,57279.56,59367.9075,2025-12-13 09:34:08.228144+00:00
2025-06-24 14:00:00+02:00,56799.53,58277.5575,2025-12-13 09:34:08.228144+00:00
2025-06-24 15:00:00+02:00,57030.884999999995,57817.1475,2025-12-13 09:34:08.228144+00:00
2025-06-24 16:00:00+02:00,56844.887500000004,56941.0075,2025-12-13 09:34:08.228144+00:00
2025-06-24 17:00:00+02:00,58737.82,56712.55,2025-12-13 09:34:08.228144+00:00
2025-06-24 18:00:00+02:00,59833.925,56495.205,2025-12-13 09:34:08.228144+00:00
2025-06-24 19:00:00+02:00,60014.1175,56022.79,2025-12-13 09:34:08.228144+00:00
2025-06-24 20:00:00+02:00,59209.3575,55060.945,2025-12-13 09:34:08.228144+00:00
2025-06-24 21:00:00+02:00,57096.465,53278.875,2025-12-13 09:34:08.228144+00:00
2025-06-24 22:00:00+02:00,54180.3425,50710.307499999995,2025-12-13 09:34:08.228144+00:00
2025-06-24 23:00:00+02:00,50835.825,47666.2525,2025-12-13 09:34:08.228144+00:00
2025-06-25 00:00:00+02:00,47781.2125,45609.185,2025-12-13 09:34:08.228144+00:00
2025-06-25 01:00:00+02:00,45541.6975,44038.165,2025-12-13 09:34:08.228144+00:00
2025-06-25 02:00:00+02:00,44151.2125,43317.46,2025-12-13 09:34:08.228144+00:00
2025-06-25 03:00:00+02:00,43559.9075,43385.66,2025-12-13 09:34:08.228144+00:00
2025-06-25 04:00:00+02:00,44623.34,44430.22,2025-12-13 09:34:08.228144+00:00
2025-06-25 05:00:00+02:00,47163.95,45883.935,2025-12-13 09:34:08.228144+00:00
2025-06-25 06:00:00+02:00,54572.3725,51218.354999999996,2025-12-13 09:34:08.228144+00:00
2025-06-25 07:00:00+02:00,59615.4675,56667.7,2025-12-13 09:34:08.228144+00:00
2025-06-25 08:00:00+02:00,60855.557499999995,60067.619999999995,2025-12-13 09:34:08.228144+00:00
2025-06-25 09:00:00+02:00,60088.645,61300.3975,2025-12-13 09:34:08.228144+00:00
2025-06-25 10:00:00+02:00,59309.8575,61939.7825,2025-12-13 09:34:08.228144+00:00
2025-06-25 11:00:00+02:00,59887.35,62306.47,2025-12-13 09:34:08.228144+00:00
2025-06-25 12:00:00+02:00,59149.2725,61722.64,2025-12-13 09:34:08.228144+00:00
2025-06-25 13:00:00+02:00,58469.4125,61101.542499999996,2025-12-13 09:34:08.228144+00:00
2025-06-25 14:00:00+02:00,58671.61,59885.575,2025-12-13 09:34:08.228144+00:00
2025-06-25 15:00:00+02:00,58627.604999999996,58728.2575,2025-12-13 09:34:08.228144+00:00
2025-06-25 16:00:00+02:00,57940.575,57851.735,2025-12-13 09:34:08.228144+00:00
2025-06-25 17:00:00+02:00,58418.7125,58101.0925,2025-12-13 09:34:08.228144+00:00
2025-06-25 18:00:00+02:00,58876.2975,58443.9825,2025-12-13 09:34:08.228144+00:00
2025-06-25 19:00:00+02:00,58918.8475,58521.19,2025-12-13 09:34:08.228144+00:00
2025-06-25 20:00:00+02:00,57922.7425,56878.9975,2025-12-13 09:34:08.228144+00:00
2025-06-25 21:00:00+02:00,54892.5475,54343.5,2025-12-13 09:34:08.228144+00:00
2025-06-25 22:00:00+02:00,52709.245,51352.3675,2025-12-13 09:34:08.228144+00:00
2025-06-25 23:00:00+02:00,48981.19,48067.6125,2025-12-13 09:34:08.228144+00:00
2025-06-26 00:00:00+02:00,46123.55,45468.5175,2025-12-13 09:34:08.228144+00:00
2025-06-26 01:00:00+02:00,44227.7525,43951.6,2025-12-13 09:34:08.228144+00:00
2025-06-26 02:00:00+02:00,42887.7975,43134.2025,2025-12-13 09:34:08.228144+00:00
2025-06-26 03:00:00+02:00,41569.1225,43012.4375,2025-12-13 09:34:08.228144+00:00
2025-06-26 04:00:00+02:00,43349.634999999995,43775.4,2025-12-13 09:34:08.228144+00:00
2025-06-26 05:00:00+02:00,47019.8125,45998.57,2025-12-13 09:34:08.228144+00:00
2025-06-26 06:00:00+02:00,53628.1225,51567.3125,2025-12-13 09:34:08.228144+00:00
2025-06-26 07:00:00+02:00,58439.03,56913.7,2025-12-13 09:34:08.228144+00:00
2025-06-26 08:00:00+02:00,61473.442500000005,60627.7675,2025-12-13 09:34:08.228144+00:00
2025-06-26 09:00:00+02:00,62188.0025,62422.4375,2025-12-13 09:34:08.228144+00:00
2025-06-26 10:00:00+02:00,62386.67,63080.8725,2025-12-13 09:34:08.228144+00:00
2025-06-26 11:00:00+02:00,63143.2675,63673.18,2025-12-13 09:34:08.228144+00:00
2025-06-26 12:00:00+02:00,62469.3425,63101.6375,2025-12-13 09:34:08.228144+00:00
2025-06-26 13:00:00+02:00,61508.494999999995,61994.32,2025-12-13 09:34:08.228144+00:00
2025-06-26 14:00:00+02:00,59775.575,60624.455,2025-12-13 09:34:08.228144+00:00
2025-06-26 15:00:00+02:00,59460.9525,59184.015,2025-12-13 09:34:08.228144+00:00
2025-06-26 16:00:00+02:00,59619.7425,58621.36,2025-12-13 09:34:08.228144+00:00
2025-06-26 17:00:00+02:00,59180.427500000005,58918.3425,2025-12-13 09:34:08.228144+00:00
2025-06-26 18:00:00+02:00,60450.3425,58955.87,2025-12-13 09:34:08.228144+00:00
2025-06-26 19:00:00+02:00,59202.9475,58845.8925,2025-12-13 09:34:08.228144+00:00
2025-06-26 20:00:00+02:00,57616.4175,57347.2525,2025-12-13 09:34:08.228144+00:00
2025-06-26 21:00:00+02:00,54863.2125,55065.225,2025-12-13 09:34:08.228144+00:00
2025-06-26 22:00:00+02:00,52686.2,51920.7625,2025-12-13 09:34:08.228144+00:00
2025-06-26 23:00:00+02:00,49927.2775,48496.84,2025-12-13 09:34:08.228144+00:00
2025-06-27 00:00:00+02:00,47349.055,46200.2375,2025-12-13 09:34:08.228144+00:00
2025-06-27 01:00:00+02:00,45889.409999999996,44553.5175,2025-12-13 09:34:08.228144+00:00
2025-06-27 02:00:00+02:00,45751.1225,43636.0525,2025-12-13 09:34:08.228144+00:00
2025-06-27 03:00:00+02:00,45783.52,43604.7575,2025-12-13 09:34:08.228144+00:00
2025-06-27 04:00:00+02:00,45980.505,44467.085,2025-12-13 09:34:08.228144+00:00
2025-06-27 05:00:00+02:00,48301.0675,46518.0725,2025-12-13 09:34:08.228144+00:00
2025-06-27 06:00:00+02:00,54139.065,52283.945,2025-12-13 09:34:08.228144+00:00
2025-06-27 07:00:00+02:00,59119.28,57321.5125,2025-12-13 09:34:08.228144+00:00
2025-06-27 08:00:00+02:00,61302.7425,59911.77,2025-12-13 09:34:08.228144+00:00
2025-06-27 09:00:00+02:00,61189.2175,61067.7225,2025-12-13 09:34:08.228144+00:00
2025-06-27 10:00:00+02:00,62173.395000000004,61673.7775,2025-12-13 09:34:08.228144+00:00
2025-06-27 11:00:00+02:00,64417.785,61983.485,2025-12-13 09:34:08.228144+00:00
2025-06-27 12:00:00+02:00,62541.64,61242.775,2025-12-13 09:34:08.228144+00:00
2025-06-27 13:00:00+02:00,60850.8475,59733.395000000004,2025-12-13 09:34:08.228144+00:00
2025-06-27 14:00:00+02:00,58321.8475,57916.7175,2025-12-13 09:34:08.228144+00:00
2025-06-27 15:00:00+02:00,58531.195,57122.472499999996,2025-12-13 09:34:08.228144+00:00
2025-06-27 16:00:00+02:00,57249.195,56174.915,2025-12-13 09:34:08.228144+00:00
2025-06-27 17:00:00+02:00,56686.6925,56149.427500000005,2025-12-13 09:34:08.228144+00:00
2025-06-27 18:00:00+02:00,56825.65,56202.8575,2025-12-13 09:34:08.228144+00:00
2025-06-27 19:00:00+02:00,56543.6075,55949.125,2025-12-13 09:34:08.228144+00:00
2025-06-27 20:00:00+02:00,54405.815,54426.8275,2025-12-13 09:34:08.228144+00:00
2025-06-27 21:00:00+02:00,51929.7825,52086.9,2025-12-13 09:34:08.228144+00:00
2025-06-27 22:00:00+02:00,49897.9975,49343.0025,2025-12-13 09:34:08.228144+00:00
2025-06-27 23:00:00+02:00,47390.645000000004,46203.362499999996,2025-12-13 09:34:08.228144+00:00
2025-06-28 00:00:00+02:00,44713.8675,42899.275,2025-12-13 09:34:08.228144+00:00
2025-06-28 01:00:00+02:00,42302.9025,40976.71000000001,2025-12-13 09:34:08.228144+00:00
2025-06-28 02:00:00+02:00,41007.4025,39930.68,2025-12-13 09:34:08.228144+00:00
2025-06-28 03:00:00+02:00,40084.085,39455.3925,2025-12-13 09:34:08.228144+00:00
2025-06-28 04:00:00+02:00,39535.792499999996,39529.85,2025-12-13 09:34:08.228144+00:00
2025-06-28 05:00:00+02:00,39257.515,38806.29,2025-12-13 09:34:08.228144+00:00
2025-06-28 06:00:00+02:00,41426.7025,39966.9775,2025-12-13 09:34:08.228144+00:00
2025-06-28 07:00:00+02:00,44714.68,42727.7875,2025-12-13 09:34:08.228144+00:00
2025-06-28 08:00:00+02:00,48048.494999999995,46446.7175,2025-12-13 09:34:08.228144+00:00
2025-06-28 09:00:00+02:00,50270.5775,49291.6225,2025-12-13 09:34:08.228144+00:00
2025-06-28 10:00:00+02:00,51506.41,50585.95,2025-12-13 09:34:08.228144+00:00
2025-06-28 11:00:00+02:00,50296.1475,51473.08,2025-12-13 09:34:08.228144+00:00
2025-06-28 12:00:00+02:00,49158.03,51076.3425,2025-12-13 09:34:08.228144+00:00
2025-06-28 13:00:00+02:00,47968.7775,49847.5625,2025-12-13 09:34:08.228144+00:00
2025-06-28 14:00:00+02:00,47307.805,48504.03,2025-12-13 09:34:08.228144+00:00
2025-06-28 15:00:00+02:00,46872.78,47067.57,2025-12-13 09:34:08.228144+00:00
2025-06-28 16:00:00+02:00,46810.545,46475.7325,2025-12-13 09:34:08.228144+00:00
2025-06-28 17:00:00+02:00,48569.295,46883.8875,2025-12-13 09:34:08.228144+00:00
2025-06-28 18:00:00+02:00,49664.525,47809.707500000004,2025-12-13 09:34:08.228144+00:00
2025-06-28 19:00:00+02:00,49791.28,47452.8575,2025-12-13 09:34:08.228144+00:00
2025-06-28 20:00:00+02:00,48624.305,46641.235,2025-12-13 09:34:08.228144+00:00
2025-06-28 21:00:00+02:00,47027.8525,45209.375,2025-12-13 09:34:08.228144+00:00
2025-06-28 22:00:00+02:00,46217.4175,43269.8475,2025-12-13 09:34:08.228144+00:00
2025-06-28 23:00:00+02:00,44009.317500000005,41041.7775,2025-12-13 09:34:08.228144+00:00
2025-06-29 00:00:00+02:00,42169.6375,40412.1775,2025-12-13 09:34:08.228144+00:00
2025-06-29 01:00:00+02:00,40128.0625,38638.51,2025-12-13 09:34:08.228144+00:00
2025-06-29 02:00:00+02:00,38580.175,37760.3625,2025-12-13 09:34:08.228144+00:00
2025-06-29 03:00:00+02:00,37902.5425,37320.072499999995,2025-12-13 09:34:08.228144+00:00
2025-06-29 04:00:00+02:00,37437.3675,37330.1175,2025-12-13 09:34:08.228144+00:00
2025-06-29 05:00:00+02:00,37071.9,36976.7575,2025-12-13 09:34:08.228144+00:00
2025-06-29 06:00:00+02:00,38337.97,38623.735,2025-12-13 09:34:08.228144+00:00
2025-06-29 07:00:00+02:00,40446.82,41298.41,2025-12-13 09:34:08.228144+00:00
2025-06-29 08:00:00+02:00,43581.3925,44114.932499999995,2025-12-13 09:34:08.228144+00:00
2025-06-29 09:00:00+02:00,44208.2775,46871.65,2025-12-13 09:34:08.228144+00:00
2025-06-29 10:00:00+02:00,45882.130000000005,48519.7775,2025-12-13 09:34:08.228144+00:00
2025-06-29 11:00:00+02:00,45172.7425,49470.21,2025-12-13 09:34:08.228144+00:00
2025-06-29 12:00:00+02:00,45354.32,49101.7175,2025-12-13 09:34:08.228144+00:00
2025-06-29 13:00:00+02:00,44784.0025,47786.05,2025-12-13 09:34:08.228144+00:00
2025-06-29 14:00:00+02:00,43603.16,46430.15,2025-12-13 09:34:08.228144+00:00
2025-06-29 15:00:00+02:00,44052.7875,45616.405,2025-12-13 09:34:08.228144+00:00
2025-06-29 16:00:00+02:00,44267.25,45591.3675,2025-12-13 09:34:08.228144+00:00
2025-06-29 17:00:00+02:00,47605.0125,46464.7375,2025-12-13 09:34:08.228144+00:00
2025-06-29 18:00:00+02:00,49374.205,47575.61,2025-12-13 09:34:08.228144+00:00
2025-06-29 19:00:00+02:00,49656.405,48028.270000000004,2025-12-13 09:34:08.228144+00:00
2025-06-29 20:00:00+02:00,49497.32,47877.805,2025-12-13 09:34:08.228144+00:00
2025-06-29 21:00:00+02:00,48411.182499999995,46864.95,2025-12-13 09:34:08.228144+00:00
2025-06-29 22:00:00+02:00,48309.04,45251.1225,2025-12-13 09:34:08.228144+00:00
2025-06-29 23:00:00+02:00,45762.06,43089.875,2025-12-13 09:34:08.228144+00:00
2025-06-30 00:00:00+02:00,43267.45,40969.917499999996,2025-12-13 09:34:08.228144+00:00
2025-06-30 01:00:00+02:00,41600.72,39928.8225,2025-12-13 09:34:08.228144+00:00
2025-06-30 02:00:00+02:00,40837.5175,39301.94,2025-12-13 09:34:08.228144+00:00
2025-06-30 03:00:00+02:00,40269.244999999995,39641.509999999995,2025-12-13 09:34:08.228144+00:00
2025-06-30 04:00:00+02:00,41039.5975,40813.0025,2025-12-13 09:34:08.228144+00:00
2025-06-30 05:00:00+02:00,44080.0125,43932.695,2025-12-13 09:34:08.228144+00:00
2025-06-30 06:00:00+02:00,51483.6425,51185.6425,2025-12-13 09:34:08.228144+00:00
2025-06-30 07:00:00+02:00,56883.2125,56719.205,2025-12-13 09:34:08.228144+00:00
2025-06-30 08:00:00+02:00,60516.0325,60490.8,2025-12-13 09:34:08.228144+00:00
2025-06-30 09:00:00+02:00,60489.0,61923.619999999995,2025-12-13 09:34:08.228144+00:00
2025-06-30 10:00:00+02:00,59601.6025,62554.26,2025-12-13 09:34:08.228144+00:00
2025-06-30 11:00:00+02:00,59045.902500000004,62740.365000000005,2025-12-13 09:34:08.228144+00:00
2025-06-30 12:00:00+02:00,58289.26,61988.36,2025-12-13 09:34:08.228144+00:00
2025-06-30 13:00:00+02:00,57768.7975,61388.3125,2025-12-13 09:34:08.228144+00:00
2025-06-30 14:00:00+02:00,56760.682499999995,59673.4725,2025-12-13 09:34:08.228144+00:00
2025-06-30 15:00:00+02:00,57050.32,58408.1475,2025-12-13 09:34:08.228144+00:00
2025-06-30 16:00:00+02:00,55943.6325,57642.4825,2025-12-13 09:34:08.228144+00:00
2025-06-30 17:00:00+02:00,56843.7075,57480.4775,2025-12-13 09:34:08.228144+00:00
2025-06-30 18:00:00+02:00,57679.19,57791.58,2025-12-13 09:34:08.228144+00:00
2025-06-30 19:00:00+02:00,57584.1375,57852.0325,2025-12-13 09:34:08.228144+00:00
2025-06-30 20:00:00+02:00,56769.994999999995,56586.6075,2025-12-13 09:34:08.228144+00:00
2025-06-30 21:00:00+02:00,54578.585,54178.6725,2025-12-13 09:34:08.228144+00:00
2025-06-30 22:00:00+02:00,52289.0375,50975.155,2025-12-13 09:34:08.228144+00:00
2025-06-30 23:00:00+02:00,48418.2325,47639.575,2025-12-13 09:34:08.228144+00:00
2025-07-01 00:00:00+02:00,46038.4475,45633.86,2025-12-13 09:34:08.228144+00:00
2025-07-01 01:00:00+02:00,44783.985,44096.7325,2025-12-13 09:34:08.228144+00:00
2025-07-01 02:00:00+02:00,43570.5375,42968.1225,2025-12-13 09:34:08.228144+00:00
2025-07-01 03:00:00+02:00,43980.33,43077.145,2025-12-13 09:34:08.228144+00:00
2025-07-01 04:00:00+02:00,45033.6675,44073.525,2025-12-13 09:34:08.228144+00:00
2025-07-01 05:00:00+02:00,47365.195,45860.4125,2025-12-13 09:34:08.228144+00:00
2025-07-01 06:00:00+02:00,53849.1275,51377.0,2025-12-13 09:34:08.228144+00:00
2025-07-01 07:00:00+02:00,58663.2375,56725.9475,2025-12-13 09:34:08.228144+00:00
2025-07-01 08:00:00+02:00,61387.26,59738.302500000005,2025-12-13 09:34:08.228144+00:00
2025-07-01 09:00:00+02:00,61525.332500000004,61066.32,2025-12-13 09:34:08.228144+00:00
2025-07-01 10:00:00+02:00,60390.1875,61691.28,2025-12-13 09:34:08.228144+00:00
2025-07-01 11:00:00+02:00,60878.885,62215.125,2025-12-13 09:34:08.228144+00:00
2025-07-01 12:00:00+02:00,60119.1425,61494.9125,2025-12-13 09:34:08.228144+00:00
2025-07-01 13:00:00+02:00,59420.4475,60181.6425,2025-12-13 09:34:08.228144+00:00
2025-07-01 14:00:00+02:00,59008.785,58745.935,2025-12-13 09:34:08.228144+00:00
2025-07-01 15:00:00+02:00,58448.5625,57880.5025,2025-12-13 09:34:08.228144+00:00
2025-07-01 16:00:00+02:00,59235.835,57190.659999999996,2025-12-13 09:34:08.228144+00:00
2025-07-01 17:00:00+02:00,59917.845,56747.07,2025-12-13 09:34:08.228144+00:00
2025-07-01 18:00:00+02:00,59513.6325,57200.6225,2025-12-13 09:34:08.228144+00:00
2025-07-01 19:00:00+02:00,59312.527500000004,57262.1625,2025-12-13 09:34:08.228144+00:00
2025-07-01 20:00:00+02:00,58183.19,56385.6425,2025-12-13 09:34:08.228144+00:00
2025-07-01 21:00:00+02:00,55854.07,54383.7525,2025-12-13 09:34:08.228144+00:00
2025-07-01 22:00:00+02:00,54289.65,51692.025,2025-12-13 09:34:08.228144+00:00
2025-07-01 23:00:00+02:00,50766.4025,48579.015,2025-12-13 09:34:08.228144+00:00
2025-07-02 00:00:00+02:00,47864.655,45746.707500000004,2025-12-13 09:34:08.228144+00:00
2025-07-02 01:00:00+02:00,46344.9625,44399.11,2025-12-13 09:34:08.228144+00:00
2025-07-02 02:00:00+02:00,45505.07,43629.8475,2025-12-13 09:34:08.228144+00:00
2025-07-02 03:00:00+02:00,45252.5575,43446.58,2025-12-13 09:34:08.228144+00:00
2025-07-02 04:00:00+02:00,45564.63,44518.15,2025-12-13 09:34:08.228144+00:00
2025-07-02 05:00:00+02:00,48493.595,46809.6025,2025-12-13 09:34:08.228144+00:00
2025-07-02 06:00:00+02:00,55349.1025,52487.525,2025-12-13 09:34:08.228144+00:00
2025-07-02 07:00:00+02:00,60456.5875,58077.31,2025-12-13 09:34:08.228144+00:00
2025-07-02 08:00:00+02:00,62641.195,61775.58,2025-12-13 09:34:08.228144+00:00
2025-07-02 09:00:00+02:00,61935.9125,63106.195,2025-12-13 09:34:08.228144+00:00
2025-07-02 10:00:00+02:00,62410.64,63445.9625,2025-12-13 09:34:08.228144+00:00
2025-07-02 11:00:00+02:00,61353.4375,63735.08,2025-12-13 09:34:08.228144+00:00
2025-07-02 12:00:00+02:00,60683.93,62627.69,2025-12-13 09:34:08.228144+00:00
2025-07-02 13:00:00+02:00,60513.39,61924.869999999995,2025-12-13 09:34:08.228144+00:00
2025-07-02 14:00:00+02:00,59133.47,60073.295,2025-12-13 09:34:08.228144+00:00
2025-07-02 15:00:00+02:00,59412.145000000004,58605.84,2025-12-13 09:34:08.228144+00:00
2025-07-02 16:00:00+02:00,59781.9375,57595.585,2025-12-13 09:34:08.228144+00:00
2025-07-02 17:00:00+02:00,60756.067500000005,57121.05,2025-12-13 09:34:08.228144+00:00
2025-07-02 18:00:00+02:00,60057.1225,57576.55,2025-12-13 09:34:08.228144+00:00
2025-07-02 19:00:00+02:00,59507.3825,57777.6725,2025-12-13 09:34:08.228144+00:00
2025-07-02 20:00:00+02:00,59592.28,56404.4975,2025-12-13 09:34:08.228144+00:00
2025-07-02 21:00:00+02:00,58530.825,54539.5275,2025-12-13 09:34:08.228144+00:00
2025-07-02 22:00:00+02:00,55871.182499999995,51408.802500000005,2025-12-13 09:34:08.228144+00:00
2025-07-02 23:00:00+02:00,52573.125,48193.835,2025-12-13 09:34:08.228144+00:00
2025-07-03 00:00:00+02:00,49444.9025,47171.837499999994,2025-12-13 09:34:08.228144+00:00
2025-07-03 01:00:00+02:00,47598.5175,45535.4075,2025-12-13 09:34:08.228144+00:00
2025-07-03 02:00:00+02:00,45464.4625,44606.2325,2025-12-13 09:34:08.228144+00:00
2025-07-03 03:00:00+02:00,44336.255000000005,44620.465,2025-12-13 09:34:08.228144+00:00
2025-07-03 04:00:00+02:00,45375.2125,45247.4625,2025-12-13 09:34:08.228144+00:00
2025-07-03 05:00:00+02:00,49320.8225,46686.57,2025-12-13 09:34:08.228144+00:00
2025-07-03 06:00:00+02:00,56610.255000000005,51520.51,2025-12-13 09:34:08.228144+00:00
2025-07-03 07:00:00+02:00,60417.035,56052.6925,2025-12-13 09:34:08.228144+00:00
2025-07-03 08:00:00+02:00,63377.53,59083.81,2025-12-13 09:34:08.228144+00:00
2025-07-03 09:00:00+02:00,64237.6925,60715.677500000005,2025-12-13 09:34:08.228144+00:00
2025-07-03 10:00:00+02:00,64636.9975,61285.8725,2025-12-13 09:34:08.228144+00:00
2025-07-03 11:00:00+02:00,64688.135,61632.975,2025-12-13 09:34:08.228144+00:00
2025-07-03 12:00:00+02:00,62602.4875,61202.995,2025-12-13 09:34:08.228144+00:00
2025-07-03 13:00:00+02:00,61476.395,60630.46,2025-12-13 09:34:08.228144+00:00
2025-07-03 14:00:00+02:00,60306.875,59442.895000000004,2025-12-13 09:34:08.228144+00:00
2025-07-03 15:00:00+02:00,58765.615,58348.3,2025-12-13 09:34:08.228144+00:00
2025-07-03 16:00:00+02:00,57558.494999999995,57643.83,2025-12-13 09:34:08.228144+00:00
2025-07-03 17:00:00+02:00,58963.8775,57094.675,2025-12-13 09:34:08.228144+00:00
2025-07-03 18:00:00+02:00,60380.89,57604.04,2025-12-13 09:34:08.228144+00:00
2025-07-03 19:00:00+02:00,60071.665,57005.905,2025-12-13 09:34:08.228144+00:00
2025-07-03 20:00:00+02:00,58107.11,55885.2175,2025-12-13 09:34:08.228144+00:00
2025-07-03 21:00:00+02:00,55376.307499999995,54071.0075,2025-12-13 09:34:08.228144+00:00
2025-07-03 22:00:00+02:00,52759.72,51495.0225,2025-12-13 09:34:08.228144+00:00
2025-07-03 23:00:00+02:00,49523.057499999995,48382.615000000005,2025-12-13 09:34:08.228144+00:00
2025-07-04 00:00:00+02:00,47290.325,46780.415,2025-12-13 09:34:08.228144+00:00
2025-07-04 01:00:00+02:00,45046.055,45260.085,2025-12-13 09:34:08.228144+00:00
2025-07-04 02:00:00+02:00,43862.3,44376.380000000005,2025-12-13 09:34:08.228144+00:00
2025-07-04 03:00:00+02:00,43738.975,44226.957500000004,2025-12-13 09:34:08.228144+00:00
2025-07-04 04:00:00+02:00,44380.11,45156.9775,2025-12-13 09:34:08.228144+00:00
2025-07-04 05:00:00+02:00,47295.0475,47287.6175,2025-12-13 09:34:08.228144+00:00
2025-07-04 06:00:00+02:00,53202.835,53146.4925,2025-12-13 09:34:08.228144+00:00
2025-07-04 07:00:00+02:00,57862.72,57888.8675,2025-12-13 09:34:08.228144+00:00
2025-07-04 08:00:00+02:00,60750.31,60860.707500000004,2025-12-13 09:34:08.228144+00:00
2025-07-04 09:00:00+02:00,60081.0075,61987.1375,2025-12-13 09:34:08.228144+00:00
2025-07-04 10:00:00+02:00,59783.24,62451.9725,2025-12-13 09:34:08.228144+00:00
2025-07-04 11:00:00+02:00,59600.6325,63296.435,2025-12-13 09:34:08.228144+00:00
2025-07-04 12:00:00+02:00,58694.145000000004,62587.95,2025-12-13 09:34:08.228144+00:00
2025-07-04 13:00:00+02:00,57133.825,61336.3775,2025-12-13 09:34:08.228144+00:00
2025-07-04 14:00:00+02:00,56311.875,59873.9075,2025-12-13 09:34:08.228144+00:00
2025-07-04 15:00:00+02:00,55837.1275,58749.085,2025-12-13 09:34:08.228144+00:00
2025-07-04 16:00:00+02:00,55500.57,57739.78,2025-12-13 09:34:08.228144+00:00
2025-07-04 17:00:00+02:00,55492.057499999995,57794.072499999995,2025-12-13 09:34:08.228144+00:00
2025-07-04 18:00:00+02:00,55685.895000000004,58061.0725,2025-12-13 09:34:08.228144+00:00
2025-07-04 19:00:00+02:00,55614.71,57069.8775,2025-12-13 09:34:08.228144+00:00
2025-07-04 20:00:00+02:00,54441.975,55407.75,2025-12-13 09:34:08.228144+00:00
2025-07-04 21:00:00+02:00,52059.869999999995,53071.4975,2025-12-13 09:34:08.228144+00:00
2025-07-04 22:00:00+02:00,50237.325000000004,50352.0325,2025-12-13 09:34:08.228144+00:00
2025-07-04 23:00:00+02:00,47720.5975,47338.1225,2025-12-13 09:34:08.228144+00:00
2025-07-05 00:00:00+02:00,44593.94,43978.1175,2025-12-13 09:34:08.228144+00:00
2025-07-05 01:00:00+02:00,42010.375,41842.2425,2025-12-13 09:34:08.228144+00:00
2025-07-05 02:00:00+02:00,40235.27,40850.38,2025-12-13 09:34:08.228144+00:00
2025-07-05 03:00:00+02:00,39866.9825,40393.8375,2025-12-13 09:34:08.228144+00:00
2025-07-05 04:00:00+02:00,39989.682499999995,40323.415,2025-12-13 09:34:08.228144+00:00
2025-07-05 05:00:00+02:00,39947.572499999995,40128.0625,2025-12-13 09:34:08.228144+00:00
2025-07-05 06:00:00+02:00,42660.3475,41591.145,2025-12-13 09:34:08.228144+00:00
2025-07-05 07:00:00+02:00,45049.652500000004,44355.4925,2025-12-13 09:34:08.228144+00:00
2025-07-05 08:00:00+02:00,47739.1475,47796.292499999996,2025-12-13 09:34:08.228144+00:00
2025-07-05 09:00:00+02:00,49756.845,50393.275,2025-12-13 09:34:08.228144+00:00
2025-07-05 10:00:00+02:00,50692.485,51673.0575,2025-12-13 09:34:08.228144+00:00
2025-07-05 11:00:00+02:00,50791.692500000005,52235.435,2025-12-13 09:34:08.228144+00:00
2025-07-05 12:00:00+02:00,49030.207500000004,51746.435,2025-12-13 09:34:08.228144+00:00
2025-07-05 13:00:00+02:00,47471.22,50528.3125,2025-12-13 09:34:08.228144+00:00
2025-07-05 14:00:00+02:00,46625.205,49099.7875,2025-12-13 09:34:08.228144+00:00
2025-07-05 15:00:00+02:00,46362.7025,48137.2525,2025-12-13 09:34:08.228144+00:00
2025-07-05 16:00:00+02:00,46617.0075,48031.985,2025-12-13 09:34:08.228144+00:00
2025-07-05 17:00:00+02:00,47942.0225,48842.435,2025-12-13 09:34:08.228144+00:00
2025-07-05 18:00:00+02:00,49008.4325,49312.2025,2025-12-13 09:34:08.228144+00:00
2025-07-05 19:00:00+02:00,49385.085,49500.25,2025-12-13 09:34:08.228144+00:00
2025-07-05 20:00:00+02:00,47776.985,48467.47,2025-12-13 09:34:08.228144+00:00
2025-07-05 21:00:00+02:00,45793.7125,46921.6075,2025-12-13 09:34:08.228144+00:00
2025-07-05 22:00:00+02:00,44789.95,45169.097499999996,2025-12-13 09:34:08.228144+00:00
2025-07-05 23:00:00+02:00,42601.215,42857.205,2025-12-13 09:34:08.228144+00:00
2025-07-06 00:00:00+02:00,40868.45,41344.97,2025-12-13 09:34:08.228144+00:00
2025-07-06 01:00:00+02:00,38981.705,39656.027500000004,2025-12-13 09:34:08.228144+00:00
2025-07-06 02:00:00+02:00,37669.2425,38696.475,2025-12-13 09:34:08.228144+00:00
2025-07-06 03:00:00+02:00,36837.125,38233.86,2025-12-13 09:34:08.228144+00:00
2025-07-06 04:00:00+02:00,36256.4725,38206.9625,2025-12-13 09:34:08.228144+00:00
2025-07-06 05:00:00+02:00,35956.2025,38348.7825,2025-12-13 09:34:08.228144+00:00
2025-07-06 06:00:00+02:00,36977.095,40081.9725,2025-12-13 09:34:08.228144+00:00
2025-07-06 07:00:00+02:00,38672.205,42885.32,2025-12-13 09:34:08.228144+00:00
2025-07-06 08:00:00+02:00,41395.7175,45923.545,2025-12-13 09:34:08.228144+00:00
2025-07-06 09:00:00+02:00,44230.5975,48518.744999999995,2025-12-13 09:34:08.228144+00:00
2025-07-06 10:00:00+02:00,46570.807499999995,50402.6325,2025-12-13 09:34:08.228144+00:00
2025-07-06 11:00:00+02:00,48040.1575,51265.8,2025-12-13 09:34:08.228144+00:00
2025-07-06 12:00:00+02:00,47716.947499999995,50890.6625,2025-12-13 09:34:08.228144+00:00
2025-07-06 13:00:00+02:00,46987.58,49697.9025,2025-12-13 09:34:08.228144+00:00
2025-07-06 14:00:00+02:00,45685.645000000004,48060.4975,2025-12-13 09:34:08.228144+00:00
2025-07-06 15:00:00+02:00,45880.9275,47077.3275,2025-12-13 09:34:08.228144+00:00
2025-07-06 16:00:00+02:00,46189.59,46893.8525,2025-12-13 09:34:08.228144+00:00
2025-07-06 17:00:00+02:00,46368.17,47752.435,2025-12-13 09:34:08.228144+00:00
2025-07-06 18:00:00+02:00,47827.875,48362.16,2025-12-13 09:34:08.228144+00:00
2025-07-06 19:00:00+02:00,47959.6875,49153.3125,2025-12-13 09:34:08.228144+00:00
2025-07-06 20:00:00+02:00,46922.630000000005,49732.55,2025-12-13 09:34:08.228144+00:00
2025-07-06 21:00:00+02:00,46267.6875,48549.7975,2025-12-13 09:34:08.228144+00:00
2025-07-06 22:00:00+02:00,46352.79,47140.61,2025-12-13 09:34:08.228144+00:00
2025-07-06 23:00:00+02:00,43887.0025,44901.8575,2025-12-13 09:34:08.228144+00:00
2025-07-07 00:00:00+02:00,41940.9375,41973.53,2025-12-13 09:34:08.228144+00:00
2025-07-07 01:00:00+02:00,40237.955,40996.265,2025-12-13 09:34:08.228144+00:00
2025-07-07 02:00:00+02:00,40028.575000000004,40543.869999999995,2025-12-13 09:34:08.228144+00:00
2025-07-07 03:00:00+02:00,40545.32,40751.130000000005,2025-12-13 09:34:08.228144+00:00
2025-07-07 04:00:00+02:00,41851.955,41886.56,2025-12-13 09:34:08.228144+00:00
2025-07-07 05:00:00+02:00,44398.315,45426.5975,2025-12-13 09:34:08.228144+00:00
2025-07-07 06:00:00+02:00,51579.9525,52773.065,2025-12-13 09:34:08.228144+00:00
2025-07-07 07:00:00+02:00,56687.035,58247.24,2025-12-13 09:34:08.228144+00:00
2025-07-07 08:00:00+02:00,60039.082500000004,61343.405,2025-12-13 09:34:08.228144+00:00
2025-07-07 09:00:00+02:00,61448.845,62874.705,2025-12-13 09:34:08.228144+00:00
2025-07-07 10:00:00+02:00,61675.38,63383.465000000004,2025-12-13 09:34:08.228144+00:00
2025-07-07 11:00:00+02:00,61985.115000000005,63381.1725,2025-12-13 09:34:08.228144+00:00
2025-07-07 12:00:00+02:00,61920.04,62460.97,2025-12-13 09:34:08.228144+00:00
2025-07-07 13:00:00+02:00,60726.905,61604.9225,2025-12-13 09:34:08.228144+00:00
2025-07-07 14:00:00+02:00,58870.3975,60292.54,2025-12-13 09:34:08.228144+00:00
2025-07-07 15:00:00+02:00,58005.9925,59122.83,2025-12-13 09:34:08.228144+00:00
2025-07-07 16:00:00+02:00,57755.6325,58660.965,2025-12-13 09:34:08.228144+00:00
2025-07-07 17:00:00+02:00,59186.042499999996,58467.8825,2025-12-13 09:34:08.228144+00:00
2025-07-07 18:00:00+02:00,59335.515,58299.3525,2025-12-13 09:34:08.228144+00:00
2025-07-07 19:00:00+02:00,58075.605,58539.8575,2025-12-13 09:34:08.228144+00:00
2025-07-07 20:00:00+02:00,56092.69,57104.33,2025-12-13 09:34:08.228144+00:00
2025-07-07 21:00:00+02:00,54157.405,54942.61,2025-12-13 09:34:08.228144+00:00
2025-07-07 22:00:00+02:00,51152.3575,52134.3375,2025-12-13 09:34:08.228144+00:00
2025-07-07 23:00:00+02:00,47742.53,48608.05,2025-12-13 09:34:08.228144+00:00
2025-07-08 00:00:00+02:00,45247.3525,47272.549999999996,2025-12-13 09:34:08.228144+00:00
2025-07-08 01:00:00+02:00,43613.61,45933.5725,2025-12-13 09:34:08.228144+00:00
2025-07-08 02:00:00+02:00,42624.1425,44862.985,2025-12-13 09:34:08.228144+00:00
2025-07-08 03:00:00+02:00,42552.16499999999,44793.8075,2025-12-13 09:34:08.228144+00:00
2025-07-08 04:00:00+02:00,43608.915,45597.817500000005,2025-12-13 09:34:08.228144+00:00
2025-07-08 05:00:00+02:00,46705.685,47693.4725,2025-12-13 09:34:08.228144+00:00
2025-07-08 06:00:00+02:00,52773.0025,53169.317500000005,2025-12-13 09:34:08.228144+00:00
2025-07-08 07:00:00+02:00,57435.74,58690.4375,2025-12-13 09:34:08.228144+00:00
2025-07-08 08:00:00+02:00,59846.365000000005,61709.475,2025-12-13 09:34:08.228144+00:00
2025-07-08 09:00:00+02:00,60631.1925,62981.5625,2025-12-13 09:34:08.228144+00:00
2025-07-08 10:00:00+02:00,61121.725,63872.2925,2025-12-13 09:34:08.228144+00:00
2025-07-08 11:00:00+02:00,61288.9275,64064.4125,2025-12-13 09:34:08.228144+00:00
2025-07-08 12:00:00+02:00,60463.81,62763.8475,2025-12-13 09:34:08.228144+00:00
2025-07-08 13:00:00+02:00,59734.475,61557.685,2025-12-13 09:34:08.228144+00:00
2025-07-08 14:00:00+02:00,58301.885,60356.6175,2025-12-13 09:34:08.228144+00:00
2025-07-08 15:00:00+02:00,57035.385,59803.5325,2025-12-13 09:34:08.228144+00:00
2025-07-08 16:00:00+02:00,56279.7775,59030.957500000004,2025-12-13 09:34:08.228144+00:00
2025-07-08 17:00:00+02:00,57250.015,58732.985,2025-12-13 09:34:08.228144+00:00
2025-07-08 18:00:00+02:00,57711.3425,58553.807499999995,2025-12-13 09:34:08.228144+00:00
2025-07-08 19:00:00+02:00,57146.645000000004,58388.92,2025-12-13 09:34:08.228144+00:00
2025-07-08 20:00:00+02:00,55161.1325,57170.3375,2025-12-13 09:34:08.228144+00:00
2025-07-08 21:00:00+02:00,52454.775,55550.685,2025-12-13 09:34:08.228144+00:00
2025-07-08 22:00:00+02:00,50280.527500000004,53190.37,2025-12-13 09:34:08.228144+00:00
2025-07-08 23:00:00+02:00,46816.4925,49886.4925,2025-12-13 09:34:08.228144+00:00
2025-07-09 00:00:00+02:00,44388.9725,45531.7075,2025-12-13 09:34:08.228144+00:00
2025-07-09 01:00:00+02:00,42653.7375,44173.119999999995,2025-12-13 09:34:08.228144+00:00
2025-07-09 02:00:00+02:00,41083.1525,43418.37,2025-12-13 09:34:08.228144+00:00
2025-07-09 03:00:00+02:00,41057.83,43514.065,2025-12-13 09:34:08.228144+00:00
2025-07-09 04:00:00+02:00,42158.5425,44668.26,2025-12-13 09:34:08.228144+00:00
2025-07-09 05:00:00+02:00,45462.79,46926.1225,2025-12-13 09:34:08.228144+00:00
2025-07-09 06:00:00+02:00,51746.29,52392.5125,2025-12-13 09:34:08.228144+00:00
2025-07-09 07:00:00+02:00,56655.53,58031.5275,2025-12-13 09:34:08.228144+00:00
2025-07-09 08:00:00+02:00,59378.7125,61043.472499999996,2025-12-13 09:34:08.228144+00:00
2025-07-09 09:00:00+02:00,60078.307499999995,62173.369999999995,2025-12-13 09:34:08.228144+00:00
2025-07-09 10:00:00+02:00,60362.35,62726.5525,2025-12-13 09:34:08.228144+00:00
2025-07-09 11:00:00+02:00,60498.2775,62602.6475,2025-12-13 09:34:08.228144+00:00
2025-07-09 12:00:00+02:00,60549.2625,61035.38,2025-12-13 09:34:08.228144+00:00
2025-07-09 13:00:00+02:00,59066.4675,60250.81,2025-12-13 09:34:08.228144+00:00
2025-07-09 14:00:00+02:00,57599.8725,58542.08,2025-12-13 09:34:08.228144+00:00
2025-07-09 15:00:00+02:00,57052.41,57470.0925,2025-12-13 09:34:08.228144+00:00
2025-07-09 16:00:00+02:00,55712.557499999995,56840.6225,2025-12-13 09:34:08.228144+00:00
2025-07-09 17:00:00+02:00,56004.4875,56794.7375,2025-12-13 09:34:08.228144+00:00
2025-07-09 18:00:00+02:00,56924.765,56105.8725,2025-12-13 09:34:08.228144+00:00
2025-07-09 19:00:00+02:00,56129.1575,56490.7575,2025-12-13 09:34:08.228144+00:00
2025-07-09 20:00:00+02:00,54855.505000000005,55162.034999999996,2025-12-13 09:34:08.228144+00:00
2025-07-09 21:00:00+02:00,52850.8125,53395.82,2025-12-13 09:34:08.228144+00:00
2025-07-09 22:00:00+02:00,50505.4325,50383.175,2025-12-13 09:34:08.228144+00:00
2025-07-09 23:00:00+02:00,46943.895000000004,47455.8675,2025-12-13 09:34:08.228144+00:00
2025-07-10 00:00:00+02:00,43799.744999999995,45131.275,2025-12-13 09:34:08.228144+00:00
2025-07-10 01:00:00+02:00,42198.09,43628.35,2025-12-13 09:34:08.228144+00:00
2025-07-10 02:00:00+02:00,41236.6925,42974.8025,2025-12-13 09:34:08.228144+00:00
2025-07-10 03:00:00+02:00,41262.1025,42778.2425,2025-12-13 09:34:08.228144+00:00
2025-07-10 04:00:00+02:00,42171.1125,43622.805,2025-12-13 09:34:08.228144+00:00
2025-07-10 05:00:00+02:00,44986.6375,45471.37,2025-12-13 09:34:08.228144+00:00
2025-07-10 06:00:00+02:00,51596.854999999996,50140.8525,2025-12-13 09:34:08.228144+00:00
2025-07-10 07:00:00+02:00,56146.4875,55326.33,2025-12-13 09:34:08.228144+00:00
2025-07-10 08:00:00+02:00,58568.775,58794.8975,2025-12-13 09:34:08.228144+00:00
2025-07-10 09:00:00+02:00,58302.715,60739.165,2025-12-13 09:34:08.228144+00:00
2025-07-10 10:00:00+02:00,58702.0325,61344.0975,2025-12-13 09:34:08.228144+00:00
2025-07-10 11:00:00+02:00,58354.1275,61736.6275,2025-12-13 09:34:08.228144+00:00
2025-07-10 12:00:00+02:00,57435.43,61330.432499999995,2025-12-13 09:34:08.228144+00:00
2025-07-10 13:00:00+02:00,56474.85,60299.802500000005,2025-12-13 09:34:08.228144+00:00
2025-07-10 14:00:00+02:00,55745.0175,59217.8825,2025-12-13 09:34:08.228144+00:00
2025-07-10 15:00:00+02:00,55354.785,58219.6925,2025-12-13 09:34:08.228144+00:00
2025-07-10 16:00:00+02:00,55601.315,57779.9675,2025-12-13 09:34:08.228144+00:00
2025-07-10 17:00:00+02:00,56045.335,58096.7825,2025-12-13 09:34:08.228144+00:00
2025-07-10 18:00:00+02:00,56300.024999999994,58053.2975,2025-12-13 09:34:08.228144+00:00
2025-07-10 19:00:00+02:00,55754.8025,57588.905,2025-12-13 09:34:08.228144+00:00
2025-07-10 20:00:00+02:00,54634.7775,55689.69,2025-12-13 09:34:08.228144+00:00
2025-07-10 21:00:00+02:00,52777.255,53557.08,2025-12-13 09:34:08.228144+00:00
2025-07-10 22:00:00+02:00,50969.8275,50416.955,2025-12-13 09:34:08.228144+00:00
2025-07-10 23:00:00+02:00,47459.912500000006,47261.06,2025-12-13 09:34:08.228144+00:00
2025-07-11 00:00:00+02:00,45187.025,45325.68,2025-12-13 09:34:08.228144+00:00
2025-07-11 01:00:00+02:00,43365.7975,43823.432499999995,2025-12-13 09:34:08.228144+00:00
2025-07-11 02:00:00+02:00,42078.84,43164.2825,2025-12-13 09:34:08.228144+00:00
2025-07-11 03:00:00+02:00,42336.765,43168.845,2025-12-13 09:34:08.228144+00:00
2025-07-11 04:00:00+02:00,43173.7725,44111.54,2025-12-13 09:34:08.228144+00:00
2025-07-11 05:00:00+02:00,45768.552500000005,46819.0325,2025-12-13 09:34:08.228144+00:00
2025-07-11 06:00:00+02:00,52353.51,52558.495,2025-12-13 09:34:08.228144+00:00
2025-07-11 07:00:00+02:00,57548.2175,57292.7775,2025-12-13 09:34:08.228144+00:00
2025-07-11 08:00:00+02:00,60900.545,60092.2125,2025-12-13 09:34:08.228144+00:00
2025-07-11 09:00:00+02:00,61228.14,61005.455,2025-12-13 09:34:08.228144+00:00
2025-07-11 10:00:00+02:00,60273.8425,62334.655,2025-12-13 09:34:08.228144+00:00
2025-07-11 11:00:00+02:00,60496.6125,62487.3725,2025-12-13 09:34:08.228144+00:00
2025-07-11 12:00:00+02:00,59402.425,61541.042499999996,2025-12-13 09:34:08.228144+00:00
2025-07-11 13:00:00+02:00,57399.7825,60479.0,2025-12-13 09:34:08.228144+00:00
2025-07-11 14:00:00+02:00,56159.0475,59085.927500000005,2025-12-13 09:34:08.228144+00:00
2025-07-11 15:00:00+02:00,55961.8625,57564.1275,2025-12-13 09:34:08.228144+00:00
2025-07-11 16:00:00+02:00,56068.045,56986.802500000005,2025-12-13 09:34:08.228144+00:00
2025-07-11 17:00:00+02:00,56511.5775,56362.832500000004,2025-12-13 09:34:08.228144+00:00
2025-07-11 18:00:00+02:00,56389.4375,56208.035,2025-12-13 09:34:08.228144+00:00
2025-07-11 19:00:00+02:00,55029.2575,55779.4225,2025-12-13 09:34:08.228144+00:00
2025-07-11 20:00:00+02:00,53337.1975,54082.259999999995,2025-12-13 09:34:08.228144+00:00
2025-07-11 21:00:00+02:00,50957.2525,51736.3375,2025-12-13 09:34:08.228144+00:00
2025-07-11 22:00:00+02:00,48498.205,48976.66,2025-12-13 09:34:08.228144+00:00
2025-07-11 23:00:00+02:00,45044.2625,45934.9525,2025-12-13 09:34:08.228144+00:00
2025-07-12 00:00:00+02:00,42955.715,43232.8425,2025-12-13 09:34:08.228144+00:00
2025-07-12 01:00:00+02:00,40737.775,41269.06,2025-12-13 09:34:08.228144+00:00
2025-07-12 02:00:00+02:00,39739.5375,40106.21,2025-12-13 09:34:08.228144+00:00
2025-07-12 03:00:00+02:00,39383.815,39553.630000000005,2025-12-13 09:34:08.228144+00:00
2025-07-12 04:00:00+02:00,38863.49,39243.725,2025-12-13 09:34:08.228144+00:00
2025-07-12 05:00:00+02:00,38874.1325,40122.345,2025-12-13 09:34:08.228144+00:00
2025-07-12 06:00:00+02:00,40637.235,42431.36,2025-12-13 09:34:08.228144+00:00
2025-07-12 07:00:00+02:00,43593.01,44962.9425,2025-12-13 09:34:08.228144+00:00
2025-07-12 08:00:00+02:00,47363.905,47970.545,2025-12-13 09:34:08.228144+00:00
2025-07-12 09:00:00+02:00,49693.62,50388.2725,2025-12-13 09:34:08.228144+00:00
2025-07-12 10:00:00+02:00,50991.795,51651.07,2025-12-13 09:34:08.228144+00:00
2025-07-12 11:00:00+02:00,50702.515,51870.1275,2025-12-13 09:34:08.228144+00:00
2025-07-12 12:00:00+02:00,49088.0175,51554.2625,2025-12-13 09:34:08.228144+00:00
2025-07-12 13:00:00+02:00,47669.5325,50019.0675,2025-12-13 09:34:08.228144+00:00
2025-07-12 14:00:00+02:00,47190.597499999996,48181.1975,2025-12-13 09:34:08.228144+00:00
2025-07-12 15:00:00+02:00,46750.365,47360.2625,2025-12-13 09:34:08.228144+00:00
2025-07-12 16:00:00+02:00,47221.8025,47829.3575,2025-12-13 09:34:08.228144+00:00
2025-07-12 17:00:00+02:00,47616.557499999995,48387.4675,2025-12-13 09:34:08.228144+00:00
2025-07-12 18:00:00+02:00,48819.8425,48821.6625,2025-12-13 09:34:08.228144+00:00
2025-07-12 19:00:00+02:00,48691.16,49576.8025,2025-12-13 09:34:08.228144+00:00
2025-07-12 20:00:00+02:00,47689.3825,48568.795,2025-12-13 09:34:08.228144+00:00
2025-07-12 21:00:00+02:00,46003.4875,47030.14,2025-12-13 09:34:08.228144+00:00
2025-07-12 22:00:00+02:00,44751.3375,45448.542499999996,2025-12-13 09:34:08.228144+00:00
2025-07-12 23:00:00+02:00,42312.29,43282.1975,2025-12-13 09:34:08.228144+00:00
2025-07-13 00:00:00+02:00,39710.557499999995,41504.19,2025-12-13 09:34:08.228144+00:00
2025-07-13 01:00:00+02:00,37962.05,39911.4225,2025-12-13 09:34:08.228144+00:00
2025-07-13 02:00:00+02:00,36912.7925,38876.1,2025-12-13 09:34:08.228144+00:00
2025-07-13 03:00:00+02:00,36199.307499999995,38374.7175,2025-12-13 09:34:08.228144+00:00
2025-07-13 04:00:00+02:00,36030.82,38131.3425,2025-12-13 09:34:08.228144+00:00
2025-07-13 05:00:00+02:00,36061.1525,37956.675,2025-12-13 09:34:08.228144+00:00
2025-07-13 06:00:00+02:00,36692.854999999996,39187.5175,2025-12-13 09:34:08.228144+00:00
2025-07-13 07:00:00+02:00,38346.417499999996,41775.2025,2025-12-13 09:34:08.228144+00:00
2025-07-13 08:00:00+02:00,41391.695,44819.38,2025-12-13 09:34:08.228144+00:00
2025-07-13 09:00:00+02:00,43783.4325,47469.9625,2025-12-13 09:34:08.228144+00:00
2025-07-13 10:00:00+02:00,45777.915,49295.305,2025-12-13 09:34:08.228144+00:00
2025-07-13 11:00:00+02:00,46905.1225,50382.545,2025-12-13 09:34:08.228144+00:00
2025-07-13 12:00:00+02:00,46362.455,50430.05,2025-12-13 09:34:08.228144+00:00
2025-07-13 13:00:00+02:00,44692.475,49437.8075,2025-12-13 09:34:08.228144+00:00
2025-07-13 14:00:00+02:00,43311.354999999996,48206.35,2025-12-13 09:34:08.228144+00:00
2025-07-13 15:00:00+02:00,42274.3225,47982.39,2025-12-13 09:34:08.228144+00:00
2025-07-13 16:00:00+02:00,42655.29,47565.8775,2025-12-13 09:34:08.228144+00:00
2025-07-13 17:00:00+02:00,43419.8825,48128.9375,2025-12-13 09:34:08.228144+00:00
2025-07-13 18:00:00+02:00,45274.5225,48878.055,2025-12-13 09:34:08.228144+00:00
2025-07-13 19:00:00+02:00,46361.37,48890.195,2025-12-13 09:34:08.228144+00:00
2025-07-13 20:00:00+02:00,45931.619999999995,48202.457500000004,2025-12-13 09:34:08.228144+00:00
2025-07-13 21:00:00+02:00,45489.9075,47347.229999999996,2025-12-13 09:34:08.228144+00:00
2025-07-13 22:00:00+02:00,45303.8875,45986.965000000004,2025-12-13 09:34:08.228144+00:00
2025-07-13 23:00:00+02:00,42595.515,43669.475000000006,2025-12-13 09:34:08.228144+00:00
2025-07-14 00:00:00+02:00,40355.520000000004,41143.235,2025-12-13 09:34:08.228144+00:00
2025-07-14 01:00:00+02:00,38555.6775,39911.99,2025-12-13 09:34:08.228144+00:00
2025-07-14 02:00:00+02:00,37823.2725,39382.5875,2025-12-13 09:34:08.228144+00:00
2025-07-14 03:00:00+02:00,37664.6125,39679.85,2025-12-13 09:34:08.228144+00:00
2025-07-14 04:00:00+02:00,38571.095,40842.0125,2025-12-13 09:34:08.228144+00:00
2025-07-14 05:00:00+02:00,41371.7525,44025.619999999995,2025-12-13 09:34:08.228144+00:00
2025-07-14 06:00:00+02:00,48505.744999999995,50747.0125,2025-12-13 09:34:08.228144+00:00
2025-07-14 07:00:00+02:00,54177.5,56527.73,2025-12-13 09:34:08.228144+00:00
2025-07-14 08:00:00+02:00,57947.7625,60603.0475,2025-12-13 09:34:08.228144+00:00
2025-07-14 09:00:00+02:00,59145.6275,62324.8575,2025-12-13 09:34:08.228144+00:00
2025-07-14 10:00:00+02:00,59951.770000000004,63176.4525,2025-12-13 09:34:08.228144+00:00
2025-07-14 11:00:00+02:00,60023.832500000004,63896.8375,2025-12-13 09:34:08.228144+00:00
2025-07-14 12:00:00+02:00,59926.6125,63155.045,2025-12-13 09:34:08.228144+00:00
2025-07-14 13:00:00+02:00,59165.735,62239.125,2025-12-13 09:34:08.228144+00:00
2025-07-14 14:00:00+02:00,57955.322499999995,60982.4475,2025-12-13 09:34:08.228144+00:00
2025-07-14 15:00:00+02:00,56756.7825,59554.21,2025-12-13 09:34:08.228144+00:00
2025-07-14 16:00:00+02:00,55844.16,58158.895,2025-12-13 09:34:08.228144+00:00
2025-07-14 17:00:00+02:00,56212.645,57475.325,2025-12-13 09:34:08.228144+00:00
2025-07-14 18:00:00+02:00,56564.2425,57248.075,2025-12-13 09:34:08.228144+00:00
2025-07-14 19:00:00+02:00,56260.575,57121.042499999996,2025-12-13 09:34:08.228144+00:00
2025-07-14 20:00:00+02:00,54495.9375,55824.057499999995,2025-12-13 09:34:08.228144+00:00
2025-07-14 21:00:00+02:00,52190.979999999996,53483.295,2025-12-13 09:34:08.228144+00:00
2025-07-14 22:00:00+02:00,49779.4325,50658.737499999996,2025-12-13 09:34:08.228144+00:00
2025-07-14 23:00:00+02:00,46483.8,47430.7375,2025-12-13 09:34:08.228144+00:00
2025-07-15 00:00:00+02:00,44178.1375,45157.255000000005,2025-12-13 09:34:08.228144+00:00
2025-07-15 01:00:00+02:00,41802.9075,43547.91,2025-12-13 09:34:08.228144+00:00
2025-07-15 02:00:00+02:00,40303.6575,42405.9975,2025-12-13 09:34:08.228144+00:00
2025-07-15 03:00:00+02:00,40411.405,42468.2425,2025-12-13 09:34:08.228144+00:00
2025-07-15 04:00:00+02:00,41377.1325,43103.1875,2025-12-13 09:34:08.228144+00:00
2025-07-15 05:00:00+02:00,43692.9525,45492.5125,2025-12-13 09:34:08.228144+00:00
2025-07-15 06:00:00+02:00,49570.835,51056.4675,2025-12-13 09:34:08.228144+00:00
2025-07-15 07:00:00+02:00,54766.7525,56337.567500000005,2025-12-13 09:34:08.228144+00:00
2025-07-15 08:00:00+02:00,57499.1575,59829.2125,2025-12-13 09:34:08.228144+00:00
2025-07-15 09:00:00+02:00,58185.5125,61305.1375,2025-12-13 09:34:08.228144+00:00
2025-07-15 10:00:00+02:00,59286.2525,62344.7575,2025-12-13 09:34:08.228144+00:00
2025-07-15 11:00:00+02:00,59822.875,62983.4025,2025-12-13 09:34:08.228144+00:00
2025-07-15 12:00:00+02:00,57677.515,62198.08,2025-12-13 09:34:08.228144+00:00
2025-07-15 13:00:00+02:00,56883.9425,60872.8475,2025-12-13 09:34:08.228144+00:00
2025-07-15 14:00:00+02:00,55149.93,59740.705,2025-12-13 09:34:08.228144+00:00
2025-07-15 15:00:00+02:00,56422.6475,59143.655,2025-12-13 09:34:08.228144+00:00
2025-07-15 16:00:00+02:00,54945.69,58339.895000000004,2025-12-13 09:34:08.228144+00:00
2025-07-15 17:00:00+02:00,55563.354999999996,57857.08,2025-12-13 09:34:08.228144+00:00
2025-07-15 18:00:00+02:00,55977.909999999996,57582.175,2025-12-13 09:34:08.228144+00:00
2025-07-15 19:00:00+02:00,56581.26,56650.915,2025-12-13 09:34:08.228144+00:00
2025-07-15 20:00:00+02:00,54629.66,55233.155,2025-12-13 09:34:08.228144+00:00
2025-07-15 21:00:00+02:00,52463.8975,53152.6875,2025-12-13 09:34:08.228144+00:00
2025-07-15 22:00:00+02:00,49734.775,50575.979999999996,2025-12-13 09:34:08.228144+00:00
2025-07-15 23:00:00+02:00,46456.775,47392.0,2025-12-13 09:34:08.228144+00:00
2025-07-16 00:00:00+02:00,44002.3725,44726.6025,2025-12-13 09:34:08.228144+00:00
2025-07-16 01:00:00+02:00,42783.5525,43126.0975,2025-12-13 09:34:08.228144+00:00
2025-07-16 02:00:00+02:00,41708.64,42222.0,2025-12-13 09:34:08.228144+00:00
2025-07-16 03:00:00+02:00,41425.7675,42324.2275,2025-12-13 09:34:08.228144+00:00
2025-07-16 04:00:00+02:00,42023.1325,43204.4975,2025-12-13 09:34:08.228144+00:00
2025-07-16 05:00:00+02:00,45329.4375,45205.095,2025-12-13 09:34:08.228144+00:00
2025-07-16 06:00:00+02:00,52119.235,50462.305,2025-12-13 09:34:08.228144+00:00
2025-07-16 07:00:00+02:00,57098.244999999995,55847.53,2025-12-13 09:34:08.228144+00:00
2025-07-16 08:00:00+02:00,60110.36,58873.3125,2025-12-13 09:34:08.228144+00:00
2025-07-16 09:00:00+02:00,61161.715,60053.7225,2025-12-13 09:34:08.228144+00:00
2025-07-16 10:00:00+02:00,61829.8725,61184.6225,2025-12-13 09:34:08.228144+00:00
2025-07-16 11:00:00+02:00,61528.32,61639.335,2025-12-13 09:34:08.228144+00:00
2025-07-16 12:00:00+02:00,60325.524999999994,60504.457500000004,2025-12-13 09:34:08.228144+00:00
2025-07-16 13:00:00+02:00,59185.2725,59268.7775,2025-12-13 09:34:08.228144+00:00
2025-07-16 14:00:00+02:00,58021.9375,57906.9075,2025-12-13 09:34:08.228144+00:00
2025-07-16 15:00:00+02:00,56835.25,57067.4,2025-12-13 09:34:08.228144+00:00
2025-07-16 16:00:00+02:00,56301.3325,56586.822499999995,2025-12-13 09:34:08.228144+00:00
2025-07-16 17:00:00+02:00,56785.865,56513.8875,2025-12-13 09:34:08.228144+00:00
2025-07-16 18:00:00+02:00,56934.537500000006,56342.19,2025-12-13 09:34:08.228144+00:00
2025-07-16 19:00:00+02:00,55479.445,56190.13,2025-12-13 09:34:08.228144+00:00
2025-07-16 20:00:00+02:00,53370.665,54509.46,2025-12-13 09:34:08.228144+00:00
2025-07-16 21:00:00+02:00,51423.61,52628.5875,2025-12-13 09:34:08.228144+00:00
2025-07-16 22:00:00+02:00,49063.8375,49635.6075,2025-12-13 09:34:08.228144+00:00
2025-07-16 23:00:00+02:00,45971.63,46702.09,2025-12-13 09:34:08.228144+00:00
2025-07-17 00:00:00+02:00,43538.5825,44224.4475,2025-12-13 09:34:08.228144+00:00
2025-07-17 01:00:00+02:00,41880.135,42763.2625,2025-12-13 09:34:08.228144+00:00
2025-07-17 02:00:00+02:00,41197.8875,42201.0,2025-12-13 09:34:08.228144+00:00
2025-07-17 03:00:00+02:00,41448.3575,42166.7975,2025-12-13 09:34:08.228144+00:00
2025-07-17 04:00:00+02:00,42441.135,42818.8925,2025-12-13 09:34:08.228144+00:00
2025-07-17 05:00:00+02:00,45463.729999999996,44216.005,2025-12-13 09:34:08.228144+00:00
2025-07-17 06:00:00+02:00,51592.130000000005,48652.7575,2025-12-13 09:34:08.228144+00:00
2025-07-17 07:00:00+02:00,56170.38,53037.9275,2025-12-13 09:34:08.228144+00:00
2025-07-17 08:00:00+02:00,59345.1275,55787.93,2025-12-13 09:34:08.228144+00:00
2025-07-17 09:00:00+02:00,59779.97,57186.292499999996,2025-12-13 09:34:08.228144+00:00
2025-07-17 10:00:00+02:00,60147.2825,57965.6575,2025-12-13 09:34:08.228144+00:00
2025-07-17 11:00:00+02:00,60672.6175,58614.8975,2025-12-13 09:34:08.228144+00:00
2025-07-17 12:00:00+02:00,59775.1075,58343.802500000005,2025-12-13 09:34:08.228144+00:00
2025-07-17 13:00:00+02:00,58768.7825,58142.8,2025-12-13 09:34:08.228144+00:00
2025-07-17 14:00:00+02:00,56905.2775,57060.19,2025-12-13 09:34:08.228144+00:00
2025-07-17 15:00:00+02:00,56098.055,55492.8975,2025-12-13 09:34:08.228144+00:00
2025-07-17 16:00:00+02:00,55007.08,55268.9975,2025-12-13 09:34:08.228144+00:00
2025-07-17 17:00:00+02:00,55462.8375,55174.755,2025-12-13 09:34:08.228144+00:00
2025-07-17 18:00:00+02:00,55968.91,55581.72749999999,2025-12-13 09:34:08.228144+00:00
2025-07-17 19:00:00+02:00,55481.712499999994,55500.9025,2025-12-13 09:34:08.228144+00:00
2025-07-17 20:00:00+02:00,53772.2175,54005.195,2025-12-13 09:34:08.228144+00:00
2025-07-17 21:00:00+02:00,51696.0925,52154.6,2025-12-13 09:34:08.228144+00:00
2025-07-17 22:00:00+02:00,49156.36,49314.6025,2025-12-13 09:34:08.228144+00:00
2025-07-17 23:00:00+02:00,45658.705,46037.5175,2025-12-13 09:34:08.228144+00:00
2025-07-18 00:00:00+02:00,43141.9875,44770.8775,2025-12-13 09:34:08.228144+00:00
2025-07-18 01:00:00+02:00,41361.805,43272.555,2025-12-13 09:34:08.228144+00:00
2025-07-18 02:00:00+02:00,40273.345,42471.7275,2025-12-13 09:34:08.228144+00:00
2025-07-18 03:00:00+02:00,40071.6175,42427.835,2025-12-13 09:34:08.228144+00:00
2025-07-18 04:00:00+02:00,40919.33,43327.335,2025-12-13 09:34:08.228144+00:00
2025-07-18 05:00:00+02:00,43856.37,45742.3825,2025-12-13 09:34:08.228144+00:00
2025-07-18 06:00:00+02:00,49705.5375,50724.2175,2025-12-13 09:34:08.228144+00:00
2025-07-18 07:00:00+02:00,54455.75,55396.090000000004,2025-12-13 09:34:08.228144+00:00
2025-07-18 08:00:00+02:00,57296.875,58632.9825,2025-12-13 09:34:08.228144+00:00
2025-07-18 09:00:00+02:00,57712.7,59670.565,2025-12-13 09:34:08.228144+00:00
2025-07-18 10:00:00+02:00,57817.5775,60276.409999999996,2025-12-13 09:34:08.228144+00:00
2025-07-18 11:00:00+02:00,57621.3725,60709.8525,2025-12-13 09:34:08.228144+00:00
2025-07-18 12:00:00+02:00,56667.86,60083.1725,2025-12-13 09:34:08.228144+00:00
2025-07-18 13:00:00+02:00,55436.3275,58279.4675,2025-12-13 09:34:08.228144+00:00
2025-07-18 14:00:00+02:00,53565.865,56616.3,2025-12-13 09:34:08.228144+00:00
2025-07-18 15:00:00+02:00,52724.475,55714.09,2025-12-13 09:34:08.228144+00:00
2025-07-18 16:00:00+02:00,52579.3075,54927.74,2025-12-13 09:34:08.228144+00:00
2025-07-18 17:00:00+02:00,52727.8375,54295.3525,2025-12-13 09:34:08.228144+00:00
2025-07-18 18:00:00+02:00,52553.457500000004,54208.095,2025-12-13 09:34:08.228144+00:00
2025-07-18 19:00:00+02:00,52302.9475,53793.55,2025-12-13 09:34:08.228144+00:00
2025-07-18 20:00:00+02:00,50882.115,52631.365,2025-12-13 09:34:08.228144+00:00
2025-07-18 21:00:00+02:00,48995.4925,50739.1725,2025-12-13 09:34:08.228144+00:00
2025-07-18 22:00:00+02:00,46684.33,47921.7975,2025-12-13 09:34:08.228144+00:00
2025-07-18 23:00:00+02:00,43705.4425,44977.3475,2025-12-13 09:34:08.228144+00:00
2025-07-19 00:00:00+02:00,41516.3825,42275.072499999995,2025-12-13 09:34:08.228144+00:00
2025-07-19 01:00:00+02:00,39600.915,40321.1875,2025-12-13 09:34:08.228144+00:00
2025-07-19 02:00:00+02:00,38241.5225,39261.5775,2025-12-13 09:34:08.228144+00:00
2025-07-19 03:00:00+02:00,37674.4275,38744.8675,2025-12-13 09:34:08.228144+00:00
2025-07-19 04:00:00+02:00,37549.97,38731.0075,2025-12-13 09:34:08.228144+00:00
2025-07-19 05:00:00+02:00,37704.6,38648.3425,2025-12-13 09:34:08.228144+00:00
2025-07-19 06:00:00+02:00,39203.7125,39635.13,2025-12-13 09:34:08.228144+00:00
2025-07-19 07:00:00+02:00,41642.065,42453.32,2025-12-13 09:34:08.228144+00:00
2025-07-19 08:00:00+02:00,44999.035,45898.4825,2025-12-13 09:34:08.228144+00:00
2025-07-19 09:00:00+02:00,46993.57,48909.205,2025-12-13 09:34:08.228144+00:00
2025-07-19 10:00:00+02:00,47686.042499999996,50594.8225,2025-12-13 09:34:08.228144+00:00
2025-07-19 11:00:00+02:00,47848.91,51242.565,2025-12-13 09:34:08.228144+00:00
2025-07-19 12:00:00+02:00,46982.7025,50797.225,2025-12-13 09:34:08.228144+00:00
2025-07-19 13:00:00+02:00,46157.9075,49800.3775,2025-12-13 09:34:08.228144+00:00
2025-07-19 14:00:00+02:00,45889.2575,48292.28,2025-12-13 09:34:08.228144+00:00
2025-07-19 15:00:00+02:00,45577.57,47448.9325,2025-12-13 09:34:08.228144+00:00
2025-07-19 16:00:00+02:00,45403.1,47129.5475,2025-12-13 09:34:08.228144+00:00
2025-07-19 17:00:00+02:00,46470.895000000004,47271.1575,2025-12-13 09:34:08.228144+00:00
2025-07-19 18:00:00+02:00,46993.9425,47721.1775,2025-12-13 09:34:08.228144+00:00
2025-07-19 19:00:00+02:00,47070.1075,47519.2075,2025-12-13 09:34:08.228144+00:00
2025-07-19 20:00:00+02:00,45958.3875,46789.465,2025-12-13 09:34:08.228144+00:00
2025-07-19 21:00:00+02:00,44595.9375,45500.075,2025-12-13 09:34:08.228144+00:00
2025-07-19 22:00:00+02:00,44015.4875,43684.3825,2025-12-13 09:34:08.228144+00:00
2025-07-19 23:00:00+02:00,41596.445,41376.1775,2025-12-13 09:34:08.228144+00:00
2025-07-20 00:00:00+02:00,38903.92,39750.08,2025-12-13 09:34:08.228144+00:00
2025-07-20 01:00:00+02:00,36836.955,38129.89,2025-12-13 09:34:08.228144+00:00
2025-07-20 02:00:00+02:00,35987.6875,37184.0075,2025-12-13 09:34:08.228144+00:00
2025-07-20 03:00:00+02:00,35238.49,36761.215000000004,2025-12-13 09:34:08.228144+00:00
2025-07-20 04:00:00+02:00,34998.08,36881.7625,2025-12-13 09:34:08.228144+00:00
2025-07-20 05:00:00+02:00,34870.92,37631.3375,2025-12-13 09:34:08.228144+00:00
2025-07-20 06:00:00+02:00,35383.9475,39669.1575,2025-12-13 09:34:08.228144+00:00
2025-07-20 07:00:00+02:00,37400.8925,42259.6775,2025-12-13 09:34:08.228144+00:00
2025-07-20 08:00:00+02:00,40438.94,45040.575,2025-12-13 09:34:08.228144+00:00
2025-07-20 09:00:00+02:00,43136.3825,47520.212499999994,2025-12-13 09:34:08.228144+00:00
2025-07-20 10:00:00+02:00,44100.56,49490.0125,2025-12-13 09:34:08.228144+00:00
2025-07-20 11:00:00+02:00,44985.1575,50529.832500000004,2025-12-13 09:34:08.228144+00:00
2025-07-20 12:00:00+02:00,44197.9025,50260.322499999995,2025-12-13 09:34:08.228144+00:00
2025-07-20 13:00:00+02:00,42693.945,49230.14,2025-12-13 09:34:08.228144+00:00
2025-07-20 14:00:00+02:00,42388.475,48212.9425,2025-12-13 09:34:08.228144+00:00
2025-07-20 15:00:00+02:00,42794.1725,47384.9425,2025-12-13 09:34:08.228144+00:00
2025-07-20 16:00:00+02:00,42714.8875,47161.5825,2025-12-13 09:34:08.228144+00:00
2025-07-20 17:00:00+02:00,44147.74,47641.8575,2025-12-13 09:34:08.228144+00:00
2025-07-20 18:00:00+02:00,46468.7575,48063.957500000004,2025-12-13 09:34:08.228144+00:00
2025-07-20 19:00:00+02:00,47345.567500000005,48580.027500000004,2025-12-13 09:34:08.228144+00:00
2025-07-20 20:00:00+02:00,46980.2575,48265.6425,2025-12-13 09:34:08.228144+00:00
2025-07-20 21:00:00+02:00,46872.2675,47232.0225,2025-12-13 09:34:08.228144+00:00
2025-07-20 22:00:00+02:00,45845.4725,45886.99,2025-12-13 09:34:08.228144+00:00
2025-07-20 23:00:00+02:00,42731.67,43649.37,2025-12-13 09:34:08.228144+00:00
2025-07-21 00:00:00+02:00,40908.615000000005,41008.1225,2025-12-13 09:34:08.228144+00:00
2025-07-21 01:00:00+02:00,40050.7375,39901.04,2025-12-13 09:34:08.228144+00:00
2025-07-21 02:00:00+02:00,39122.88,39563.2275,2025-12-13 09:34:08.228144+00:00
2025-07-21 03:00:00+02:00,38983.0125,39813.685,2025-12-13 09:34:08.228144+00:00
2025-07-21 04:00:00+02:00,40005.2525,40845.8775,2025-12-13 09:34:08.228144+00:00
2025-07-21 05:00:00+02:00,43070.9625,44299.1975,2025-12-13 09:34:08.228144+00:00
2025-07-21 06:00:00+02:00,50160.0375,51223.245,2025-12-13 09:34:08.228144+00:00
2025-07-21 07:00:00+02:00,55420.56,56552.095,2025-12-13 09:34:08.228144+00:00
2025-07-21 08:00:00+02:00,58801.3875,60332.39,2025-12-13 09:34:08.228144+00:00
2025-07-21 09:00:00+02:00,60691.16,62081.275,2025-12-13 09:34:08.228144+00:00
2025-07-21 10:00:00+02:00,61343.7675,63303.0475,2025-12-13 09:34:08.228144+00:00
2025-07-21 11:00:00+02:00,61703.975,63661.8575,2025-12-13 09:34:08.228144+00:00
2025-07-21 12:00:00+02:00,61623.1875,63411.38,2025-12-13 09:34:08.228144+00:00
2025-07-21 13:00:00+02:00,60808.49,62257.285,2025-12-13 09:34:08.228144+00:00
2025-07-21 14:00:00+02:00,59439.0275,60871.5125,2025-12-13 09:34:08.228144+00:00
2025-07-21 15:00:00+02:00,58187.4675,59309.145000000004,2025-12-13 09:34:08.228144+00:00
2025-07-21 16:00:00+02:00,56928.15,58255.305,2025-12-13 09:34:08.228144+00:00
2025-07-21 17:00:00+02:00,57453.7025,57659.875,2025-12-13 09:34:08.228144+00:00
2025-07-21 18:00:00+02:00,57434.0025,57836.07,2025-12-13 09:34:08.228144+00:00
2025-07-21 19:00:00+02:00,56186.8925,57766.9475,2025-12-13 09:34:08.228144+00:00
2025-07-21 20:00:00+02:00,54503.37,56384.792499999996,2025-12-13 09:34:08.228144+00:00
2025-07-21 21:00:00+02:00,52163.005,54097.0375,2025-12-13 09:34:08.228144+00:00
2025-07-21 22:00:00+02:00,49309.9275,51126.535,2025-12-13 09:34:08.228144+00:00
2025-07-21 23:00:00+02:00,45469.34,47746.729999999996,2025-12-13 09:34:08.228144+00:00
2025-07-22 00:00:00+02:00,42651.54,45212.082500000004,2025-12-13 09:34:08.228144+00:00
2025-07-22 01:00:00+02:00,41010.06,43703.47,2025-12-13 09:34:08.228144+00:00
2025-07-22 02:00:00+02:00,40260.6175,42682.205,2025-12-13 09:34:08.228144+00:00
2025-07-22 03:00:00+02:00,40672.6125,42649.7275,2025-12-13 09:34:08.228144+00:00
2025-07-22 04:00:00+02:00,41397.5275,43365.905,2025-12-13 09:34:08.228144+00:00
2025-07-22 05:00:00+02:00,44504.3125,45749.4725,2025-12-13 09:34:08.228144+00:00
2025-07-22 06:00:00+02:00,50441.8075,51369.4675,2025-12-13 09:34:08.228144+00:00
2025-07-22 07:00:00+02:00,55429.025,56536.17,2025-12-13 09:34:08.228144+00:00
2025-07-22 08:00:00+02:00,58683.509999999995,59610.7425,2025-12-13 09:34:08.228144+00:00
2025-07-22 09:00:00+02:00,59209.155,60974.6575,2025-12-13 09:34:08.228144+00:00
2025-07-22 10:00:00+02:00,59474.9175,61738.1925,2025-12-13 09:34:08.228144+00:00
2025-07-22 11:00:00+02:00,60278.2775,62263.59,2025-12-13 09:34:08.228144+00:00
2025-07-22 12:00:00+02:00,59519.5375,61963.36,2025-12-13 09:34:08.228144+00:00
2025-07-22 13:00:00+02:00,58065.0625,60590.677500000005,2025-12-13 09:34:08.228144+00:00
2025-07-22 14:00:00+02:00,57550.7825,59154.535,2025-12-13 09:34:08.228144+00:00
2025-07-22 15:00:00+02:00,57344.8425,58416.432499999995,2025-12-13 09:34:08.228144+00:00
2025-07-22 16:00:00+02:00,57648.1225,57687.405,2025-12-13 09:34:08.228144+00:00
2025-07-22 17:00:00+02:00,57485.335,57249.21,2025-12-13 09:34:08.228144+00:00
2025-07-22 18:00:00+02:00,57184.4725,57090.26,2025-12-13 09:34:08.228144+00:00
2025-07-22 19:00:00+02:00,56700.2825,56312.715,2025-12-13 09:34:08.228144+00:00
2025-07-22 20:00:00+02:00,54813.7475,54708.7825,2025-12-13 09:34:08.228144+00:00
2025-07-22 21:00:00+02:00,52679.3825,52816.24,2025-12-13 09:34:08.228144+00:00
2025-07-22 22:00:00+02:00,49504.02,50118.395,2025-12-13 09:34:08.228144+00:00
2025-07-22 23:00:00+02:00,46941.775,47026.94,2025-12-13 09:34:08.228144+00:00
2025-07-23 00:00:00+02:00,44121.1525,43865.82,2025-12-13 09:34:08.228144+00:00
2025-07-23 01:00:00+02:00,42884.78,42351.615,2025-12-13 09:34:08.228144+00:00
2025-07-23 02:00:00+02:00,41648.965,41473.1775,2025-12-13 09:34:08.228144+00:00
2025-07-23 03:00:00+02:00,41592.417499999996,41573.8375,2025-12-13 09:34:08.228144+00:00
2025-07-23 04:00:00+02:00,42503.535,42690.77250000001,2025-12-13 09:34:08.228144+00:00
2025-07-23 05:00:00+02:00,45209.6875,45122.7975,2025-12-13 09:34:08.228144+00:00
2025-07-23 06:00:00+02:00,51357.792499999996,50546.6025,2025-12-13 09:34:08.228144+00:00
2025-07-23 07:00:00+02:00,56124.055,55784.35,2025-12-13 09:34:08.228144+00:00
2025-07-23 08:00:00+02:00,59104.2325,59291.225,2025-12-13 09:34:08.228144+00:00
2025-07-23 09:00:00+02:00,59702.6375,60567.770000000004,2025-12-13 09:34:08.228144+00:00
2025-07-23 10:00:00+02:00,60464.3725,61201.2175,2025-12-13 09:34:08.228144+00:00
2025-07-23 11:00:00+02:00,60088.7025,61900.9525,2025-12-13 09:34:08.228144+00:00
2025-07-23 12:00:00+02:00,59535.9825,61337.665,2025-12-13 09:34:08.228144+00:00
2025-07-23 13:00:00+02:00,58901.79,60300.8875,2025-12-13 09:34:08.228144+00:00
2025-07-23 14:00:00+02:00,57183.515,58572.3175,2025-12-13 09:34:08.228144+00:00
2025-07-23 15:00:00+02:00,56186.46,57299.807499999995,2025-12-13 09:34:08.228144+00:00
2025-07-23 16:00:00+02:00,55881.3825,56669.4925,2025-12-13 09:34:08.228144+00:00
2025-07-23 17:00:00+02:00,56130.5225,56396.957500000004,2025-12-13 09:34:08.228144+00:00
2025-07-23 18:00:00+02:00,56914.5375,56204.869999999995,2025-12-13 09:34:08.228144+00:00
2025-07-23 19:00:00+02:00,56946.295,56029.6475,2025-12-13 09:34:08.228144+00:00
2025-07-23 20:00:00+02:00,54846.3925,54237.3375,2025-12-13 09:34:08.228144+00:00
2025-07-23 21:00:00+02:00,53012.025,52406.5475,2025-12-13 09:34:08.228144+00:00
2025-07-23 22:00:00+02:00,50104.84,49312.005000000005,2025-12-13 09:34:08.228144+00:00
2025-07-23 23:00:00+02:00,46896.375,46416.2575,2025-12-13 09:34:08.228144+00:00
2025-07-24 00:00:00+02:00,43929.6975,43743.965,2025-12-13 09:34:08.228144+00:00
2025-07-24 01:00:00+02:00,42252.4425,42211.9975,2025-12-13 09:34:08.228144+00:00
2025-07-24 02:00:00+02:00,41077.785,41452.0225,2025-12-13 09:34:08.228144+00:00
2025-07-24 03:00:00+02:00,40885.67,41324.005,2025-12-13 09:34:08.228144+00:00
2025-07-24 04:00:00+02:00,41486.19,42134.935,2025-12-13 09:34:08.228144+00:00
2025-07-24 05:00:00+02:00,44397.64,44654.7675,2025-12-13 09:34:08.228144+00:00
2025-07-24 06:00:00+02:00,49991.26,49917.82,2025-12-13 09:34:08.228144+00:00
2025-07-24 07:00:00+02:00,55010.3925,54987.46,2025-12-13 09:34:08.228144+00:00
2025-07-24 08:00:00+02:00,58312.35,58659.03,2025-12-13 09:34:08.228144+00:00
2025-07-24 09:00:00+02:00,59457.245,60825.89,2025-12-13 09:34:08.228144+00:00
2025-07-24 10:00:00+02:00,60291.12,61445.775,2025-12-13 09:34:08.228144+00:00
2025-07-24 11:00:00+02:00,60615.86,62145.7,2025-12-13 09:34:08.228144+00:00
2025-07-24 12:00:00+02:00,59338.45,61089.835,2025-12-13 09:34:08.228144+00:00
2025-07-24 13:00:00+02:00,58386.57,60281.77,2025-12-13 09:34:08.228144+00:00
2025-07-24 14:00:00+02:00,57326.0275,58886.4275,2025-12-13 09:34:08.228144+00:00
2025-07-24 15:00:00+02:00,56251.6375,57550.902500000004,2025-12-13 09:34:08.228144+00:00
2025-07-24 16:00:00+02:00,55656.4425,56960.69,2025-12-13 09:34:08.228144+00:00
2025-07-24 17:00:00+02:00,56231.0775,56335.8975,2025-12-13 09:34:08.228144+00:00
2025-07-24 18:00:00+02:00,56563.99,56056.35,2025-12-13 09:34:08.228144+00:00
2025-07-24 19:00:00+02:00,55792.195,56113.895,2025-12-13 09:34:08.228144+00:00
2025-07-24 20:00:00+02:00,54622.4475,54907.645000000004,2025-12-13 09:34:08.228144+00:00
2025-07-24 21:00:00+02:00,52957.16,52667.67,2025-12-13 09:34:08.228144+00:00
2025-07-24 22:00:00+02:00,50252.119999999995,49987.9125,2025-12-13 09:34:08.228144+00:00
2025-07-24 23:00:00+02:00,46495.25,46808.08,2025-12-13 09:34:08.228144+00:00
2025-07-25 00:00:00+02:00,43508.034999999996,44233.46,2025-12-13 09:34:08.228144+00:00
2025-07-25 01:00:00+02:00,41860.585,42802.215,2025-12-13 09:34:08.228144+00:00
2025-07-25 02:00:00+02:00,40998.435,41988.527500000004,2025-12-13 09:34:08.228144+00:00
2025-07-25 03:00:00+02:00,40993.072499999995,41936.0875,2025-12-13 09:34:08.228144+00:00
2025-07-25 04:00:00+02:00,42115.0225,42784.9925,2025-12-13 09:34:08.228144+00:00
2025-07-25 05:00:00+02:00,44664.955,45287.4075,2025-12-13 09:34:08.228144+00:00
2025-07-25 06:00:00+02:00,50028.9525,50171.417499999996,2025-12-13 09:34:08.228144+00:00
2025-07-25 07:00:00+02:00,54897.4325,55060.020000000004,2025-12-13 09:34:08.228144+00:00
2025-07-25 08:00:00+02:00,58099.057499999995,58493.899999999994,2025-12-13 09:34:08.228144+00:00
2025-07-25 09:00:00+02:00,59055.6075,59545.495,2025-12-13 09:34:08.228144+00:00
2025-07-25 10:00:00+02:00,59598.994999999995,60625.8125,2025-12-13 09:34:08.228144+00:00
2025-07-25 11:00:00+02:00,59784.2325,60922.8425,2025-12-13 09:34:08.228144+00:00
2025-07-25 12:00:00+02:00,59053.3825,59994.5275,2025-12-13 09:34:08.228144+00:00
2025-07-25 13:00:00+02:00,57186.917499999996,58772.880000000005,2025-12-13 09:34:08.228144+00:00
2025-07-25 14:00:00+02:00,55589.9825,56863.06,2025-12-13 09:34:08.228144+00:00
2025-07-25 15:00:00+02:00,54596.1725,55838.635,2025-12-13 09:34:08.228144+00:00
2025-07-25 16:00:00+02:00,53214.5725,55112.47,2025-12-13 09:34:08.228144+00:00
2025-07-25 17:00:00+02:00,54029.7725,54677.8325,2025-12-13 09:34:08.228144+00:00
2025-07-25 18:00:00+02:00,54121.01,54688.225,2025-12-13 09:34:08.228144+00:00
2025-07-25 19:00:00+02:00,53745.6,54315.3925,2025-12-13 09:34:08.228144+00:00
2025-07-25 20:00:00+02:00,52143.8225,52862.2975,2025-12-13 09:34:08.228144+00:00
2025-07-25 21:00:00+02:00,50239.0725,50815.245,2025-12-13 09:34:08.228144+00:00
2025-07-25 22:00:00+02:00,47725.415,47941.89,2025-12-13 09:34:08.228144+00:00
2025-07-25 23:00:00+02:00,44500.5875,44830.915,2025-12-13 09:34:08.228144+00:00
2025-07-26 00:00:00+02:00,41963.455,41946.354999999996,2025-12-13 09:34:08.228144+00:00
2025-07-26 01:00:00+02:00,40007.0275,39940.5575,2025-12-13 09:34:08.228144+00:00
2025-07-26 02:00:00+02:00,38645.045,38818.3225,2025-12-13 09:34:08.228144+00:00
2025-07-26 03:00:00+02:00,38054.32,38344.835,2025-12-13 09:34:08.228144+00:00
2025-07-26 04:00:00+02:00,38072.5775,38405.815,2025-12-13 09:34:08.228144+00:00
2025-07-26 05:00:00+02:00,38581.8625,38588.6075,2025-12-13 09:34:08.228144+00:00
2025-07-26 06:00:00+02:00,39900.255,39918.8575,2025-12-13 09:34:08.228144+00:00
2025-07-26 07:00:00+02:00,41839.845,42587.9475,2025-12-13 09:34:08.228144+00:00
2025-07-26 08:00:00+02:00,44325.8525,46003.9825,2025-12-13 09:34:08.228144+00:00
2025-07-26 09:00:00+02:00,47003.08,48605.3725,2025-12-13 09:34:08.228144+00:00
2025-07-26 10:00:00+02:00,48190.715,49968.3625,2025-12-13 09:34:08.228144+00:00
2025-07-26 11:00:00+02:00,48923.8825,50471.835,2025-12-13 09:34:08.228144+00:00
2025-07-26 12:00:00+02:00,48091.405,50058.8275,2025-12-13 09:34:08.228144+00:00
2025-07-26 13:00:00+02:00,47092.917499999996,48804.8825,2025-12-13 09:34:08.228144+00:00
2025-07-26 14:00:00+02:00,45637.5925,47289.0175,2025-12-13 09:34:08.228144+00:00
2025-07-26 15:00:00+02:00,45379.2575,46518.3675,2025-12-13 09:34:08.228144+00:00
2025-07-26 16:00:00+02:00,45141.042499999996,46583.28,2025-12-13 09:34:08.228144+00:00
2025-07-26 17:00:00+02:00,46163.8775,47303.585,2025-12-13 09:34:08.228144+00:00
2025-07-26 18:00:00+02:00,47204.895000000004,47969.1075,2025-12-13 09:34:08.228144+00:00
2025-07-26 19:00:00+02:00,47412.9,47628.3725,2025-12-13 09:34:08.228144+00:00
2025-07-26 20:00:00+02:00,45963.3975,46850.4,2025-12-13 09:34:08.228144+00:00
2025-07-26 21:00:00+02:00,44722.7625,45397.1,2025-12-13 09:34:08.228144+00:00
2025-07-26 22:00:00+02:00,43367.7225,43596.085,2025-12-13 09:34:08.228144+00:00
2025-07-26 23:00:00+02:00,40754.685,41287.43,2025-12-13 09:34:08.228144+00:00
2025-07-27 00:00:00+02:00,38393.0775,39919.8575,2025-12-13 09:34:08.228144+00:00
2025-07-27 01:00:00+02:00,36540.317500000005,38236.2475,2025-12-13 09:34:08.228144+00:00
2025-07-27 02:00:00+02:00,35195.885,37392.7325,2025-12-13 09:34:08.228144+00:00
2025-07-27 03:00:00+02:00,34539.2425,36998.1325,2025-12-13 09:34:08.228144+00:00
2025-07-27 04:00:00+02:00,34384.275,37021.94,2025-12-13 09:34:08.228144+00:00
2025-07-27 05:00:00+02:00,34479.215,37618.9625,2025-12-13 09:34:08.228144+00:00
2025-07-27 06:00:00+02:00,34967.95,38814.6975,2025-12-13 09:34:08.228144+00:00
2025-07-27 07:00:00+02:00,36718.8675,41258.685,2025-12-13 09:34:08.228144+00:00
2025-07-27 08:00:00+02:00,39894.2925,44359.0575,2025-12-13 09:34:08.228144+00:00
2025-07-27 09:00:00+02:00,43189.94,46836.6775,2025-12-13 09:34:08.228144+00:00
2025-07-27 10:00:00+02:00,45231.265,48605.2375,2025-12-13 09:34:08.228144+00:00
2025-07-27 11:00:00+02:00,46107.9525,49218.962499999994,2025-12-13 09:34:08.228144+00:00
2025-07-27 12:00:00+02:00,45571.75,49118.8275,2025-12-13 09:34:08.228144+00:00
2025-07-27 13:00:00+02:00,44141.58,48334.6475,2025-12-13 09:34:08.228144+00:00
2025-07-27 14:00:00+02:00,43046.31,46988.2325,2025-12-13 09:34:08.228144+00:00
2025-07-27 15:00:00+02:00,42404.155,46354.604999999996,2025-12-13 09:34:08.228144+00:00
2025-07-27 16:00:00+02:00,42394.8625,46326.5675,2025-12-13 09:34:08.228144+00:00
2025-07-27 17:00:00+02:00,43649.935,47103.6875,2025-12-13 09:34:08.228144+00:00
2025-07-27 18:00:00+02:00,45395.090000000004,47887.354999999996,2025-12-13 09:34:08.228144+00:00
2025-07-27 19:00:00+02:00,45303.605,48227.972499999996,2025-12-13 09:34:08.228144+00:00
2025-07-27 20:00:00+02:00,44424.7575,47862.5275,2025-12-13 09:34:08.228144+00:00
2025-07-27 21:00:00+02:00,43963.795,47169.495,2025-12-13 09:34:08.228144+00:00
2025-07-27 22:00:00+02:00,42722.57,45563.347499999996,2025-12-13 09:34:08.228144+00:00
2025-07-27 23:00:00+02:00,39870.5275,43345.255000000005,2025-12-13 09:34:08.228144+00:00
2025-07-28 00:00:00+02:00,38291.0375,40861.82,2025-12-13 09:34:08.228144+00:00
2025-07-28 01:00:00+02:00,37359.83,39628.4775,2025-12-13 09:34:08.228144+00:00
2025-07-28 02:00:00+02:00,36482.7775,39160.009999999995,2025-12-13 09:34:08.228144+00:00
2025-07-28 03:00:00+02:00,36729.225,39444.8425,2025-12-13 09:34:08.228144+00:00
2025-07-28 04:00:00+02:00,38094.545,40714.604999999996,2025-12-13 09:34:08.228144+00:00
2025-07-28 05:00:00+02:00,41307.38,44289.1525,2025-12-13 09:34:08.228144+00:00
2025-07-28 06:00:00+02:00,47949.345,50521.805,2025-12-13 09:34:08.228144+00:00
2025-07-28 07:00:00+02:00,53413.205,56135.7825,2025-12-13 09:34:08.228144+00:00
2025-07-28 08:00:00+02:00,56819.0575,60051.805,2025-12-13 09:34:08.228144+00:00
2025-07-28 09:00:00+02:00,57603.64,62002.435,2025-12-13 09:34:08.228144+00:00
2025-07-28 10:00:00+02:00,58708.7325,63170.917499999996,2025-12-13 09:34:08.228144+00:00
2025-07-28 11:00:00+02:00,59693.3,63516.9125,2025-12-13 09:34:08.228144+00:00
2025-07-28 12:00:00+02:00,59502.7625,63265.4525,2025-12-13 09:34:08.228144+00:00
2025-07-28 13:00:00+02:00,58447.3625,62154.2675,2025-12-13 09:34:08.228144+00:00
2025-07-28 14:00:00+02:00,56956.7725,60472.0075,2025-12-13 09:34:08.228144+00:00
2025-07-28 15:00:00+02:00,55824.195,58852.3,2025-12-13 09:34:08.228144+00:00
2025-07-28 16:00:00+02:00,55542.1325,57625.4925,2025-12-13 09:34:08.228144+00:00
2025-07-28 17:00:00+02:00,56105.17,57326.87,2025-12-13 09:34:08.228144+00:00
2025-07-28 18:00:00+02:00,56432.6625,57478.2175,2025-12-13 09:34:08.228144+00:00
2025-07-28 19:00:00+02:00,55833.740000000005,57199.885,2025-12-13 09:34:08.228144+00:00
2025-07-28 20:00:00+02:00,53756.3475,55701.555,2025-12-13 09:34:08.228144+00:00
2025-07-28 21:00:00+02:00,52600.192500000005,53603.1325,2025-12-13 09:34:08.228144+00:00
2025-07-28 22:00:00+02:00,50065.4125,50665.99,2025-12-13 09:34:08.228144+00:00
2025-07-28 23:00:00+02:00,46861.884999999995,47417.88,2025-12-13 09:34:08.228144+00:00
2025-07-29 00:00:00+02:00,44679.295,44328.9675,2025-12-13 09:34:08.228144+00:00
2025-07-29 01:00:00+02:00,42542.965,42624.575,2025-12-13 09:34:08.228144+00:00
2025-07-29 02:00:00+02:00,41450.0275,41687.7575,2025-12-13 09:34:08.228144+00:00
2025-07-29 03:00:00+02:00,41423.505000000005,41707.32,2025-12-13 09:34:08.228144+00:00
2025-07-29 04:00:00+02:00,42312.8025,42541.6975,2025-12-13 09:34:08.228144+00:00
2025-07-29 05:00:00+02:00,45487.0,45218.025,2025-12-13 09:34:08.228144+00:00
2025-07-29 06:00:00+02:00,51639.4775,50367.5725,2025-12-13 09:34:08.228144+00:00
2025-07-29 07:00:00+02:00,55895.86,55641.8775,2025-12-13 09:34:08.228144+00:00
2025-07-29 08:00:00+02:00,59663.5775,59033.18,2025-12-13 09:34:08.228144+00:00
2025-07-29 09:00:00+02:00,59988.9175,60484.9775,2025-12-13 09:34:08.228144+00:00
2025-07-29 10:00:00+02:00,59712.9325,61352.2025,2025-12-13 09:34:08.228144+00:00
2025-07-29 11:00:00+02:00,59777.057499999995,61963.645,2025-12-13 09:34:08.228144+00:00
2025-07-29 12:00:00+02:00,59243.0275,61436.427500000005,2025-12-13 09:34:08.228144+00:00
2025-07-29 13:00:00+02:00,57845.3025,60134.5275,2025-12-13 09:34:08.228144+00:00
2025-07-29 14:00:00+02:00,56508.7475,58820.53,2025-12-13 09:34:08.228144+00:00
2025-07-29 15:00:00+02:00,55939.47,58502.7425,2025-12-13 09:34:08.228144+00:00
2025-07-29 16:00:00+02:00,56235.78,57747.4275,2025-12-13 09:34:08.228144+00:00
2025-07-29 17:00:00+02:00,56088.9825,57567.3075,2025-12-13 09:34:08.228144+00:00
2025-07-29 18:00:00+02:00,56361.0275,57397.3125,2025-12-13 09:34:08.228144+00:00
2025-07-29 19:00:00+02:00,55598.957500000004,56261.9075,2025-12-13 09:34:08.228144+00:00
2025-07-29 20:00:00+02:00,54028.16,54587.4225,2025-12-13 09:34:08.228144+00:00
2025-07-29 21:00:00+02:00,52416.37,52558.115,2025-12-13 09:34:08.228144+00:00
2025-07-29 22:00:00+02:00,49551.07,49944.932499999995,2025-12-13 09:34:08.228144+00:00
2025-07-29 23:00:00+02:00,46374.09,46875.35,2025-12-13 09:34:08.228144+00:00
2025-07-30 00:00:00+02:00,43184.9475,43568.9725,2025-12-13 09:34:08.228144+00:00
2025-07-30 01:00:00+02:00,41584.405,42085.0825,2025-12-13 09:34:08.228144+00:00
2025-07-30 02:00:00+02:00,40252.6125,41228.2575,2025-12-13 09:34:08.228144+00:00
2025-07-30 03:00:00+02:00,40628.5025,41429.24,2025-12-13 09:34:08.228144+00:00
2025-07-30 04:00:00+02:00,41248.04,42506.61,2025-12-13 09:34:08.228144+00:00
2025-07-30 05:00:00+02:00,44383.63,44961.994999999995,2025-12-13 09:34:08.228144+00:00
2025-07-30 06:00:00+02:00,50306.705,50068.7275,2025-12-13 09:34:08.228144+00:00
2025-07-30 07:00:00+02:00,54668.37,55166.63,2025-12-13 09:34:08.228144+00:00
2025-07-30 08:00:00+02:00,57388.854999999996,58445.635,2025-12-13 09:34:08.228144+00:00
2025-07-30 09:00:00+02:00,58595.0275,59533.5925,2025-12-13 09:34:08.228144+00:00
2025-07-30 10:00:00+02:00,59514.97,60236.145,2025-12-13 09:34:08.228144+00:00
2025-07-30 11:00:00+02:00,60715.3775,60693.552500000005,2025-12-13 09:34:08.228144+00:00
2025-07-30 12:00:00+02:00,60196.33,60113.095,2025-12-13 09:34:08.228144+00:00
2025-07-30 13:00:00+02:00,59426.5775,58905.542499999996,2025-12-13 09:34:08.228144+00:00
2025-07-30 14:00:00+02:00,58310.2775,57383.175,2025-12-13 09:34:08.228144+00:00
2025-07-30 15:00:00+02:00,56223.52,56516.0675,2025-12-13 09:34:08.228144+00:00
2025-07-30 16:00:00+02:00,55101.2975,55966.119999999995,2025-12-13 09:34:08.228144+00:00
2025-07-30 17:00:00+02:00,55435.8575,56135.5025,2025-12-13 09:34:08.228144+00:00
2025-07-30 18:00:00+02:00,55122.06,56193.405,2025-12-13 09:34:08.228144+00:00
2025-07-30 19:00:00+02:00,54815.875,55837.635,2025-12-13 09:34:08.228144+00:00
2025-07-30 20:00:00+02:00,53154.56,54037.5825,2025-12-13 09:34:08.228144+00:00
2025-07-30 21:00:00+02:00,51787.962499999994,52099.775,2025-12-13 09:34:08.228144+00:00
2025-07-30 22:00:00+02:00,48670.0875,48899.425,2025-12-13 09:34:08.228144+00:00
2025-07-30 23:00:00+02:00,45049.5125,46079.2625,2025-12-13 09:34:08.228144+00:00
2025-07-31 00:00:00+02:00,42759.51,42590.275,2025-12-13 09:34:08.228144+00:00
2025-07-31 01:00:00+02:00,41404.34,41088.76,2025-12-13 09:34:08.228144+00:00
2025-07-31 02:00:00+02:00,40657.2175,40079.325,2025-12-13 09:34:08.228144+00:00
2025-07-31 03:00:00+02:00,40380.6125,39958.235,2025-12-13 09:34:08.228144+00:00
2025-07-31 04:00:00+02:00,41288.292499999996,40964.6,2025-12-13 09:34:08.228144+00:00
2025-07-31 05:00:00+02:00,43835.235,44501.8025,2025-12-13 09:34:08.228144+00:00
2025-07-31 06:00:00+02:00,49577.4075,49933.895,2025-12-13 09:34:08.228144+00:00
2025-07-31 07:00:00+02:00,54527.925,55336.67,2025-12-13 09:34:08.228144+00:00
2025-07-31 08:00:00+02:00,57560.11,58610.09,2025-12-13 09:34:08.228144+00:00
2025-07-31 09:00:00+02:00,58659.42,60846.0875,2025-12-13 09:34:08.228144+00:00
2025-07-31 10:00:00+02:00,60026.4825,62484.6525,2025-12-13 09:34:08.228144+00:00
2025-07-31 11:00:00+02:00,59975.825,63365.567500000005,2025-12-13 09:34:08.228144+00:00
2025-07-31 12:00:00+02:00,58985.0525,62505.5875,2025-12-13 09:34:08.228144+00:00
2025-07-31 13:00:00+02:00,57407.8425,61287.82,2025-12-13 09:34:08.228144+00:00
2025-07-31 14:00:00+02:00,56170.4825,59656.525,2025-12-13 09:34:08.228144+00:00
2025-07-31 15:00:00+02:00,56039.2875,58582.354999999996,2025-12-13 09:34:08.228144+00:00
2025-07-31 16:00:00+02:00,55113.009999999995,58089.822499999995,2025-12-13 09:34:08.228144+00:00
2025-07-31 17:00:00+02:00,55090.22,57401.979999999996,2025-12-13 09:34:08.228144+00:00
2025-07-31 18:00:00+02:00,55465.1,56878.1275,2025-12-13 09:34:08.228144+00:00
2025-07-31 19:00:00+02:00,55498.7025,56909.3575,2025-12-13 09:34:08.228144+00:00
2025-07-31 20:00:00+02:00,53441.5025,55491.994999999995,2025-12-13 09:34:08.228144+00:00
2025-07-31 21:00:00+02:00,51917.0,52961.4425,2025-12-13 09:34:08.228144+00:00
2025-07-31 22:00:00+02:00,48647.97,49779.965,2025-12-13 09:34:08.228144+00:00
2025-07-31 23:00:00+02:00,45415.299999999996,46584.7475,2025-12-13 09:34:08.228144+00:00
2025-08-01 00:00:00+02:00,43036.4925,44003.305,2025-12-13 09:34:08.228144+00:00
2025-08-01 01:00:00+02:00,41632.37,42592.0525,2025-12-13 09:34:08.228144+00:00
2025-08-01 02:00:00+02:00,40467.8125,41678.207500000004,2025-12-13 09:34:08.228144+00:00
2025-08-01 03:00:00+02:00,40328.61,41724.5375,2025-12-13 09:34:08.228144+00:00
2025-08-01 04:00:00+02:00,41286.472499999996,42512.6625,2025-12-13 09:34:08.228144+00:00
2025-08-01 05:00:00+02:00,44270.0275,45039.08,2025-12-13 09:34:08.228144+00:00
2025-08-01 06:00:00+02:00,49403.854999999996,50189.5025,2025-12-13 09:34:08.228144+00:00
2025-08-01 07:00:00+02:00,53959.885,54594.0525,2025-12-13 09:34:08.228144+00:00
2025-08-01 08:00:00+02:00,57492.8525,58121.585,2025-12-13 09:34:08.228144+00:00
2025-08-01 09:00:00+02:00,58596.9375,60032.085,2025-12-13 09:34:08.228144+00:00
2025-08-01 10:00:00+02:00,58830.3675,61491.165,2025-12-13 09:34:08.228144+00:00
2025-08-01 11:00:00+02:00,57658.4725,61578.105,2025-12-13 09:34:08.228144+00:00
2025-08-01 12:00:00+02:00,56965.36,60592.315,2025-12-13 09:34:08.228144+00:00
2025-08-01 13:00:00+02:00,55177.3175,59343.86,2025-12-13 09:34:08.228144+00:00
2025-08-01 14:00:00+02:00,53434.165,57282.385,2025-12-13 09:34:08.228144+00:00
2025-08-01 15:00:00+02:00,52269.0375,56441.8225,2025-12-13 09:34:08.228144+00:00
2025-08-01 16:00:00+02:00,51821.415,55508.475,2025-12-13 09:34:08.228144+00:00
2025-08-01 17:00:00+02:00,52501.4075,54927.545,2025-12-13 09:34:08.228144+00:00
2025-08-01 18:00:00+02:00,52600.5775,54562.1075,2025-12-13 09:34:08.228144+00:00
2025-08-01 19:00:00+02:00,51848.744999999995,54092.94,2025-12-13 09:34:08.228144+00:00
2025-08-01 20:00:00+02:00,50314.1175,52584.375,2025-12-13 09:34:08.228144+00:00
2025-08-01 21:00:00+02:00,48343.0475,50553.0725,2025-12-13 09:34:08.228144+00:00
2025-08-01 22:00:00+02:00,45388.1825,47723.92,2025-12-13 09:34:08.228144+00:00
2025-08-01 23:00:00+02:00,42353.1625,44502.582500000004,2025-12-13 09:34:08.228144+00:00
2025-08-02 00:00:00+02:00,39827.81,42225.225,2025-12-13 09:34:08.228144+00:00
2025-08-02 01:00:00+02:00,38222.595,40269.695,2025-12-13 09:34:08.228144+00:00
2025-08-02 02:00:00+02:00,36755.2025,39151.61,2025-12-13 09:34:08.228144+00:00
2025-08-02 03:00:00+02:00,36300.32,38726.417499999996,2025-12-13 09:34:08.228144+00:00
2025-08-02 04:00:00+02:00,36488.425,38782.8,2025-12-13 09:34:08.228144+00:00
2025-08-02 05:00:00+02:00,37371.7275,38855.57,2025-12-13 09:34:08.228144+00:00
2025-08-02 06:00:00+02:00,38981.5625,40136.119999999995,2025-12-13 09:34:08.228144+00:00
2025-08-02 07:00:00+02:00,41012.697499999995,42977.57,2025-12-13 09:34:08.228144+00:00
2025-08-02 08:00:00+02:00,44330.9225,46350.0175,2025-12-13 09:34:08.228144+00:00
2025-08-02 09:00:00+02:00,46648.505,49183.2325,2025-12-13 09:34:08.228144+00:00
2025-08-02 10:00:00+02:00,48607.39,51030.165,2025-12-13 09:34:08.228144+00:00
2025-08-02 11:00:00+02:00,49435.0325,51942.925,2025-12-13 09:34:08.228144+00:00
2025-08-02 12:00:00+02:00,48478.04,51277.7825,2025-12-13 09:34:08.228144+00:00
2025-08-02 13:00:00+02:00,46552.47,49953.465,2025-12-13 09:34:08.228144+00:00
2025-08-02 14:00:00+02:00,45633.792499999996,48960.935,2025-12-13 09:34:08.228144+00:00
2025-08-02 15:00:00+02:00,44736.85,48176.61,2025-12-13 09:34:08.228144+00:00
2025-08-02 16:00:00+02:00,44696.1125,47661.1475,2025-12-13 09:34:08.228144+00:00
2025-08-02 17:00:00+02:00,45479.575,48382.159999999996,2025-12-13 09:34:08.228144+00:00
2025-08-02 18:00:00+02:00,46143.1275,48868.845,2025-12-13 09:34:08.228144+00:00
2025-08-02 19:00:00+02:00,45898.817500000005,48256.325,2025-12-13 09:34:08.228144+00:00
2025-08-02 20:00:00+02:00,44492.935,47073.7875,2025-12-13 09:34:08.228144+00:00
2025-08-02 21:00:00+02:00,43445.5,45513.917499999996,2025-12-13 09:34:08.228144+00:00
2025-08-02 22:00:00+02:00,41841.744999999995,43687.07,2025-12-13 09:34:08.228144+00:00
2025-08-02 23:00:00+02:00,39271.955,41200.165,2025-12-13 09:34:08.228144+00:00
2025-08-03 00:00:00+02:00,37069.41,39556.957500000004,2025-12-13 09:34:08.228144+00:00
2025-08-03 01:00:00+02:00,35853.94,37834.06,2025-12-13 09:34:08.228144+00:00
2025-08-03 02:00:00+02:00,34570.9475,36898.985,2025-12-13 09:34:08.228144+00:00
2025-08-03 03:00:00+02:00,34272.3725,36578.71,2025-12-13 09:34:08.228144+00:00
2025-08-03 04:00:00+02:00,34212.385,36675.1775,2025-12-13 09:34:08.228144+00:00
2025-08-03 05:00:00+02:00,34592.32,37378.31,2025-12-13 09:34:08.228144+00:00
2025-08-03 06:00:00+02:00,34955.865,38791.35,2025-12-13 09:34:08.228144+00:00
2025-08-03 07:00:00+02:00,37148.3975,41435.495,2025-12-13 09:34:08.228144+00:00
2025-08-03 08:00:00+02:00,40195.4025,44637.69,2025-12-13 09:34:08.228144+00:00
2025-08-03 09:00:00+02:00,42936.9675,47263.55,2025-12-13 09:34:08.228144+00:00
2025-08-03 10:00:00+02:00,44323.18,49224.9,2025-12-13 09:34:08.228144+00:00
2025-08-03 11:00:00+02:00,45737.7625,50145.93,2025-12-13 09:34:08.228144+00:00
2025-08-03 12:00:00+02:00,45767.4375,49730.69,2025-12-13 09:34:08.228144+00:00
2025-08-03 13:00:00+02:00,44608.7625,48471.3175,2025-12-13 09:34:08.228144+00:00
2025-08-03 14:00:00+02:00,43513.1075,46819.2575,2025-12-13 09:34:08.228144+00:00
2025-08-03 15:00:00+02:00,42586.27,46011.24,2025-12-13 09:34:08.228144+00:00
2025-08-03 16:00:00+02:00,41845.384999999995,46022.91,2025-12-13 09:34:08.228144+00:00
2025-08-03 17:00:00+02:00,43379.0875,46755.82,2025-12-13 09:34:08.228144+00:00
2025-08-03 18:00:00+02:00,44642.557499999995,47425.7775,2025-12-13 09:34:08.228144+00:00
2025-08-03 19:00:00+02:00,45312.665,47505.3075,2025-12-13 09:34:08.228144+00:00
2025-08-03 20:00:00+02:00,44855.955,47216.025,2025-12-13 09:34:08.228144+00:00
2025-08-03 21:00:00+02:00,44242.6525,46450.22,2025-12-13 09:34:08.228144+00:00
2025-08-03 22:00:00+02:00,42184.0375,44850.995,2025-12-13 09:34:08.228144+00:00
2025-08-03 23:00:00+02:00,40048.6525,42558.965,2025-12-13 09:34:08.228144+00:00
2025-08-04 00:00:00+02:00,38303.2125,39620.2375,2025-12-13 09:34:08.228144+00:00
2025-08-04 01:00:00+02:00,37566.085,38459.435,2025-12-13 09:34:08.228144+00:00
2025-08-04 02:00:00+02:00,37383.2175,38037.572499999995,2025-12-13 09:34:08.228144+00:00
2025-08-04 03:00:00+02:00,37533.1975,38170.244999999995,2025-12-13 09:34:08.228144+00:00
2025-08-04 04:00:00+02:00,38323.35,39509.43,2025-12-13 09:34:08.228144+00:00
2025-08-04 05:00:00+02:00,41401.93,43210.555,2025-12-13 09:34:08.228144+00:00
2025-08-04 06:00:00+02:00,47515.604999999996,49822.994999999995,2025-12-13 09:34:08.228144+00:00
2025-08-04 07:00:00+02:00,52482.9875,55091.542499999996,2025-12-13 09:34:08.228144+00:00
2025-08-04 08:00:00+02:00,56167.42,58882.72,2025-12-13 09:34:08.228144+00:00
2025-08-04 09:00:00+02:00,58267.41,61090.855,2025-12-13 09:34:08.228144+00:00
2025-08-04 10:00:00+02:00,58902.985,62251.1,2025-12-13 09:34:08.228144+00:00
2025-08-04 11:00:00+02:00,58499.1275,63141.1225,2025-12-13 09:34:08.228144+00:00
2025-08-04 12:00:00+02:00,56914.7525,62888.82,2025-12-13 09:34:08.228144+00:00
2025-08-04 13:00:00+02:00,55491.245,61551.0225,2025-12-13 09:34:08.228144+00:00
2025-08-04 14:00:00+02:00,53873.4975,59789.895000000004,2025-12-13 09:34:08.228144+00:00
2025-08-04 15:00:00+02:00,53116.479999999996,58493.615,2025-12-13 09:34:08.228144+00:00
2025-08-04 16:00:00+02:00,53457.0475,57277.447499999995,2025-12-13 09:34:08.228144+00:00
2025-08-04 17:00:00+02:00,53998.0175,56092.3025,2025-12-13 09:34:08.228144+00:00
2025-08-04 18:00:00+02:00,54921.0,56044.33,2025-12-13 09:34:08.228144+00:00
2025-08-04 19:00:00+02:00,54459.5,56018.6475,2025-12-13 09:34:08.228144+00:00
2025-08-04 20:00:00+02:00,52187.195,54582.505000000005,2025-12-13 09:34:08.228144+00:00
2025-08-04 21:00:00+02:00,51379.7125,52471.3425,2025-12-13 09:34:08.228144+00:00
2025-08-04 22:00:00+02:00,48182.5275,49602.17,2025-12-13 09:34:08.228144+00:00
2025-08-04 23:00:00+02:00,45388.405,46493.4375,2025-12-13 09:34:08.228144+00:00
2025-08-05 00:00:00+02:00,42404.4375,44062.6325,2025-12-13 09:34:08.228144+00:00
2025-08-05 01:00:00+02:00,41660.1625,42324.465,2025-12-13 09:34:08.228144+00:00
2025-08-05 02:00:00+02:00,41549.3275,41341.942500000005,2025-12-13 09:34:08.228144+00:00
2025-08-05 03:00:00+02:00,41631.66,41340.155,2025-12-13 09:34:08.228144+00:00
2025-08-05 04:00:00+02:00,42087.0325,42152.8125,2025-12-13 09:34:08.228144+00:00
2025-08-05 05:00:00+02:00,44555.445,44732.6,2025-12-13 09:34:08.228144+00:00
2025-08-05 06:00:00+02:00,49499.5525,49702.145000000004,2025-12-13 09:34:08.228144+00:00
2025-08-05 07:00:00+02:00,53749.425,54535.895000000004,2025-12-13 09:34:08.228144+00:00
2025-08-05 08:00:00+02:00,56909.1875,57688.19,2025-12-13 09:34:08.228144+00:00
2025-08-05 09:00:00+02:00,58324.3475,59011.957500000004,2025-12-13 09:34:08.228144+00:00
2025-08-05 10:00:00+02:00,58978.135,59644.8225,2025-12-13 09:34:08.228144+00:00
2025-08-05 11:00:00+02:00,59837.9975,60344.5525,2025-12-13 09:34:08.228144+00:00
2025-08-05 12:00:00+02:00,58804.2525,59710.7475,2025-12-13 09:34:08.228144+00:00
2025-08-05 13:00:00+02:00,56929.64,58365.840000000004,2025-12-13 09:34:08.228144+00:00
2025-08-05 14:00:00+02:00,56463.5675,57073.7475,2025-12-13 09:34:08.228144+00:00
2025-08-05 15:00:00+02:00,54332.3925,56821.5275,2025-12-13 09:34:08.228144+00:00
2025-08-05 16:00:00+02:00,53754.07,55959.8425,2025-12-13 09:34:08.228144+00:00
2025-08-05 17:00:00+02:00,54934.78,55622.177500000005,2025-12-13 09:34:08.228144+00:00
2025-08-05 18:00:00+02:00,56264.335,55534.0075,2025-12-13 09:34:08.228144+00:00
2025-08-05 19:00:00+02:00,55658.662500000006,54635.082500000004,2025-12-13 09:34:08.228144+00:00
2025-08-05 20:00:00+02:00,53778.4125,53400.490000000005,2025-12-13 09:34:08.228144+00:00
2025-08-05 21:00:00+02:00,52192.73,51619.287500000006,2025-12-13 09:34:08.228144+00:00
2025-08-05 22:00:00+02:00,48357.26,48975.8125,2025-12-13 09:34:08.228144+00:00
2025-08-05 23:00:00+02:00,45415.295,45879.1125,2025-12-13 09:34:08.228144+00:00
2025-08-06 00:00:00+02:00,43195.6125,42490.5875,2025-12-13 09:34:08.228144+00:00
2025-08-06 01:00:00+02:00,42302.465,41020.1625,2025-12-13 09:34:08.228144+00:00
2025-08-06 02:00:00+02:00,41371.225,40200.19,2025-12-13 09:34:08.228144+00:00
2025-08-06 03:00:00+02:00,40938.315,40284.7475,2025-12-13 09:34:08.228144+00:00
2025-08-06 04:00:00+02:00,42060.31,41433.3,2025-12-13 09:34:08.228144+00:00
2025-08-06 05:00:00+02:00,45055.5075,43951.3575,2025-12-13 09:34:08.228144+00:00
2025-08-06 06:00:00+02:00,50882.575,48966.215,2025-12-13 09:34:08.228144+00:00
2025-08-06 07:00:00+02:00,55106.3125,53616.4275,2025-12-13 09:34:08.228144+00:00
2025-08-06 08:00:00+02:00,57781.15,57252.54,2025-12-13 09:34:08.228144+00:00
2025-08-06 09:00:00+02:00,57030.4975,58670.2375,2025-12-13 09:34:08.228144+00:00
2025-08-06 10:00:00+02:00,56973.2675,59514.315,2025-12-13 09:34:08.228144+00:00
2025-08-06 11:00:00+02:00,56451.79,60269.7575,2025-12-13 09:34:08.228144+00:00
2025-08-06 12:00:00+02:00,55859.8575,59314.6225,2025-12-13 09:34:08.228144+00:00
2025-08-06 13:00:00+02:00,54788.33,57830.8375,2025-12-13 09:34:08.228144+00:00
2025-08-06 14:00:00+02:00,53118.945,56188.6475,2025-12-13 09:34:08.228144+00:00
2025-08-06 15:00:00+02:00,52490.8875,55201.85,2025-12-13 09:34:08.228144+00:00
2025-08-06 16:00:00+02:00,51880.1825,54017.729999999996,2025-12-13 09:34:08.228144+00:00
2025-08-06 17:00:00+02:00,53458.3925,53323.875,2025-12-13 09:34:08.228144+00:00
2025-08-06 18:00:00+02:00,54635.495,53148.1475,2025-12-13 09:34:08.228144+00:00
2025-08-06 19:00:00+02:00,54579.795,53047.1025,2025-12-13 09:34:08.228144+00:00
2025-08-06 20:00:00+02:00,53670.925,52449.105,2025-12-13 09:34:08.228144+00:00
2025-08-06 21:00:00+02:00,52253.7125,50909.585,2025-12-13 09:34:08.228144+00:00
2025-08-06 22:00:00+02:00,48800.9775,47795.2725,2025-12-13 09:34:08.228144+00:00
2025-08-06 23:00:00+02:00,45786.5475,44845.39,2025-12-13 09:34:08.228144+00:00
2025-08-07 00:00:00+02:00,43229.0275,42924.130000000005,2025-12-13 09:34:08.228144+00:00
2025-08-07 01:00:00+02:00,41589.1625,41527.417499999996,2025-12-13 09:34:08.228144+00:00
2025-08-07 02:00:00+02:00,40195.5475,40933.415,2025-12-13 09:34:08.228144+00:00
2025-08-07 03:00:00+02:00,39980.5475,40863.5875,2025-12-13 09:34:08.228144+00:00
2025-08-07 04:00:00+02:00,40687.4275,41279.2325,2025-12-13 09:34:08.228144+00:00
2025-08-07 05:00:00+02:00,43736.0775,43548.09,2025-12-13 09:34:08.228144+00:00
2025-08-07 06:00:00+02:00,49489.1375,48062.335,2025-12-13 09:34:08.228144+00:00
2025-08-07 07:00:00+02:00,54016.91,52327.085,2025-12-13 09:34:08.228144+00:00
2025-08-07 08:00:00+02:00,56698.4125,55694.4375,2025-12-13 09:34:08.228144+00:00
2025-08-07 09:00:00+02:00,56272.3425,58181.3075,2025-12-13 09:34:08.228144+00:00
2025-08-07 10:00:00+02:00,55789.7175,59869.4275,2025-12-13 09:34:08.228144+00:00
2025-08-07 11:00:00+02:00,55119.535,60271.0075,2025-12-13 09:34:08.228144+00:00
2025-08-07 12:00:00+02:00,53735.375,59354.850000000006,2025-12-13 09:34:08.228144+00:00
2025-08-07 13:00:00+02:00,52695.83,58732.275,2025-12-13 09:34:08.228144+00:00
2025-08-07 14:00:00+02:00,51696.2775,57301.354999999996,2025-12-13 09:34:08.228144+00:00
2025-08-07 15:00:00+02:00,51430.675,55941.33,2025-12-13 09:34:08.228144+00:00
2025-08-07 16:00:00+02:00,52033.905,55486.3875,2025-12-13 09:34:08.228144+00:00
2025-08-07 17:00:00+02:00,53350.0775,55396.445,2025-12-13 09:34:08.228144+00:00
2025-08-07 18:00:00+02:00,54803.270000000004,55405.2375,2025-12-13 09:34:08.228144+00:00
2025-08-07 19:00:00+02:00,55078.18,54727.065,2025-12-13 09:34:08.228144+00:00
2025-08-07 20:00:00+02:00,53990.1525,53566.64,2025-12-13 09:34:08.228144+00:00
2025-08-07 21:00:00+02:00,52520.835,52005.445,2025-12-13 09:34:08.228144+00:00
2025-08-07 22:00:00+02:00,49171.1425,48831.8725,2025-12-13 09:34:08.228144+00:00
2025-08-07 23:00:00+02:00,45552.0325,45649.182499999995,2025-12-13 09:34:08.228144+00:00
2025-08-08 00:00:00+02:00,43195.1175,43403.205,2025-12-13 09:34:08.228144+00:00
2025-08-08 01:00:00+02:00,41099.130000000005,41677.065,2025-12-13 09:34:08.228144+00:00
2025-08-08 02:00:00+02:00,39972.075,40777.17,2025-12-13 09:34:08.228144+00:00
2025-08-08 03:00:00+02:00,39710.2475,40798.8625,2025-12-13 09:34:08.228144+00:00
2025-08-08 04:00:00+02:00,40371.9775,41751.535,2025-12-13 09:34:08.228144+00:00
2025-08-08 05:00:00+02:00,43603.1875,44441.2375,2025-12-13 09:34:08.228144+00:00
2025-08-08 06:00:00+02:00,49148.509999999995,49679.36,2025-12-13 09:34:08.228144+00:00
2025-08-08 07:00:00+02:00,53609.5875,54599.067500000005,2025-12-13 09:34:08.228144+00:00
2025-08-08 08:00:00+02:00,56591.369999999995,58204.155,2025-12-13 09:34:08.228144+00:00
2025-08-08 09:00:00+02:00,56550.6375,59319.8725,2025-12-13 09:34:08.228144+00:00
2025-08-08 10:00:00+02:00,55987.5075,60982.340000000004,2025-12-13 09:34:08.228144+00:00
2025-08-08 11:00:00+02:00,55942.985,61541.45,2025-12-13 09:34:08.228144+00:00
2025-08-08 12:00:00+02:00,54639.9375,60436.55,2025-12-13 09:34:08.228144+00:00
2025-08-08 13:00:00+02:00,53158.965,59168.325,2025-12-13 09:34:08.228144+00:00
2025-08-08 14:00:00+02:00,51718.35,57158.4375,2025-12-13 09:34:08.228144+00:00
2025-08-08 15:00:00+02:00,51622.6725,55691.072499999995,2025-12-13 09:34:08.228144+00:00
2025-08-08 16:00:00+02:00,51663.22,55270.630000000005,2025-12-13 09:34:08.228144+00:00
2025-08-08 17:00:00+02:00,52294.3425,55322.42,2025-12-13 09:34:08.228144+00:00
2025-08-08 18:00:00+02:00,53224.905,54523.485,2025-12-13 09:34:08.228144+00:00
2025-08-08 19:00:00+02:00,53257.4875,53619.5325,2025-12-13 09:34:08.228144+00:00
2025-08-08 20:00:00+02:00,51303.807499999995,51914.1375,2025-12-13 09:34:08.228144+00:00
2025-08-08 21:00:00+02:00,50011.8975,49764.06,2025-12-13 09:34:08.228144+00:00
2025-08-08 22:00:00+02:00,47006.2725,46521.3,2025-12-13 09:34:08.228144+00:00
2025-08-08 23:00:00+02:00,43634.785,43484.34,2025-12-13 09:34:08.228144+00:00
2025-08-09 00:00:00+02:00,41470.3325,40701.855,2025-12-13 09:34:08.228144+00:00
2025-08-09 01:00:00+02:00,39445.6125,38683.6425,2025-12-13 09:34:08.228144+00:00
2025-08-09 02:00:00+02:00,38214.052500000005,37514.082500000004,2025-12-13 09:34:08.228144+00:00
2025-08-09 03:00:00+02:00,37858.9075,37143.535,2025-12-13 09:34:08.228144+00:00
2025-08-09 04:00:00+02:00,37572.4975,37264.1275,2025-12-13 09:34:08.228144+00:00
2025-08-09 05:00:00+02:00,38339.17,37733.61,2025-12-13 09:34:08.228144+00:00
2025-08-09 06:00:00+02:00,39533.1075,39265.1,2025-12-13 09:34:08.228144+00:00
2025-08-09 07:00:00+02:00,41947.33,42044.415,2025-12-13 09:34:08.228144+00:00
2025-08-09 08:00:00+02:00,44254.0925,45659.9675,2025-12-13 09:34:08.228144+00:00
2025-08-09 09:00:00+02:00,46466.9975,48432.275,2025-12-13 09:34:08.228144+00:00
2025-08-09 10:00:00+02:00,46930.655,50104.412500000006,2025-12-13 09:34:08.228144+00:00
2025-08-09 11:00:00+02:00,46180.990000000005,50915.447499999995,2025-12-13 09:34:08.228144+00:00
2025-08-09 12:00:00+02:00,45083.4775,50504.065,2025-12-13 09:34:08.228144+00:00
2025-08-09 13:00:00+02:00,43958.1225,48909.305,2025-12-13 09:34:08.228144+00:00
2025-08-09 14:00:00+02:00,43037.545,47575.9875,2025-12-13 09:34:08.228144+00:00
2025-08-09 15:00:00+02:00,42283.97,46780.185,2025-12-13 09:34:08.228144+00:00
2025-08-09 16:00:00+02:00,42906.8875,46427.7525,2025-12-13 09:34:08.228144+00:00
2025-08-09 17:00:00+02:00,44479.995,46973.465,2025-12-13 09:34:08.228144+00:00
2025-08-09 18:00:00+02:00,45442.354999999996,47235.71,2025-12-13 09:34:08.228144+00:00
2025-08-09 19:00:00+02:00,46205.27,46942.3575,2025-12-13 09:34:08.228144+00:00
2025-08-09 20:00:00+02:00,45179.76,46171.68,2025-12-13 09:34:08.228144+00:00
2025-08-09 21:00:00+02:00,44352.005,44726.7425,2025-12-13 09:34:08.228144+00:00
2025-08-09 22:00:00+02:00,42305.415,42571.597499999996,2025-12-13 09:34:08.228144+00:00
2025-08-09 23:00:00+02:00,39825.35,40168.6875,2025-12-13 09:34:08.228144+00:00
2025-08-10 00:00:00+02:00,37718.275,38961.21,2025-12-13 09:34:08.228144+00:00
2025-08-10 01:00:00+02:00,36297.6125,37257.9125,2025-12-13 09:34:08.228144+00:00
2025-08-10 02:00:00+02:00,35657.9525,36390.7775,2025-12-13 09:34:08.228144+00:00
2025-08-10 03:00:00+02:00,35106.9825,35934.1525,2025-12-13 09:34:08.228144+00:00
2025-08-10 04:00:00+02:00,35388.43,36119.345,2025-12-13 09:34:08.228144+00:00
2025-08-10 05:00:00+02:00,36116.6425,36816.5625,2025-12-13 09:34:08.228144+00:00
2025-08-10 06:00:00+02:00,36525.33,38183.9375,2025-12-13 09:34:08.228144+00:00
2025-08-10 07:00:00+02:00,38116.17,40680.345,2025-12-13 09:34:08.228144+00:00
2025-08-10 08:00:00+02:00,40625.0925,43874.0725,2025-12-13 09:34:08.228144+00:00
2025-08-10 09:00:00+02:00,42585.0925,46603.285,2025-12-13 09:34:08.228144+00:00
2025-08-10 10:00:00+02:00,42484.322499999995,48417.1725,2025-12-13 09:34:08.228144+00:00
2025-08-10 11:00:00+02:00,42254.1025,49616.39,2025-12-13 09:34:08.228144+00:00
2025-08-10 12:00:00+02:00,41403.135,49326.5925,2025-12-13 09:34:08.228144+00:00
2025-08-10 13:00:00+02:00,40237.8625,48003.6575,2025-12-13 09:34:08.228144+00:00
2025-08-10 14:00:00+02:00,39541.9325,46545.085,2025-12-13 09:34:08.228144+00:00
2025-08-10 15:00:00+02:00,38909.715,45741.365,2025-12-13 09:34:08.228144+00:00
2025-08-10 16:00:00+02:00,39572.425,45572.44,2025-12-13 09:34:08.228144+00:00
2025-08-10 17:00:00+02:00,41916.06,46366.3575,2025-12-13 09:34:08.228144+00:00
2025-08-10 18:00:00+02:00,43965.75,47000.3775,2025-12-13 09:34:08.228144+00:00
2025-08-10 19:00:00+02:00,44766.1575,47016.525,2025-12-13 09:34:08.228144+00:00
2025-08-10 20:00:00+02:00,44660.9325,46717.725,2025-12-13 09:34:08.228144+00:00
2025-08-10 21:00:00+02:00,44747.02,45670.4775,2025-12-13 09:34:08.228144+00:00
2025-08-10 22:00:00+02:00,43080.435,44039.3975,2025-12-13 09:34:08.228144+00:00
2025-08-10 23:00:00+02:00,40636.88,41874.5375,2025-12-13 09:34:08.228144+00:00
2025-08-11 00:00:00+02:00,38359.082500000004,39139.6025,2025-12-13 09:34:08.228144+00:00
2025-08-11 01:00:00+02:00,36956.3,38024.2975,2025-12-13 09:34:08.228144+00:00
2025-08-11 02:00:00+02:00,35907.0875,37615.9075,2025-12-13 09:34:08.228144+00:00
2025-08-11 03:00:00+02:00,35789.525,37814.832500000004,2025-12-13 09:34:08.228144+00:00
2025-08-11 04:00:00+02:00,37013.16,39118.112499999996,2025-12-13 09:34:08.228144+00:00
2025-08-11 05:00:00+02:00,40551.6975,42721.16,2025-12-13 09:34:08.228144+00:00
2025-08-11 06:00:00+02:00,46378.0925,49043.2525,2025-12-13 09:34:08.228144+00:00
2025-08-11 07:00:00+02:00,51218.405,53920.255000000005,2025-12-13 09:34:08.228144+00:00
2025-08-11 08:00:00+02:00,54263.135,57678.405,2025-12-13 09:34:08.228144+00:00
2025-08-11 09:00:00+02:00,54852.535,59795.8675,2025-12-13 09:34:08.228144+00:00
2025-08-11 10:00:00+02:00,54679.7625,60708.4675,2025-12-13 09:34:08.228144+00:00
2025-08-11 11:00:00+02:00,54062.645000000004,61266.585,2025-12-13 09:34:08.228144+00:00
2025-08-11 12:00:00+02:00,53335.07,60712.7525,2025-12-13 09:34:08.228144+00:00
2025-08-11 13:00:00+02:00,52429.42,59556.6025,2025-12-13 09:34:08.228144+00:00
2025-08-11 14:00:00+02:00,51701.7525,58030.055,2025-12-13 09:34:08.228144+00:00
2025-08-11 15:00:00+02:00,51130.625,56329.4175,2025-12-13 09:34:08.228144+00:00
2025-08-11 16:00:00+02:00,50941.775,55331.0175,2025-12-13 09:34:08.228144+00:00
2025-08-11 17:00:00+02:00,51812.4075,54624.385,2025-12-13 09:34:08.228144+00:00
2025-08-11 18:00:00+02:00,53490.9225,55030.87,2025-12-13 09:34:08.228144+00:00
2025-08-11 19:00:00+02:00,54073.097499999996,55204.8125,2025-12-13 09:34:08.228144+00:00
2025-08-11 20:00:00+02:00,52840.2975,54168.78,2025-12-13 09:34:08.228144+00:00
2025-08-11 21:00:00+02:00,51058.3725,52275.265,2025-12-13 09:34:08.228144+00:00
2025-08-11 22:00:00+02:00,47311.915,49346.3725,2025-12-13 09:34:08.228144+00:00
2025-08-11 23:00:00+02:00,43843.125,46081.2025,2025-12-13 09:34:08.228144+00:00
2025-08-12 00:00:00+02:00,41659.792499999996,43374.0375,2025-12-13 09:34:08.228144+00:00
2025-08-12 01:00:00+02:00,40276.765,41753.3125,2025-12-13 09:34:08.228144+00:00
2025-08-12 02:00:00+02:00,39500.53999999999,40770.479999999996,2025-12-13 09:34:08.228144+00:00
2025-08-12 03:00:00+02:00,39131.4075,40723.9825,2025-12-13 09:34:08.228144+00:00
2025-08-12 04:00:00+02:00,40003.5025,41487.1925,2025-12-13 09:34:08.228144+00:00
2025-08-12 05:00:00+02:00,43277.2475,43998.685,2025-12-13 09:34:08.228144+00:00
2025-08-12 06:00:00+02:00,48863.19,49294.305,2025-12-13 09:34:08.228144+00:00
2025-08-12 07:00:00+02:00,53257.917499999996,54220.2225,2025-12-13 09:34:08.228144+00:00
2025-08-12 08:00:00+02:00,56400.3125,57467.67,2025-12-13 09:34:08.228144+00:00
2025-08-12 09:00:00+02:00,56732.54,59154.2025,2025-12-13 09:34:08.228144+00:00
2025-08-12 10:00:00+02:00,55118.405,60082.595,2025-12-13 09:34:08.228144+00:00
2025-08-12 11:00:00+02:00,54874.145000000004,60393.1775,2025-12-13 09:34:08.228144+00:00
2025-08-12 12:00:00+02:00,54445.0075,59141.36,2025-12-13 09:34:08.228144+00:00
2025-08-12 13:00:00+02:00,53777.7275,57989.695,2025-12-13 09:34:08.228144+00:00
2025-08-12 14:00:00+02:00,52990.369999999995,56809.6425,2025-12-13 09:34:08.228144+00:00
2025-08-12 15:00:00+02:00,52844.432499999995,56683.729999999996,2025-12-13 09:34:08.228144+00:00
2025-08-12 16:00:00+02:00,52654.2,55933.8975,2025-12-13 09:34:08.228144+00:00
2025-08-12 17:00:00+02:00,54096.595,56029.542499999996,2025-12-13 09:34:08.228144+00:00
2025-08-12 18:00:00+02:00,55587.1375,56079.515,2025-12-13 09:34:08.228144+00:00
2025-08-12 19:00:00+02:00,55939.567500000005,55403.3475,2025-12-13 09:34:08.228144+00:00
2025-08-12 20:00:00+02:00,54441.0975,54157.785,2025-12-13 09:34:08.228144+00:00
2025-08-12 21:00:00+02:00,53183.3575,52455.585,2025-12-13 09:34:08.228144+00:00
2025-08-12 22:00:00+02:00,49733.3975,49436.9975,2025-12-13 09:34:08.228144+00:00
2025-08-12 23:00:00+02:00,46287.8275,46210.4225,2025-12-13 09:34:08.228144+00:00
2025-08-13 00:00:00+02:00,43913.305,43525.915,2025-12-13 09:34:08.228144+00:00
2025-08-13 01:00:00+02:00,42255.5125,41813.15,2025-12-13 09:34:08.228144+00:00
2025-08-13 02:00:00+02:00,41332.7425,40975.1125,2025-12-13 09:34:08.228144+00:00
2025-08-13 03:00:00+02:00,40966.4925,40913.42,2025-12-13 09:34:08.228144+00:00
2025-08-13 04:00:00+02:00,41835.5875,41977.695,2025-12-13 09:34:08.228144+00:00
2025-08-13 05:00:00+02:00,44977.1075,44337.515,2025-12-13 09:34:08.228144+00:00
2025-08-13 06:00:00+02:00,50317.7425,49182.1975,2025-12-13 09:34:08.228144+00:00
2025-08-13 07:00:00+02:00,54670.3525,53270.1525,2025-12-13 09:34:08.228144+00:00
2025-08-13 08:00:00+02:00,57772.67,57119.46,2025-12-13 09:34:08.228144+00:00
2025-08-13 09:00:00+02:00,58787.82,58936.520000000004,2025-12-13 09:34:08.228144+00:00
2025-08-13 10:00:00+02:00,57564.08,59724.0,2025-12-13 09:34:08.228144+00:00
2025-08-13 11:00:00+02:00,56695.03,59972.15,2025-12-13 09:34:08.228144+00:00
2025-08-13 12:00:00+02:00,56211.3675,58703.1725,2025-12-13 09:34:08.228144+00:00
2025-08-13 13:00:00+02:00,55870.76,57681.3675,2025-12-13 09:34:08.228144+00:00
2025-08-13 14:00:00+02:00,54773.08,56329.82,2025-12-13 09:34:08.228144+00:00
2025-08-13 15:00:00+02:00,54133.45,55241.5125,2025-12-13 09:34:08.228144+00:00
2025-08-13 16:00:00+02:00,54280.6975,54407.2475,2025-12-13 09:34:08.228144+00:00
2025-08-13 17:00:00+02:00,55766.2375,54582.3975,2025-12-13 09:34:08.228144+00:00
2025-08-13 18:00:00+02:00,57128.065,54265.7475,2025-12-13 09:34:08.228144+00:00
2025-08-13 19:00:00+02:00,57537.1425,53848.85,2025-12-13 09:34:08.228144+00:00
2025-08-13 20:00:00+02:00,55794.55,53096.9125,2025-12-13 09:34:08.228144+00:00
2025-08-13 21:00:00+02:00,54490.76,51525.775,2025-12-13 09:34:08.228144+00:00
2025-08-13 22:00:00+02:00,50886.7425,48402.7525,2025-12-13 09:34:08.228144+00:00
2025-08-13 23:00:00+02:00,47842.6875,45302.082500000004,2025-12-13 09:34:08.228144+00:00
2025-08-14 00:00:00+02:00,45552.245,42870.7825,2025-12-13 09:34:08.228144+00:00
2025-08-14 01:00:00+02:00,43465.6075,41242.7175,2025-12-13 09:34:08.228144+00:00
2025-08-14 02:00:00+02:00,42278.5275,40447.075000000004,2025-12-13 09:34:08.228144+00:00
2025-08-14 03:00:00+02:00,41860.59,40339.625,2025-12-13 09:34:08.228144+00:00
2025-08-14 04:00:00+02:00,42486.3675,41047.17,2025-12-13 09:34:08.228144+00:00
2025-08-14 05:00:00+02:00,45510.085,43506.2275,2025-12-13 09:34:08.228144+00:00
2025-08-14 06:00:00+02:00,51189.6125,48576.33,2025-12-13 09:34:08.228144+00:00
2025-08-14 07:00:00+02:00,55841.245,53237.205,2025-12-13 09:34:08.228144+00:00
2025-08-14 08:00:00+02:00,59067.675,56816.285,2025-12-13 09:34:08.228144+00:00
2025-08-14 09:00:00+02:00,59556.6875,58350.0325,2025-12-13 09:34:08.228144+00:00
2025-08-14 10:00:00+02:00,59633.6775,59139.4125,2025-12-13 09:34:08.228144+00:00
2025-08-14 11:00:00+02:00,59346.1775,59688.87,2025-12-13 09:34:08.228144+00:00
2025-08-14 12:00:00+02:00,57640.130000000005,59196.0175,2025-12-13 09:34:08.228144+00:00
2025-08-14 13:00:00+02:00,57204.215,58529.57,2025-12-13 09:34:08.228144+00:00
2025-08-14 14:00:00+02:00,56203.455,57296.7475,2025-12-13 09:34:08.228144+00:00
2025-08-14 15:00:00+02:00,56092.79,56170.945,2025-12-13 09:34:08.228144+00:00
2025-08-14 16:00:00+02:00,55824.59,55062.7625,2025-12-13 09:34:08.228144+00:00
2025-08-14 17:00:00+02:00,56938.095,54580.525,2025-12-13 09:34:08.228144+00:00
2025-08-14 18:00:00+02:00,58136.0125,54894.525,2025-12-13 09:34:08.228144+00:00
2025-08-14 19:00:00+02:00,57801.729999999996,54866.225000000006,2025-12-13 09:34:08.228144+00:00
2025-08-14 20:00:00+02:00,56336.335,53897.775,2025-12-13 09:34:08.228144+00:00
2025-08-14 21:00:00+02:00,55087.39,52344.6375,2025-12-13 09:34:08.228144+00:00
2025-08-14 22:00:00+02:00,51347.705,49331.805,2025-12-13 09:34:08.228144+00:00
2025-08-14 23:00:00+02:00,47769.9825,46148.35,2025-12-13 09:34:08.228144+00:00
2025-08-15 00:00:00+02:00,45486.774999999994,43969.7175,2025-12-13 09:34:08.228144+00:00
2025-08-15 01:00:00+02:00,43832.25,42123.715,2025-12-13 09:34:08.228144+00:00
2025-08-15 02:00:00+02:00,42263.965000000004,41046.557499999995,2025-12-13 09:34:08.228144+00:00
2025-08-15 03:00:00+02:00,41800.795,40702.9775,2025-12-13 09:34:08.228144+00:00
2025-08-15 04:00:00+02:00,42289.09,41196.2375,2025-12-13 09:34:08.228144+00:00
2025-08-15 05:00:00+02:00,44762.1975,43030.515,2025-12-13 09:34:08.228144+00:00
2025-08-15 06:00:00+02:00,49471.005000000005,46766.01,2025-12-13 09:34:08.228144+00:00
2025-08-15 07:00:00+02:00,53702.37,51144.4125,2025-12-13 09:34:08.228144+00:00
2025-08-15 08:00:00+02:00,56833.8925,54597.09,2025-12-13 09:34:08.228144+00:00
2025-08-15 09:00:00+02:00,57121.0325,56557.494999999995,2025-12-13 09:34:08.228144+00:00
2025-08-15 10:00:00+02:00,57691.36,57438.0625,2025-12-13 09:34:08.228144+00:00
2025-08-15 11:00:00+02:00,56775.2325,57537.9075,2025-12-13 09:34:08.228144+00:00
2025-08-15 12:00:00+02:00,55372.025,56902.9,2025-12-13 09:34:08.228144+00:00
2025-08-15 13:00:00+02:00,53658.1675,55657.645000000004,2025-12-13 09:34:08.228144+00:00
2025-08-15 14:00:00+02:00,52662.915,53782.2,2025-12-13 09:34:08.228144+00:00
2025-08-15 15:00:00+02:00,53078.31,52333.8975,2025-12-13 09:34:08.228144+00:00
2025-08-15 16:00:00+02:00,53888.9975,51772.77,2025-12-13 09:34:08.228144+00:00
2025-08-15 17:00:00+02:00,54647.6375,52111.6575,2025-12-13 09:34:08.228144+00:00
2025-08-15 18:00:00+02:00,55673.435,52057.955,2025-12-13 09:34:08.228144+00:00
2025-08-15 19:00:00+02:00,55328.925,52102.8425,2025-12-13 09:34:08.228144+00:00
2025-08-15 20:00:00+02:00,53297.36,51596.305,2025-12-13 09:34:08.228144+00:00
2025-08-15 21:00:00+02:00,51710.415,49782.665,2025-12-13 09:34:08.228144+00:00
2025-08-15 22:00:00+02:00,48914.9475,46961.1625,2025-12-13 09:34:08.228144+00:00
2025-08-15 23:00:00+02:00,45952.7725,44271.505000000005,2025-12-13 09:34:08.228144+00:00
2025-08-16 00:00:00+02:00,43659.75,42151.3625,2025-12-13 09:34:08.228144+00:00
2025-08-16 01:00:00+02:00,42067.325,40427.6125,2025-12-13 09:34:08.228144+00:00
2025-08-16 02:00:00+02:00,40340.89,39417.3825,2025-12-13 09:34:08.228144+00:00
2025-08-16 03:00:00+02:00,40071.385,39019.905,2025-12-13 09:34:08.228144+00:00
2025-08-16 04:00:00+02:00,40073.2025,39089.5825,2025-12-13 09:34:08.228144+00:00
2025-08-16 05:00:00+02:00,40431.957500000004,39712.495,2025-12-13 09:34:08.228144+00:00
2025-08-16 06:00:00+02:00,41469.9125,41073.8275,2025-12-13 09:34:08.228144+00:00
2025-08-16 07:00:00+02:00,43233.7775,43529.9625,2025-12-13 09:34:08.228144+00:00
2025-08-16 08:00:00+02:00,46529.182499999995,46944.5275,2025-12-13 09:34:08.228144+00:00
2025-08-16 09:00:00+02:00,49130.58,49830.05,2025-12-13 09:34:08.228144+00:00
2025-08-16 10:00:00+02:00,50329.36,51334.932499999995,2025-12-13 09:34:08.228144+00:00
2025-08-16 11:00:00+02:00,50826.405,51762.5075,2025-12-13 09:34:08.228144+00:00
2025-08-16 12:00:00+02:00,50128.5675,50743.1875,2025-12-13 09:34:08.228144+00:00
2025-08-16 13:00:00+02:00,48145.7725,49243.7075,2025-12-13 09:34:08.228144+00:00
2025-08-16 14:00:00+02:00,46970.68,48134.7225,2025-12-13 09:34:08.228144+00:00
2025-08-16 15:00:00+02:00,46836.3425,47352.9075,2025-12-13 09:34:08.228144+00:00
2025-08-16 16:00:00+02:00,47153.8525,47116.11,2025-12-13 09:34:08.228144+00:00
2025-08-16 17:00:00+02:00,47575.2575,47911.94,2025-12-13 09:34:08.228144+00:00
2025-08-16 18:00:00+02:00,47765.6325,48541.425,2025-12-13 09:34:08.228144+00:00
2025-08-16 19:00:00+02:00,47910.585,48580.292499999996,2025-12-13 09:34:08.228144+00:00
2025-08-16 20:00:00+02:00,46376.22,47655.582500000004,2025-12-13 09:34:08.228144+00:00
2025-08-16 21:00:00+02:00,45488.7825,46131.8825,2025-12-13 09:34:08.228144+00:00
2025-08-16 22:00:00+02:00,43214.5775,44104.325,2025-12-13 09:34:08.228144+00:00
2025-08-16 23:00:00+02:00,40672.4375,41650.275,2025-12-13 09:34:08.228144+00:00
2025-08-17 00:00:00+02:00,38291.7725,39653.9475,2025-12-13 09:34:08.228144+00:00
2025-08-17 01:00:00+02:00,36793.619999999995,37943.465,2025-12-13 09:34:08.228144+00:00
2025-08-17 02:00:00+02:00,35570.9175,36977.7225,2025-12-13 09:34:08.228144+00:00
2025-08-17 03:00:00+02:00,34807.6275,36607.97,2025-12-13 09:34:08.228144+00:00
2025-08-17 04:00:00+02:00,34741.8625,36736.4275,2025-12-13 09:34:08.228144+00:00
2025-08-17 05:00:00+02:00,35166.7775,37388.54,2025-12-13 09:34:08.228144+00:00
2025-08-17 06:00:00+02:00,35373.4225,39050.39,2025-12-13 09:34:08.228144+00:00
2025-08-17 07:00:00+02:00,36883.1575,41528.619999999995,2025-12-13 09:34:08.228144+00:00
2025-08-17 08:00:00+02:00,39392.3125,44526.549999999996,2025-12-13 09:34:08.228144+00:00
2025-08-17 09:00:00+02:00,41978.5225,46850.822499999995,2025-12-13 09:34:08.228144+00:00
2025-08-17 10:00:00+02:00,43625.955,48439.07,2025-12-13 09:34:08.228144+00:00
2025-08-17 11:00:00+02:00,43837.832500000004,48917.06,2025-12-13 09:34:08.228144+00:00
2025-08-17 12:00:00+02:00,43075.4575,48491.2625,2025-12-13 09:34:08.228144+00:00
2025-08-17 13:00:00+02:00,41719.875,47463.615,2025-12-13 09:34:08.228144+00:00
2025-08-17 14:00:00+02:00,41051.3275,45980.8425,2025-12-13 09:34:08.228144+00:00
2025-08-17 15:00:00+02:00,40726.3175,45102.0075,2025-12-13 09:34:08.228144+00:00
2025-08-17 16:00:00+02:00,41041.085,45001.705,2025-12-13 09:34:08.228144+00:00
2025-08-17 17:00:00+02:00,42204.205,45590.395000000004,2025-12-13 09:34:08.228144+00:00
2025-08-17 18:00:00+02:00,44629.155,46204.8625,2025-12-13 09:34:08.228144+00:00
2025-08-17 19:00:00+02:00,45780.6575,46876.4225,2025-12-13 09:34:08.228144+00:00
2025-08-17 20:00:00+02:00,45901.3475,47132.995,2025-12-13 09:34:08.228144+00:00
2025-08-17 21:00:00+02:00,45483.52,46133.5075,2025-12-13 09:34:08.228144+00:00
2025-08-17 22:00:00+02:00,43538.8475,44343.195,2025-12-13 09:34:08.228144+00:00
2025-08-17 23:00:00+02:00,41020.6175,42152.165,2025-12-13 09:34:08.228144+00:00
2025-08-18 00:00:00+02:00,39079.395000000004,39425.472499999996,2025-12-13 09:34:08.228144+00:00
2025-08-18 01:00:00+02:00,37503.6375,38186.715000000004,2025-12-13 09:34:08.228144+00:00
2025-08-18 02:00:00+02:00,36691.63,37788.615,2025-12-13 09:34:08.228144+00:00
2025-08-18 03:00:00+02:00,36787.3725,37885.770000000004,2025-12-13 09:34:08.228144+00:00
2025-08-18 04:00:00+02:00,37892.6425,39028.770000000004,2025-12-13 09:34:08.228144+00:00
2025-08-18 05:00:00+02:00,41658.9325,42476.44,2025-12-13 09:34:08.228144+00:00
2025-08-18 06:00:00+02:00,48488.905,48988.84,2025-12-13 09:34:08.228144+00:00
2025-08-18 07:00:00+02:00,53104.695,53844.415,2025-12-13 09:34:08.228144+00:00
2025-08-18 08:00:00+02:00,56224.925,57439.615,2025-12-13 09:34:08.228144+00:00
2025-08-18 09:00:00+02:00,55856.432499999995,59119.567500000005,2025-12-13 09:34:08.228144+00:00
2025-08-18 10:00:00+02:00,54869.9625,59729.535,2025-12-13 09:34:08.228144+00:00
2025-08-18 11:00:00+02:00,54661.0225,59999.7375,2025-12-13 09:34:08.228144+00:00
2025-08-18 12:00:00+02:00,53941.3525,59666.66499999999,2025-12-13 09:34:08.228144+00:00
2025-08-18 13:00:00+02:00,52260.6225,58773.5375,2025-12-13 09:34:08.228144+00:00
2025-08-18 14:00:00+02:00,51403.3225,57440.85,2025-12-13 09:34:08.228144+00:00
2025-08-18 15:00:00+02:00,50953.905,55880.25,2025-12-13 09:34:08.228144+00:00
2025-08-18 16:00:00+02:00,50891.655,54840.29,2025-12-13 09:34:08.228144+00:00
2025-08-18 17:00:00+02:00,52112.229999999996,54484.08,2025-12-13 09:34:08.228144+00:00
2025-08-18 18:00:00+02:00,53764.7575,55066.685,2025-12-13 09:34:08.228144+00:00
2025-08-18 19:00:00+02:00,54735.14,55527.28,2025-12-13 09:34:08.228144+00:00
2025-08-18 20:00:00+02:00,53591.2775,54441.035,2025-12-13 09:34:08.228144+00:00
2025-08-18 21:00:00+02:00,51686.155,52577.8575,2025-12-13 09:34:08.228144+00:00
2025-08-18 22:00:00+02:00,47560.2975,49661.0475,2025-12-13 09:34:08.228144+00:00
2025-08-18 23:00:00+02:00,44542.995,46344.39,2025-12-13 09:34:08.228144+00:00
2025-08-19 00:00:00+02:00,41875.4675,44224.17,2025-12-13 09:34:08.228144+00:00
2025-08-19 01:00:00+02:00,40388.4225,42612.44,2025-12-13 09:34:08.228144+00:00
2025-08-19 02:00:00+02:00,39606.432499999995,41635.8625,2025-12-13 09:34:08.228144+00:00
2025-08-19 03:00:00+02:00,39635.7075,41605.7025,2025-12-13 09:34:08.228144+00:00
2025-08-19 04:00:00+02:00,40643.31,42392.365,2025-12-13 09:34:08.228144+00:00
2025-08-19 05:00:00+02:00,43761.8325,45053.9725,2025-12-13 09:34:08.228144+00:00
2025-08-19 06:00:00+02:00,49709.884999999995,50414.2975,2025-12-13 09:34:08.228144+00:00
2025-08-19 07:00:00+02:00,53950.7425,55454.17,2025-12-13 09:34:08.228144+00:00
2025-08-19 08:00:00+02:00,56987.69,58613.055,2025-12-13 09:34:08.228144+00:00
2025-08-19 09:00:00+02:00,57033.2675,59963.3425,2025-12-13 09:34:08.228144+00:00
2025-08-19 10:00:00+02:00,56547.195,60838.5175,2025-12-13 09:34:08.228144+00:00
2025-08-19 11:00:00+02:00,55990.255,61191.604999999996,2025-12-13 09:34:08.228144+00:00
2025-08-19 12:00:00+02:00,55592.61,59916.39,2025-12-13 09:34:08.228144+00:00
2025-08-19 13:00:00+02:00,54479.6325,58553.2975,2025-12-13 09:34:08.228144+00:00
2025-08-19 14:00:00+02:00,53819.9125,57455.95,2025-12-13 09:34:08.228144+00:00
2025-08-19 15:00:00+02:00,53799.3725,57448.79,2025-12-13 09:34:08.228144+00:00
2025-08-19 16:00:00+02:00,53491.3275,56802.79,2025-12-13 09:34:08.228144+00:00
2025-08-19 17:00:00+02:00,54269.0125,57190.9525,2025-12-13 09:34:08.228144+00:00
2025-08-19 18:00:00+02:00,55482.457500000004,57256.41,2025-12-13 09:34:08.228144+00:00
2025-08-19 19:00:00+02:00,55799.875,56538.385,2025-12-13 09:34:08.228144+00:00
2025-08-19 20:00:00+02:00,54755.59,55118.755,2025-12-13 09:34:08.228144+00:00
2025-08-19 21:00:00+02:00,52754.3625,53095.7625,2025-12-13 09:34:08.228144+00:00
2025-08-19 22:00:00+02:00,49288.61,50122.42,2025-12-13 09:34:08.228144+00:00
2025-08-19 23:00:00+02:00,45873.895,46859.5225,2025-12-13 09:34:08.228144+00:00
2025-08-20 00:00:00+02:00,43239.1975,44140.792499999996,2025-12-13 09:34:08.228144+00:00
2025-08-20 01:00:00+02:00,41463.0175,42490.1575,2025-12-13 09:34:08.228144+00:00
2025-08-20 02:00:00+02:00,41165.32,41623.3375,2025-12-13 09:34:08.228144+00:00
2025-08-20 03:00:00+02:00,40551.04,41562.65,2025-12-13 09:34:08.228144+00:00
2025-08-20 04:00:00+02:00,41540.3975,42512.9825,2025-12-13 09:34:08.228144+00:00
2025-08-20 05:00:00+02:00,45438.6475,45164.785,2025-12-13 09:34:08.228144+00:00
2025-08-20 06:00:00+02:00,51449.01,50207.8525,2025-12-13 09:34:08.228144+00:00
2025-08-20 07:00:00+02:00,56020.3475,54344.06,2025-12-13 09:34:08.228144+00:00
2025-08-20 08:00:00+02:00,58618.3525,58192.3575,2025-12-13 09:34:08.228144+00:00
2025-08-20 09:00:00+02:00,58407.5275,59675.135,2025-12-13 09:34:08.228144+00:00
2025-08-20 10:00:00+02:00,58042.2025,60382.8275,2025-12-13 09:34:08.228144+00:00
2025-08-20 11:00:00+02:00,58065.2975,60422.97,2025-12-13 09:34:08.228144+00:00
2025-08-20 12:00:00+02:00,56710.635,59030.96,2025-12-13 09:34:08.228144+00:00
2025-08-20 13:00:00+02:00,55799.4125,58108.975,2025-12-13 09:34:08.228144+00:00
2025-08-20 14:00:00+02:00,54842.3125,56939.22,2025-12-13 09:34:08.228144+00:00
2025-08-20 15:00:00+02:00,54380.8125,55894.89,2025-12-13 09:34:08.228144+00:00
2025-08-20 16:00:00+02:00,54340.18,55124.6275,2025-12-13 09:34:08.228144+00:00
2025-08-20 17:00:00+02:00,55651.4375,55518.935,2025-12-13 09:34:08.228144+00:00
2025-08-20 18:00:00+02:00,55937.64,55488.155,2025-12-13 09:34:08.228144+00:00
2025-08-20 19:00:00+02:00,55886.085,55287.067500000005,2025-12-13 09:34:08.228144+00:00
2025-08-20 20:00:00+02:00,54288.802500000005,54363.5075,2025-12-13 09:34:08.228144+00:00
2025-08-20 21:00:00+02:00,52280.64,52517.534999999996,2025-12-13 09:34:08.228144+00:00
2025-08-20 22:00:00+02:00,48307.2175,49373.707500000004,2025-12-13 09:34:08.228144+00:00
2025-08-20 23:00:00+02:00,44662.455,46379.9725,2025-12-13 09:34:08.228144+00:00
2025-08-21 00:00:00+02:00,42690.8425,44240.6475,2025-12-13 09:34:08.228144+00:00
2025-08-21 01:00:00+02:00,41173.427500000005,42681.7775,2025-12-13 09:34:08.228144+00:00
2025-08-21 02:00:00+02:00,40319.2725,42006.1625,2025-12-13 09:34:08.228144+00:00
2025-08-21 03:00:00+02:00,40294.045,41933.15,2025-12-13 09:34:08.228144+00:00
2025-08-21 04:00:00+02:00,41179.8525,42643.575,2025-12-13 09:34:08.228144+00:00
2025-08-21 05:00:00+02:00,44450.2025,45300.8,2025-12-13 09:34:08.228144+00:00
2025-08-21 06:00:00+02:00,50238.1325,50390.3825,2025-12-13 09:34:08.228144+00:00
2025-08-21 07:00:00+02:00,54766.0925,54877.22,2025-12-13 09:34:08.228144+00:00
2025-08-21 08:00:00+02:00,57713.4625,57859.0575,2025-12-13 09:34:08.228144+00:00
2025-08-21 09:00:00+02:00,58318.0125,59307.6225,2025-12-13 09:34:08.228144+00:00
2025-08-21 10:00:00+02:00,57851.765,59930.9325,2025-12-13 09:34:08.228144+00:00
2025-08-21 11:00:00+02:00,58377.79,60197.7175,2025-12-13 09:34:08.228144+00:00
2025-08-21 12:00:00+02:00,57949.545,59420.354999999996,2025-12-13 09:34:08.228144+00:00
2025-08-21 13:00:00+02:00,57151.245,58547.3425,2025-12-13 09:34:08.228144+00:00
2025-08-21 14:00:00+02:00,56008.75,57032.417499999996,2025-12-13 09:34:08.228144+00:00
2025-08-21 15:00:00+02:00,55957.240000000005,55978.53,2025-12-13 09:34:08.228144+00:00
2025-08-21 16:00:00+02:00,55647.155,55267.5,2025-12-13 09:34:08.228144+00:00
2025-08-21 17:00:00+02:00,56361.9725,55222.205,2025-12-13 09:34:08.228144+00:00
2025-08-21 18:00:00+02:00,57270.995,55614.052500000005,2025-12-13 09:34:08.228144+00:00
2025-08-21 19:00:00+02:00,56897.19,55460.32,2025-12-13 09:34:08.228144+00:00
2025-08-21 20:00:00+02:00,55094.2875,54164.46,2025-12-13 09:34:08.228144+00:00
2025-08-21 21:00:00+02:00,53303.4075,52301.3475,2025-12-13 09:34:08.228144+00:00
2025-08-21 22:00:00+02:00,49821.832500000004,49442.07,2025-12-13 09:34:08.228144+00:00
2025-08-21 23:00:00+02:00,46037.33,46245.68,2025-12-13 09:34:08.228144+00:00
2025-08-22 00:00:00+02:00,43544.067500000005,43849.6775,2025-12-13 09:34:08.228144+00:00
2025-08-22 01:00:00+02:00,41949.1125,42399.6775,2025-12-13 09:34:08.228144+00:00
2025-08-22 02:00:00+02:00,40754.0275,41699.2475,2025-12-13 09:34:08.228144+00:00
2025-08-22 03:00:00+02:00,41053.307499999995,41787.01,2025-12-13 09:34:08.228144+00:00
2025-08-22 04:00:00+02:00,41740.6675,42756.8725,2025-12-13 09:34:08.228144+00:00
2025-08-22 05:00:00+02:00,44874.285,45441.332500000004,2025-12-13 09:34:08.228144+00:00
2025-08-22 06:00:00+02:00,50553.025,50716.275,2025-12-13 09:34:08.228144+00:00
2025-08-22 07:00:00+02:00,55041.6475,54730.49,2025-12-13 09:34:08.228144+00:00
2025-08-22 08:00:00+02:00,57404.94,58237.6125,2025-12-13 09:34:08.228144+00:00
2025-08-22 09:00:00+02:00,58714.9,59570.34,2025-12-13 09:34:08.228144+00:00
2025-08-22 10:00:00+02:00,58652.369999999995,60319.8225,2025-12-13 09:34:08.228144+00:00
2025-08-22 11:00:00+02:00,58370.4075,60037.4675,2025-12-13 09:34:08.228144+00:00
2025-08-22 12:00:00+02:00,57472.9425,58720.07,2025-12-13 09:34:08.228144+00:00
2025-08-22 13:00:00+02:00,55599.4825,57196.815,2025-12-13 09:34:08.228144+00:00
2025-08-22 14:00:00+02:00,55354.7475,55585.2575,2025-12-13 09:34:08.228144+00:00
2025-08-22 15:00:00+02:00,54757.44,54996.685,2025-12-13 09:34:08.228144+00:00
2025-08-22 16:00:00+02:00,53913.4225,54264.16,2025-12-13 09:34:08.228144+00:00
2025-08-22 17:00:00+02:00,55192.1425,54812.5925,2025-12-13 09:34:08.228144+00:00
2025-08-22 18:00:00+02:00,55446.5075,54365.1525,2025-12-13 09:34:08.228144+00:00
2025-08-22 19:00:00+02:00,54530.509999999995,53637.055,2025-12-13 09:34:08.228144+00:00
2025-08-22 20:00:00+02:00,53033.865,52283.2425,2025-12-13 09:34:08.228144+00:00
2025-08-22 21:00:00+02:00,50829.765,50543.509999999995,2025-12-13 09:34:08.228144+00:00
2025-08-22 22:00:00+02:00,47457.927500000005,47638.03,2025-12-13 09:34:08.228144+00:00
2025-08-22 23:00:00+02:00,44202.0,44432.155,2025-12-13 09:34:08.228144+00:00
2025-08-23 00:00:00+02:00,42487.75,41807.95,2025-12-13 09:34:08.228144+00:00
2025-08-23 01:00:00+02:00,40992.932499999995,39948.0775,2025-12-13 09:34:08.228144+00:00
2025-08-23 02:00:00+02:00,38729.575,38939.9,2025-12-13 09:34:08.228144+00:00
2025-08-23 03:00:00+02:00,37956.9375,38540.582500000004,2025-12-13 09:34:08.228144+00:00
2025-08-23 04:00:00+02:00,37400.275,38622.845,2025-12-13 09:34:08.228144+00:00
2025-08-23 05:00:00+02:00,37918.7475,39221.369999999995,2025-12-13 09:34:08.228144+00:00
2025-08-23 06:00:00+02:00,39992.985,40868.5225,2025-12-13 09:34:08.228144+00:00
2025-08-23 07:00:00+02:00,42828.2625,43299.76,2025-12-13 09:34:08.228144+00:00
2025-08-23 08:00:00+02:00,45453.774999999994,46784.515,2025-12-13 09:34:08.228144+00:00
2025-08-23 09:00:00+02:00,47023.16,49719.350000000006,2025-12-13 09:34:08.228144+00:00
2025-08-23 10:00:00+02:00,48808.6875,50935.6375,2025-12-13 09:34:08.228144+00:00
2025-08-23 11:00:00+02:00,49070.4775,51291.46,2025-12-13 09:34:08.228144+00:00
2025-08-23 12:00:00+02:00,48425.185,50568.025,2025-12-13 09:34:08.228144+00:00
2025-08-23 13:00:00+02:00,46202.3675,49130.475,2025-12-13 09:34:08.228144+00:00
2025-08-23 14:00:00+02:00,44699.807499999995,48070.1175,2025-12-13 09:34:08.228144+00:00
2025-08-23 15:00:00+02:00,44761.1375,47465.95,2025-12-13 09:34:08.228144+00:00
2025-08-23 16:00:00+02:00,44944.585,47362.545,2025-12-13 09:34:08.228144+00:00
2025-08-23 17:00:00+02:00,46327.8725,48077.9275,2025-12-13 09:34:08.228144+00:00
2025-08-23 18:00:00+02:00,48272.3575,48492.32,2025-12-13 09:34:08.228144+00:00
2025-08-23 19:00:00+02:00,48738.307499999995,48140.362499999996,2025-12-13 09:34:08.228144+00:00
2025-08-23 20:00:00+02:00,47859.659999999996,46910.8125,2025-12-13 09:34:08.228144+00:00
2025-08-23 21:00:00+02:00,46739.265,45394.0,2025-12-13 09:34:08.228144+00:00
2025-08-23 22:00:00+02:00,44593.175,43489.38,2025-12-13 09:34:08.228144+00:00
2025-08-23 23:00:00+02:00,42170.24,41024.7875,2025-12-13 09:34:08.228144+00:00
2025-08-24 00:00:00+02:00,39695.0875,39270.229999999996,2025-12-13 09:34:08.228144+00:00
2025-08-24 01:00:00+02:00,37090.31,37598.545,2025-12-13 09:34:08.228144+00:00
2025-08-24 02:00:00+02:00,35455.945,36656.6525,2025-12-13 09:34:08.228144+00:00
2025-08-24 03:00:00+02:00,34437.0,36315.0625,2025-12-13 09:34:08.228144+00:00
2025-08-24 04:00:00+02:00,34245.9975,36503.2575,2025-12-13 09:34:08.228144+00:00
2025-08-24 05:00:00+02:00,34571.1275,37125.375,2025-12-13 09:34:08.228144+00:00
2025-08-24 06:00:00+02:00,35893.19,39008.542499999996,2025-12-13 09:34:08.228144+00:00
2025-08-24 07:00:00+02:00,37577.605,41419.7975,2025-12-13 09:34:08.228144+00:00
2025-08-24 08:00:00+02:00,39291.9225,44511.8025,2025-12-13 09:34:08.228144+00:00
2025-08-24 09:00:00+02:00,41744.56,47229.705,2025-12-13 09:34:08.228144+00:00
2025-08-24 10:00:00+02:00,42327.7775,48676.55,2025-12-13 09:34:08.228144+00:00
2025-08-24 11:00:00+02:00,43331.615,49227.634999999995,2025-12-13 09:34:08.228144+00:00
2025-08-24 12:00:00+02:00,42879.6025,48666.7875,2025-12-13 09:34:08.228144+00:00
2025-08-24 13:00:00+02:00,41666.552500000005,47176.7475,2025-12-13 09:34:08.228144+00:00
2025-08-24 14:00:00+02:00,40481.645000000004,45457.6925,2025-12-13 09:34:08.228144+00:00
2025-08-24 15:00:00+02:00,40176.192500000005,44351.84,2025-12-13 09:34:08.228144+00:00
2025-08-24 16:00:00+02:00,41503.354999999996,44388.5575,2025-12-13 09:34:08.228144+00:00
2025-08-24 17:00:00+02:00,43100.2025,45454.505000000005,2025-12-13 09:34:08.228144+00:00
2025-08-24 18:00:00+02:00,45193.41,46303.365,2025-12-13 09:34:08.228144+00:00
2025-08-24 19:00:00+02:00,46578.25,47035.5025,2025-12-13 09:34:08.228144+00:00
2025-08-24 20:00:00+02:00,46814.4275,47188.5925,2025-12-13 09:34:08.228144+00:00
2025-08-24 21:00:00+02:00,46220.485,46091.43,2025-12-13 09:34:08.228144+00:00
2025-08-24 22:00:00+02:00,44593.6425,44119.485,2025-12-13 09:34:08.228144+00:00
2025-08-24 23:00:00+02:00,42331.01,41783.92,2025-12-13 09:34:08.228144+00:00
2025-08-25 00:00:00+02:00,40516.8275,39792.3125,2025-12-13 09:34:08.228144+00:00
2025-08-25 01:00:00+02:00,38577.7625,38578.8575,2025-12-13 09:34:08.228144+00:00
2025-08-25 02:00:00+02:00,37650.7375,38253.3675,2025-12-13 09:34:08.228144+00:00
2025-08-25 03:00:00+02:00,37690.2675,38449.7025,2025-12-13 09:34:08.228144+00:00
2025-08-25 04:00:00+02:00,39132.4375,39669.4925,2025-12-13 09:34:08.228144+00:00
2025-08-25 05:00:00+02:00,43076.2725,43132.8575,2025-12-13 09:34:08.228144+00:00
2025-08-25 06:00:00+02:00,50354.415,49707.285,2025-12-13 09:34:08.228144+00:00
2025-08-25 07:00:00+02:00,54987.5825,54672.292499999996,2025-12-13 09:34:08.228144+00:00
2025-08-25 08:00:00+02:00,57611.335,58160.0375,2025-12-13 09:34:08.228144+00:00
2025-08-25 09:00:00+02:00,56587.86,59949.0225,2025-12-13 09:34:08.228144+00:00
2025-08-25 10:00:00+02:00,55219.807499999995,60407.65,2025-12-13 09:34:08.228144+00:00
2025-08-25 11:00:00+02:00,54600.4075,60744.265,2025-12-13 09:34:08.228144+00:00
2025-08-25 12:00:00+02:00,54095.042499999996,60150.065,2025-12-13 09:34:08.228144+00:00
2025-08-25 13:00:00+02:00,53373.25,59161.807499999995,2025-12-13 09:34:08.228144+00:00
2025-08-25 14:00:00+02:00,51914.9375,57609.9675,2025-12-13 09:34:08.228144+00:00
2025-08-25 15:00:00+02:00,51909.88,55992.585,2025-12-13 09:34:08.228144+00:00
2025-08-25 16:00:00+02:00,52017.93,55038.775,2025-12-13 09:34:08.228144+00:00
2025-08-25 17:00:00+02:00,53189.06,54913.8375,2025-12-13 09:34:08.228144+00:00
2025-08-25 18:00:00+02:00,54871.09,55659.225,2025-12-13 09:34:08.228144+00:00
2025-08-25 19:00:00+02:00,55143.8575,56192.0475,2025-12-13 09:34:08.228144+00:00
2025-08-25 20:00:00+02:00,54376.6575,55136.442500000005,2025-12-13 09:34:08.228144+00:00
2025-08-25 21:00:00+02:00,52295.6625,53228.135,2025-12-13 09:34:08.228144+00:00
2025-08-25 22:00:00+02:00,48379.7625,50252.3925,2025-12-13 09:34:08.228144+00:00
2025-08-25 23:00:00+02:00,44821.979999999996,46872.165,2025-12-13 09:34:08.228144+00:00
2025-08-26 00:00:00+02:00,42223.625,43762.692500000005,2025-12-13 09:34:08.228144+00:00
2025-08-26 01:00:00+02:00,40584.1225,42237.76,2025-12-13 09:34:08.228144+00:00
2025-08-26 02:00:00+02:00,40013.3875,41310.645000000004,2025-12-13 09:34:08.228144+00:00
2025-08-26 03:00:00+02:00,39855.0325,41302.8,2025-12-13 09:34:08.228144+00:00
2025-08-26 04:00:00+02:00,40801.7675,42231.417499999996,2025-12-13 09:34:08.228144+00:00
2025-08-26 05:00:00+02:00,44396.4,45016.89,2025-12-13 09:34:08.228144+00:00
2025-08-26 06:00:00+02:00,50612.825,50550.1875,2025-12-13 09:34:08.228144+00:00
2025-08-26 07:00:00+02:00,54871.7975,55272.659999999996,2025-12-13 09:34:08.228144+00:00
2025-08-26 08:00:00+02:00,57897.4825,58047.365,2025-12-13 09:34:08.228144+00:00
2025-08-26 09:00:00+02:00,58729.96,59259.932499999995,2025-12-13 09:34:08.228144+00:00
2025-08-26 10:00:00+02:00,56543.9575,60126.895000000004,2025-12-13 09:34:08.228144+00:00
2025-08-26 11:00:00+02:00,56281.635,60313.7925,2025-12-13 09:34:08.228144+00:00
2025-08-26 12:00:00+02:00,54774.91,59252.2575,2025-12-13 09:34:08.228144+00:00
2025-08-26 13:00:00+02:00,53768.8975,58063.11,2025-12-13 09:34:08.228144+00:00
2025-08-26 14:00:00+02:00,52706.5275,56847.682499999995,2025-12-13 09:34:08.228144+00:00
2025-08-26 15:00:00+02:00,52761.7825,56746.395000000004,2025-12-13 09:34:08.228144+00:00
2025-08-26 16:00:00+02:00,52939.3875,56169.475,2025-12-13 09:34:08.228144+00:00
2025-08-26 17:00:00+02:00,54922.775,56369.805,2025-12-13 09:34:08.228144+00:00
2025-08-26 18:00:00+02:00,55927.784999999996,56698.14,2025-12-13 09:34:08.228144+00:00
2025-08-26 19:00:00+02:00,55644.1025,56305.682499999995,2025-12-13 09:34:08.228144+00:00
2025-08-26 20:00:00+02:00,54777.9075,55043.87,2025-12-13 09:34:08.228144+00:00
2025-08-26 21:00:00+02:00,52527.832500000004,52974.935,2025-12-13 09:34:08.228144+00:00
2025-08-26 22:00:00+02:00,48056.7975,49998.0325,2025-12-13 09:34:08.228144+00:00
2025-08-26 23:00:00+02:00,44265.6575,46751.2675,2025-12-13 09:34:08.228144+00:00
2025-08-27 00:00:00+02:00,42006.5475,44109.1525,2025-12-13 09:34:08.228144+00:00
2025-08-27 01:00:00+02:00,40768.0975,42596.479999999996,2025-12-13 09:34:08.228144+00:00
2025-08-27 02:00:00+02:00,39703.7275,41834.7,2025-12-13 09:34:08.228144+00:00
2025-08-27 03:00:00+02:00,39723.8025,41676.25,2025-12-13 09:34:08.228144+00:00
2025-08-27 04:00:00+02:00,41026.847499999996,42692.83,2025-12-13 09:34:08.228144+00:00
2025-08-27 05:00:00+02:00,44180.69,45369.555,2025-12-13 09:34:08.228144+00:00
2025-08-27 06:00:00+02:00,50866.4075,50501.435,2025-12-13 09:34:08.228144+00:00
2025-08-27 07:00:00+02:00,55472.035,54623.78,2025-12-13 09:34:08.228144+00:00
2025-08-27 08:00:00+02:00,58305.6275,58591.5525,2025-12-13 09:34:08.228144+00:00
2025-08-27 09:00:00+02:00,60024.3,60522.785,2025-12-13 09:34:08.228144+00:00
2025-08-27 10:00:00+02:00,59989.6375,61520.595,2025-12-13 09:34:08.228144+00:00
2025-08-27 11:00:00+02:00,59810.3,61999.182499999995,2025-12-13 09:34:08.228144+00:00
2025-08-27 12:00:00+02:00,58898.315,60956.425,2025-12-13 09:34:08.228144+00:00
2025-08-27 13:00:00+02:00,58697.58,59761.565,2025-12-13 09:34:08.228144+00:00
2025-08-27 14:00:00+02:00,57513.465,58508.0625,2025-12-13 09:34:08.228144+00:00
2025-08-27 15:00:00+02:00,56904.625,57449.0675,2025-12-13 09:34:08.228144+00:00
2025-08-27 16:00:00+02:00,56445.11,56685.6075,2025-12-13 09:34:08.228144+00:00
2025-08-27 17:00:00+02:00,56438.755,56987.295,2025-12-13 09:34:08.228144+00:00
2025-08-27 18:00:00+02:00,57347.545,56530.825,2025-12-13 09:34:08.228144+00:00
2025-08-27 19:00:00+02:00,57394.485,55927.815,2025-12-13 09:34:08.228144+00:00
2025-08-27 20:00:00+02:00,55849.6325,54812.805,2025-12-13 09:34:08.228144+00:00
2025-08-27 21:00:00+02:00,53203.1025,52671.4975,2025-12-13 09:34:08.228144+00:00
2025-08-27 22:00:00+02:00,49452.7525,49465.51,2025-12-13 09:34:08.228144+00:00
2025-08-27 23:00:00+02:00,46479.425,46395.32,2025-12-13 09:34:08.228144+00:00
2025-08-28 00:00:00+02:00,44074.975,43658.3025,2025-12-13 09:34:08.228144+00:00
2025-08-28 01:00:00+02:00,42274.87,42231.9575,2025-12-13 09:34:08.228144+00:00
2025-08-28 02:00:00+02:00,41359.722499999996,41564.165,2025-12-13 09:34:08.228144+00:00
2025-08-28 03:00:00+02:00,40897.962499999994,41519.61,2025-12-13 09:34:08.228144+00:00
2025-08-28 04:00:00+02:00,42228.4925,42446.93,2025-12-13 09:34:08.228144+00:00
2025-08-28 05:00:00+02:00,45564.0625,45567.55,2025-12-13 09:34:08.228144+00:00
2025-08-28 06:00:00+02:00,51945.4775,50960.455,2025-12-13 09:34:08.228144+00:00
2025-08-28 07:00:00+02:00,56597.695,55283.8775,2025-12-13 09:34:08.228144+00:00
2025-08-28 08:00:00+02:00,59370.675,58745.6325,2025-12-13 09:34:08.228144+00:00
2025-08-28 09:00:00+02:00,60556.075,60544.945,2025-12-13 09:34:08.228144+00:00
2025-08-28 10:00:00+02:00,61909.2,61857.207500000004,2025-12-13 09:34:08.228144+00:00
2025-08-28 11:00:00+02:00,62410.765,62142.0175,2025-12-13 09:34:08.228144+00:00
2025-08-28 12:00:00+02:00,62448.8675,60911.2625,2025-12-13 09:34:08.228144+00:00
2025-08-28 13:00:00+02:00,60768.19,59846.105,2025-12-13 09:34:08.228144+00:00
2025-08-28 14:00:00+02:00,59088.2125,58616.125,2025-12-13 09:34:08.228144+00:00
2025-08-28 15:00:00+02:00,57533.08,57756.9,2025-12-13 09:34:08.228144+00:00
2025-08-28 16:00:00+02:00,56563.685,57294.3925,2025-12-13 09:34:08.228144+00:00
2025-08-28 17:00:00+02:00,57569.74,56920.8875,2025-12-13 09:34:08.228144+00:00
2025-08-28 18:00:00+02:00,57674.985,56882.2475,2025-12-13 09:34:08.228144+00:00
2025-08-28 19:00:00+02:00,56539.625,56557.770000000004,2025-12-13 09:34:08.228144+00:00
2025-08-28 20:00:00+02:00,55634.8925,55052.325,2025-12-13 09:34:08.228144+00:00
2025-08-28 21:00:00+02:00,52982.39,52748.5125,2025-12-13 09:34:08.228144+00:00
2025-08-28 22:00:00+02:00,48984.545,49563.337499999994,2025-12-13 09:34:08.228144+00:00
2025-08-28 23:00:00+02:00,45479.012500000004,46263.32,2025-12-13 09:34:08.228144+00:00
2025-08-29 00:00:00+02:00,43013.46,44610.575,2025-12-13 09:34:08.228144+00:00
2025-08-29 01:00:00+02:00,41822.2,43193.06,2025-12-13 09:34:08.228144+00:00
2025-08-29 02:00:00+02:00,40922.015,42434.265,2025-12-13 09:34:08.228144+00:00
2025-08-29 03:00:00+02:00,41272.432499999995,42451.2775,2025-12-13 09:34:08.228144+00:00
2025-08-29 04:00:00+02:00,42320.65,43242.2475,2025-12-13 09:34:08.228144+00:00
2025-08-29 05:00:00+02:00,45136.619999999995,45911.6125,2025-12-13 09:34:08.228144+00:00
2025-08-29 06:00:00+02:00,51297.78,51306.3825,2025-12-13 09:34:08.228144+00:00
2025-08-29 07:00:00+02:00,55528.2025,55450.705,2025-12-13 09:34:08.228144+00:00
2025-08-29 08:00:00+02:00,58733.7175,59268.9525,2025-12-13 09:34:08.228144+00:00
2025-08-29 09:00:00+02:00,59993.1575,60749.175,2025-12-13 09:34:08.228144+00:00
2025-08-29 10:00:00+02:00,59666.402500000004,61517.815,2025-12-13 09:34:08.228144+00:00
2025-08-29 11:00:00+02:00,58892.34,61088.1675,2025-12-13 09:34:08.228144+00:00
2025-08-29 12:00:00+02:00,57210.1775,59449.4425,2025-12-13 09:34:08.228144+00:00
2025-08-29 13:00:00+02:00,55720.7775,57825.3975,2025-12-13 09:34:08.228144+00:00
2025-08-29 14:00:00+02:00,53943.135,56204.2275,2025-12-13 09:34:08.228144+00:00
2025-08-29 15:00:00+02:00,52504.2525,55571.4875,2025-12-13 09:34:08.228144+00:00
2025-08-29 16:00:00+02:00,52587.9525,54806.9525,2025-12-13 09:34:08.228144+00:00
2025-08-29 17:00:00+02:00,53297.19,55236.5575,2025-12-13 09:34:08.228144+00:00
2025-08-29 18:00:00+02:00,54083.695,54868.792499999996,2025-12-13 09:34:08.228144+00:00
2025-08-29 19:00:00+02:00,53784.6825,54452.5075,2025-12-13 09:34:08.228144+00:00
2025-08-29 20:00:00+02:00,52283.9375,53232.93,2025-12-13 09:34:08.228144+00:00
2025-08-29 21:00:00+02:00,49614.335,51444.5275,2025-12-13 09:34:08.228144+00:00
2025-08-29 22:00:00+02:00,46303.457500000004,48402.0125,2025-12-13 09:34:08.228144+00:00
2025-08-29 23:00:00+02:00,43355.18,45182.1875,2025-12-13 09:34:08.228144+00:00
2025-08-30 00:00:00+02:00,40597.7175,42679.9025,2025-12-13 09:34:08.228144+00:00
2025-08-30 01:00:00+02:00,38727.2225,40815.8975,2025-12-13 09:34:08.228144+00:00
2025-08-30 02:00:00+02:00,37702.957500000004,39735.965,2025-12-13 09:34:08.228144+00:00
2025-08-30 03:00:00+02:00,37382.785,39272.927500000005,2025-12-13 09:34:08.228144+00:00
2025-08-30 04:00:00+02:00,37546.354999999996,39183.3725,2025-12-13 09:34:08.228144+00:00
2025-08-30 05:00:00+02:00,38333.8775,39637.2475,2025-12-13 09:34:08.228144+00:00
2025-08-30 06:00:00+02:00,40440.7025,41352.0325,2025-12-13 09:34:08.228144+00:00
2025-08-30 07:00:00+02:00,42318.715,43641.3025,2025-12-13 09:34:08.228144+00:00
2025-08-30 08:00:00+02:00,45473.96,47035.5125,2025-12-13 09:34:08.228144+00:00
2025-08-30 09:00:00+02:00,47678.205,50023.0375,2025-12-13 09:34:08.228144+00:00
2025-08-30 10:00:00+02:00,48965.052500000005,51496.5425,2025-12-13 09:34:08.228144+00:00
2025-08-30 11:00:00+02:00,49116.1725,51908.16,2025-12-13 09:34:08.228144+00:00
2025-08-30 12:00:00+02:00,47523.4725,50878.2625,2025-12-13 09:34:08.228144+00:00
2025-08-30 13:00:00+02:00,45859.8125,49396.4825,2025-12-13 09:34:08.228144+00:00
2025-08-30 14:00:00+02:00,44470.9975,48205.5625,2025-12-13 09:34:08.228144+00:00
2025-08-30 15:00:00+02:00,43893.3375,47601.095,2025-12-13 09:34:08.228144+00:00
2025-08-30 16:00:00+02:00,43463.89,47574.09,2025-12-13 09:34:08.228144+00:00
2025-08-30 17:00:00+02:00,44522.932499999995,48209.68,2025-12-13 09:34:08.228144+00:00
2025-08-30 18:00:00+02:00,46039.729999999996,48868.59,2025-12-13 09:34:08.228144+00:00
2025-08-30 19:00:00+02:00,46711.385,48881.4975,2025-12-13 09:34:08.228144+00:00
2025-08-30 20:00:00+02:00,46239.595,47841.0925,2025-12-13 09:34:08.228144+00:00
2025-08-30 21:00:00+02:00,44162.44,46135.26,2025-12-13 09:34:08.228144+00:00
2025-08-30 22:00:00+02:00,41797.8475,44033.332500000004,2025-12-13 09:34:08.228144+00:00
2025-08-30 23:00:00+02:00,39353.955,41532.27,2025-12-13 09:34:08.228144+00:00
2025-08-31 00:00:00+02:00,36715.625,39518.3975,2025-12-13 09:34:08.228144+00:00
2025-08-31 01:00:00+02:00,35232.78,37984.3975,2025-12-13 09:34:08.228144+00:00
2025-08-31 02:00:00+02:00,34374.5775,37130.8525,2025-12-13 09:34:08.228144+00:00
2025-08-31 03:00:00+02:00,34107.2775,36779.9275,2025-12-13 09:34:08.228144+00:00
2025-08-31 04:00:00+02:00,34125.2025,36928.25,2025-12-13 09:34:08.228144+00:00
2025-08-31 05:00:00+02:00,34963.0875,37670.762500000004,2025-12-13 09:34:08.228144+00:00
2025-08-31 06:00:00+02:00,35760.33,39896.0975,2025-12-13 09:34:08.228144+00:00
2025-08-31 07:00:00+02:00,37335.7175,42626.759999999995,2025-12-13 09:34:08.228144+00:00
2025-08-31 08:00:00+02:00,40412.7175,45811.8625,2025-12-13 09:34:08.228144+00:00
2025-08-31 09:00:00+02:00,43344.8975,48440.8725,2025-12-13 09:34:08.228144+00:00
2025-08-31 10:00:00+02:00,44723.5475,49957.885,2025-12-13 09:34:08.228144+00:00
2025-08-31 11:00:00+02:00,45176.3225,50514.5225,2025-12-13 09:34:08.228144+00:00
2025-08-31 12:00:00+02:00,44076.1725,50067.5325,2025-12-13 09:34:08.228144+00:00
2025-08-31 13:00:00+02:00,42328.5625,48800.4225,2025-12-13 09:34:08.228144+00:00
2025-08-31 14:00:00+02:00,41443.972499999996,47474.020000000004,2025-12-13 09:34:08.228144+00:00
2025-08-31 15:00:00+02:00,40983.2575,46621.565,2025-12-13 09:34:08.228144+00:00
2025-08-31 16:00:00+02:00,41220.2525,46472.215,2025-12-13 09:34:08.228144+00:00
2025-08-31 17:00:00+02:00,42733.45,47295.735,2025-12-13 09:34:08.228144+00:00
2025-08-31 18:00:00+02:00,45435.42,47883.14,2025-12-13 09:34:08.228144+00:00
2025-08-31 19:00:00+02:00,46818.585,48533.3975,2025-12-13 09:34:08.228144+00:00
2025-08-31 20:00:00+02:00,47113.885,48431.2575,2025-12-13 09:34:08.228144+00:00
2025-08-31 21:00:00+02:00,45512.3825,47091.405,2025-12-13 09:34:08.228144+00:00
2025-08-31 22:00:00+02:00,43718.875,45053.9,2025-12-13 09:34:08.228144+00:00
2025-08-31 23:00:00+02:00,42139.15,42723.335,2025-12-13 09:34:08.228144+00:00
2025-09-01 00:00:00+02:00,40347.5025,39571.655,2025-12-13 09:34:08.228144+00:00
2025-09-01 01:00:00+02:00,39390.175,38391.445,2025-12-13 09:34:08.228144+00:00
2025-09-01 02:00:00+02:00,38319.505000000005,38104.8575,2025-12-13 09:34:08.228144+00:00
2025-09-01 03:00:00+02:00,38021.2875,38252.127499999995,2025-12-13 09:34:08.228144+00:00
2025-09-01 04:00:00+02:00,38707.667499999996,39393.55,2025-12-13 09:34:08.228144+00:00
2025-09-01 05:00:00+02:00,42282.44,43028.885,2025-12-13 09:34:08.228144+00:00
2025-09-01 06:00:00+02:00,50102.4225,50113.9825,2025-12-13 09:34:08.228144+00:00
2025-09-01 07:00:00+02:00,55315.8225,55527.4725,2025-12-13 09:34:08.228144+00:00
2025-09-01 08:00:00+02:00,58443.7525,59377.6725,2025-12-13 09:34:08.228144+00:00
2025-09-01 09:00:00+02:00,59116.415,61225.0,2025-12-13 09:34:08.228144+00:00
2025-09-01 10:00:00+02:00,59711.845,61799.155,2025-12-13 09:34:08.228144+00:00
2025-09-01 11:00:00+02:00,60466.6275,61931.485,2025-12-13 09:34:08.228144+00:00
2025-09-01 12:00:00+02:00,59519.619999999995,61444.37,2025-12-13 09:34:08.228144+00:00
2025-09-01 13:00:00+02:00,57623.405,60447.27,2025-12-13 09:34:08.228144+00:00
2025-09-01 14:00:00+02:00,57198.595,59030.595,2025-12-13 09:34:08.228144+00:00
2025-09-01 15:00:00+02:00,57130.18,57270.475,2025-12-13 09:34:08.228144+00:00
2025-09-01 16:00:00+02:00,56519.41,56316.825,2025-12-13 09:34:08.228144+00:00
2025-09-01 17:00:00+02:00,56918.2425,56145.52,2025-12-13 09:34:08.228144+00:00
2025-09-01 18:00:00+02:00,57164.415,56812.515,2025-12-13 09:34:08.228144+00:00
2025-09-01 19:00:00+02:00,57565.77,57325.97,2025-12-13 09:34:08.228144+00:00
2025-09-01 20:00:00+02:00,56763.415,56131.6175,2025-12-13 09:34:08.228144+00:00
2025-09-01 21:00:00+02:00,53457.0275,53831.0275,2025-12-13 09:34:08.228144+00:00
2025-09-01 22:00:00+02:00,49009.0475,50569.82,2025-12-13 09:34:08.228144+00:00
2025-09-01 23:00:00+02:00,44877.3,47065.5525,2025-12-13 09:34:08.228144+00:00
2025-09-02 00:00:00+02:00,42918.51,44164.1575,2025-12-13 09:34:08.228144+00:00
2025-09-02 01:00:00+02:00,41449.6125,42638.8475,2025-12-13 09:34:08.228144+00:00
2025-09-02 02:00:00+02:00,40410.31,41753.81,2025-12-13 09:34:08.228144+00:00
2025-09-02 03:00:00+02:00,40353.6,41775.415,2025-12-13 09:34:08.228144+00:00
2025-09-02 04:00:00+02:00,41438.9625,42612.9925,2025-12-13 09:34:08.228144+00:00
2025-09-02 05:00:00+02:00,45331.29,45441.435,2025-12-13 09:34:08.228144+00:00
2025-09-02 06:00:00+02:00,52403.2975,51153.235,2025-12-13 09:34:08.228144+00:00
2025-09-02 07:00:00+02:00,56468.0275,56208.195,2025-12-13 09:34:08.228144+00:00
2025-09-02 08:00:00+02:00,59412.64,59469.7375,2025-12-13 09:34:08.228144+00:00
2025-09-02 09:00:00+02:00,60310.175,60537.3425,2025-12-13 09:34:08.228144+00:00
2025-09-02 10:00:00+02:00,60994.355,61182.6875,2025-12-13 09:34:08.228144+00:00
2025-09-02 11:00:00+02:00,60978.7425,61266.815,2025-12-13 09:34:08.228144+00:00
2025-09-02 12:00:00+02:00,59559.7475,60202.895000000004,2025-12-13 09:34:08.228144+00:00
2025-09-02 13:00:00+02:00,58193.01,58893.1575,2025-12-13 09:34:08.228144+00:00
2025-09-02 14:00:00+02:00,56616.95,57615.1325,2025-12-13 09:34:08.228144+00:00
2025-09-02 15:00:00+02:00,55933.715,57581.635,2025-12-13 09:34:08.228144+00:00
2025-09-02 16:00:00+02:00,54686.4125,57113.325,2025-12-13 09:34:08.228144+00:00
2025-09-02 17:00:00+02:00,55511.44,57398.8575,2025-12-13 09:34:08.228144+00:00
2025-09-02 18:00:00+02:00,56281.585,57529.0225,2025-12-13 09:34:08.228144+00:00
2025-09-02 19:00:00+02:00,56535.1075,57268.41,2025-12-13 09:34:08.228144+00:00
2025-09-02 20:00:00+02:00,56018.597499999996,55861.3525,2025-12-13 09:34:08.228144+00:00
2025-09-02 21:00:00+02:00,53247.009999999995,53525.65,2025-12-13 09:34:08.228144+00:00
2025-09-02 22:00:00+02:00,49674.43,50384.3575,2025-12-13 09:34:08.228144+00:00
2025-09-02 23:00:00+02:00,46549.9125,46954.95,2025-12-13 09:34:08.228144+00:00
2025-09-03 00:00:00+02:00,43322.05,44164.215,2025-12-13 09:34:08.228144+00:00
2025-09-03 01:00:00+02:00,41741.0275,42860.51,2025-12-13 09:34:08.228144+00:00
2025-09-03 02:00:00+02:00,40852.305,42228.81,2025-12-13 09:34:08.228144+00:00
2025-09-03 03:00:00+02:00,41376.055,42212.9475,2025-12-13 09:34:08.228144+00:00
2025-09-03 04:00:00+02:00,42090.74,43306.8975,2025-12-13 09:34:08.228144+00:00
2025-09-03 05:00:00+02:00,45760.7025,46094.2275,2025-12-13 09:34:08.228144+00:00
2025-09-03 06:00:00+02:00,53002.16,51388.7675,2025-12-13 09:34:08.228144+00:00
2025-09-03 07:00:00+02:00,56833.5325,55527.095,2025-12-13 09:34:08.228144+00:00
2025-09-03 08:00:00+02:00,59356.94,59456.332500000004,2025-12-13 09:34:08.228144+00:00
2025-09-03 09:00:00+02:00,59692.94,61409.0975,2025-12-13 09:34:08.228144+00:00
2025-09-03 10:00:00+02:00,60837.4825,62259.54,2025-12-13 09:34:08.228144+00:00
2025-09-03 11:00:00+02:00,61308.33,62393.7975,2025-12-13 09:34:08.228144+00:00
2025-09-03 12:00:00+02:00,60551.7325,61189.9225,2025-12-13 09:34:08.228144+00:00
2025-09-03 13:00:00+02:00,58912.13,60087.7275,2025-12-13 09:34:08.228144+00:00
2025-09-03 14:00:00+02:00,58330.6125,59006.4625,2025-12-13 09:34:08.228144+00:00
2025-09-03 15:00:00+02:00,58439.2225,57950.7025,2025-12-13 09:34:08.228144+00:00
2025-09-03 16:00:00+02:00,58146.4125,57123.1025,2025-12-13 09:34:08.228144+00:00
2025-09-03 17:00:00+02:00,58316.677500000005,57578.270000000004,2025-12-13 09:34:08.228144+00:00
2025-09-03 18:00:00+02:00,59567.6875,57209.725,2025-12-13 09:34:08.228144+00:00
2025-09-03 19:00:00+02:00,59315.35,56518.0875,2025-12-13 09:34:08.228144+00:00
2025-09-03 20:00:00+02:00,58568.7725,55284.285,2025-12-13 09:34:08.228144+00:00
2025-09-03 21:00:00+02:00,55684.4725,53072.722499999996,2025-12-13 09:34:08.228144+00:00
2025-09-03 22:00:00+02:00,51599.525,49620.9925,2025-12-13 09:34:08.228144+00:00
2025-09-03 23:00:00+02:00,48180.785,46510.245,2025-12-13 09:34:08.228144+00:00
2025-09-04 00:00:00+02:00,46128.165,44105.1,2025-12-13 09:34:08.228144+00:00
2025-09-04 01:00:00+02:00,44536.7675,42487.96,2025-12-13 09:34:08.228144+00:00
2025-09-04 02:00:00+02:00,43662.270000000004,41848.595,2025-12-13 09:34:08.228144+00:00
2025-09-04 03:00:00+02:00,43312.705,41953.835,2025-12-13 09:34:08.228144+00:00
2025-09-04 04:00:00+02:00,44034.245,42772.1375,2025-12-13 09:34:08.228144+00:00
2025-09-04 05:00:00+02:00,47020.5625,45830.9625,2025-12-13 09:34:08.228144+00:00
2025-09-04 06:00:00+02:00,54385.1025,51512.0175,2025-12-13 09:34:08.228144+00:00
2025-09-04 07:00:00+02:00,58431.025,56324.565,2025-12-13 09:34:08.228144+00:00
2025-09-04 08:00:00+02:00,60685.9975,59980.555,2025-12-13 09:34:08.228144+00:00
2025-09-04 09:00:00+02:00,61012.8475,61867.1925,2025-12-13 09:34:08.228144+00:00
2025-09-04 10:00:00+02:00,60564.270000000004,63363.905,2025-12-13 09:34:08.228144+00:00
2025-09-04 11:00:00+02:00,59959.19,63791.8275,2025-12-13 09:34:08.228144+00:00
2025-09-04 12:00:00+02:00,59273.72,62917.2225,2025-12-13 09:34:08.228144+00:00
2025-09-04 13:00:00+02:00,58664.445,61809.3,2025-12-13 09:34:08.228144+00:00
2025-09-04 14:00:00+02:00,57648.19,60164.4425,2025-12-13 09:34:08.228144+00:00
2025-09-04 15:00:00+02:00,56718.9525,59048.6725,2025-12-13 09:34:08.228144+00:00
2025-09-04 16:00:00+02:00,56165.68,58266.03,2025-12-13 09:34:08.228144+00:00
2025-09-04 17:00:00+02:00,57336.8975,57679.19,2025-12-13 09:34:08.228144+00:00
2025-09-04 18:00:00+02:00,57307.284999999996,57490.62,2025-12-13 09:34:08.228144+00:00
2025-09-04 19:00:00+02:00,56918.8075,57033.94,2025-12-13 09:34:08.228144+00:00
2025-09-04 20:00:00+02:00,56306.865,55478.955,2025-12-13 09:34:08.228144+00:00
2025-09-04 21:00:00+02:00,52970.505,53486.17,2025-12-13 09:34:08.228144+00:00
2025-09-04 22:00:00+02:00,49601.572499999995,50305.6675,2025-12-13 09:34:08.228144+00:00
2025-09-04 23:00:00+02:00,45778.8875,46940.31,2025-12-13 09:34:08.228144+00:00
2025-09-05 00:00:00+02:00,44086.405,45078.5075,2025-12-13 09:34:08.228144+00:00
2025-09-05 01:00:00+02:00,42763.975,43621.185,2025-12-13 09:34:08.228144+00:00
2025-09-05 02:00:00+02:00,41850.295,42929.96,2025-12-13 09:34:08.228144+00:00
2025-09-05 03:00:00+02:00,42266.105,43062.785,2025-12-13 09:34:08.228144+00:00
2025-09-05 04:00:00+02:00,42663.6175,44107.5375,2025-12-13 09:34:08.228144+00:00
2025-09-05 05:00:00+02:00,45301.7025,47066.5725,2025-12-13 09:34:08.228144+00:00
2025-09-05 06:00:00+02:00,52191.99,52763.6825,2025-12-13 09:34:08.228144+00:00
2025-09-05 07:00:00+02:00,56494.4575,57160.270000000004,2025-12-13 09:34:08.228144+00:00
2025-09-05 08:00:00+02:00,59885.2525,60745.884999999995,2025-12-13 09:34:08.228144+00:00
2025-09-05 09:00:00+02:00,60642.6,62288.4475,2025-12-13 09:34:08.228144+00:00
2025-09-05 10:00:00+02:00,61676.6325,62326.24,2025-12-13 09:34:08.228144+00:00
2025-09-05 11:00:00+02:00,60780.93,62179.68,2025-12-13 09:34:08.228144+00:00
2025-09-05 12:00:00+02:00,59504.175,60977.39,2025-12-13 09:34:08.228144+00:00
2025-09-05 13:00:00+02:00,57561.5325,59249.972499999996,2025-12-13 09:34:08.228144+00:00
2025-09-05 14:00:00+02:00,55599.59,57278.225,2025-12-13 09:34:08.228144+00:00
2025-09-05 15:00:00+02:00,54082.09,56589.902500000004,2025-12-13 09:34:08.228144+00:00
2025-09-05 16:00:00+02:00,53936.29,55793.9675,2025-12-13 09:34:08.228144+00:00
2025-09-05 17:00:00+02:00,54421.8775,56264.832500000004,2025-12-13 09:34:08.228144+00:00
2025-09-05 18:00:00+02:00,54726.5375,56559.5625,2025-12-13 09:34:08.228144+00:00
2025-09-05 19:00:00+02:00,54127.3975,55631.0525,2025-12-13 09:34:08.228144+00:00
2025-09-05 20:00:00+02:00,53486.292499999996,54019.92,2025-12-13 09:34:08.228144+00:00
2025-09-05 21:00:00+02:00,50160.19,51598.74,2025-12-13 09:34:08.228144+00:00
2025-09-05 22:00:00+02:00,46740.8325,48623.13,2025-12-13 09:34:08.228144+00:00
2025-09-05 23:00:00+02:00,43508.415,45521.825,2025-12-13 09:34:08.228144+00:00
2025-09-06 00:00:00+02:00,40935.815,42717.2875,2025-12-13 09:34:08.228144+00:00
2025-09-06 01:00:00+02:00,39148.925,40810.1175,2025-12-13 09:34:08.228144+00:00
2025-09-06 02:00:00+02:00,37939.6725,39881.675,2025-12-13 09:34:08.228144+00:00
2025-09-06 03:00:00+02:00,37302.020000000004,39449.93,2025-12-13 09:34:08.228144+00:00
2025-09-06 04:00:00+02:00,37334.965,39393.1,2025-12-13 09:34:08.228144+00:00
2025-09-06 05:00:00+02:00,38248.567500000005,39367.035,2025-12-13 09:34:08.228144+00:00
2025-09-06 06:00:00+02:00,40333.265,40461.3575,2025-12-13 09:34:08.228144+00:00
2025-09-06 07:00:00+02:00,42198.479999999996,42742.0225,2025-12-13 09:34:08.228144+00:00
2025-09-06 08:00:00+02:00,45383.065,46145.37,2025-12-13 09:34:08.228144+00:00
2025-09-06 09:00:00+02:00,47588.8875,49037.265,2025-12-13 09:34:08.228144+00:00
2025-09-06 10:00:00+02:00,48316.0725,50705.1,2025-12-13 09:34:08.228144+00:00
2025-09-06 11:00:00+02:00,47556.0775,51004.9025,2025-12-13 09:34:08.228144+00:00
2025-09-06 12:00:00+02:00,45811.4425,50224.69,2025-12-13 09:34:08.228144+00:00
2025-09-06 13:00:00+02:00,44127.5275,48648.42,2025-12-13 09:34:08.228144+00:00
2025-09-06 14:00:00+02:00,42970.2775,47184.7125,2025-12-13 09:34:08.228144+00:00
2025-09-06 15:00:00+02:00,42404.4675,46476.604999999996,2025-12-13 09:34:08.228144+00:00
2025-09-06 16:00:00+02:00,42995.6775,46300.065,2025-12-13 09:34:08.228144+00:00
2025-09-06 17:00:00+02:00,44608.7875,46872.3025,2025-12-13 09:34:08.228144+00:00
2025-09-06 18:00:00+02:00,46300.1925,47638.765,2025-12-13 09:34:08.228144+00:00
2025-09-06 19:00:00+02:00,46769.465,47771.7875,2025-12-13 09:34:08.228144+00:00
2025-09-06 20:00:00+02:00,46332.2675,46854.0375,2025-12-13 09:34:08.228144+00:00
2025-09-06 21:00:00+02:00,43536.0325,45364.167499999996,2025-12-13 09:34:08.228144+00:00
2025-09-06 22:00:00+02:00,41123.575,43348.315,2025-12-13 09:34:08.228144+00:00
2025-09-06 23:00:00+02:00,38403.4375,40930.39,2025-12-13 09:34:08.228144+00:00
2025-09-07 00:00:00+02:00,36144.380000000005,39041.195,2025-12-13 09:34:08.228144+00:00
2025-09-07 01:00:00+02:00,35054.880000000005,37414.455,2025-12-13 09:34:08.228144+00:00
2025-09-07 02:00:00+02:00,33932.405,36528.2675,2025-12-13 09:34:08.228144+00:00
2025-09-07 03:00:00+02:00,33614.825,36219.6575,2025-12-13 09:34:08.228144+00:00
2025-09-07 04:00:00+02:00,33658.22,36402.537500000006,2025-12-13 09:34:08.228144+00:00
2025-09-07 05:00:00+02:00,34281.045,37105.05,2025-12-13 09:34:08.228144+00:00
2025-09-07 06:00:00+02:00,35004.5,38909.44,2025-12-13 09:34:08.228144+00:00
2025-09-07 07:00:00+02:00,36788.455,41484.28,2025-12-13 09:34:08.228144+00:00
2025-09-07 08:00:00+02:00,39967.4025,44877.225000000006,2025-12-13 09:34:08.228144+00:00
2025-09-07 09:00:00+02:00,42799.195,47630.45,2025-12-13 09:34:08.228144+00:00
2025-09-07 10:00:00+02:00,43815.2725,49404.71,2025-12-13 09:34:08.228144+00:00
2025-09-07 11:00:00+02:00,44131.7025,50135.7425,2025-12-13 09:34:08.228144+00:00
2025-09-07 12:00:00+02:00,43304.5175,49602.86,2025-12-13 09:34:08.228144+00:00
2025-09-07 13:00:00+02:00,41307.955,48245.04,2025-12-13 09:34:08.228144+00:00
2025-09-07 14:00:00+02:00,40124.2375,46968.305,2025-12-13 09:34:08.228144+00:00
2025-09-07 15:00:00+02:00,39664.26,46154.1075,2025-12-13 09:34:08.228144+00:00
2025-09-07 16:00:00+02:00,40123.025,46032.32,2025-12-13 09:34:08.228144+00:00
2025-09-07 17:00:00+02:00,42507.92,46904.27,2025-12-13 09:34:08.228144+00:00
2025-09-07 18:00:00+02:00,45169.1975,48524.0975,2025-12-13 09:34:08.228144+00:00
2025-09-07 19:00:00+02:00,46818.1275,49391.7875,2025-12-13 09:34:08.228144+00:00
2025-09-07 20:00:00+02:00,47828.634999999995,48660.345,2025-12-13 09:34:08.228144+00:00
2025-09-07 21:00:00+02:00,46249.005000000005,47156.02,2025-12-13 09:34:08.228144+00:00
2025-09-07 22:00:00+02:00,44333.185,45381.555,2025-12-13 09:34:08.228144+00:00
2025-09-07 23:00:00+02:00,41400.425,43051.4175,2025-12-13 09:34:08.228144+00:00
2025-09-08 00:00:00+02:00,39816.9225,40409.5575,2025-12-13 09:34:08.228144+00:00
2025-09-08 01:00:00+02:00,38374.58,39461.7075,2025-12-13 09:34:08.228144+00:00
2025-09-08 02:00:00+02:00,37476.81,39092.81,2025-12-13 09:34:08.228144+00:00
2025-09-08 03:00:00+02:00,37678.985,39399.595,2025-12-13 09:34:08.228144+00:00
2025-09-08 04:00:00+02:00,38881.76,40663.1,2025-12-13 09:34:08.228144+00:00
2025-09-08 05:00:00+02:00,43345.7825,45236.445,2025-12-13 09:34:08.228144+00:00
2025-09-08 06:00:00+02:00,51669.2425,53177.6525,2025-12-13 09:34:08.228144+00:00
2025-09-08 07:00:00+02:00,55744.5825,58530.3425,2025-12-13 09:34:08.228144+00:00
2025-09-08 08:00:00+02:00,59201.4675,61909.86,2025-12-13 09:34:08.228144+00:00
2025-09-08 09:00:00+02:00,60627.8275,63175.479999999996,2025-12-13 09:34:08.228144+00:00
2025-09-08 10:00:00+02:00,61330.9475,63936.494999999995,2025-12-13 09:34:08.228144+00:00
2025-09-08 11:00:00+02:00,60773.5275,64146.2375,2025-12-13 09:34:08.228144+00:00
2025-09-08 12:00:00+02:00,60061.119999999995,63250.722499999996,2025-12-13 09:34:08.228144+00:00
2025-09-08 13:00:00+02:00,58853.027500000004,61884.4075,2025-12-13 09:34:08.228144+00:00
2025-09-08 14:00:00+02:00,58177.85,60399.4775,2025-12-13 09:34:08.228144+00:00
2025-09-08 15:00:00+02:00,57670.405,59557.445,2025-12-13 09:34:08.228144+00:00
2025-09-08 16:00:00+02:00,57360.66,59039.9625,2025-12-13 09:34:08.228144+00:00
2025-09-08 17:00:00+02:00,57646.1625,59488.6975,2025-12-13 09:34:08.228144+00:00
2025-09-08 18:00:00+02:00,57443.595,59706.6425,2025-12-13 09:34:08.228144+00:00
2025-09-08 19:00:00+02:00,56790.91,59455.395000000004,2025-12-13 09:34:08.228144+00:00
2025-09-08 20:00:00+02:00,55875.22,57894.655,2025-12-13 09:34:08.228144+00:00
2025-09-08 21:00:00+02:00,53000.1425,54931.417499999996,2025-12-13 09:34:08.228144+00:00
2025-09-08 22:00:00+02:00,48834.2875,51282.770000000004,2025-12-13 09:34:08.228144+00:00
2025-09-08 23:00:00+02:00,45609.259999999995,47814.095,2025-12-13 09:34:08.228144+00:00
2025-09-09 00:00:00+02:00,43332.7475,44905.770000000004,2025-12-13 09:34:08.228144+00:00
2025-09-09 01:00:00+02:00,41509.095,43544.435,2025-12-13 09:34:08.228144+00:00
2025-09-09 02:00:00+02:00,40619.535,42857.7775,2025-12-13 09:34:08.228144+00:00
2025-09-09 03:00:00+02:00,40781.020000000004,42895.495,2025-12-13 09:34:08.228144+00:00
2025-09-09 04:00:00+02:00,41770.479999999996,43846.1425,2025-12-13 09:34:08.228144+00:00
2025-09-09 05:00:00+02:00,45184.6625,46972.8675,2025-12-13 09:34:08.228144+00:00
2025-09-09 06:00:00+02:00,52741.99,52996.567500000005,2025-12-13 09:34:08.228144+00:00
2025-09-09 07:00:00+02:00,57035.6,57981.854999999996,2025-12-13 09:34:08.228144+00:00
2025-09-09 08:00:00+02:00,60107.4775,61160.3775,2025-12-13 09:34:08.228144+00:00
2025-09-09 09:00:00+02:00,61822.4825,62553.45,2025-12-13 09:34:08.228144+00:00
2025-09-09 10:00:00+02:00,61965.14,63256.815,2025-12-13 09:34:08.228144+00:00
2025-09-09 11:00:00+02:00,62841.7225,63604.05,2025-12-13 09:34:08.228144+00:00
2025-09-09 12:00:00+02:00,62083.665,62781.4525,2025-12-13 09:34:08.228144+00:00
2025-09-09 13:00:00+02:00,60679.6375,61178.9525,2025-12-13 09:34:08.228144+00:00
2025-09-09 14:00:00+02:00,59626.0425,59516.485,2025-12-13 09:34:08.228144+00:00
2025-09-09 15:00:00+02:00,59639.62,58445.2425,2025-12-13 09:34:08.228144+00:00
2025-09-09 16:00:00+02:00,58712.095,57731.5,2025-12-13 09:34:08.228144+00:00
2025-09-09 17:00:00+02:00,58840.9925,57931.2425,2025-12-13 09:34:08.228144+00:00
2025-09-09 18:00:00+02:00,58748.6325,58268.735,2025-12-13 09:34:08.228144+00:00
2025-09-09 19:00:00+02:00,58389.43,58087.7425,2025-12-13 09:34:08.228144+00:00
2025-09-09 20:00:00+02:00,57909.025,56732.255000000005,2025-12-13 09:34:08.228144+00:00
2025-09-09 21:00:00+02:00,54313.14,54214.5725,2025-12-13 09:34:08.228144+00:00
2025-09-09 22:00:00+02:00,49893.61,50995.26,2025-12-13 09:34:08.228144+00:00
2025-09-09 23:00:00+02:00,46657.3625,47859.61,2025-12-13 09:34:08.228144+00:00
2025-09-10 00:00:00+02:00,44390.9325,44458.7675,2025-12-13 09:34:08.228144+00:00
2025-09-10 01:00:00+02:00,42927.1325,43231.44,2025-12-13 09:34:08.228144+00:00
2025-09-10 02:00:00+02:00,41787.240000000005,42394.395000000004,2025-12-13 09:34:08.228144+00:00
2025-09-10 03:00:00+02:00,41413.2375,42521.692500000005,2025-12-13 09:34:08.228144+00:00
2025-09-10 04:00:00+02:00,42472.23,43713.4375,2025-12-13 09:34:08.228144+00:00
2025-09-10 05:00:00+02:00,45815.3725,47088.042499999996,2025-12-13 09:34:08.228144+00:00
2025-09-10 06:00:00+02:00,53179.6575,53659.87,2025-12-13 09:34:08.228144+00:00
2025-09-10 07:00:00+02:00,57603.5575,59830.6475,2025-12-13 09:34:08.228144+00:00
2025-09-10 08:00:00+02:00,60509.520000000004,62514.1875,2025-12-13 09:34:08.228144+00:00
2025-09-10 09:00:00+02:00,61345.325,63042.45,2025-12-13 09:34:08.228144+00:00
2025-09-10 10:00:00+02:00,62524.87,63139.7775,2025-12-13 09:34:08.228144+00:00
2025-09-10 11:00:00+02:00,63033.6425,63261.822499999995,2025-12-13 09:34:08.228144+00:00
2025-09-10 12:00:00+02:00,62502.3475,62240.465,2025-12-13 09:34:08.228144+00:00
2025-09-10 13:00:00+02:00,61005.4825,61180.71,2025-12-13 09:34:08.228144+00:00
2025-09-10 14:00:00+02:00,59479.5625,59343.082500000004,2025-12-13 09:34:08.228144+00:00
2025-09-10 15:00:00+02:00,58375.765,58041.9925,2025-12-13 09:34:08.228144+00:00
2025-09-10 16:00:00+02:00,57251.854999999996,56934.207500000004,2025-12-13 09:34:08.228144+00:00
2025-09-10 17:00:00+02:00,57948.3625,56561.315,2025-12-13 09:34:08.228144+00:00
2025-09-10 18:00:00+02:00,58508.075,56975.7625,2025-12-13 09:34:08.228144+00:00
2025-09-10 19:00:00+02:00,58230.6125,57097.759999999995,2025-12-13 09:34:08.228144+00:00
2025-09-10 20:00:00+02:00,57602.479999999996,56119.7275,2025-12-13 09:34:08.228144+00:00
2025-09-10 21:00:00+02:00,53443.225,54206.3725,2025-12-13 09:34:08.228144+00:00
2025-09-10 22:00:00+02:00,49607.5,50535.385,2025-12-13 09:34:08.228144+00:00
2025-09-10 23:00:00+02:00,45137.075,47368.7225,2025-12-13 09:34:08.228144+00:00
2025-09-11 00:00:00+02:00,42835.1525,46053.314999999995,2025-12-13 09:34:08.228144+00:00
2025-09-11 01:00:00+02:00,41504.2725,44449.9675,2025-12-13 09:34:08.228144+00:00
2025-09-11 02:00:00+02:00,40467.2975,44041.2625,2025-12-13 09:34:08.228144+00:00
2025-09-11 03:00:00+02:00,40530.58,44075.66,2025-12-13 09:34:08.228144+00:00
2025-09-11 04:00:00+02:00,41861.572499999995,44607.2625,2025-12-13 09:34:08.228144+00:00
2025-09-11 05:00:00+02:00,46039.165,46841.4525,2025-12-13 09:34:08.228144+00:00
2025-09-11 06:00:00+02:00,53865.2625,52449.5725,2025-12-13 09:34:08.228144+00:00
2025-09-11 07:00:00+02:00,58073.015,56987.5,2025-12-13 09:34:08.228144+00:00
2025-09-11 08:00:00+02:00,60402.525,60522.0525,2025-12-13 09:34:08.228144+00:00
2025-09-11 09:00:00+02:00,61274.185,62086.2675,2025-12-13 09:34:08.228144+00:00
2025-09-11 10:00:00+02:00,61528.520000000004,63066.5025,2025-12-13 09:34:08.228144+00:00
2025-09-11 11:00:00+02:00,61831.05,62665.41,2025-12-13 09:34:08.228144+00:00
2025-09-11 12:00:00+02:00,60776.4575,62080.325,2025-12-13 09:34:08.228144+00:00
2025-09-11 13:00:00+02:00,59333.78,61721.9875,2025-12-13 09:34:08.228144+00:00
2025-09-11 14:00:00+02:00,57770.46,60728.37,2025-12-13 09:34:08.228144+00:00
2025-09-11 15:00:00+02:00,56122.815,59276.7175,2025-12-13 09:34:08.228144+00:00
2025-09-11 16:00:00+02:00,55757.0675,58469.8625,2025-12-13 09:34:08.228144+00:00
2025-09-11 17:00:00+02:00,57140.395,58291.3875,2025-12-13 09:34:08.228144+00:00
2025-09-11 18:00:00+02:00,57451.534999999996,58824.9775,2025-12-13 09:34:08.228144+00:00
2025-09-11 19:00:00+02:00,58090.585,58299.11,2025-12-13 09:34:08.228144+00:00
2025-09-11 20:00:00+02:00,57270.235,56916.805,2025-12-13 09:34:08.228144+00:00
2025-09-11 21:00:00+02:00,53508.3275,54614.345,2025-12-13 09:34:08.228144+00:00
2025-09-11 22:00:00+02:00,49430.16,51367.0475,2025-12-13 09:34:08.228144+00:00
2025-09-11 23:00:00+02:00,47288.1475,48022.082500000004,2025-12-13 09:34:08.228144+00:00
2025-09-12 00:00:00+02:00,44688.565,45488.54,2025-12-13 09:34:08.228144+00:00
2025-09-12 01:00:00+02:00,42609.832500000004,43912.5925,2025-12-13 09:34:08.228144+00:00
2025-09-12 02:00:00+02:00,41616.275,43423.2625,2025-12-13 09:34:08.228144+00:00
2025-09-12 03:00:00+02:00,42282.825,43559.1825,2025-12-13 09:34:08.228144+00:00
2025-09-12 04:00:00+02:00,42954.2125,44622.0925,2025-12-13 09:34:08.228144+00:00
2025-09-12 05:00:00+02:00,46283.7375,47556.0275,2025-12-13 09:34:08.228144+00:00
2025-09-12 06:00:00+02:00,53557.59,53138.957500000004,2025-12-13 09:34:08.228144+00:00
2025-09-12 07:00:00+02:00,57709.75,57941.29,2025-12-13 09:34:08.228144+00:00
2025-09-12 08:00:00+02:00,60471.4,61133.2975,2025-12-13 09:34:08.228144+00:00
2025-09-12 09:00:00+02:00,61039.5525,62664.5625,2025-12-13 09:34:08.228144+00:00
2025-09-12 10:00:00+02:00,61545.6475,63799.69,2025-12-13 09:34:08.228144+00:00
2025-09-12 11:00:00+02:00,61852.115,64233.39,2025-12-13 09:34:08.228144+00:00
2025-09-12 12:00:00+02:00,60265.69,63223.3925,2025-12-13 09:34:08.228144+00:00
2025-09-12 13:00:00+02:00,57174.9,61538.832500000004,2025-12-13 09:34:08.228144+00:00
2025-09-12 14:00:00+02:00,55676.8925,59295.192500000005,2025-12-13 09:34:08.228144+00:00
2025-09-12 15:00:00+02:00,54163.395000000004,58358.68,2025-12-13 09:34:08.228144+00:00
2025-09-12 16:00:00+02:00,53603.5275,58003.68,2025-12-13 09:34:08.228144+00:00
2025-09-12 17:00:00+02:00,55104.67,58057.6075,2025-12-13 09:34:08.228144+00:00
2025-09-12 18:00:00+02:00,55967.67,57700.5375,2025-12-13 09:34:08.228144+00:00
2025-09-12 19:00:00+02:00,56022.2725,56942.915,2025-12-13 09:34:08.228144+00:00
2025-09-12 20:00:00+02:00,54790.7275,55185.354999999996,2025-12-13 09:34:08.228144+00:00
2025-09-12 21:00:00+02:00,50898.442500000005,52425.675,2025-12-13 09:34:08.228144+00:00
2025-09-12 22:00:00+02:00,47697.994999999995,49068.9075,2025-12-13 09:34:08.228144+00:00
2025-09-12 23:00:00+02:00,44802.295,45757.655,2025-12-13 09:34:08.228144+00:00
2025-09-13 00:00:00+02:00,41234.222499999996,43021.77,2025-12-13 09:34:08.228144+00:00
2025-09-13 01:00:00+02:00,39338.7275,41104.56,2025-12-13 09:34:08.228144+00:00
2025-09-13 02:00:00+02:00,38821.695,40063.81,2025-12-13 09:34:08.228144+00:00
2025-09-13 03:00:00+02:00,38619.542499999996,39624.2675,2025-12-13 09:34:08.228144+00:00
2025-09-13 04:00:00+02:00,38145.33,39548.979999999996,2025-12-13 09:34:08.228144+00:00
2025-09-13 05:00:00+02:00,38888.815,40111.41,2025-12-13 09:34:08.228144+00:00
2025-09-13 06:00:00+02:00,41036.715000000004,41681.25,2025-12-13 09:34:08.228144+00:00
2025-09-13 07:00:00+02:00,43049.7325,44096.4175,2025-12-13 09:34:08.228144+00:00
2025-09-13 08:00:00+02:00,46206.97,47307.93,2025-12-13 09:34:08.228144+00:00
2025-09-13 09:00:00+02:00,49253.270000000004,50156.0325,2025-12-13 09:34:08.228144+00:00
2025-09-13 10:00:00+02:00,50866.067500000005,52094.6625,2025-12-13 09:34:08.228144+00:00
2025-09-13 11:00:00+02:00,51297.5975,52053.307499999995,2025-12-13 09:34:08.228144+00:00
2025-09-13 12:00:00+02:00,50071.815,51213.205,2025-12-13 09:34:08.228144+00:00
2025-09-13 13:00:00+02:00,48000.96,49699.165,2025-12-13 09:34:08.228144+00:00
2025-09-13 14:00:00+02:00,46378.322499999995,48261.317500000005,2025-12-13 09:34:08.228144+00:00
2025-09-13 15:00:00+02:00,45885.455,47418.0025,2025-12-13 09:34:08.228144+00:00
2025-09-13 16:00:00+02:00,46070.36,47426.79,2025-12-13 09:34:08.228144+00:00
2025-09-13 17:00:00+02:00,47369.675,47977.565,2025-12-13 09:34:08.228144+00:00
2025-09-13 18:00:00+02:00,49152.77,48950.585,2025-12-13 09:34:08.228144+00:00
2025-09-13 19:00:00+02:00,48367.7775,49273.229999999996,2025-12-13 09:34:08.228144+00:00
2025-09-13 20:00:00+02:00,47890.05,48397.3875,2025-12-13 09:34:08.228144+00:00
2025-09-13 21:00:00+02:00,44899.715,46647.994999999995,2025-12-13 09:34:08.228144+00:00
2025-09-13 22:00:00+02:00,42620.807499999995,44670.0875,2025-12-13 09:34:08.228144+00:00
2025-09-13 23:00:00+02:00,40449.31,42176.0775,2025-12-13 09:34:08.228144+00:00
2025-09-14 00:00:00+02:00,37881.14,40747.975,2025-12-13 09:34:08.228144+00:00
2025-09-14 01:00:00+02:00,36133.15,39105.81,2025-12-13 09:34:08.228144+00:00
2025-09-14 02:00:00+02:00,35243.7375,38278.405,2025-12-13 09:34:08.228144+00:00
2025-09-14 03:00:00+02:00,34794.402500000004,37805.295,2025-12-13 09:34:08.228144+00:00
2025-09-14 04:00:00+02:00,34468.520000000004,37815.1475,2025-12-13 09:34:08.228144+00:00
2025-09-14 05:00:00+02:00,35294.3275,38078.2625,2025-12-13 09:34:08.228144+00:00
2025-09-14 06:00:00+02:00,36244.2225,39404.3575,2025-12-13 09:34:08.228144+00:00
2025-09-14 07:00:00+02:00,38116.05,41843.4975,2025-12-13 09:34:08.228144+00:00
2025-09-14 08:00:00+02:00,41089.625,45089.4725,2025-12-13 09:34:08.228144+00:00
2025-09-14 09:00:00+02:00,43680.7125,48165.895,2025-12-13 09:34:08.228144+00:00
2025-09-14 10:00:00+02:00,45710.03,50071.7675,2025-12-13 09:34:08.228144+00:00
2025-09-14 11:00:00+02:00,46874.1225,50676.787500000006,2025-12-13 09:34:08.228144+00:00
2025-09-14 12:00:00+02:00,45943.99,50136.485,2025-12-13 09:34:08.228144+00:00
2025-09-14 13:00:00+02:00,43790.667499999996,48513.795,2025-12-13 09:34:08.228144+00:00
2025-09-14 14:00:00+02:00,42096.1,47020.4725,2025-12-13 09:34:08.228144+00:00
2025-09-14 15:00:00+02:00,41291.6225,46609.44,2025-12-13 09:34:08.228144+00:00
2025-09-14 16:00:00+02:00,41713.905,46951.615,2025-12-13 09:34:08.228144+00:00
2025-09-14 17:00:00+02:00,43992.0025,48163.915,2025-12-13 09:34:08.228144+00:00
2025-09-14 18:00:00+02:00,46352.8575,49276.729999999996,2025-12-13 09:34:08.228144+00:00
2025-09-14 19:00:00+02:00,47643.475,49832.78,2025-12-13 09:34:08.228144+00:00
2025-09-14 20:00:00+02:00,47356.0225,49516.520000000004,2025-12-13 09:34:08.228144+00:00
2025-09-14 21:00:00+02:00,45225.975,48058.44,2025-12-13 09:34:08.228144+00:00
2025-09-14 22:00:00+02:00,43160.73,46082.4375,2025-12-13 09:34:08.228144+00:00
2025-09-14 23:00:00+02:00,41282.4225,43573.4925,2025-12-13 09:34:08.228144+00:00
2025-09-15 00:00:00+02:00,39929.3175,41086.7375,2025-12-13 09:34:08.228144+00:00
2025-09-15 01:00:00+02:00,38799.54,39972.4425,2025-12-13 09:34:08.228144+00:00
2025-09-15 02:00:00+02:00,38516.2025,39608.395,2025-12-13 09:34:08.228144+00:00
2025-09-15 03:00:00+02:00,38542.0075,39860.902500000004,2025-12-13 09:34:08.228144+00:00
2025-09-15 04:00:00+02:00,39914.395000000004,41099.44,2025-12-13 09:34:08.228144+00:00
2025-09-15 05:00:00+02:00,44694.89,45100.6,2025-12-13 09:34:08.228144+00:00
2025-09-15 06:00:00+02:00,54155.7825,52341.6225,2025-12-13 09:34:08.228144+00:00
2025-09-15 07:00:00+02:00,59318.4325,58028.9025,2025-12-13 09:34:08.228144+00:00
2025-09-15 08:00:00+02:00,62284.275,61857.9225,2025-12-13 09:34:08.228144+00:00
2025-09-15 09:00:00+02:00,62488.1125,63638.185,2025-12-13 09:34:08.228144+00:00
2025-09-15 10:00:00+02:00,62534.5525,64551.3275,2025-12-13 09:34:08.228144+00:00
2025-09-15 11:00:00+02:00,62135.92,65087.0425,2025-12-13 09:34:08.228144+00:00
2025-09-15 12:00:00+02:00,60680.7625,64768.3975,2025-12-13 09:34:08.228144+00:00
2025-09-15 13:00:00+02:00,58680.9375,63719.55,2025-12-13 09:34:08.228144+00:00
2025-09-15 14:00:00+02:00,56642.085,62358.1975,2025-12-13 09:34:08.228144+00:00
2025-09-15 15:00:00+02:00,55839.9125,61194.8625,2025-12-13 09:34:08.228144+00:00
2025-09-15 16:00:00+02:00,55783.95,60250.854999999996,2025-12-13 09:34:08.228144+00:00
2025-09-15 17:00:00+02:00,57679.6725,59733.345,2025-12-13 09:34:08.228144+00:00
2025-09-15 18:00:00+02:00,59455.725,60124.425,2025-12-13 09:34:08.228144+00:00
2025-09-15 19:00:00+02:00,59880.555,60204.71,2025-12-13 09:34:08.228144+00:00
2025-09-15 20:00:00+02:00,59226.2175,58744.5075,2025-12-13 09:34:08.228144+00:00
2025-09-15 21:00:00+02:00,55467.035,55541.9275,2025-12-13 09:34:08.228144+00:00
2025-09-15 22:00:00+02:00,51746.4925,51755.45,2025-12-13 09:34:08.228144+00:00
2025-09-15 23:00:00+02:00,48293.6075,48297.69,2025-12-13 09:34:08.228144+00:00
2025-09-16 00:00:00+02:00,45786.770000000004,46075.535,2025-12-13 09:34:08.228144+00:00
2025-09-16 01:00:00+02:00,43649.0175,44347.3925,2025-12-13 09:34:08.228144+00:00
2025-09-16 02:00:00+02:00,42497.2825,43336.875,2025-12-13 09:34:08.228144+00:00
2025-09-16 03:00:00+02:00,42920.7475,43437.7175,2025-12-13 09:34:08.228144+00:00
2025-09-16 04:00:00+02:00,44194.88,44400.175,2025-12-13 09:34:08.228144+00:00
2025-09-16 05:00:00+02:00,48858.705,47292.917499999996,2025-12-13 09:34:08.228144+00:00
2025-09-16 06:00:00+02:00,56926.055,53081.880000000005,2025-12-13 09:34:08.228144+00:00
2025-09-16 07:00:00+02:00,60912.4475,58092.64,2025-12-13 09:34:08.228144+00:00
2025-09-16 08:00:00+02:00,63773.72,61249.1575,2025-12-13 09:34:08.228144+00:00
2025-09-16 09:00:00+02:00,64270.564999999995,62515.5275,2025-12-13 09:34:08.228144+00:00
2025-09-16 10:00:00+02:00,64363.479999999996,63662.075,2025-12-13 09:34:08.228144+00:00
2025-09-16 11:00:00+02:00,63332.03,64378.0725,2025-12-13 09:34:08.228144+00:00
2025-09-16 12:00:00+02:00,61135.8075,63795.3925,2025-12-13 09:34:08.228144+00:00
2025-09-16 13:00:00+02:00,59970.1125,62948.66,2025-12-13 09:34:08.228144+00:00
2025-09-16 14:00:00+02:00,58143.335,61124.13,2025-12-13 09:34:08.228144+00:00
2025-09-16 15:00:00+02:00,56998.619999999995,60154.28,2025-12-13 09:34:08.228144+00:00
2025-09-16 16:00:00+02:00,57706.635,59329.4775,2025-12-13 09:34:08.228144+00:00
2025-09-16 17:00:00+02:00,60066.81,58992.2325,2025-12-13 09:34:08.228144+00:00
2025-09-16 18:00:00+02:00,60163.3425,58896.365,2025-12-13 09:34:08.228144+00:00
2025-09-16 19:00:00+02:00,61276.265,58980.1475,2025-12-13 09:34:08.228144+00:00
2025-09-16 20:00:00+02:00,58407.9675,57622.8425,2025-12-13 09:34:08.228144+00:00
2025-09-16 21:00:00+02:00,51489.14750000001,54496.490000000005,2025-12-13 09:34:08.228144+00:00
2025-09-16 22:00:00+02:00,47562.67,50961.0125,2025-12-13 09:34:08.228144+00:00
2025-09-16 23:00:00+02:00,44447.0375,47710.697499999995,2025-12-13 09:34:08.228144+00:00
2025-09-17 00:00:00+02:00,42994.055,45056.36,2025-12-13 09:34:08.228144+00:00
2025-09-17 01:00:00+02:00,43213.917499999996,43558.6625,2025-12-13 09:34:08.228144+00:00
2025-09-17 02:00:00+02:00,42793.835,42813.100000000006,2025-12-13 09:34:08.228144+00:00
2025-09-17 03:00:00+02:00,42714.472499999996,43068.075,2025-12-13 09:34:08.228144+00:00
2025-09-17 04:00:00+02:00,43664.162500000006,44265.4625,2025-12-13 09:34:08.228144+00:00
2025-09-17 05:00:00+02:00,47077.7475,47140.7625,2025-12-13 09:34:08.228144+00:00
2025-09-17 06:00:00+02:00,55599.7425,52854.5125,2025-12-13 09:34:08.228144+00:00
2025-09-17 07:00:00+02:00,60160.335,57330.1625,2025-12-13 09:34:08.228144+00:00
2025-09-17 08:00:00+02:00,61897.965,61020.315,2025-12-13 09:34:08.228144+00:00
2025-09-17 09:00:00+02:00,62995.145000000004,62700.29,2025-12-13 09:34:08.228144+00:00
2025-09-17 10:00:00+02:00,62540.7225,64164.2675,2025-12-13 09:34:08.228144+00:00
2025-09-17 11:00:00+02:00,62125.177500000005,64623.4375,2025-12-13 09:34:08.228144+00:00
2025-09-17 12:00:00+02:00,60414.52,63586.4075,2025-12-13 09:34:08.228144+00:00
2025-09-17 13:00:00+02:00,59129.4075,62143.875,2025-12-13 09:34:08.228144+00:00
2025-09-17 14:00:00+02:00,57597.405,60356.635,2025-12-13 09:34:08.228144+00:00
2025-09-17 15:00:00+02:00,57310.68,59186.2675,2025-12-13 09:34:08.228144+00:00
2025-09-17 16:00:00+02:00,57816.55,58273.3,2025-12-13 09:34:08.228144+00:00
2025-09-17 17:00:00+02:00,59877.630000000005,58403.505,2025-12-13 09:34:08.228144+00:00
2025-09-17 18:00:00+02:00,60553.02,58363.675,2025-12-13 09:34:08.228144+00:00
2025-09-17 19:00:00+02:00,60229.7725,58342.19,2025-12-13 09:34:08.228144+00:00
2025-09-17 20:00:00+02:00,59890.35,57040.3075,2025-12-13 09:34:08.228144+00:00
2025-09-17 21:00:00+02:00,55638.795,53980.235,2025-12-13 09:34:08.228144+00:00
2025-09-17 22:00:00+02:00,51076.942500000005,50208.2575,2025-12-13 09:34:08.228144+00:00
2025-09-17 23:00:00+02:00,47517.6075,47010.23,2025-12-13 09:34:08.228144+00:00
2025-09-18 00:00:00+02:00,44587.4775,45953.4275,2025-12-13 09:34:08.228144+00:00
2025-09-18 01:00:00+02:00,42897.2475,44520.4125,2025-12-13 09:34:08.228144+00:00
2025-09-18 02:00:00+02:00,41784.5,44141.28,2025-12-13 09:34:08.228144+00:00
2025-09-18 03:00:00+02:00,42098.4875,44468.7525,2025-12-13 09:34:08.228144+00:00
2025-09-18 04:00:00+02:00,43531.3925,45070.755000000005,2025-12-13 09:34:08.228144+00:00
2025-09-18 05:00:00+02:00,47814.9025,47549.5175,2025-12-13 09:34:08.228144+00:00
2025-09-18 06:00:00+02:00,55743.945,53083.4475,2025-12-13 09:34:08.228144+00:00
2025-09-18 07:00:00+02:00,60157.78,57824.472499999996,2025-12-13 09:34:08.228144+00:00
2025-09-18 08:00:00+02:00,62340.9775,61143.8125,2025-12-13 09:34:08.228144+00:00
2025-09-18 09:00:00+02:00,62553.1875,62391.05,2025-12-13 09:34:08.228144+00:00
2025-09-18 10:00:00+02:00,62558.1725,63278.225,2025-12-13 09:34:08.228144+00:00
2025-09-18 11:00:00+02:00,62069.295,62992.8525,2025-12-13 09:34:08.228144+00:00
2025-09-18 12:00:00+02:00,61329.2925,61908.49,2025-12-13 09:34:08.228144+00:00
2025-09-18 13:00:00+02:00,59490.64,61419.32,2025-12-13 09:34:08.228144+00:00
2025-09-18 14:00:00+02:00,58126.705,60145.805,2025-12-13 09:34:08.228144+00:00
2025-09-18 15:00:00+02:00,56999.8475,58910.61,2025-12-13 09:34:08.228144+00:00
2025-09-18 16:00:00+02:00,57256.9,58210.525,2025-12-13 09:34:08.228144+00:00
2025-09-18 17:00:00+02:00,58748.2525,58945.1625,2025-12-13 09:34:08.228144+00:00
2025-09-18 18:00:00+02:00,59809.935,59245.71,2025-12-13 09:34:08.228144+00:00
2025-09-18 19:00:00+02:00,60873.9775,58413.049999999996,2025-12-13 09:34:08.228144+00:00
2025-09-18 20:00:00+02:00,59459.6175,56710.705,2025-12-13 09:34:08.228144+00:00
2025-09-18 21:00:00+02:00,55846.1225,54200.165,2025-12-13 09:34:08.228144+00:00
2025-09-18 22:00:00+02:00,51557.8,51059.0025,2025-12-13 09:34:08.228144+00:00
2025-09-18 23:00:00+02:00,48303.9775,47962.395000000004,2025-12-13 09:34:08.228144+00:00
2025-09-19 00:00:00+02:00,45382.46,45552.270000000004,2025-12-13 09:34:08.228144+00:00
2025-09-19 01:00:00+02:00,43689.8725,43731.9375,2025-12-13 09:34:08.228144+00:00
2025-09-19 02:00:00+02:00,42646.2175,43337.195,2025-12-13 09:34:08.228144+00:00
2025-09-19 03:00:00+02:00,42544.167499999996,43599.865,2025-12-13 09:34:08.228144+00:00
2025-09-19 04:00:00+02:00,43549.3975,44786.4025,2025-12-13 09:34:08.228144+00:00
2025-09-19 05:00:00+02:00,47647.380000000005,48365.085,2025-12-13 09:34:08.228144+00:00
2025-09-19 06:00:00+02:00,55566.2875,54463.1525,2025-12-13 09:34:08.228144+00:00
2025-09-19 07:00:00+02:00,59817.1,59830.625,2025-12-13 09:34:08.228144+00:00
2025-09-19 08:00:00+02:00,62402.855,62984.1625,2025-12-13 09:34:08.228144+00:00
2025-09-19 09:00:00+02:00,62760.2825,63659.055,2025-12-13 09:34:08.228144+00:00
2025-09-19 10:00:00+02:00,62211.2775,64735.1875,2025-12-13 09:34:08.228144+00:00
2025-09-19 11:00:00+02:00,61086.83,65182.567500000005,2025-12-13 09:34:08.228144+00:00
2025-09-19 12:00:00+02:00,59535.8275,64930.805,2025-12-13 09:34:08.228144+00:00
2025-09-19 13:00:00+02:00,57321.36,63267.36,2025-12-13 09:34:08.228144+00:00
2025-09-19 14:00:00+02:00,55718.1275,60658.2425,2025-12-13 09:34:08.228144+00:00
2025-09-19 15:00:00+02:00,54671.3975,58888.1825,2025-12-13 09:34:08.228144+00:00
2025-09-19 16:00:00+02:00,54275.175,59637.052500000005,2025-12-13 09:34:08.228144+00:00
2025-09-19 17:00:00+02:00,55315.66,59279.11,2025-12-13 09:34:08.228144+00:00
2025-09-19 18:00:00+02:00,55949.58,58772.495,2025-12-13 09:34:08.228144+00:00
2025-09-19 19:00:00+02:00,56181.72,58675.4825,2025-12-13 09:34:08.228144+00:00
2025-09-19 20:00:00+02:00,54514.6025,56646.7075,2025-12-13 09:34:08.228144+00:00
2025-09-19 21:00:00+02:00,51075.5275,53120.115,2025-12-13 09:34:08.228144+00:00
2025-09-19 22:00:00+02:00,47436.3175,49200.59,2025-12-13 09:34:08.228144+00:00
2025-09-19 23:00:00+02:00,44505.3575,45927.58,2025-12-13 09:34:08.228144+00:00
2025-09-20 00:00:00+02:00,41621.167499999996,42814.0475,2025-12-13 09:34:08.228144+00:00
2025-09-20 01:00:00+02:00,40198.155,41090.33,2025-12-13 09:34:08.228144+00:00
2025-09-20 02:00:00+02:00,39219.695,40108.71,2025-12-13 09:34:08.228144+00:00
2025-09-20 03:00:00+02:00,38172.14,39709.6,2025-12-13 09:34:08.228144+00:00
2025-09-20 04:00:00+02:00,37829.6025,39673.545,2025-12-13 09:34:08.228144+00:00
2025-09-20 05:00:00+02:00,38461.207500000004,40332.9125,2025-12-13 09:34:08.228144+00:00
2025-09-20 06:00:00+02:00,40438.05,42128.7675,2025-12-13 09:34:08.228144+00:00
2025-09-20 07:00:00+02:00,42566.0075,44753.775,2025-12-13 09:34:08.228144+00:00
2025-09-20 08:00:00+02:00,46521.185,48194.2525,2025-12-13 09:34:08.228144+00:00
2025-09-20 09:00:00+02:00,49484.4975,51255.0525,2025-12-13 09:34:08.228144+00:00
2025-09-20 10:00:00+02:00,50470.0875,53104.572499999995,2025-12-13 09:34:08.228144+00:00
2025-09-20 11:00:00+02:00,49881.8425,53688.01,2025-12-13 09:34:08.228144+00:00
2025-09-20 12:00:00+02:00,48175.7675,53115.945,2025-12-13 09:34:08.228144+00:00
2025-09-20 13:00:00+02:00,46258.32,51581.0225,2025-12-13 09:34:08.228144+00:00
2025-09-20 14:00:00+02:00,44941.692500000005,49870.0025,2025-12-13 09:34:08.228144+00:00
2025-09-20 15:00:00+02:00,45132.255000000005,49161.4775,2025-12-13 09:34:08.228144+00:00
2025-09-20 16:00:00+02:00,46286.0475,48741.335,2025-12-13 09:34:08.228144+00:00
2025-09-20 17:00:00+02:00,48225.7125,49269.1775,2025-12-13 09:34:08.228144+00:00
2025-09-20 18:00:00+02:00,49645.0,50082.4225,2025-12-13 09:34:08.228144+00:00
2025-09-20 19:00:00+02:00,50494.3825,50075.46,2025-12-13 09:34:08.228144+00:00
2025-09-20 20:00:00+02:00,48604.16,48903.7425,2025-12-13 09:34:08.228144+00:00
2025-09-20 21:00:00+02:00,45447.4625,46932.6675,2025-12-13 09:34:08.228144+00:00
2025-09-20 22:00:00+02:00,43287.485,44681.3125,2025-12-13 09:34:08.228144+00:00
2025-09-20 23:00:00+02:00,40245.74,42199.3225,2025-12-13 09:34:08.228144+00:00
2025-09-21 00:00:00+02:00,37794.1375,40524.32,2025-12-13 09:34:08.228144+00:00
2025-09-21 01:00:00+02:00,36507.457500000004,38877.7475,2025-12-13 09:34:08.228144+00:00
2025-09-21 02:00:00+02:00,35849.520000000004,38109.6375,2025-12-13 09:34:08.228144+00:00
2025-09-21 03:00:00+02:00,35409.270000000004,37699.5025,2025-12-13 09:34:08.228144+00:00
2025-09-21 04:00:00+02:00,35496.31,37788.9075,2025-12-13 09:34:08.228144+00:00
2025-09-21 05:00:00+02:00,36207.24,38525.465,2025-12-13 09:34:08.228144+00:00
2025-09-21 06:00:00+02:00,38125.4325,40445.2125,2025-12-13 09:34:08.228144+00:00
2025-09-21 07:00:00+02:00,40074.634999999995,43012.3775,2025-12-13 09:34:08.228144+00:00
2025-09-21 08:00:00+02:00,42968.31,46009.175,2025-12-13 09:34:08.228144+00:00
2025-09-21 09:00:00+02:00,46183.175,48854.97,2025-12-13 09:34:08.228144+00:00
2025-09-21 10:00:00+02:00,47903.2275,50927.95,2025-12-13 09:34:08.228144+00:00
2025-09-21 11:00:00+02:00,48941.1275,51894.847499999996,2025-12-13 09:34:08.228144+00:00
2025-09-21 12:00:00+02:00,47891.46,51386.4,2025-12-13 09:34:08.228144+00:00
2025-09-21 13:00:00+02:00,47120.4125,49940.2225,2025-12-13 09:34:08.228144+00:00
2025-09-21 14:00:00+02:00,46115.9725,48438.875,2025-12-13 09:34:08.228144+00:00
2025-09-21 15:00:00+02:00,45937.097499999996,47529.5175,2025-12-13 09:34:08.228144+00:00
2025-09-21 16:00:00+02:00,46719.207500000004,47588.8,2025-12-13 09:34:08.228144+00:00
2025-09-21 17:00:00+02:00,48821.175,48451.7975,2025-12-13 09:34:08.228144+00:00
2025-09-21 18:00:00+02:00,50848.3675,49864.3775,2025-12-13 09:34:08.228144+00:00
2025-09-21 19:00:00+02:00,51345.18,50517.205,2025-12-13 09:34:08.228144+00:00
2025-09-21 20:00:00+02:00,50467.6825,49831.065,2025-12-13 09:34:08.228144+00:00
2025-09-21 21:00:00+02:00,47714.345,47926.785,2025-12-13 09:34:08.228144+00:00
2025-09-21 22:00:00+02:00,45239.9025,45868.495,2025-12-13 09:34:08.228144+00:00
2025-09-21 23:00:00+02:00,42054.175,43423.28,2025-12-13 09:34:08.228144+00:00
2025-09-22 00:00:00+02:00,40056.18,39852.7975,2025-12-13 09:34:08.228144+00:00
2025-09-22 01:00:00+02:00,38948.41,38721.3725,2025-12-13 09:34:08.228144+00:00
2025-09-22 02:00:00+02:00,37988.490000000005,38164.15,2025-12-13 09:34:08.228144+00:00
2025-09-22 03:00:00+02:00,38433.270000000004,38260.8575,2025-12-13 09:34:08.228144+00:00
2025-09-22 04:00:00+02:00,40189.31,39455.545,2025-12-13 09:34:08.228144+00:00
2025-09-22 05:00:00+02:00,44177.315,43711.01,2025-12-13 09:34:08.228144+00:00
2025-09-22 06:00:00+02:00,52605.865000000005,51730.56,2025-12-13 09:34:08.228144+00:00
2025-09-22 07:00:00+02:00,57872.284999999996,57474.9375,2025-12-13 09:34:08.228144+00:00
2025-09-22 08:00:00+02:00,61067.9675,61058.1125,2025-12-13 09:34:08.228144+00:00
2025-09-22 09:00:00+02:00,62299.44,62266.5675,2025-12-13 09:34:08.228144+00:00
2025-09-22 10:00:00+02:00,63285.675,62923.442500000005,2025-12-13 09:34:08.228144+00:00
2025-09-22 11:00:00+02:00,63878.1,62895.9375,2025-12-13 09:34:08.228144+00:00
2025-09-22 12:00:00+02:00,63585.4725,62195.1225,2025-12-13 09:34:08.228144+00:00
2025-09-22 13:00:00+02:00,61834.0175,61225.7475,2025-12-13 09:34:08.228144+00:00
2025-09-22 14:00:00+02:00,59898.025,59894.0,2025-12-13 09:34:08.228144+00:00
2025-09-22 15:00:00+02:00,59430.115,58771.5075,2025-12-13 09:34:08.228144+00:00
2025-09-22 16:00:00+02:00,58627.4925,58196.33,2025-12-13 09:34:08.228144+00:00
2025-09-22 17:00:00+02:00,59615.64,58537.5625,2025-12-13 09:34:08.228144+00:00
2025-09-22 18:00:00+02:00,59657.1225,59094.445,2025-12-13 09:34:08.228144+00:00
2025-09-22 19:00:00+02:00,59588.715,59426.36,2025-12-13 09:34:08.228144+00:00
2025-09-22 20:00:00+02:00,57867.854999999996,57647.207500000004,2025-12-13 09:34:08.228144+00:00
2025-09-22 21:00:00+02:00,53904.4725,54466.8075,2025-12-13 09:34:08.228144+00:00
2025-09-22 22:00:00+02:00,50033.9625,50808.197499999995,2025-12-13 09:34:08.228144+00:00
2025-09-22 23:00:00+02:00,46143.417499999996,47287.8575,2025-12-13 09:34:08.228144+00:00
2025-09-23 00:00:00+02:00,43697.54,45232.7075,2025-12-13 09:34:08.228144+00:00
2025-09-23 01:00:00+02:00,41828.4775,43641.545,2025-12-13 09:34:08.228144+00:00
2025-09-23 02:00:00+02:00,40891.785,42694.42,2025-12-13 09:34:08.228144+00:00
2025-09-23 03:00:00+02:00,41029.0425,42629.6475,2025-12-13 09:34:08.228144+00:00
2025-09-23 04:00:00+02:00,41956.46,43728.5475,2025-12-13 09:34:08.228144+00:00
2025-09-23 05:00:00+02:00,45735.2875,47117.525,2025-12-13 09:34:08.228144+00:00
2025-09-23 06:00:00+02:00,53666.3975,53377.9725,2025-12-13 09:34:08.228144+00:00
2025-09-23 07:00:00+02:00,58474.3975,58288.615,2025-12-13 09:34:08.228144+00:00
2025-09-23 08:00:00+02:00,61391.3125,61319.585,2025-12-13 09:34:08.228144+00:00
2025-09-23 09:00:00+02:00,61863.865,62312.884999999995,2025-12-13 09:34:08.228144+00:00
2025-09-23 10:00:00+02:00,61956.75,62814.5975,2025-12-13 09:34:08.228144+00:00
2025-09-23 11:00:00+02:00,61891.3725,62813.427500000005,2025-12-13 09:34:08.228144+00:00
2025-09-23 12:00:00+02:00,60064.41,62055.44,2025-12-13 09:34:08.228144+00:00
2025-09-23 13:00:00+02:00,59212.445,60757.155,2025-12-13 09:34:08.228144+00:00
2025-09-23 14:00:00+02:00,57700.47,59405.2575,2025-12-13 09:34:08.228144+00:00
2025-09-23 15:00:00+02:00,56888.41,58752.705,2025-12-13 09:34:08.228144+00:00
2025-09-23 16:00:00+02:00,57286.445,58357.99,2025-12-13 09:34:08.228144+00:00
2025-09-23 17:00:00+02:00,58380.3125,58804.67,2025-12-13 09:34:08.228144+00:00
2025-09-23 18:00:00+02:00,59405.05,59397.91,2025-12-13 09:34:08.228144+00:00
2025-09-23 19:00:00+02:00,60168.84,59580.34,2025-12-13 09:34:08.228144+00:00
2025-09-23 20:00:00+02:00,58114.425,57796.9275,2025-12-13 09:34:08.228144+00:00
2025-09-23 21:00:00+02:00,54091.19,54671.82,2025-12-13 09:34:08.228144+00:00
2025-09-23 22:00:00+02:00,49883.6875,51200.7775,2025-12-13 09:34:08.228144+00:00
2025-09-23 23:00:00+02:00,46181.4075,47914.509999999995,2025-12-13 09:34:08.228144+00:00
2025-09-24 00:00:00+02:00,43143.3225,45036.375,2025-12-13 09:34:08.228144+00:00
2025-09-24 01:00:00+02:00,41659.807499999995,43688.832500000004,2025-12-13 09:34:08.228144+00:00
2025-09-24 02:00:00+02:00,40432.71,42978.542499999996,2025-12-13 09:34:08.228144+00:00
2025-09-24 03:00:00+02:00,40524.630000000005,43145.655,2025-12-13 09:34:08.228144+00:00
2025-09-24 04:00:00+02:00,41976.7475,44464.245,2025-12-13 09:34:08.228144+00:00
2025-09-24 05:00:00+02:00,46029.9825,47695.715,2025-12-13 09:34:08.228144+00:00
2025-09-24 06:00:00+02:00,53869.05,54187.245,2025-12-13 09:34:08.228144+00:00
2025-09-24 07:00:00+02:00,59401.542499999996,59934.57,2025-12-13 09:34:08.228144+00:00
2025-09-24 08:00:00+02:00,62282.8575,62833.9675,2025-12-13 09:34:08.228144+00:00
2025-09-24 09:00:00+02:00,62961.215,63337.365,2025-12-13 09:34:08.228144+00:00
2025-09-24 10:00:00+02:00,63182.19,63525.905,2025-12-13 09:34:08.228144+00:00
2025-09-24 11:00:00+02:00,63002.045,63554.082500000004,2025-12-13 09:34:08.228144+00:00
2025-09-24 12:00:00+02:00,62476.15,62599.2525,2025-12-13 09:34:08.228144+00:00
2025-09-24 13:00:00+02:00,60911.7525,61518.5625,2025-12-13 09:34:08.228144+00:00
2025-09-24 14:00:00+02:00,60040.6875,59947.19,2025-12-13 09:34:08.228144+00:00
2025-09-24 15:00:00+02:00,60074.4875,58667.0325,2025-12-13 09:34:08.228144+00:00
2025-09-24 16:00:00+02:00,59671.25,58051.05,2025-12-13 09:34:08.228144+00:00
2025-09-24 17:00:00+02:00,60812.2,58253.5525,2025-12-13 09:34:08.228144+00:00
2025-09-24 18:00:00+02:00,62017.375,58949.8875,2025-12-13 09:34:08.228144+00:00
2025-09-24 19:00:00+02:00,62631.475,59209.365000000005,2025-12-13 09:34:08.228144+00:00
2025-09-24 20:00:00+02:00,60711.4725,57264.7475,2025-12-13 09:34:08.228144+00:00
2025-09-24 21:00:00+02:00,56855.915,54496.7775,2025-12-13 09:34:08.228144+00:00
2025-09-24 22:00:00+02:00,52449.365,50629.317500000005,2025-12-13 09:34:08.228144+00:00
2025-09-24 23:00:00+02:00,48625.06,47156.565,2025-12-13 09:34:08.228144+00:00
2025-09-25 00:00:00+02:00,46126.0425,45231.1825,2025-12-13 09:34:08.228144+00:00
2025-09-25 01:00:00+02:00,44324.7425,43642.270000000004,2025-12-13 09:34:08.228144+00:00
2025-09-25 02:00:00+02:00,43376.47,43052.8375,2025-12-13 09:34:08.228144+00:00
2025-09-25 03:00:00+02:00,43399.0075,43149.527500000004,2025-12-13 09:34:08.228144+00:00
2025-09-25 04:00:00+02:00,45207.115,43911.265,2025-12-13 09:34:08.228144+00:00
2025-09-25 05:00:00+02:00,48732.4475,46917.545,2025-12-13 09:34:08.228144+00:00
2025-09-25 06:00:00+02:00,56895.0525,52971.415,2025-12-13 09:34:08.228144+00:00
2025-09-25 07:00:00+02:00,62405.7225,58451.1875,2025-12-13 09:34:08.228144+00:00
2025-09-25 08:00:00+02:00,64874.9675,61959.715,2025-12-13 09:34:08.228144+00:00
2025-09-25 09:00:00+02:00,65181.292499999996,63278.095,2025-12-13 09:34:08.228144+00:00
2025-09-25 10:00:00+02:00,65698.70000000001,63799.6,2025-12-13 09:34:08.228144+00:00
2025-09-25 11:00:00+02:00,65426.822499999995,64065.215000000004,2025-12-13 09:34:08.228144+00:00
2025-09-25 12:00:00+02:00,64895.14,63487.935,2025-12-13 09:34:08.228144+00:00
2025-09-25 13:00:00+02:00,64356.995,62662.2975,2025-12-13 09:34:08.228144+00:00
2025-09-25 14:00:00+02:00,62883.655,61154.5425,2025-12-13 09:34:08.228144+00:00
2025-09-25 15:00:00+02:00,61984.8525,59806.505000000005,2025-12-13 09:34:08.228144+00:00
2025-09-25 16:00:00+02:00,62298.9325,59171.7975,2025-12-13 09:34:08.228144+00:00
2025-09-25 17:00:00+02:00,62962.8425,59808.89,2025-12-13 09:34:08.228144+00:00
2025-09-25 18:00:00+02:00,63178.4275,60611.167499999996,2025-12-13 09:34:08.228144+00:00
2025-09-25 19:00:00+02:00,64170.945,60345.56,2025-12-13 09:34:08.228144+00:00
2025-09-25 20:00:00+02:00,61364.1525,58071.7025,2025-12-13 09:34:08.228144+00:00
2025-09-25 21:00:00+02:00,57850.04,54840.745,2025-12-13 09:34:08.228144+00:00
2025-09-25 22:00:00+02:00,53953.9225,51356.1325,2025-12-13 09:34:08.228144+00:00
2025-09-25 23:00:00+02:00,50105.3025,47857.43,2025-12-13 09:34:08.228144+00:00
2025-09-26 00:00:00+02:00,46766.2125,45525.4825,2025-12-13 09:34:08.228144+00:00
2025-09-26 01:00:00+02:00,44666.244999999995,43878.4925,2025-12-13 09:34:08.228144+00:00
2025-09-26 02:00:00+02:00,43670.425,43151.6075,2025-12-13 09:34:08.228144+00:00
2025-09-26 03:00:00+02:00,43728.81,43346.295,2025-12-13 09:34:08.228144+00:00
2025-09-26 04:00:00+02:00,44796.1175,44430.1075,2025-12-13 09:34:08.228144+00:00
2025-09-26 05:00:00+02:00,48746.6325,47458.7,2025-12-13 09:34:08.228144+00:00
2025-09-26 06:00:00+02:00,57068.0125,53719.53,2025-12-13 09:34:08.228144+00:00
2025-09-26 07:00:00+02:00,61872.35,59069.35,2025-12-13 09:34:08.228144+00:00
2025-09-26 08:00:00+02:00,64570.802500000005,62597.4025,2025-12-13 09:34:08.228144+00:00
2025-09-26 09:00:00+02:00,65637.02249999999,63603.6475,2025-12-13 09:34:08.228144+00:00
2025-09-26 10:00:00+02:00,66603.24250000001,64113.8975,2025-12-13 09:34:08.228144+00:00
2025-09-26 11:00:00+02:00,66657.7475,64070.775,2025-12-13 09:34:08.228144+00:00
2025-09-26 12:00:00+02:00,65140.2675,63324.302500000005,2025-12-13 09:34:08.228144+00:00
2025-09-26 13:00:00+02:00,63870.51,61894.64,2025-12-13 09:34:08.228144+00:00
2025-09-26 14:00:00+02:00,61130.7525,59709.667499999996,2025-12-13 09:34:08.228144+00:00
2025-09-26 15:00:00+02:00,61282.075,58282.604999999996,2025-12-13 09:34:08.228144+00:00
2025-09-26 16:00:00+02:00,60566.369999999995,57991.7,2025-12-13 09:34:08.228144+00:00
2025-09-26 17:00:00+02:00,60441.25,58412.56,2025-12-13 09:34:08.228144+00:00
2025-09-26 18:00:00+02:00,60915.815,58841.1575,2025-12-13 09:34:08.228144+00:00
2025-09-26 19:00:00+02:00,61865.8925,58219.3575,2025-12-13 09:34:08.228144+00:00
2025-09-26 20:00:00+02:00,59157.615000000005,55783.8625,2025-12-13 09:34:08.228144+00:00
2025-09-26 21:00:00+02:00,55492.3625,52451.6875,2025-12-13 09:34:08.228144+00:00
2025-09-26 22:00:00+02:00,51435.725,48955.465000000004,2025-12-13 09:34:08.228144+00:00
2025-09-26 23:00:00+02:00,47410.055,45595.5225,2025-12-13 09:34:08.228144+00:00
2025-09-27 00:00:00+02:00,44083.307499999995,43044.5775,2025-12-13 09:34:08.228144+00:00
2025-09-27 01:00:00+02:00,42048.81,41100.075,2025-12-13 09:34:08.228144+00:00
2025-09-27 02:00:00+02:00,40582.740000000005,40068.2375,2025-12-13 09:34:08.228144+00:00
2025-09-27 03:00:00+02:00,40461.675,39775.020000000004,2025-12-13 09:34:08.228144+00:00
2025-09-27 04:00:00+02:00,40212.94,39898.1625,2025-12-13 09:34:08.228144+00:00
2025-09-27 05:00:00+02:00,40842.06,40314.729999999996,2025-12-13 09:34:08.228144+00:00
2025-09-27 06:00:00+02:00,43296.785,41864.175,2025-12-13 09:34:08.228144+00:00
2025-09-27 07:00:00+02:00,45657.72,44573.2325,2025-12-13 09:34:08.228144+00:00
2025-09-27 08:00:00+02:00,48954.432499999995,48258.7375,2025-12-13 09:34:08.228144+00:00
2025-09-27 09:00:00+02:00,50222.755,51668.792499999996,2025-12-13 09:34:08.228144+00:00
2025-09-27 10:00:00+02:00,51839.8975,53494.5725,2025-12-13 09:34:08.228144+00:00
2025-09-27 11:00:00+02:00,52493.4675,53233.7125,2025-12-13 09:34:08.228144+00:00
2025-09-27 12:00:00+02:00,51447.2225,52260.765,2025-12-13 09:34:08.228144+00:00
2025-09-27 13:00:00+02:00,49586.97,50607.21,2025-12-13 09:34:08.228144+00:00
2025-09-27 14:00:00+02:00,48259.447499999995,48997.2175,2025-12-13 09:34:08.228144+00:00
2025-09-27 15:00:00+02:00,48706.0925,48699.7125,2025-12-13 09:34:08.228144+00:00
2025-09-27 16:00:00+02:00,49185.635,48312.77,2025-12-13 09:34:08.228144+00:00
2025-09-27 17:00:00+02:00,50614.4175,48953.0875,2025-12-13 09:34:08.228144+00:00
2025-09-27 18:00:00+02:00,52084.3175,49809.225,2025-12-13 09:34:08.228144+00:00
2025-09-27 19:00:00+02:00,53417.7175,50096.8925,2025-12-13 09:34:08.228144+00:00
2025-09-27 20:00:00+02:00,50950.1625,48651.0,2025-12-13 09:34:08.228144+00:00
2025-09-27 21:00:00+02:00,47757.7,46377.807499999995,2025-12-13 09:34:08.228144+00:00
2025-09-27 22:00:00+02:00,45304.0225,44245.33,2025-12-13 09:34:08.228144+00:00
2025-09-27 23:00:00+02:00,42448.9825,41650.77,2025-12-13 09:34:08.228144+00:00
2025-09-28 00:00:00+02:00,39802.29,40019.8775,2025-12-13 09:34:08.228144+00:00
2025-09-28 01:00:00+02:00,37680.9275,38386.0975,2025-12-13 09:34:08.228144+00:00
2025-09-28 02:00:00+02:00,36183.535,37467.375,2025-12-13 09:34:08.228144+00:00
2025-09-28 03:00:00+02:00,35598.5475,37266.165,2025-12-13 09:34:08.228144+00:00
2025-09-28 04:00:00+02:00,35839.915,37500.630000000005,2025-12-13 09:34:08.228144+00:00
2025-09-28 05:00:00+02:00,36439.93,38396.435,2025-12-13 09:34:08.228144+00:00
2025-09-28 06:00:00+02:00,37740.6225,40556.4075,2025-12-13 09:34:08.228144+00:00
2025-09-28 07:00:00+02:00,39580.8925,42936.395,2025-12-13 09:34:08.228144+00:00
2025-09-28 08:00:00+02:00,42861.979999999996,46241.5275,2025-12-13 09:34:08.228144+00:00
2025-09-28 09:00:00+02:00,45739.995,49425.585,2025-12-13 09:34:08.228144+00:00
2025-09-28 10:00:00+02:00,47213.22,51321.479999999996,2025-12-13 09:34:08.228144+00:00
2025-09-28 11:00:00+02:00,49059.2975,52085.5675,2025-12-13 09:34:08.228144+00:00
2025-09-28 12:00:00+02:00,48325.4,51926.1775,2025-12-13 09:34:08.228144+00:00
2025-09-28 13:00:00+02:00,45844.435,50509.465,2025-12-13 09:34:08.228144+00:00
2025-09-28 14:00:00+02:00,44415.0925,48948.0975,2025-12-13 09:34:08.228144+00:00
2025-09-28 15:00:00+02:00,43709.41,48381.1525,2025-12-13 09:34:08.228144+00:00
2025-09-28 16:00:00+02:00,43816.785,48816.475,2025-12-13 09:34:08.228144+00:00
2025-09-28 17:00:00+02:00,46223.255,49920.97,2025-12-13 09:34:08.228144+00:00
2025-09-28 18:00:00+02:00,49105.35,51319.975,2025-12-13 09:34:08.228144+00:00
2025-09-28 19:00:00+02:00,51121.4875,51427.3675,2025-12-13 09:34:08.228144+00:00
2025-09-28 20:00:00+02:00,50445.66,50176.207500000004,2025-12-13 09:34:08.228144+00:00
2025-09-28 21:00:00+02:00,48001.807499999995,48143.015,2025-12-13 09:34:08.228144+00:00
2025-09-28 22:00:00+02:00,46086.3075,46193.3225,2025-12-13 09:34:08.228144+00:00
2025-09-28 23:00:00+02:00,43249.847499999996,43782.9575,2025-12-13 09:34:08.228144+00:00
2025-09-29 00:00:00+02:00,40746.385,41468.8775,2025-12-13 09:34:08.228144+00:00
2025-09-29 01:00:00+02:00,39497.92,40469.770000000004,2025-12-13 09:34:08.228144+00:00
2025-09-29 02:00:00+02:00,38812.9975,40083.785,2025-12-13 09:34:08.228144+00:00
2025-09-29 03:00:00+02:00,39038.8975,40315.58,2025-12-13 09:34:08.228144+00:00
2025-09-29 04:00:00+02:00,40529.31,41802.707500000004,2025-12-13 09:34:08.228144+00:00
2025-09-29 05:00:00+02:00,44813.135,46271.3425,2025-12-13 09:34:08.228144+00:00
2025-09-29 06:00:00+02:00,53435.075,54202.292499999996,2025-12-13 09:34:08.228144+00:00
2025-09-29 07:00:00+02:00,58644.0025,60123.5725,2025-12-13 09:34:08.228144+00:00
2025-09-29 08:00:00+02:00,61909.0425,63539.8975,2025-12-13 09:34:08.228144+00:00
2025-09-29 09:00:00+02:00,62722.59,65066.5725,2025-12-13 09:34:08.228144+00:00
2025-09-29 10:00:00+02:00,63106.92,65865.235,2025-12-13 09:34:08.228144+00:00
2025-09-29 11:00:00+02:00,62800.4925,65916.475,2025-12-13 09:34:08.228144+00:00
2025-09-29 12:00:00+02:00,61935.8975,65322.9275,2025-12-13 09:34:08.228144+00:00
2025-09-29 13:00:00+02:00,59305.9125,64078.08,2025-12-13 09:34:08.228144+00:00
2025-09-29 14:00:00+02:00,57524.1775,62596.485,2025-12-13 09:34:08.228144+00:00
2025-09-29 15:00:00+02:00,57178.485,61673.065,2025-12-13 09:34:08.228144+00:00
2025-09-29 16:00:00+02:00,56944.5275,61238.5875,2025-12-13 09:34:08.228144+00:00
2025-09-29 17:00:00+02:00,58574.0675,61490.625,2025-12-13 09:34:08.228144+00:00
2025-09-29 18:00:00+02:00,60130.6375,62332.92,2025-12-13 09:34:08.228144+00:00
2025-09-29 19:00:00+02:00,61413.7325,61942.82,2025-12-13 09:34:08.228144+00:00
2025-09-29 20:00:00+02:00,58775.3825,59507.4375,2025-12-13 09:34:08.228144+00:00
2025-09-29 21:00:00+02:00,54702.74,56297.020000000004,2025-12-13 09:34:08.228144+00:00
2025-09-29 22:00:00+02:00,50513.7525,52638.6125,2025-12-13 09:34:08.228144+00:00
2025-09-29 23:00:00+02:00,47398.1725,48958.22,2025-12-13 09:34:08.228144+00:00
2025-09-30 00:00:00+02:00,44499.0875,45754.8675,2025-12-13 09:34:08.228144+00:00
2025-09-30 01:00:00+02:00,42742.3025,44103.03,2025-12-13 09:34:08.228144+00:00
2025-09-30 02:00:00+02:00,41717.17,43369.505,2025-12-13 09:34:08.228144+00:00
2025-09-30 03:00:00+02:00,41892.1575,43512.485,2025-12-13 09:34:08.228144+00:00
2025-09-30 04:00:00+02:00,43425.8225,44702.845,2025-12-13 09:34:08.228144+00:00
2025-09-30 05:00:00+02:00,47138.5525,48037.652500000004,2025-12-13 09:34:08.228144+00:00
2025-09-30 06:00:00+02:00,55194.755,54323.755,2025-12-13 09:34:08.228144+00:00
2025-09-30 07:00:00+02:00,59913.7,59651.3575,2025-12-13 09:34:08.228144+00:00
2025-09-30 08:00:00+02:00,62253.83,62805.0875,2025-12-13 09:34:08.228144+00:00
2025-09-30 09:00:00+02:00,62989.2725,63917.7725,2025-12-13 09:34:08.228144+00:00
2025-09-30 10:00:00+02:00,63808.7375,64727.649999999994,2025-12-13 09:34:08.228144+00:00
2025-09-30 11:00:00+02:00,63729.5875,65167.3475,2025-12-13 09:34:08.228144+00:00
2025-09-30 12:00:00+02:00,62491.225,64583.3225,2025-12-13 09:34:08.228144+00:00
2025-09-30 13:00:00+02:00,60326.822499999995,63576.1725,2025-12-13 09:34:08.228144+00:00
2025-09-30 14:00:00+02:00,59028.015,61928.25,2025-12-13 09:34:08.228144+00:00
2025-09-30 15:00:00+02:00,57357.665,60938.0325,2025-12-13 09:34:08.228144+00:00
2025-09-30 16:00:00+02:00,57283.942500000005,60458.575,2025-12-13 09:34:08.228144+00:00
2025-09-30 17:00:00+02:00,58532.715,60697.052500000005,2025-12-13 09:34:08.228144+00:00
2025-09-30 18:00:00+02:00,59453.6625,61714.6625,2025-12-13 09:34:08.228144+00:00
2025-09-30 19:00:00+02:00,60653.115,61612.33,2025-12-13 09:34:08.228144+00:00
2025-09-30 20:00:00+02:00,58579.8725,59102.009999999995,2025-12-13 09:34:08.228144+00:00
2025-09-30 21:00:00+02:00,55147.7475,55653.9775,2025-12-13 09:34:08.228144+00:00
2025-09-30 22:00:00+02:00,50793.0175,51992.585,2025-12-13 09:34:08.228144+00:00
2025-09-30 23:00:00+02:00,47215.17,48434.332500000004,2025-12-13 09:34:08.228144+00:00
2025-10-01 00:00:00+02:00,46170.5025,45848.5375,2025-12-13 09:34:08.228144+00:00
2025-10-01 01:00:00+02:00,44401.4325,44444.9425,2025-12-13 09:34:08.228144+00:00
2025-10-01 02:00:00+02:00,43690.2975,43903.104999999996,2025-12-13 09:34:08.228144+00:00
2025-10-01 03:00:00+02:00,43801.7825,44048.08,2025-12-13 09:34:08.228144+00:00
2025-10-01 04:00:00+02:00,45203.085,45229.417499999996,2025-12-13 09:34:08.228144+00:00
2025-10-01 05:00:00+02:00,49062.15,48246.1075,2025-12-13 09:34:08.228144+00:00
2025-10-01 06:00:00+02:00,56724.125,54789.545,2025-12-13 09:34:08.228144+00:00
2025-10-01 07:00:00+02:00,61123.59,60404.7875,2025-12-13 09:34:08.228144+00:00
2025-10-01 08:00:00+02:00,64376.9925,63424.595,2025-12-13 09:34:08.228144+00:00
2025-10-01 09:00:00+02:00,66205.025,64476.36,2025-12-13 09:34:08.228144+00:00
2025-10-01 10:00:00+02:00,66173.5325,65101.42,2025-12-13 09:34:08.228144+00:00
2025-10-01 11:00:00+02:00,65023.015,65429.9675,2025-12-13 09:34:08.228144+00:00
2025-10-01 12:00:00+02:00,63244.92,64810.7525,2025-12-13 09:34:08.228144+00:00
2025-10-01 13:00:00+02:00,61669.25,63781.8775,2025-12-13 09:34:08.228144+00:00
2025-10-01 14:00:00+02:00,59685.63,62028.6375,2025-12-13 09:34:08.228144+00:00
2025-10-01 15:00:00+02:00,59281.2425,61012.115000000005,2025-12-13 09:34:08.228144+00:00
2025-10-01 16:00:00+02:00,59466.8975,60310.1875,2025-12-13 09:34:08.228144+00:00
2025-10-01 17:00:00+02:00,59147.027500000004,60560.5525,2025-12-13 09:34:08.228144+00:00
2025-10-01 18:00:00+02:00,60407.2625,61655.5475,2025-12-13 09:34:08.228144+00:00
2025-10-01 19:00:00+02:00,61397.775,61475.87,2025-12-13 09:34:08.228144+00:00
2025-10-01 20:00:00+02:00,59408.072499999995,59163.0425,2025-12-13 09:34:08.228144+00:00
2025-10-01 21:00:00+02:00,56263.9825,56009.9975,2025-12-13 09:34:08.228144+00:00
2025-10-01 22:00:00+02:00,52980.485,52366.435,2025-12-13 09:34:08.228144+00:00
2025-10-01 23:00:00+02:00,50077.4175,48813.74,2025-12-13 09:34:08.228144+00:00
2025-10-02 00:00:00+02:00,47767.965,46750.565,2025-12-13 09:34:08.228144+00:00
2025-10-02 01:00:00+02:00,45971.38,45195.695,2025-12-13 09:34:08.228144+00:00
2025-10-02 02:00:00+02:00,45316.18,44961.535,2025-12-13 09:34:08.228144+00:00
2025-10-02 03:00:00+02:00,45513.8375,45017.945,2025-12-13 09:34:08.228144+00:00
2025-10-02 04:00:00+02:00,46476.1125,45349.3425,2025-12-13 09:34:08.228144+00:00
2025-10-02 05:00:00+02:00,50360.2275,47349.79,2025-12-13 09:34:08.228144+00:00
2025-10-02 06:00:00+02:00,57435.005,52771.5525,2025-12-13 09:34:08.228144+00:00
2025-10-02 07:00:00+02:00,62185.045,57483.29,2025-12-13 09:34:08.228144+00:00
2025-10-02 08:00:00+02:00,64833.385,61067.322499999995,2025-12-13 09:34:08.228144+00:00
2025-10-02 09:00:00+02:00,65731.295,61880.305,2025-12-13 09:34:08.228144+00:00
2025-10-02 10:00:00+02:00,65033.975,63149.60249999999,2025-12-13 09:34:08.228144+00:00
2025-10-02 11:00:00+02:00,65564.8425,62872.3275,2025-12-13 09:34:08.228144+00:00
2025-10-02 12:00:00+02:00,61681.1375,62166.3125,2025-12-13 09:34:08.228144+00:00
2025-10-02 13:00:00+02:00,59069.0925,61491.7675,2025-12-13 09:34:08.228144+00:00
2025-10-02 14:00:00+02:00,57219.46,60224.675,2025-12-13 09:34:08.228144+00:00
2025-10-02 15:00:00+02:00,56724.26,58815.575,2025-12-13 09:34:08.228144+00:00
2025-10-02 16:00:00+02:00,56457.7625,58006.26,2025-12-13 09:34:08.228144+00:00
2025-10-02 17:00:00+02:00,57711.815,58528.8675,2025-12-13 09:34:08.228144+00:00
2025-10-02 18:00:00+02:00,58346.58,59946.655,2025-12-13 09:34:08.228144+00:00
2025-10-02 19:00:00+02:00,59405.95,59792.7675,2025-12-13 09:34:08.228144+00:00
2025-10-02 20:00:00+02:00,56922.807499999995,57970.445,2025-12-13 09:34:08.228144+00:00
2025-10-02 21:00:00+02:00,53623.7725,55618.905,2025-12-13 09:34:08.228144+00:00
2025-10-02 22:00:00+02:00,49758.135,52376.76,2025-12-13 09:34:08.228144+00:00
2025-10-02 23:00:00+02:00,46354.509999999995,48950.385,2025-12-13 09:34:08.228144+00:00
2025-10-03 00:00:00+02:00,43875.990000000005,45119.295,2025-12-13 09:34:08.228144+00:00
2025-10-03 01:00:00+02:00,42710.785,43417.207500000004,2025-12-13 09:34:08.228144+00:00
2025-10-03 02:00:00+02:00,41592.6225,42418.1125,2025-12-13 09:34:08.228144+00:00
2025-10-03 03:00:00+02:00,41043.8425,41764.2625,2025-12-13 09:34:08.228144+00:00
2025-10-03 04:00:00+02:00,41205.1875,42722.2125,2025-12-13 09:34:08.228144+00:00
2025-10-03 05:00:00+02:00,41533.89,42523.7475,2025-12-13 09:34:08.228144+00:00
2025-10-03 06:00:00+02:00,41964.455,43319.8,2025-12-13 09:34:08.228144+00:00
2025-10-03 07:00:00+02:00,43097.2275,46060.285,2025-12-13 09:34:08.228144+00:00
2025-10-03 08:00:00+02:00,45815.7775,49124.165,2025-12-13 09:34:08.228144+00:00
2025-10-03 09:00:00+02:00,49996.2475,51680.2875,2025-12-13 09:34:08.228144+00:00
2025-10-03 10:00:00+02:00,51800.9625,53368.7425,2025-12-13 09:34:08.228144+00:00
2025-10-03 11:00:00+02:00,53139.755,54236.28,2025-12-13 09:34:08.228144+00:00
2025-10-03 12:00:00+02:00,52636.4325,53571.884999999995,2025-12-13 09:34:08.228144+00:00
2025-10-03 13:00:00+02:00,50555.565,51525.9525,2025-12-13 09:34:08.228144+00:00
2025-10-03 14:00:00+02:00,48871.2575,50096.5225,2025-12-13 09:34:08.228144+00:00
2025-10-03 15:00:00+02:00,48268.57,49129.2575,2025-12-13 09:34:08.228144+00:00
2025-10-03 16:00:00+02:00,48472.0925,48943.7775,2025-12-13 09:34:08.228144+00:00
2025-10-03 17:00:00+02:00,48932.255000000005,49940.4975,2025-12-13 09:34:08.228144+00:00
2025-10-03 18:00:00+02:00,50140.675,51411.7725,2025-12-13 09:34:08.228144+00:00
2025-10-03 19:00:00+02:00,52531.729999999996,52107.082500000004,2025-12-13 09:34:08.228144+00:00
2025-10-03 20:00:00+02:00,50928.7875,50969.2375,2025-12-13 09:34:08.228144+00:00
2025-10-03 21:00:00+02:00,48931.1575,49114.57,2025-12-13 09:34:08.228144+00:00
2025-10-03 22:00:00+02:00,47156.22,47148.86,2025-12-13 09:34:08.228144+00:00
2025-10-03 23:00:00+02:00,44940.5125,44755.83,2025-12-13 09:34:08.228144+00:00
2025-10-04 00:00:00+02:00,42595.1575,44139.005,2025-12-13 09:34:08.228144+00:00
2025-10-04 01:00:00+02:00,41090.1225,42652.6125,2025-12-13 09:34:08.228144+00:00
2025-10-04 02:00:00+02:00,40389.8825,41796.945,2025-12-13 09:34:08.228144+00:00
2025-10-04 03:00:00+02:00,40505.1825,41600.8875,2025-12-13 09:34:08.228144+00:00
2025-10-04 04:00:00+02:00,41313.3,41620.619999999995,2025-12-13 09:34:08.228144+00:00
2025-10-04 05:00:00+02:00,42639.6075,42048.0225,2025-12-13 09:34:08.228144+00:00
2025-10-04 06:00:00+02:00,45518.465,43364.57,2025-12-13 09:34:08.228144+00:00
2025-10-04 07:00:00+02:00,48177.3775,45838.81,2025-12-13 09:34:08.228144+00:00
2025-10-04 08:00:00+02:00,50600.74,48992.3825,2025-12-13 09:34:08.228144+00:00
2025-10-04 09:00:00+02:00,53029.707500000004,51681.5175,2025-12-13 09:34:08.228144+00:00
2025-10-04 10:00:00+02:00,55050.1325,53543.8575,2025-12-13 09:34:08.228144+00:00
2025-10-04 11:00:00+02:00,57092.7325,54647.1875,2025-12-13 09:34:08.228144+00:00
2025-10-04 12:00:00+02:00,56906.555,54126.9075,2025-12-13 09:34:08.228144+00:00
2025-10-04 13:00:00+02:00,55725.2725,52522.3225,2025-12-13 09:34:08.228144+00:00
2025-10-04 14:00:00+02:00,53956.7225,51379.405,2025-12-13 09:34:08.228144+00:00
2025-10-04 15:00:00+02:00,53255.520000000004,50828.4775,2025-12-13 09:34:08.228144+00:00
2025-10-04 16:00:00+02:00,53232.845,50297.4425,2025-12-13 09:34:08.228144+00:00
2025-10-04 17:00:00+02:00,54774.4525,50960.2025,2025-12-13 09:34:08.228144+00:00
2025-10-04 18:00:00+02:00,54963.0575,51871.3525,2025-12-13 09:34:08.228144+00:00
2025-10-04 19:00:00+02:00,55477.2225,51969.9275,2025-12-13 09:34:08.228144+00:00
2025-10-04 20:00:00+02:00,52837.8825,50523.85,2025-12-13 09:34:08.228144+00:00
2025-10-04 21:00:00+02:00,50133.0275,48451.235,2025-12-13 09:34:08.228144+00:00
2025-10-04 22:00:00+02:00,47732.0025,46591.4225,2025-12-13 09:34:08.228144+00:00
2025-10-04 23:00:00+02:00,45566.25,44205.665,2025-12-13 09:34:08.228144+00:00
2025-10-05 00:00:00+02:00,43178.705,42607.585,2025-12-13 09:34:08.228144+00:00
2025-10-05 01:00:00+02:00,41454.705,40921.7825,2025-12-13 09:34:08.228144+00:00
2025-10-05 02:00:00+02:00,40553.7025,39978.552500000005,2025-12-13 09:34:08.228144+00:00
2025-10-05 03:00:00+02:00,40086.020000000004,39754.8225,2025-12-13 09:34:08.228144+00:00
2025-10-05 04:00:00+02:00,40524.81,40042.845,2025-12-13 09:34:08.228144+00:00
2025-10-05 05:00:00+02:00,40325.7275,40733.6025,2025-12-13 09:34:08.228144+00:00
2025-10-05 06:00:00+02:00,41802.345,42301.6525,2025-12-13 09:34:08.228144+00:00
2025-10-05 07:00:00+02:00,43549.2975,44926.0225,2025-12-13 09:34:08.228144+00:00
2025-10-05 08:00:00+02:00,46094.7825,48137.985,2025-12-13 09:34:08.228144+00:00
2025-10-05 09:00:00+02:00,49814.74,50548.045,2025-12-13 09:34:08.228144+00:00
2025-10-05 10:00:00+02:00,52477.1825,52456.06,2025-12-13 09:34:08.228144+00:00
2025-10-05 11:00:00+02:00,55496.317500000005,53493.7525,2025-12-13 09:34:08.228144+00:00
2025-10-05 12:00:00+02:00,54705.17,53331.045,2025-12-13 09:34:08.228144+00:00
2025-10-05 13:00:00+02:00,52938.89,52029.68,2025-12-13 09:34:08.228144+00:00
2025-10-05 14:00:00+02:00,51237.0375,50503.95,2025-12-13 09:34:08.228144+00:00
2025-10-05 15:00:00+02:00,49978.22,49674.7975,2025-12-13 09:34:08.228144+00:00
2025-10-05 16:00:00+02:00,49898.4975,49682.8375,2025-12-13 09:34:08.228144+00:00
2025-10-05 17:00:00+02:00,51990.24,50911.43,2025-12-13 09:34:08.228144+00:00
2025-10-05 18:00:00+02:00,53865.82,52311.525,2025-12-13 09:34:08.228144+00:00
2025-10-05 19:00:00+02:00,54676.5325,52917.729999999996,2025-12-13 09:34:08.228144+00:00
2025-10-05 20:00:00+02:00,52535.917499999996,51769.6425,2025-12-13 09:34:08.228144+00:00
2025-10-05 21:00:00+02:00,50712.1175,49996.927500000005,2025-12-13 09:34:08.228144+00:00
2025-10-05 22:00:00+02:00,49704.645000000004,47995.1,2025-12-13 09:34:08.228144+00:00
2025-10-05 23:00:00+02:00,47483.535,45386.18,2025-12-13 09:34:08.228144+00:00
2025-10-06 00:00:00+02:00,44150.755,42972.3875,2025-12-13 09:34:08.228144+00:00
2025-10-06 01:00:00+02:00,42849.9925,41785.6725,2025-12-13 09:34:08.228144+00:00
2025-10-06 02:00:00+02:00,42308.315,41327.9225,2025-12-13 09:34:08.228144+00:00
2025-10-06 03:00:00+02:00,42299.7425,41491.17,2025-12-13 09:34:08.228144+00:00
2025-10-06 04:00:00+02:00,43558.415,42965.3925,2025-12-13 09:34:08.228144+00:00
2025-10-06 05:00:00+02:00,47502.7,47243.94,2025-12-13 09:34:08.228144+00:00
2025-10-06 06:00:00+02:00,55992.0425,55122.255000000005,2025-12-13 09:34:08.228144+00:00
2025-10-06 07:00:00+02:00,61871.155,61056.875,2025-12-13 09:34:08.228144+00:00
2025-10-06 08:00:00+02:00,64949.5675,64382.182499999995,2025-12-13 09:34:08.228144+00:00
2025-10-06 09:00:00+02:00,66683.3825,65985.05,2025-12-13 09:34:08.228144+00:00
2025-10-06 10:00:00+02:00,67554.7175,67154.9875,2025-12-13 09:34:08.228144+00:00
2025-10-06 11:00:00+02:00,68288.3675,67409.49,2025-12-13 09:34:08.228144+00:00
2025-10-06 12:00:00+02:00,67660.2875,66605.9275,2025-12-13 09:34:08.228144+00:00
2025-10-06 13:00:00+02:00,67430.55,65355.8975,2025-12-13 09:34:08.228144+00:00
2025-10-06 14:00:00+02:00,65850.75,63812.67,2025-12-13 09:34:08.228144+00:00
2025-10-06 15:00:00+02:00,64452.69,62635.325,2025-12-13 09:34:08.228144+00:00
2025-10-06 16:00:00+02:00,62929.9725,62152.057499999995,2025-12-13 09:34:08.228144+00:00
2025-10-06 17:00:00+02:00,62794.582500000004,62453.2475,2025-12-13 09:34:08.228144+00:00
2025-10-06 18:00:00+02:00,62860.3575,63268.875,2025-12-13 09:34:08.228144+00:00
2025-10-06 19:00:00+02:00,63367.535,62738.7225,2025-12-13 09:34:08.228144+00:00
2025-10-06 20:00:00+02:00,60002.49,60214.4525,2025-12-13 09:34:08.228144+00:00
2025-10-06 21:00:00+02:00,56384.0025,57002.805,2025-12-13 09:34:08.228144+00:00
2025-10-06 22:00:00+02:00,53114.295,53275.53,2025-12-13 09:34:08.228144+00:00
2025-10-06 23:00:00+02:00,49382.155,49423.1375,2025-12-13 09:34:08.228144+00:00
2025-10-07 00:00:00+02:00,46983.53,46077.1425,2025-12-13 09:34:08.228144+00:00
2025-10-07 01:00:00+02:00,45299.6175,44496.2625,2025-12-13 09:34:08.228144+00:00
2025-10-07 02:00:00+02:00,44538.4475,43736.7375,2025-12-13 09:34:08.228144+00:00
2025-10-07 03:00:00+02:00,44432.9775,43859.4475,2025-12-13 09:34:08.228144+00:00
2025-10-07 04:00:00+02:00,46237.6425,44983.7525,2025-12-13 09:34:08.228144+00:00
2025-10-07 05:00:00+02:00,49823.31,48145.21,2025-12-13 09:34:08.228144+00:00
2025-10-07 06:00:00+02:00,57340.229999999996,54629.705,2025-12-13 09:34:08.228144+00:00
2025-10-07 07:00:00+02:00,62189.63,60094.3575,2025-12-13 09:34:08.228144+00:00
2025-10-07 08:00:00+02:00,64597.0075,63214.285,2025-12-13 09:34:08.228144+00:00
2025-10-07 09:00:00+02:00,65524.2625,64649.96,2025-12-13 09:34:08.228144+00:00
2025-10-07 10:00:00+02:00,67292.1275,65856.19750000001,2025-12-13 09:34:08.228144+00:00
2025-10-07 11:00:00+02:00,68643.8875,66596.14,2025-12-13 09:34:08.228144+00:00
2025-10-07 12:00:00+02:00,67687.1825,65999.8575,2025-12-13 09:34:08.228144+00:00
2025-10-07 13:00:00+02:00,67036.735,64971.1975,2025-12-13 09:34:08.228144+00:00
2025-10-07 14:00:00+02:00,64905.055,63271.04,2025-12-13 09:34:08.228144+00:00
2025-10-07 15:00:00+02:00,63931.6,62058.2675,2025-12-13 09:34:08.228144+00:00
2025-10-07 16:00:00+02:00,62605.665,61551.034999999996,2025-12-13 09:34:08.228144+00:00
2025-10-07 17:00:00+02:00,62870.865,61867.9775,2025-12-13 09:34:08.228144+00:00
2025-10-07 18:00:00+02:00,63390.695,62791.950000000004,2025-12-13 09:34:08.228144+00:00
2025-10-07 19:00:00+02:00,63903.365,62388.97,2025-12-13 09:34:08.228144+00:00
2025-10-07 20:00:00+02:00,60644.6975,59665.61,2025-12-13 09:34:08.228144+00:00
2025-10-07 21:00:00+02:00,57149.3125,56323.405,2025-12-13 09:34:08.228144+00:00
2025-10-07 22:00:00+02:00,54002.0325,52760.6525,2025-12-13 09:34:08.228144+00:00
2025-10-07 23:00:00+02:00,50525.770000000004,49193.85,2025-12-13 09:34:08.228144+00:00
2025-10-08 00:00:00+02:00,47839.0925,46361.9475,2025-12-13 09:34:08.228144+00:00
2025-10-08 01:00:00+02:00,46091.6925,44941.33,2025-12-13 09:34:08.228144+00:00
2025-10-08 02:00:00+02:00,44930.675,44397.645000000004,2025-12-13 09:34:08.228144+00:00
2025-10-08 03:00:00+02:00,44987.585,44526.195,2025-12-13 09:34:08.228144+00:00
2025-10-08 04:00:00+02:00,46682.9675,45771.7875,2025-12-13 09:34:08.228144+00:00
2025-10-08 05:00:00+02:00,50505.785,48787.545,2025-12-13 09:34:08.228144+00:00
2025-10-08 06:00:00+02:00,57648.7125,55262.395000000004,2025-12-13 09:34:08.228144+00:00
2025-10-08 07:00:00+02:00,62389.0975,60881.605,2025-12-13 09:34:08.228144+00:00
2025-10-08 08:00:00+02:00,65227.5225,63980.9675,2025-12-13 09:34:08.228144+00:00
2025-10-08 09:00:00+02:00,66465.5125,65261.6175,2025-12-13 09:34:08.228144+00:00
2025-10-08 10:00:00+02:00,67719.025,66066.07,2025-12-13 09:34:08.228144+00:00
2025-10-08 11:00:00+02:00,67886.2,66435.02,2025-12-13 09:34:08.228144+00:00
2025-10-08 12:00:00+02:00,67154.0275,65633.64749999999,2025-12-13 09:34:08.228144+00:00
2025-10-08 13:00:00+02:00,66193.525,64490.3725,2025-12-13 09:34:08.228144+00:00
2025-10-08 14:00:00+02:00,64313.085,62614.79,2025-12-13 09:34:08.228144+00:00
2025-10-08 15:00:00+02:00,63034.575,61560.207500000004,2025-12-13 09:34:08.228144+00:00
2025-10-08 16:00:00+02:00,61702.6625,61029.0375,2025-12-13 09:34:08.228144+00:00
2025-10-08 17:00:00+02:00,61870.9175,61501.875,2025-12-13 09:34:08.228144+00:00
2025-10-08 18:00:00+02:00,62838.8425,62507.7475,2025-12-13 09:34:08.228144+00:00
2025-10-08 19:00:00+02:00,62940.2475,61932.29,2025-12-13 09:34:08.228144+00:00
2025-10-08 20:00:00+02:00,60020.285,59292.6675,2025-12-13 09:34:08.228144+00:00
2025-10-08 21:00:00+02:00,56324.770000000004,56023.7575,2025-12-13 09:34:08.228144+00:00
2025-10-08 22:00:00+02:00,52784.3825,52512.375,2025-12-13 09:34:08.228144+00:00
2025-10-08 23:00:00+02:00,49515.3025,48970.9,2025-12-13 09:34:08.228144+00:00
2025-10-09 00:00:00+02:00,47158.69,46572.990000000005,2025-12-13 09:34:08.228144+00:00
2025-10-09 01:00:00+02:00,45231.485,44786.5975,2025-12-13 09:34:08.228144+00:00
2025-10-09 02:00:00+02:00,44543.3075,44188.335,2025-12-13 09:34:08.228144+00:00
2025-10-09 03:00:00+02:00,44759.7,44368.685,2025-12-13 09:34:08.228144+00:00
2025-10-09 04:00:00+02:00,45691.682499999995,45577.3025,2025-12-13 09:34:08.228144+00:00
2025-10-09 05:00:00+02:00,47918.2775,48535.1275,2025-12-13 09:34:08.228144+00:00
2025-10-09 06:00:00+02:00,56952.177500000005,54676.2375,2025-12-13 09:34:08.228144+00:00
2025-10-09 07:00:00+02:00,62038.8175,60145.9125,2025-12-13 09:34:08.228144+00:00
2025-10-09 08:00:00+02:00,64503.197499999995,63603.1675,2025-12-13 09:34:08.228144+00:00
2025-10-09 09:00:00+02:00,65636.0875,64846.67,2025-12-13 09:34:08.228144+00:00
2025-10-09 10:00:00+02:00,67409.81,65609.825,2025-12-13 09:34:08.228144+00:00
2025-10-09 11:00:00+02:00,67926.0575,65545.79250000001,2025-12-13 09:34:08.228144+00:00
2025-10-09 12:00:00+02:00,67892.7325,64803.2075,2025-12-13 09:34:08.228144+00:00
2025-10-09 13:00:00+02:00,66828.27,63957.4825,2025-12-13 09:34:08.228144+00:00
2025-10-09 14:00:00+02:00,64477.065,62406.03,2025-12-13 09:34:08.228144+00:00
2025-10-09 15:00:00+02:00,62967.7525,60986.3225,2025-12-13 09:34:08.228144+00:00
2025-10-09 16:00:00+02:00,61973.292499999996,60218.715,2025-12-13 09:34:08.228144+00:00
2025-10-09 17:00:00+02:00,62491.225,60901.385,2025-12-13 09:34:08.228144+00:00
2025-10-09 18:00:00+02:00,63996.745,62039.515,2025-12-13 09:34:08.228144+00:00
2025-10-09 19:00:00+02:00,64638.585,61836.5,2025-12-13 09:34:08.228144+00:00
2025-10-09 20:00:00+02:00,61624.8925,59082.835,2025-12-13 09:34:08.228144+00:00
2025-10-09 21:00:00+02:00,58036.03,55945.815,2025-12-13 09:34:08.228144+00:00
2025-10-09 22:00:00+02:00,53937.192500000005,52477.424999999996,2025-12-13 09:34:08.228144+00:00
2025-10-09 23:00:00+02:00,50264.8125,49139.994999999995,2025-12-13 09:34:08.228144+00:00
2025-10-10 00:00:00+02:00,47549.84,46525.34,2025-12-13 09:34:08.228144+00:00
2025-10-10 01:00:00+02:00,45668.315,44884.7875,2025-12-13 09:34:08.228144+00:00
2025-10-10 02:00:00+02:00,44382.399999999994,44248.5825,2025-12-13 09:34:08.228144+00:00
2025-10-10 03:00:00+02:00,44591.675,44455.854999999996,2025-12-13 09:34:08.228144+00:00
2025-10-10 04:00:00+02:00,45846.4625,45824.375,2025-12-13 09:34:08.228144+00:00
2025-10-10 05:00:00+02:00,48884.44,49095.94,2025-12-13 09:34:08.228144+00:00
2025-10-10 06:00:00+02:00,57138.825,55421.4675,2025-12-13 09:34:08.228144+00:00
2025-10-10 07:00:00+02:00,62097.9075,60954.4575,2025-12-13 09:34:08.228144+00:00
2025-10-10 08:00:00+02:00,65126.09,64195.4875,2025-12-13 09:34:08.228144+00:00
2025-10-10 09:00:00+02:00,66014.3775,65530.4675,2025-12-13 09:34:08.228144+00:00
2025-10-10 10:00:00+02:00,67151.82,66383.33,2025-12-13 09:34:08.228144+00:00
2025-10-10 11:00:00+02:00,67056.365,66937.9,2025-12-13 09:34:08.228144+00:00
2025-10-10 12:00:00+02:00,65918.95,66418.9675,2025-12-13 09:34:08.228144+00:00
2025-10-10 13:00:00+02:00,64302.3,64776.5925,2025-12-13 09:34:08.228144+00:00
2025-10-10 14:00:00+02:00,62328.317500000005,63192.1875,2025-12-13 09:34:08.228144+00:00
2025-10-10 15:00:00+02:00,61475.03,61782.552500000005,2025-12-13 09:34:08.228144+00:00
2025-10-10 16:00:00+02:00,60779.9725,61250.83,2025-12-13 09:34:08.228144+00:00
2025-10-10 17:00:00+02:00,60722.0125,61587.0975,2025-12-13 09:34:08.228144+00:00
2025-10-10 18:00:00+02:00,61420.425,61396.240000000005,2025-12-13 09:34:08.228144+00:00
2025-10-10 19:00:00+02:00,61286.0025,60854.05,2025-12-13 09:34:08.228144+00:00
2025-10-10 20:00:00+02:00,58311.635,57712.6175,2025-12-13 09:34:08.228144+00:00
2025-10-10 21:00:00+02:00,54637.5625,54438.575,2025-12-13 09:34:08.228144+00:00
2025-10-10 22:00:00+02:00,50847.0525,51169.92,2025-12-13 09:34:08.228144+00:00
2025-10-10 23:00:00+02:00,47579.195,47966.6225,2025-12-13 09:34:08.228144+00:00
2025-10-11 00:00:00+02:00,44675.1275,44523.465,2025-12-13 09:34:08.228144+00:00
2025-10-11 01:00:00+02:00,42963.0175,42638.0175,2025-12-13 09:34:08.228144+00:00
2025-10-11 02:00:00+02:00,41321.0,41745.1725,2025-12-13 09:34:08.228144+00:00
2025-10-11 03:00:00+02:00,41221.685,41542.51,2025-12-13 09:34:08.228144+00:00
2025-10-11 04:00:00+02:00,41650.135,41756.855,2025-12-13 09:34:08.228144+00:00
2025-10-11 05:00:00+02:00,42203.979999999996,42016.104999999996,2025-12-13 09:34:08.228144+00:00
2025-10-11 06:00:00+02:00,43804.505,43369.325,2025-12-13 09:34:08.228144+00:00
2025-10-11 07:00:00+02:00,46164.7275,46187.42,2025-12-13 09:34:08.228144+00:00
2025-10-11 08:00:00+02:00,48518.1175,49974.3225,2025-12-13 09:34:08.228144+00:00
2025-10-11 09:00:00+02:00,52079.02,53140.7375,2025-12-13 09:34:08.228144+00:00
2025-10-11 10:00:00+02:00,53787.034999999996,55001.11,2025-12-13 09:34:08.228144+00:00
2025-10-11 11:00:00+02:00,54871.7225,55912.125,2025-12-13 09:34:08.228144+00:00
2025-10-11 12:00:00+02:00,55004.4625,55355.7325,2025-12-13 09:34:08.228144+00:00
2025-10-11 13:00:00+02:00,53447.6275,53766.96,2025-12-13 09:34:08.228144+00:00
2025-10-11 14:00:00+02:00,51855.255,52626.655,2025-12-13 09:34:08.228144+00:00
2025-10-11 15:00:00+02:00,50591.5525,52025.354999999996,2025-12-13 09:34:08.228144+00:00
2025-10-11 16:00:00+02:00,50080.0725,52145.775,2025-12-13 09:34:08.228144+00:00
2025-10-11 17:00:00+02:00,51928.1425,53482.770000000004,2025-12-13 09:34:08.228144+00:00
2025-10-11 18:00:00+02:00,53211.875,54615.240000000005,2025-12-13 09:34:08.228144+00:00
2025-10-11 19:00:00+02:00,53366.9675,53588.305,2025-12-13 09:34:08.228144+00:00
2025-10-11 20:00:00+02:00,50475.1,51007.305,2025-12-13 09:34:08.228144+00:00
2025-10-11 21:00:00+02:00,48158.72,48617.42,2025-12-13 09:34:08.228144+00:00
2025-10-11 22:00:00+02:00,46110.655,46167.635,2025-12-13 09:34:08.228144+00:00
2025-10-11 23:00:00+02:00,43293.08,43561.9275,2025-12-13 09:34:08.228144+00:00
2025-10-12 00:00:00+02:00,40717.4325,42028.7475,2025-12-13 09:34:08.228144+00:00
2025-10-12 01:00:00+02:00,38689.9925,40267.6475,2025-12-13 09:34:08.228144+00:00
2025-10-12 02:00:00+02:00,37532.25,39326.072499999995,2025-12-13 09:34:08.228144+00:00
2025-10-12 03:00:00+02:00,37022.245,39248.9125,2025-12-13 09:34:08.228144+00:00
2025-10-12 04:00:00+02:00,37174.9425,39779.01,2025-12-13 09:34:08.228144+00:00
2025-10-12 05:00:00+02:00,37688.9975,41020.1325,2025-12-13 09:34:08.228144+00:00
2025-10-12 06:00:00+02:00,38645.5725,43129.275,2025-12-13 09:34:08.228144+00:00
2025-10-12 07:00:00+02:00,40491.95,45419.275,2025-12-13 09:34:08.228144+00:00
2025-10-12 08:00:00+02:00,42989.2825,48345.85,2025-12-13 09:34:08.228144+00:00
2025-10-12 09:00:00+02:00,46610.86,51268.6375,2025-12-13 09:34:08.228144+00:00
2025-10-12 10:00:00+02:00,49372.86,53449.365,2025-12-13 09:34:08.228144+00:00
2025-10-12 11:00:00+02:00,51396.75,54391.81,2025-12-13 09:34:08.228144+00:00
2025-10-12 12:00:00+02:00,51220.165,54186.270000000004,2025-12-13 09:34:08.228144+00:00
2025-10-12 13:00:00+02:00,49923.64,52740.3575,2025-12-13 09:34:08.228144+00:00
2025-10-12 14:00:00+02:00,48085.73,51296.0075,2025-12-13 09:34:08.228144+00:00
2025-10-12 15:00:00+02:00,47227.775,50627.865,2025-12-13 09:34:08.228144+00:00
2025-10-12 16:00:00+02:00,47425.325,50843.91,2025-12-13 09:34:08.228144+00:00
2025-10-12 17:00:00+02:00,49702.575,52677.345,2025-12-13 09:34:08.228144+00:00
2025-10-12 18:00:00+02:00,51849.0675,54221.2725,2025-12-13 09:34:08.228144+00:00
2025-10-12 19:00:00+02:00,52278.2425,54334.4475,2025-12-13 09:34:08.228144+00:00
2025-10-12 20:00:00+02:00,49977.28,52662.6325,2025-12-13 09:34:08.228144+00:00
2025-10-12 21:00:00+02:00,48212.585,50674.7725,2025-12-13 09:34:08.228144+00:00
2025-10-12 22:00:00+02:00,47080.375,48621.667499999996,2025-12-13 09:34:08.228144+00:00
2025-10-12 23:00:00+02:00,44777.5075,46073.415,2025-12-13 09:34:08.228144+00:00
2025-10-13 00:00:00+02:00,42452.6175,43628.8075,2025-12-13 09:34:08.228144+00:00
2025-10-13 01:00:00+02:00,41075.3975,42289.6525,2025-12-13 09:34:08.228144+00:00
2025-10-13 02:00:00+02:00,40428.3725,41686.905,2025-12-13 09:34:08.228144+00:00
2025-10-13 03:00:00+02:00,40885.185,41865.015,2025-12-13 09:34:08.228144+00:00
2025-10-13 04:00:00+02:00,42597.9625,43089.6725,2025-12-13 09:34:08.228144+00:00
2025-10-13 05:00:00+02:00,46563.0925,46995.9125,2025-12-13 09:34:08.228144+00:00
2025-10-13 06:00:00+02:00,54480.9425,54885.51,2025-12-13 09:34:08.228144+00:00
2025-10-13 07:00:00+02:00,60079.895000000004,61133.5025,2025-12-13 09:34:08.228144+00:00
2025-10-13 08:00:00+02:00,62999.9675,64555.9225,2025-12-13 09:34:08.228144+00:00
2025-10-13 09:00:00+02:00,64539.215000000004,65687.435,2025-12-13 09:34:08.228144+00:00
2025-10-13 10:00:00+02:00,66271.9575,66773.8175,2025-12-13 09:34:08.228144+00:00
2025-10-13 11:00:00+02:00,67678.1225,67252.41500000001,2025-12-13 09:34:08.228144+00:00
2025-10-13 12:00:00+02:00,67041.8325,66882.7175,2025-12-13 09:34:08.228144+00:00
2025-10-13 13:00:00+02:00,64889.91499999999,65833.835,2025-12-13 09:34:08.228144+00:00
2025-10-13 14:00:00+02:00,63301.729999999996,64281.045,2025-12-13 09:34:08.228144+00:00
2025-10-13 15:00:00+02:00,62129.1325,63098.65,2025-12-13 09:34:08.228144+00:00
2025-10-13 16:00:00+02:00,60986.9925,62282.207500000004,2025-12-13 09:34:08.228144+00:00
2025-10-13 17:00:00+02:00,61032.275,62215.455,2025-12-13 09:34:08.228144+00:00
2025-10-13 18:00:00+02:00,62150.985,63605.2875,2025-12-13 09:34:08.228144+00:00
2025-10-13 19:00:00+02:00,62384.655,63383.215,2025-12-13 09:34:08.228144+00:00
2025-10-13 20:00:00+02:00,59307.317500000005,60813.9975,2025-12-13 09:34:08.228144+00:00
2025-10-13 21:00:00+02:00,56200.57,57230.575,2025-12-13 09:34:08.228144+00:00
2025-10-13 22:00:00+02:00,53276.22,53390.130000000005,2025-12-13 09:34:08.228144+00:00
2025-10-13 23:00:00+02:00,50229.5,49613.8925,2025-12-13 09:34:08.228144+00:00
2025-10-14 00:00:00+02:00,47796.215,47188.865,2025-12-13 09:34:08.228144+00:00
2025-10-14 01:00:00+02:00,46062.445,45332.7375,2025-12-13 09:34:08.228144+00:00
2025-10-14 02:00:00+02:00,45549.655,44233.582500000004,2025-12-13 09:34:08.228144+00:00
2025-10-14 03:00:00+02:00,45369.33,44454.167499999996,2025-12-13 09:34:08.228144+00:00
2025-10-14 04:00:00+02:00,46636.292499999996,45594.56,2025-12-13 09:34:08.228144+00:00
2025-10-14 05:00:00+02:00,50062.055,48560.0525,2025-12-13 09:34:08.228144+00:00
2025-10-14 06:00:00+02:00,56914.3775,54920.155,2025-12-13 09:34:08.228144+00:00
2025-10-14 07:00:00+02:00,61617.16,60678.604999999996,2025-12-13 09:34:08.228144+00:00
2025-10-14 08:00:00+02:00,64386.707500000004,63882.19,2025-12-13 09:34:08.228144+00:00
2025-10-14 09:00:00+02:00,65287.69,64795.5975,2025-12-13 09:34:08.228144+00:00
2025-10-14 10:00:00+02:00,66772.7225,65682.045,2025-12-13 09:34:08.228144+00:00
2025-10-14 11:00:00+02:00,67761.42,66223.97750000001,2025-12-13 09:34:08.228144+00:00
2025-10-14 12:00:00+02:00,67465.3225,65724.9825,2025-12-13 09:34:08.228144+00:00
2025-10-14 13:00:00+02:00,65545.705,64574.175,2025-12-13 09:34:08.228144+00:00
2025-10-14 14:00:00+02:00,63106.085,63068.455,2025-12-13 09:34:08.228144+00:00
2025-10-14 15:00:00+02:00,61471.9325,61805.54,2025-12-13 09:34:08.228144+00:00
2025-10-14 16:00:00+02:00,60583.56,61318.0525,2025-12-13 09:34:08.228144+00:00
2025-10-14 17:00:00+02:00,61078.525,61516.229999999996,2025-12-13 09:34:08.228144+00:00
2025-10-14 18:00:00+02:00,62043.705,62760.9825,2025-12-13 09:34:08.228144+00:00
2025-10-14 19:00:00+02:00,62390.47,62475.685,2025-12-13 09:34:08.228144+00:00
2025-10-14 20:00:00+02:00,59706.4225,59664.8625,2025-12-13 09:34:08.228144+00:00
2025-10-14 21:00:00+02:00,56351.895000000004,56337.175,2025-12-13 09:34:08.228144+00:00
2025-10-14 22:00:00+02:00,52638.845,52851.1575,2025-12-13 09:34:08.228144+00:00
2025-10-14 23:00:00+02:00,49341.4375,49346.7425,2025-12-13 09:34:08.228144+00:00
2025-10-15 00:00:00+02:00,47169.81,46769.935,2025-12-13 09:34:08.228144+00:00
2025-10-15 01:00:00+02:00,45452.465000000004,45258.385,2025-12-13 09:34:08.228144+00:00
2025-10-15 02:00:00+02:00,44688.2325,44506.73,2025-12-13 09:34:08.228144+00:00
2025-10-15 03:00:00+02:00,45093.975,44721.869999999995,2025-12-13 09:34:08.228144+00:00
2025-10-15 04:00:00+02:00,46315.405,46114.98,2025-12-13 09:34:08.228144+00:00
2025-10-15 05:00:00+02:00,49776.4425,49005.8525,2025-12-13 09:34:08.228144+00:00
2025-10-15 06:00:00+02:00,56882.04,55330.025,2025-12-13 09:34:08.228144+00:00
2025-10-15 07:00:00+02:00,62189.2475,61446.8325,2025-12-13 09:34:08.228144+00:00
2025-10-15 08:00:00+02:00,64927.81,64638.4375,2025-12-13 09:34:08.228144+00:00
2025-10-15 09:00:00+02:00,66034.345,65525.785,2025-12-13 09:34:08.228144+00:00
2025-10-15 10:00:00+02:00,67338.1225,66085.465,2025-12-13 09:34:08.228144+00:00
2025-10-15 11:00:00+02:00,68454.3075,66492.46,2025-12-13 09:34:08.228144+00:00
2025-10-15 12:00:00+02:00,67772.0975,65772.13249999999,2025-12-13 09:34:08.228144+00:00
2025-10-15 13:00:00+02:00,66291.365,64506.305,2025-12-13 09:34:08.228144+00:00
2025-10-15 14:00:00+02:00,64186.755000000005,62794.6075,2025-12-13 09:34:08.228144+00:00
2025-10-15 15:00:00+02:00,62682.8575,61596.74,2025-12-13 09:34:08.228144+00:00
2025-10-15 16:00:00+02:00,61952.285,60999.6425,2025-12-13 09:34:08.228144+00:00
2025-10-15 17:00:00+02:00,62816.3425,61318.7725,2025-12-13 09:34:08.228144+00:00
2025-10-15 18:00:00+02:00,63508.53,62566.46,2025-12-13 09:34:08.228144+00:00
2025-10-15 19:00:00+02:00,63615.98,62331.28,2025-12-13 09:34:08.228144+00:00
2025-10-15 20:00:00+02:00,60387.03,59686.595,2025-12-13 09:34:08.228144+00:00
2025-10-15 21:00:00+02:00,57308.98,56326.0775,2025-12-13 09:34:08.228144+00:00
2025-10-15 22:00:00+02:00,53643.5025,52821.475,2025-12-13 09:34:08.228144+00:00
2025-10-15 23:00:00+02:00,51037.9,49377.302500000005,2025-12-13 09:34:08.228144+00:00
2025-10-16 00:00:00+02:00,47926.3525,46145.895,2025-12-13 09:34:08.228144+00:00
2025-10-16 01:00:00+02:00,46663.1975,44331.0675,2025-12-13 09:34:08.228144+00:00
2025-10-16 02:00:00+02:00,45328.64,43545.6125,2025-12-13 09:34:08.228144+00:00
2025-10-16 03:00:00+02:00,45240.15,43626.28,2025-12-13 09:34:08.228144+00:00
2025-10-16 04:00:00+02:00,46601.1125,44638.3225,2025-12-13 09:34:08.228144+00:00
2025-10-16 05:00:00+02:00,50501.2,47698.0875,2025-12-13 09:34:08.228144+00:00
2025-10-16 06:00:00+02:00,57268.2325,54031.3375,2025-12-13 09:34:08.228144+00:00
2025-10-16 07:00:00+02:00,62919.7525,59926.307499999995,2025-12-13 09:34:08.228144+00:00
2025-10-16 08:00:00+02:00,65600.3475,63543.240000000005,2025-12-13 09:34:08.228144+00:00
2025-10-16 09:00:00+02:00,66577.135,64932.2575,2025-12-13 09:34:08.228144+00:00
2025-10-16 10:00:00+02:00,67219.8575,66233.9525,2025-12-13 09:34:08.228144+00:00
2025-10-16 11:00:00+02:00,67758.92749999999,66955.1425,2025-12-13 09:34:08.228144+00:00
2025-10-16 12:00:00+02:00,67161.58,66741.66750000001,2025-12-13 09:34:08.228144+00:00
2025-10-16 13:00:00+02:00,66756.7175,65962.7975,2025-12-13 09:34:08.228144+00:00
2025-10-16 14:00:00+02:00,64518.682499999995,64211.5175,2025-12-13 09:34:08.228144+00:00
2025-10-16 15:00:00+02:00,63682.17,62434.28999999999,2025-12-13 09:34:08.228144+00:00
2025-10-16 16:00:00+02:00,62141.7725,61261.5425,2025-12-13 09:34:08.228144+00:00
2025-10-16 17:00:00+02:00,62570.2725,61613.075,2025-12-13 09:34:08.228144+00:00
2025-10-16 18:00:00+02:00,63727.295,62634.957500000004,2025-12-13 09:34:08.228144+00:00
2025-10-16 19:00:00+02:00,63773.277500000004,62536.5225,2025-12-13 09:34:08.228144+00:00
2025-10-16 20:00:00+02:00,60948.7175,59840.0725,2025-12-13 09:34:08.228144+00:00
2025-10-16 21:00:00+02:00,57781.09,56539.395000000004,2025-12-13 09:34:08.228144+00:00
2025-10-16 22:00:00+02:00,54405.2375,53106.2675,2025-12-13 09:34:08.228144+00:00
2025-10-16 23:00:00+02:00,51127.965,49429.185,2025-12-13 09:34:08.228144+00:00
2025-10-17 00:00:00+02:00,48425.0475,46919.875,2025-12-13 09:34:08.228144+00:00
2025-10-17 01:00:00+02:00,46746.57,45305.53,2025-12-13 09:34:08.228144+00:00
2025-10-17 02:00:00+02:00,45568.805,44731.2775,2025-12-13 09:34:08.228144+00:00
2025-10-17 03:00:00+02:00,45431.4825,45048.5375,2025-12-13 09:34:08.228144+00:00
2025-10-17 04:00:00+02:00,46460.115000000005,46179.66,2025-12-13 09:34:08.228144+00:00
2025-10-17 05:00:00+02:00,49985.015,49099.645000000004,2025-12-13 09:34:08.228144+00:00
2025-10-17 06:00:00+02:00,56667.935,55368.067500000005,2025-12-13 09:34:08.228144+00:00
2025-10-17 07:00:00+02:00,61872.615,60721.55,2025-12-13 09:34:08.228144+00:00
2025-10-17 08:00:00+02:00,64554.205,64319.9525,2025-12-13 09:34:08.228144+00:00
2025-10-17 09:00:00+02:00,65221.9225,65680.44,2025-12-13 09:34:08.228144+00:00
2025-10-17 10:00:00+02:00,66703.6325,66357.4675,2025-12-13 09:34:08.228144+00:00
2025-10-17 11:00:00+02:00,67855.65,66301.995,2025-12-13 09:34:08.228144+00:00
2025-10-17 12:00:00+02:00,67177.0925,65513.425,2025-12-13 09:34:08.228144+00:00
2025-10-17 13:00:00+02:00,65282.335,63583.78,2025-12-13 09:34:08.228144+00:00
2025-10-17 14:00:00+02:00,63490.3,61765.59,2025-12-13 09:34:08.228144+00:00
2025-10-17 15:00:00+02:00,61813.89,60681.957500000004,2025-12-13 09:34:08.228144+00:00
2025-10-17 16:00:00+02:00,61200.8625,60082.5025,2025-12-13 09:34:08.228144+00:00
2025-10-17 17:00:00+02:00,61177.1825,61223.34,2025-12-13 09:34:08.228144+00:00
2025-10-17 18:00:00+02:00,62138.5025,61770.99,2025-12-13 09:34:08.228144+00:00
2025-10-17 19:00:00+02:00,61850.450000000004,60939.7725,2025-12-13 09:34:08.228144+00:00
2025-10-17 20:00:00+02:00,59013.1625,57656.2625,2025-12-13 09:34:08.228144+00:00
2025-10-17 21:00:00+02:00,55813.4825,54302.905,2025-12-13 09:34:08.228144+00:00
2025-10-17 22:00:00+02:00,51746.7425,51012.7725,2025-12-13 09:34:08.228144+00:00
2025-10-17 23:00:00+02:00,48479.76,47801.6225,2025-12-13 09:34:08.228144+00:00
2025-10-18 00:00:00+02:00,45438.3625,44576.975,2025-12-13 09:34:08.228144+00:00
2025-10-18 01:00:00+02:00,43285.11,42597.332500000004,2025-12-13 09:34:08.228144+00:00
2025-10-18 02:00:00+02:00,42003.33,41579.4275,2025-12-13 09:34:08.228144+00:00
2025-10-18 03:00:00+02:00,41733.725,41253.28,2025-12-13 09:34:08.228144+00:00
2025-10-18 04:00:00+02:00,42191.44,41240.445,2025-12-13 09:34:08.228144+00:00
2025-10-18 05:00:00+02:00,42836.045,42004.175,2025-12-13 09:34:08.228144+00:00
2025-10-18 06:00:00+02:00,44472.805,43780.6475,2025-12-13 09:34:08.228144+00:00
2025-10-18 07:00:00+02:00,46947.6175,46336.3675,2025-12-13 09:34:08.228144+00:00
2025-10-18 08:00:00+02:00,50212.2725,49893.2675,2025-12-13 09:34:08.228144+00:00
2025-10-18 09:00:00+02:00,52845.3475,52991.645000000004,2025-12-13 09:34:08.228144+00:00
2025-10-18 10:00:00+02:00,54781.16,54995.7325,2025-12-13 09:34:08.228144+00:00
2025-10-18 11:00:00+02:00,56051.8675,55820.245,2025-12-13 09:34:08.228144+00:00
2025-10-18 12:00:00+02:00,54948.32,54874.6225,2025-12-13 09:34:08.228144+00:00
2025-10-18 13:00:00+02:00,51922.8875,52935.345,2025-12-13 09:34:08.228144+00:00
2025-10-18 14:00:00+02:00,49972.245,51693.8,2025-12-13 09:34:08.228144+00:00
2025-10-18 15:00:00+02:00,48984.3175,50742.0375,2025-12-13 09:34:08.228144+00:00
2025-10-18 16:00:00+02:00,49551.442500000005,50796.0,2025-12-13 09:34:08.228144+00:00
2025-10-18 17:00:00+02:00,50964.3425,52099.2575,2025-12-13 09:34:08.228144+00:00
2025-10-18 18:00:00+02:00,52970.265,53497.625,2025-12-13 09:34:08.228144+00:00
2025-10-18 19:00:00+02:00,53066.0675,53286.6775,2025-12-13 09:34:08.228144+00:00
2025-10-18 20:00:00+02:00,50650.9725,51211.05,2025-12-13 09:34:08.228144+00:00
2025-10-18 21:00:00+02:00,48521.8875,48780.42,2025-12-13 09:34:08.228144+00:00
2025-10-18 22:00:00+02:00,46420.795,46839.755,2025-12-13 09:34:08.228144+00:00
2025-10-18 23:00:00+02:00,43919.5925,44388.005,2025-12-13 09:34:08.228144+00:00
2025-10-19 00:00:00+02:00,41410.9075,42797.51,2025-12-13 09:34:08.228144+00:00
2025-10-19 01:00:00+02:00,39673.957500000004,41142.0675,2025-12-13 09:34:08.228144+00:00
2025-10-19 02:00:00+02:00,38920.4025,40279.305,2025-12-13 09:34:08.228144+00:00
2025-10-19 03:00:00+02:00,38547.7025,39982.44,2025-12-13 09:34:08.228144+00:00
2025-10-19 04:00:00+02:00,38892.65,40143.7875,2025-12-13 09:34:08.228144+00:00
2025-10-19 05:00:00+02:00,39463.805,40789.2775,2025-12-13 09:34:08.228144+00:00
2025-10-19 06:00:00+02:00,39993.375,42598.682499999995,2025-12-13 09:34:08.228144+00:00
2025-10-19 07:00:00+02:00,41779.2825,45148.28,2025-12-13 09:34:08.228144+00:00
2025-10-19 08:00:00+02:00,44718.11,48348.19,2025-12-13 09:34:08.228144+00:00
2025-10-19 09:00:00+02:00,48439.005000000005,51530.792499999996,2025-12-13 09:34:08.228144+00:00
2025-10-19 10:00:00+02:00,51113.92,53642.567500000005,2025-12-13 09:34:08.228144+00:00
2025-10-19 11:00:00+02:00,52885.125,55091.072499999995,2025-12-13 09:34:08.228144+00:00
2025-10-19 12:00:00+02:00,53816.595,54938.9,2025-12-13 09:34:08.228144+00:00
2025-10-19 13:00:00+02:00,51748.61,53635.99,2025-12-13 09:34:08.228144+00:00
2025-10-19 14:00:00+02:00,49010.78,51990.0725,2025-12-13 09:34:08.228144+00:00
2025-10-19 15:00:00+02:00,47702.51,51212.6075,2025-12-13 09:34:08.228144+00:00
2025-10-19 16:00:00+02:00,47751.1075,51506.79,2025-12-13 09:34:08.228144+00:00
2025-10-19 17:00:00+02:00,48692.4,53202.19,2025-12-13 09:34:08.228144+00:00
2025-10-19 18:00:00+02:00,52390.595,54542.9625,2025-12-13 09:34:08.228144+00:00
2025-10-19 19:00:00+02:00,53025.3975,54791.4225,2025-12-13 09:34:08.228144+00:00
2025-10-19 20:00:00+02:00,51214.36,52797.7525,2025-12-13 09:34:08.228144+00:00
2025-10-19 21:00:00+02:00,49195.1475,50611.4225,2025-12-13 09:34:08.228144+00:00
2025-10-19 22:00:00+02:00,48395.5025,48896.4225,2025-12-13 09:34:08.228144+00:00
2025-10-19 23:00:00+02:00,45961.3375,46333.4025,2025-12-13 09:34:08.228144+00:00
2025-10-20 00:00:00+02:00,43900.4975,43001.665,2025-12-13 09:34:08.228144+00:00
2025-10-20 01:00:00+02:00,42337.832500000004,41683.0825,2025-12-13 09:34:08.228144+00:00
2025-10-20 02:00:00+02:00,41706.01,41203.585,2025-12-13 09:34:08.228144+00:00
2025-10-20 03:00:00+02:00,42003.432499999995,41202.475,2025-12-13 09:34:08.228144+00:00
2025-10-20 04:00:00+02:00,43538.1425,42721.5125,2025-12-13 09:34:08.228144+00:00
2025-10-20 05:00:00+02:00,47461.205,46388.8325,2025-12-13 09:34:08.228144+00:00
2025-10-20 06:00:00+02:00,55808.5875,53585.1625,2025-12-13 09:34:08.228144+00:00
2025-10-20 07:00:00+02:00,62139.75,59317.9625,2025-12-13 09:34:08.228144+00:00
2025-10-20 08:00:00+02:00,65183.5675,63255.7475,2025-12-13 09:34:08.228144+00:00
2025-10-20 09:00:00+02:00,66417.7275,65286.1225,2025-12-13 09:34:08.228144+00:00
2025-10-20 10:00:00+02:00,67206.585,66505.69499999999,2025-12-13 09:34:08.228144+00:00
2025-10-20 11:00:00+02:00,68798.8575,66935.85,2025-12-13 09:34:08.228144+00:00
2025-10-20 12:00:00+02:00,67748.985,66535.91500000001,2025-12-13 09:34:08.228144+00:00
2025-10-20 13:00:00+02:00,66585.4975,65325.0975,2025-12-13 09:34:08.228144+00:00
2025-10-20 14:00:00+02:00,64247.7825,64034.4225,2025-12-13 09:34:08.228144+00:00
2025-10-20 15:00:00+02:00,62718.395,62429.61,2025-12-13 09:34:08.228144+00:00
2025-10-20 16:00:00+02:00,62007.075,61619.3275,2025-12-13 09:34:08.228144+00:00
2025-10-20 17:00:00+02:00,62913.0275,61685.345,2025-12-13 09:34:08.228144+00:00
2025-10-20 18:00:00+02:00,63889.945,62699.1675,2025-12-13 09:34:08.228144+00:00
2025-10-20 19:00:00+02:00,63292.185,62583.945,2025-12-13 09:34:08.228144+00:00
2025-10-20 20:00:00+02:00,60725.807499999995,60135.665,2025-12-13 09:34:08.228144+00:00
2025-10-20 21:00:00+02:00,57428.6025,56931.775,2025-12-13 09:34:08.228144+00:00
2025-10-20 22:00:00+02:00,54471.9675,53322.0325,2025-12-13 09:34:08.228144+00:00
2025-10-20 23:00:00+02:00,50771.299999999996,49644.3025,2025-12-13 09:34:08.228144+00:00
2025-10-21 00:00:00+02:00,47846.955,46795.104999999996,2025-12-13 09:34:08.228144+00:00
2025-10-21 01:00:00+02:00,46207.43,44999.655,2025-12-13 09:34:08.228144+00:00
2025-10-21 02:00:00+02:00,45511.0275,44053.05,2025-12-13 09:34:08.228144+00:00
2025-10-21 03:00:00+02:00,45630.62,43940.675,2025-12-13 09:34:08.228144+00:00
2025-10-21 04:00:00+02:00,47078.2025,44960.0,2025-12-13 09:34:08.228144+00:00
2025-10-21 05:00:00+02:00,50280.1775,47905.317500000005,2025-12-13 09:34:08.228144+00:00
2025-10-21 06:00:00+02:00,57208.2575,54161.2175,2025-12-13 09:34:08.228144+00:00
2025-10-21 07:00:00+02:00,62751.0,59480.2825,2025-12-13 09:34:08.228144+00:00
2025-10-21 08:00:00+02:00,65666.215,62658.7275,2025-12-13 09:34:08.228144+00:00
2025-10-21 09:00:00+02:00,66995.3775,64125.3125,2025-12-13 09:34:08.228144+00:00
2025-10-21 10:00:00+02:00,68268.8475,65356.6725,2025-12-13 09:34:08.228144+00:00
2025-10-21 11:00:00+02:00,68290.4175,65885.17,2025-12-13 09:34:08.228144+00:00
2025-10-21 12:00:00+02:00,68028.105,65249.33,2025-12-13 09:34:08.228144+00:00
2025-10-21 13:00:00+02:00,66275.0175,64024.5625,2025-12-13 09:34:08.228144+00:00
2025-10-21 14:00:00+02:00,65009.4075,62577.93,2025-12-13 09:34:08.228144+00:00
2025-10-21 15:00:00+02:00,63339.19,61527.9325,2025-12-13 09:34:08.228144+00:00
2025-10-21 16:00:00+02:00,62318.3675,60879.97,2025-12-13 09:34:08.228144+00:00
2025-10-21 17:00:00+02:00,63658.3875,61228.755000000005,2025-12-13 09:34:08.228144+00:00
2025-10-21 18:00:00+02:00,65102.9975,61774.315,2025-12-13 09:34:08.228144+00:00
2025-10-21 19:00:00+02:00,64494.5025,61486.0525,2025-12-13 09:34:08.228144+00:00
2025-10-21 20:00:00+02:00,61618.465,59094.792499999996,2025-12-13 09:34:08.228144+00:00
2025-10-21 21:00:00+02:00,58148.3875,55826.945,2025-12-13 09:34:08.228144+00:00
2025-10-21 22:00:00+02:00,54413.8125,52233.4875,2025-12-13 09:34:08.228144+00:00
2025-10-21 23:00:00+02:00,51132.1825,48903.2225,2025-12-13 09:34:08.228144+00:00
2025-10-22 00:00:00+02:00,48276.68,45974.71,2025-12-13 09:34:08.228144+00:00
2025-10-22 01:00:00+02:00,45975.2575,44482.23,2025-12-13 09:34:08.228144+00:00
2025-10-22 02:00:00+02:00,44885.854999999996,43606.322499999995,2025-12-13 09:34:08.228144+00:00
2025-10-22 03:00:00+02:00,44858.74,43653.222499999996,2025-12-13 09:34:08.228144+00:00
2025-10-22 04:00:00+02:00,45827.815,44727.1825,2025-12-13 09:34:08.228144+00:00
2025-10-22 05:00:00+02:00,49337.3675,47520.235,2025-12-13 09:34:08.228144+00:00
2025-10-22 06:00:00+02:00,57101.34,53874.6425,2025-12-13 09:34:08.228144+00:00
2025-10-22 07:00:00+02:00,63266.95,59530.9475,2025-12-13 09:34:08.228144+00:00
2025-10-22 08:00:00+02:00,65699.72,63174.085,2025-12-13 09:34:08.228144+00:00
2025-10-22 09:00:00+02:00,66606.355,64672.785,2025-12-13 09:34:08.228144+00:00
2025-10-22 10:00:00+02:00,67577.95999999999,65637.3025,2025-12-13 09:34:08.228144+00:00
2025-10-22 11:00:00+02:00,68221.005,66212.77249999999,2025-12-13 09:34:08.228144+00:00
2025-10-22 12:00:00+02:00,67763.82,65633.0375,2025-12-13 09:34:08.228144+00:00
2025-10-22 13:00:00+02:00,66889.56,64182.5875,2025-12-13 09:34:08.228144+00:00
2025-10-22 14:00:00+02:00,65184.47,62478.03,2025-12-13 09:34:08.228144+00:00
2025-10-22 15:00:00+02:00,63708.155,61164.4875,2025-12-13 09:34:08.228144+00:00
2025-10-22 16:00:00+02:00,62742.8075,60251.7425,2025-12-13 09:34:08.228144+00:00
2025-10-22 17:00:00+02:00,63149.1775,60559.9225,2025-12-13 09:34:08.228144+00:00
2025-10-22 18:00:00+02:00,64238.905,61288.6625,2025-12-13 09:34:08.228144+00:00
2025-10-22 19:00:00+02:00,63727.8025,61027.5525,2025-12-13 09:34:08.228144+00:00
2025-10-22 20:00:00+02:00,60740.7725,58590.417499999996,2025-12-13 09:34:08.228144+00:00
2025-10-22 21:00:00+02:00,57565.1525,55440.03,2025-12-13 09:34:08.228144+00:00
2025-10-22 22:00:00+02:00,53867.7175,51861.275,2025-12-13 09:34:08.228144+00:00
2025-10-22 23:00:00+02:00,50264.54,48574.005,2025-12-13 09:34:08.228144+00:00
2025-10-23 00:00:00+02:00,46753.4525,46916.7175,2025-12-13 09:34:08.228144+00:00
2025-10-23 01:00:00+02:00,44361.5775,45152.4225,2025-12-13 09:34:08.228144+00:00
2025-10-23 02:00:00+02:00,42800.96,44843.582500000004,2025-12-13 09:34:08.228144+00:00
2025-10-23 03:00:00+02:00,43809.28,45045.0175,2025-12-13 09:34:08.228144+00:00
2025-10-23 04:00:00+02:00,45736.1225,45897.11,2025-12-13 09:34:08.228144+00:00
2025-10-23 05:00:00+02:00,50287.005,48573.3925,2025-12-13 09:34:08.228144+00:00
2025-10-23 06:00:00+02:00,57390.345,54331.3075,2025-12-13 09:34:08.228144+00:00
2025-10-23 07:00:00+02:00,62645.74,59959.175,2025-12-13 09:34:08.228144+00:00
2025-10-23 08:00:00+02:00,66406.35,63688.09,2025-12-13 09:34:08.228144+00:00
2025-10-23 09:00:00+02:00,67168.2775,64836.18,2025-12-13 09:34:08.228144+00:00
2025-10-23 10:00:00+02:00,67274.4225,65742.22,2025-12-13 09:34:08.228144+00:00
2025-10-23 11:00:00+02:00,67625.225,66477.25,2025-12-13 09:34:08.228144+00:00
2025-10-23 12:00:00+02:00,68015.33,66031.2375,2025-12-13 09:34:08.228144+00:00
2025-10-23 13:00:00+02:00,67684.8675,65303.7025,2025-12-13 09:34:08.228144+00:00
2025-10-23 14:00:00+02:00,65750.9675,64129.035,2025-12-13 09:34:08.228144+00:00
2025-10-23 15:00:00+02:00,64482.29,62877.755000000005,2025-12-13 09:34:08.228144+00:00
2025-10-23 16:00:00+02:00,63040.037500000006,62118.18,2025-12-13 09:34:08.228144+00:00
2025-10-23 17:00:00+02:00,63577.9675,62970.76,2025-12-13 09:34:08.228144+00:00
2025-10-23 18:00:00+02:00,64739.6625,64007.130000000005,2025-12-13 09:34:08.228144+00:00
2025-10-23 19:00:00+02:00,63991.3,63863.895000000004,2025-12-13 09:34:08.228144+00:00
2025-10-23 20:00:00+02:00,61080.6125,61324.244999999995,2025-12-13 09:34:08.228144+00:00
2025-10-23 21:00:00+02:00,57992.8675,58210.315,2025-12-13 09:34:08.228144+00:00
2025-10-23 22:00:00+02:00,54962.0625,54775.9625,2025-12-13 09:34:08.228144+00:00
2025-10-23 23:00:00+02:00,51825.4775,51064.4775,2025-12-13 09:34:08.228144+00:00
2025-10-24 00:00:00+02:00,49651.707500000004,48497.1525,2025-12-13 09:34:08.228144+00:00
2025-10-24 01:00:00+02:00,47523.61,46483.4525,2025-12-13 09:34:08.228144+00:00
2025-10-24 02:00:00+02:00,46761.3375,45703.7775,2025-12-13 09:34:08.228144+00:00
2025-10-24 03:00:00+02:00,47071.62,45816.995,2025-12-13 09:34:08.228144+00:00
2025-10-24 04:00:00+02:00,48474.707500000004,46757.1,2025-12-13 09:34:08.228144+00:00
2025-10-24 05:00:00+02:00,52091.6225,49617.2575,2025-12-13 09:34:08.228144+00:00
2025-10-24 06:00:00+02:00,58962.1575,55538.3925,2025-12-13 09:34:08.228144+00:00
2025-10-24 07:00:00+02:00,64154.72,61679.86,2025-12-13 09:34:08.228144+00:00
2025-10-24 08:00:00+02:00,67256.995,65167.7775,2025-12-13 09:34:08.228144+00:00
2025-10-24 09:00:00+02:00,68218.0625,65825.6,2025-12-13 09:34:08.228144+00:00
2025-10-24 10:00:00+02:00,69899.575,66470.81,2025-12-13 09:34:08.228144+00:00
2025-10-24 11:00:00+02:00,69775.42,66962.11,2025-12-13 09:34:08.228144+00:00
2025-10-24 12:00:00+02:00,69256.85250000001,67116.59,2025-12-13 09:34:08.228144+00:00
2025-10-24 13:00:00+02:00,67936.6025,66004.8175,2025-12-13 09:34:08.228144+00:00
2025-10-24 14:00:00+02:00,65709.525,64105.215,2025-12-13 09:34:08.228144+00:00
2025-10-24 15:00:00+02:00,63913.335,62650.9825,2025-12-13 09:34:08.228144+00:00
2025-10-24 16:00:00+02:00,63204.2975,62770.8125,2025-12-13 09:34:08.228144+00:00
2025-10-24 17:00:00+02:00,62833.1925,62698.7,2025-12-13 09:34:08.228144+00:00
2025-10-24 18:00:00+02:00,63515.1575,63078.292499999996,2025-12-13 09:34:08.228144+00:00
2025-10-24 19:00:00+02:00,62888.7775,62253.34,2025-12-13 09:34:08.228144+00:00
2025-10-24 20:00:00+02:00,59569.2675,59250.7575,2025-12-13 09:34:08.228144+00:00
2025-10-24 21:00:00+02:00,56254.585,55781.5525,2025-12-13 09:34:08.228144+00:00
2025-10-24 22:00:00+02:00,53824.3575,52350.45,2025-12-13 09:34:08.228144+00:00
2025-10-24 23:00:00+02:00,50811.94,48811.745,2025-12-13 09:34:08.228144+00:00
2025-10-25 00:00:00+02:00,47492.61,45093.7625,2025-12-13 09:34:08.228144+00:00
2025-10-25 01:00:00+02:00,45559.7275,43121.395000000004,2025-12-13 09:34:08.228144+00:00
2025-10-25 02:00:00+02:00,44096.2,41883.7875,2025-12-13 09:34:08.228144+00:00
2025-10-25 03:00:00+02:00,43616.53,41503.1275,2025-12-13 09:34:08.228144+00:00
2025-10-25 04:00:00+02:00,43676.03,41548.270000000004,2025-12-13 09:34:08.228144+00:00
2025-10-25 05:00:00+02:00,44211.1175,41853.9725,2025-12-13 09:34:08.228144+00:00
2025-10-25 06:00:00+02:00,46634.1075,43348.6025,2025-12-13 09:34:08.228144+00:00
2025-10-25 07:00:00+02:00,49547.5325,46054.85,2025-12-13 09:34:08.228144+00:00
2025-10-25 08:00:00+02:00,52755.83,49563.0825,2025-12-13 09:34:08.228144+00:00
2025-10-25 09:00:00+02:00,55930.765,52596.2675,2025-12-13 09:34:08.228144+00:00
2025-10-25 10:00:00+02:00,57834.2975,54747.425,2025-12-13 09:34:08.228144+00:00
2025-10-25 11:00:00+02:00,59245.5975,55936.5725,2025-12-13 09:34:08.228144+00:00
2025-10-25 12:00:00+02:00,58873.552500000005,55292.4375,2025-12-13 09:34:08.228144+00:00
2025-10-25 13:00:00+02:00,57452.5525,53471.375,2025-12-13 09:34:08.228144+00:00
2025-10-25 14:00:00+02:00,55191.5025,51868.78,2025-12-13 09:34:08.228144+00:00
2025-10-25 15:00:00+02:00,54392.4675,51112.095,2025-12-13 09:34:08.228144+00:00
2025-10-25 16:00:00+02:00,54825.229999999996,51024.44,2025-12-13 09:34:08.228144+00:00
2025-10-25 17:00:00+02:00,56010.6075,51768.88,2025-12-13 09:34:08.228144+00:00
2025-10-25 18:00:00+02:00,57636.3375,53412.274999999994,2025-12-13 09:34:08.228144+00:00
2025-10-25 19:00:00+02:00,55788.6275,53224.9925,2025-12-13 09:34:08.228144+00:00
2025-10-25 20:00:00+02:00,53198.76,51219.5275,2025-12-13 09:34:08.228144+00:00
2025-10-25 21:00:00+02:00,51549.2,48972.2175,2025-12-13 09:34:08.228144+00:00
2025-10-25 22:00:00+02:00,49560.7575,46904.1725,2025-12-13 09:34:08.228144+00:00
2025-10-25 23:00:00+02:00,46975.8375,44420.7775,2025-12-13 09:34:08.228144+00:00
2025-10-26 00:00:00+02:00,42960.6475,42213.3125,2025-12-13 09:34:08.228144+00:00
2025-10-26 01:00:00+02:00,41227.4625,41254.6075,2025-12-13 09:34:08.228144+00:00
2025-10-26 02:00:00+02:00,,,2025-12-13 09:34:08.228144+00:00
2025-10-26 02:00:00+01:00,,,2025-12-13 09:34:08.228144+00:00
2025-10-26 03:00:00+01:00,40323.1725,39626.175,2025-12-13 09:34:08.228144+00:00
2025-10-26 04:00:00+01:00,40787.315,39706.2575,2025-12-13 09:34:08.228144+00:00
2025-10-26 05:00:00+01:00,40922.2425,40636.7525,2025-12-13 09:34:08.228144+00:00
2025-10-26 06:00:00+01:00,42675.985,42490.085,2025-12-13 09:34:08.228144+00:00
2025-10-26 07:00:00+01:00,45549.0575,45254.735,2025-12-13 09:34:08.228144+00:00
2025-10-26 08:00:00+01:00,49163.16,48235.8475,2025-12-13 09:34:08.228144+00:00
2025-10-26 09:00:00+01:00,52293.665,51171.93,2025-12-13 09:34:08.228144+00:00
2025-10-26 10:00:00+01:00,54747.035,53224.5275,2025-12-13 09:34:08.228144+00:00
2025-10-26 11:00:00+01:00,56054.87,54226.3375,2025-12-13 09:34:08.228144+00:00
2025-10-26 12:00:00+01:00,55808.2725,53800.63,2025-12-13 09:34:08.228144+00:00
2025-10-26 13:00:00+01:00,54348.815,52500.2925,2025-12-13 09:34:08.228144+00:00
2025-10-26 14:00:00+01:00,53115.6925,51058.7875,2025-12-13 09:34:08.228144+00:00
2025-10-26 15:00:00+01:00,52669.8425,50298.7775,2025-12-13 09:34:08.228144+00:00
2025-10-26 16:00:00+01:00,53016.785,50985.447499999995,2025-12-13 09:34:08.228144+00:00
2025-10-26 17:00:00+01:00,56405.5125,52496.985,2025-12-13 09:34:08.228144+00:00
2025-10-26 18:00:00+01:00,56761.97,53876.265,2025-12-13 09:34:08.228144+00:00
2025-10-26 19:00:00+01:00,54982.652500000004,54048.475000000006,2025-12-13 09:34:08.228144+00:00
2025-10-26 20:00:00+01:00,53102.1125,51836.25,2025-12-13 09:34:08.228144+00:00
2025-10-26 21:00:00+01:00,51731.345,49530.5225,2025-12-13 09:34:08.228144+00:00
2025-10-26 22:00:00+01:00,50571.38,47917.675,2025-12-13 09:34:08.228144+00:00
2025-10-26 23:00:00+01:00,47700.2575,45438.255,2025-12-13 09:34:08.228144+00:00
2025-10-27 00:00:00+01:00,45774.36,43432.3925,2025-12-13 09:34:08.228144+00:00
2025-10-27 01:00:00+01:00,44482.595,42677.4925,2025-12-13 09:34:08.228144+00:00
2025-10-27 02:00:00+01:00,43737.505,42470.0775,2025-12-13 09:34:08.228144+00:00
2025-10-27 03:00:00+01:00,44698.42,43293.7325,2025-12-13 09:34:08.228144+00:00
2025-10-27 04:00:00+01:00,46085.2025,45195.91,2025-12-13 09:34:08.228144+00:00
2025-10-27 05:00:00+01:00,50251.755,49795.19,2025-12-13 09:34:08.228144+00:00
2025-10-27 06:00:00+01:00,57946.235,58018.1475,2025-12-13 09:34:08.228144+00:00
2025-10-27 07:00:00+01:00,63416.58,63711.14,2025-12-13 09:34:08.228144+00:00
2025-10-27 08:00:00+01:00,66185.9425,66430.8125,2025-12-13 09:34:08.228144+00:00
2025-10-27 09:00:00+01:00,67079.95999999999,67281.01999999999,2025-12-13 09:34:08.228144+00:00
2025-10-27 10:00:00+01:00,68048.3475,68360.1125,2025-12-13 09:34:08.228144+00:00
2025-10-27 11:00:00+01:00,69143.3875,68838.3725,2025-12-13 09:34:08.228144+00:00
2025-10-27 12:00:00+01:00,69203.28,68565.7675,2025-12-13 09:34:08.228144+00:00
2025-10-27 13:00:00+01:00,67585.695,67592.19,2025-12-13 09:34:08.228144+00:00
2025-10-27 14:00:00+01:00,65772.5425,66479.1875,2025-12-13 09:34:08.228144+00:00
2025-10-27 15:00:00+01:00,64600.7025,65171.9675,2025-12-13 09:34:08.228144+00:00
2025-10-27 16:00:00+01:00,64072.485,64722.31,2025-12-13 09:34:08.228144+00:00
2025-10-27 17:00:00+01:00,66205.7475,65331.7875,2025-12-13 09:34:08.228144+00:00
2025-10-27 18:00:00+01:00,65638.45999999999,66486.32500000001,2025-12-13 09:34:08.228144+00:00
2025-10-27 19:00:00+01:00,64891.7225,65593.93,2025-12-13 09:34:08.228144+00:00
2025-10-27 20:00:00+01:00,62173.165,62215.13,2025-12-13 09:34:08.228144+00:00
2025-10-27 21:00:00+01:00,59336.935,58463.825,2025-12-13 09:34:08.228144+00:00
2025-10-27 22:00:00+01:00,56058.9525,54964.15,2025-12-13 09:34:08.228144+00:00
2025-10-27 23:00:00+01:00,52403.575,51086.2525,2025-12-13 09:34:08.228144+00:00
2025-10-28 00:00:00+01:00,48882.6475,47809.9025,2025-12-13 09:34:08.228144+00:00
2025-10-28 01:00:00+01:00,46936.682499999995,46273.354999999996,2025-12-13 09:34:08.228144+00:00
2025-10-28 02:00:00+01:00,46205.025,45525.9325,2025-12-13 09:34:08.228144+00:00
2025-10-28 03:00:00+01:00,47431.935,45990.66,2025-12-13 09:34:08.228144+00:00
2025-10-28 04:00:00+01:00,47844.545,47392.2475,2025-12-13 09:34:08.228144+00:00
2025-10-28 05:00:00+01:00,50803.365,50787.1225,2025-12-13 09:34:08.228144+00:00
2025-10-28 06:00:00+01:00,57796.81,57181.1725,2025-12-13 09:34:08.228144+00:00
2025-10-28 07:00:00+01:00,63176.1575,62333.9675,2025-12-13 09:34:08.228144+00:00
2025-10-28 08:00:00+01:00,66968.6425,65023.1375,2025-12-13 09:34:08.228144+00:00
2025-10-28 09:00:00+01:00,67954.1125,65952.5,2025-12-13 09:34:08.228144+00:00
2025-10-28 10:00:00+01:00,69563.91500000001,66997.70749999999,2025-12-13 09:34:08.228144+00:00
2025-10-28 11:00:00+01:00,70490.025,67603.7175,2025-12-13 09:34:08.228144+00:00
2025-10-28 12:00:00+01:00,70337.7625,67217.6575,2025-12-13 09:34:08.228144+00:00
2025-10-28 13:00:00+01:00,68353.1875,66379.42,2025-12-13 09:34:08.228144+00:00
2025-10-28 14:00:00+01:00,66297.4475,65232.4225,2025-12-13 09:34:08.228144+00:00
2025-10-28 15:00:00+01:00,65502.075,64287.3375,2025-12-13 09:34:08.228144+00:00
2025-10-28 16:00:00+01:00,65360.854999999996,63744.5975,2025-12-13 09:34:08.228144+00:00
2025-10-28 17:00:00+01:00,68152.3675,64157.985,2025-12-13 09:34:08.228144+00:00
2025-10-28 18:00:00+01:00,67882.4375,65419.600000000006,2025-12-13 09:34:08.228144+00:00
2025-10-28 19:00:00+01:00,65076.4625,64646.0,2025-12-13 09:34:08.228144+00:00
2025-10-28 20:00:00+01:00,62283.1725,61151.0725,2025-12-13 09:34:08.228144+00:00
2025-10-28 21:00:00+01:00,58491.825,57523.565,2025-12-13 09:34:08.228144+00:00
2025-10-28 22:00:00+01:00,54333.082500000004,54092.14,2025-12-13 09:34:08.228144+00:00
2025-10-28 23:00:00+01:00,50703.155,50458.0775,2025-12-13 09:34:08.228144+00:00
2025-10-29 00:00:00+01:00,47718.3925,47746.665,2025-12-13 09:34:08.228144+00:00
2025-10-29 01:00:00+01:00,46264.335,46429.0025,2025-12-13 09:34:08.228144+00:00
2025-10-29 02:00:00+01:00,45343.0975,45939.317500000005,2025-12-13 09:34:08.228144+00:00
2025-10-29 03:00:00+01:00,45993.8875,46190.9,2025-12-13 09:34:08.228144+00:00
2025-10-29 04:00:00+01:00,46918.9275,47435.909999999996,2025-12-13 09:34:08.228144+00:00
2025-10-29 05:00:00+01:00,50980.494999999995,50688.9375,2025-12-13 09:34:08.228144+00:00
2025-10-29 06:00:00+01:00,58538.1375,56956.9125,2025-12-13 09:34:08.228144+00:00
2025-10-29 07:00:00+01:00,63451.4975,62264.545,2025-12-13 09:34:08.228144+00:00
2025-10-29 08:00:00+01:00,66759.29000000001,65113.0,2025-12-13 09:34:08.228144+00:00
2025-10-29 09:00:00+01:00,67311.1475,65671.6825,2025-12-13 09:34:08.228144+00:00
2025-10-29 10:00:00+01:00,67842.15,66531.2975,2025-12-13 09:34:08.228144+00:00
2025-10-29 11:00:00+01:00,67314.6125,66970.1225,2025-12-13 09:34:08.228144+00:00
2025-10-29 12:00:00+01:00,66068.9675,66727.095,2025-12-13 09:34:08.228144+00:00
2025-10-29 13:00:00+01:00,65123.8925,66057.92749999999,2025-12-13 09:34:08.228144+00:00
2025-10-29 14:00:00+01:00,63231.905,64744.65,2025-12-13 09:34:08.228144+00:00
2025-10-29 15:00:00+01:00,62392.905,63746.2425,2025-12-13 09:34:08.228144+00:00
2025-10-29 16:00:00+01:00,62494.34,63238.65,2025-12-13 09:34:08.228144+00:00
2025-10-29 17:00:00+01:00,65332.6275,63858.285,2025-12-13 09:34:08.228144+00:00
2025-10-29 18:00:00+01:00,65435.935,65204.33,2025-12-13 09:34:08.228144+00:00
2025-10-29 19:00:00+01:00,64097.23,64306.2975,2025-12-13 09:34:08.228144+00:00
2025-10-29 20:00:00+01:00,60681.66,60921.7975,2025-12-13 09:34:08.228144+00:00
2025-10-29 21:00:00+01:00,57231.8725,57341.3675,2025-12-13 09:34:08.228144+00:00
2025-10-29 22:00:00+01:00,53418.605,53875.905,2025-12-13 09:34:08.228144+00:00
2025-10-29 23:00:00+01:00,48870.1375,50073.81,2025-12-13 09:34:08.228144+00:00
2025-10-30 00:00:00+01:00,46365.435,47827.3675,2025-12-13 09:34:08.228144+00:00
2025-10-30 01:00:00+01:00,44415.2975,46458.950000000004,2025-12-13 09:34:08.228144+00:00
2025-10-30 02:00:00+01:00,43571.45,46215.685,2025-12-13 09:34:08.228144+00:00
2025-10-30 03:00:00+01:00,44547.380000000005,46531.447499999995,2025-12-13 09:34:08.228144+00:00
2025-10-30 04:00:00+01:00,45811.9,47780.7375,2025-12-13 09:34:08.228144+00:00
2025-10-30 05:00:00+01:00,49528.9725,51536.0825,2025-12-13 09:34:08.228144+00:00
2025-10-30 06:00:00+01:00,57117.5325,57981.015,2025-12-13 09:34:08.228144+00:00
2025-10-30 07:00:00+01:00,62427.24,63094.9225,2025-12-13 09:34:08.228144+00:00
2025-10-30 08:00:00+01:00,66485.8425,65596.20749999999,2025-12-13 09:34:08.228144+00:00
2025-10-30 09:00:00+01:00,68186.685,66510.5125,2025-12-13 09:34:08.228144+00:00
2025-10-30 10:00:00+01:00,68671.255,67336.4175,2025-12-13 09:34:08.228144+00:00
2025-10-30 11:00:00+01:00,69311.45,68057.555,2025-12-13 09:34:08.228144+00:00
2025-10-30 12:00:00+01:00,67813.08,67365.365,2025-12-13 09:34:08.228144+00:00
2025-10-30 13:00:00+01:00,66086.39,65892.6325,2025-12-13 09:34:08.228144+00:00
2025-10-30 14:00:00+01:00,64679.8675,64007.53,2025-12-13 09:34:08.228144+00:00
2025-10-30 15:00:00+01:00,63702.8725,63419.899999999994,2025-12-13 09:34:08.228144+00:00
2025-10-30 16:00:00+01:00,63464.6275,64113.9075,2025-12-13 09:34:08.228144+00:00
2025-10-30 17:00:00+01:00,66087.1075,65631.7575,2025-12-13 09:34:08.228144+00:00
2025-10-30 18:00:00+01:00,66009.8625,66025.245,2025-12-13 09:34:08.228144+00:00
2025-10-30 19:00:00+01:00,63816.917499999996,64767.075000000004,2025-12-13 09:34:08.228144+00:00
2025-10-30 20:00:00+01:00,60734.78,61398.6875,2025-12-13 09:34:08.228144+00:00
2025-10-30 21:00:00+01:00,57047.155,57662.4925,2025-12-13 09:34:08.228144+00:00
2025-10-30 22:00:00+01:00,53391.945,54247.3575,2025-12-13 09:34:08.228144+00:00
2025-10-30 23:00:00+01:00,49189.9525,50831.43,2025-12-13 09:34:08.228144+00:00
2025-10-31 00:00:00+01:00,46567.869999999995,46493.83500000001,2025-12-13 09:34:08.228144+00:00
2025-10-31 01:00:00+01:00,45152.545,44901.43,2025-12-13 09:34:08.228144+00:00
2025-10-31 02:00:00+01:00,44436.17,44333.1125,2025-12-13 09:34:08.228144+00:00
2025-10-31 03:00:00+01:00,44532.5325,44793.675,2025-12-13 09:34:08.228144+00:00
2025-10-31 04:00:00+01:00,45747.417499999996,46200.5975,2025-12-13 09:34:08.228144+00:00
2025-10-31 05:00:00+01:00,48828.1125,49511.6475,2025-12-13 09:34:08.228144+00:00
2025-10-31 06:00:00+01:00,53093.9375,55120.035,2025-12-13 09:34:08.228144+00:00
2025-10-31 07:00:00+01:00,57866.685,60400.4925,2025-12-13 09:34:08.228144+00:00
2025-10-31 08:00:00+01:00,61196.4975,63239.792499999996,2025-12-13 09:34:08.228144+00:00
2025-10-31 09:00:00+01:00,62508.215,63499.4375,2025-12-13 09:34:08.228144+00:00
2025-10-31 10:00:00+01:00,62858.035,64194.899999999994,2025-12-13 09:34:08.228144+00:00
2025-10-31 11:00:00+01:00,63475.307499999995,64910.025,2025-12-13 09:34:08.228144+00:00
2025-10-31 12:00:00+01:00,61929.825,64514.5125,2025-12-13 09:34:08.228144+00:00
2025-10-31 13:00:00+01:00,60486.95,63091.3625,2025-12-13 09:34:08.228144+00:00
2025-10-31 14:00:00+01:00,58632.9725,61451.4775,2025-12-13 09:34:08.228144+00:00
2025-10-31 15:00:00+01:00,57713.3225,60187.1925,2025-12-13 09:34:08.228144+00:00
2025-10-31 16:00:00+01:00,58009.015,61332.315,2025-12-13 09:34:08.228144+00:00
2025-10-31 17:00:00+01:00,60287.7175,61972.6025,2025-12-13 09:34:08.228144+00:00
2025-10-31 18:00:00+01:00,59559.5575,62497.31,2025-12-13 09:34:08.228144+00:00
2025-10-31 19:00:00+01:00,57858.055,60783.6,2025-12-13 09:34:08.228144+00:00
2025-10-31 20:00:00+01:00,55114.2875,57271.9075,2025-12-13 09:34:08.228144+00:00
2025-10-31 21:00:00+01:00,52468.66,53627.9275,2025-12-13 09:34:08.228144+00:00
2025-10-31 22:00:00+01:00,49483.4325,50317.9075,2025-12-13 09:34:08.228144+00:00
2025-10-31 23:00:00+01:00,46293.19,47139.5475,2025-12-13 09:34:08.228144+00:00
2025-11-01 00:00:00+01:00,44056.515,43995.31,2025-12-13 09:34:08.228144+00:00
2025-11-01 01:00:00+01:00,42542.955,42172.57,2025-12-13 09:34:08.228144+00:00
2025-11-01 02:00:00+01:00,41807.555,41197.825,2025-12-13 09:34:08.228144+00:00
2025-11-01 03:00:00+01:00,41204.81,40660.34,2025-12-13 09:34:08.228144+00:00
2025-11-01 04:00:00+01:00,40166.0625,40637.7925,2025-12-13 09:34:08.228144+00:00
2025-11-01 05:00:00+01:00,40715.3425,39946.94,2025-12-13 09:34:08.228144+00:00
2025-11-01 06:00:00+01:00,43355.1625,39946.1025,2025-12-13 09:34:08.228144+00:00
2025-11-01 07:00:00+01:00,45581.292499999996,42442.2675,2025-12-13 09:34:08.228144+00:00
2025-11-01 08:00:00+01:00,49151.5075,45685.927500000005,2025-12-13 09:34:08.228144+00:00
2025-11-01 09:00:00+01:00,52123.417499999996,48894.1125,2025-12-13 09:34:08.228144+00:00
2025-11-01 10:00:00+01:00,52431.7625,51154.29,2025-12-13 09:34:08.228144+00:00
2025-11-01 11:00:00+01:00,54538.6925,52474.915,2025-12-13 09:34:08.228144+00:00
2025-11-01 12:00:00+01:00,54759.2375,52337.9025,2025-12-13 09:34:08.228144+00:00
2025-11-01 13:00:00+01:00,52837.4375,50715.9525,2025-12-13 09:34:08.228144+00:00
2025-11-01 14:00:00+01:00,52286.27,49091.33,2025-12-13 09:34:08.228144+00:00
2025-11-01 15:00:00+01:00,53377.855,48307.4725,2025-12-13 09:34:08.228144+00:00
2025-11-01 16:00:00+01:00,53987.95,48934.0925,2025-12-13 09:34:08.228144+00:00
2025-11-01 17:00:00+01:00,55183.435,50513.7925,2025-12-13 09:34:08.228144+00:00
2025-11-01 18:00:00+01:00,55663.8875,52055.3675,2025-12-13 09:34:08.228144+00:00
2025-11-01 19:00:00+01:00,53958.822499999995,51863.5375,2025-12-13 09:34:08.228144+00:00
2025-11-01 20:00:00+01:00,51049.6925,49433.1875,2025-12-13 09:34:08.228144+00:00
2025-11-01 21:00:00+01:00,49080.5175,47255.0,2025-12-13 09:34:08.228144+00:00
2025-11-01 22:00:00+01:00,46873.5675,45645.425,2025-12-13 09:34:08.228144+00:00
2025-11-01 23:00:00+01:00,43320.0375,43344.68,2025-12-13 09:34:08.228144+00:00
2025-11-02 00:00:00+01:00,41183.6325,41439.494999999995,2025-12-13 09:34:08.228144+00:00
2025-11-02 01:00:00+01:00,39699.76,40202.82,2025-12-13 09:34:08.228144+00:00
2025-11-02 02:00:00+01:00,38943.0075,39864.7125,2025-12-13 09:34:08.228144+00:00
2025-11-02 03:00:00+01:00,38788.8825,39917.51,2025-12-13 09:34:08.228144+00:00
2025-11-02 04:00:00+01:00,39031.335,40482.4175,2025-12-13 09:34:08.228144+00:00
2025-11-02 05:00:00+01:00,39601.92,42155.24,2025-12-13 09:34:08.228144+00:00
2025-11-02 06:00:00+01:00,40752.905,44432.3275,2025-12-13 09:34:08.228144+00:00
2025-11-02 07:00:00+01:00,42328.5075,47012.8,2025-12-13 09:34:08.228144+00:00
2025-11-02 08:00:00+01:00,45677.3125,49758.5125,2025-12-13 09:34:08.228144+00:00
2025-11-02 09:00:00+01:00,49149.5125,51903.5375,2025-12-13 09:34:08.228144+00:00
2025-11-02 10:00:00+01:00,51579.065,53758.28,2025-12-13 09:34:08.228144+00:00
2025-11-02 11:00:00+01:00,53094.715,55044.6175,2025-12-13 09:34:08.228144+00:00
2025-11-02 12:00:00+01:00,52667.6125,55327.6025,2025-12-13 09:34:08.228144+00:00
2025-11-02 13:00:00+01:00,50675.6275,54043.994999999995,2025-12-13 09:34:08.228144+00:00
2025-11-02 14:00:00+01:00,49955.095,52594.675,2025-12-13 09:34:08.228144+00:00
2025-11-02 15:00:00+01:00,49898.32,52542.665,2025-12-13 09:34:08.228144+00:00
2025-11-02 16:00:00+01:00,50642.0425,53680.125,2025-12-13 09:34:08.228144+00:00
2025-11-02 17:00:00+01:00,54599.01,56123.2275,2025-12-13 09:34:08.228144+00:00
2025-11-02 18:00:00+01:00,55368.4075,57173.2125,2025-12-13 09:34:08.228144+00:00
2025-11-02 19:00:00+01:00,53812.402500000004,55912.1575,2025-12-13 09:34:08.228144+00:00
2025-11-02 20:00:00+01:00,51801.175,53661.84,2025-12-13 09:34:08.228144+00:00
2025-11-02 21:00:00+01:00,49589.305,51753.575,2025-12-13 09:34:08.228144+00:00
2025-11-02 22:00:00+01:00,47443.4625,49621.417499999996,2025-12-13 09:34:08.228144+00:00
2025-11-02 23:00:00+01:00,44539.0375,46864.675,2025-12-13 09:34:08.228144+00:00
2025-11-03 00:00:00+01:00,42792.845,44015.5875,2025-12-13 09:34:08.228144+00:00
2025-11-03 01:00:00+01:00,42026.3825,42787.6775,2025-12-13 09:34:08.228144+00:00
2025-11-03 02:00:00+01:00,41881.69,42438.005,2025-12-13 09:34:08.228144+00:00
2025-11-03 03:00:00+01:00,42259.384999999995,42640.4525,2025-12-13 09:34:08.228144+00:00
2025-11-03 04:00:00+01:00,44013.545,44031.9375,2025-12-13 09:34:08.228144+00:00
2025-11-03 05:00:00+01:00,48384.18,48151.7925,2025-12-13 09:34:08.228144+00:00
2025-11-03 06:00:00+01:00,56501.285,55502.2375,2025-12-13 09:34:08.228144+00:00
2025-11-03 07:00:00+01:00,61783.805,61008.3,2025-12-13 09:34:08.228144+00:00
2025-11-03 08:00:00+01:00,65614.30249999999,64207.2175,2025-12-13 09:34:08.228144+00:00
2025-11-03 09:00:00+01:00,66599.7,65407.27250000001,2025-12-13 09:34:08.228144+00:00
2025-11-03 10:00:00+01:00,67417.8325,66300.8075,2025-12-13 09:34:08.228144+00:00
2025-11-03 11:00:00+01:00,67913.2925,66840.3425,2025-12-13 09:34:08.228144+00:00
2025-11-03 12:00:00+01:00,67124.5325,66115.235,2025-12-13 09:34:08.228144+00:00
2025-11-03 13:00:00+01:00,66362.09,65303.409999999996,2025-12-13 09:34:08.228144+00:00
2025-11-03 14:00:00+01:00,65341.7275,64064.695,2025-12-13 09:34:08.228144+00:00
2025-11-03 15:00:00+01:00,64683.7825,63179.145000000004,2025-12-13 09:34:08.228144+00:00
2025-11-03 16:00:00+01:00,65487.01,63466.06,2025-12-13 09:34:08.228144+00:00
2025-11-03 17:00:00+01:00,68664.94,65095.244999999995,2025-12-13 09:34:08.228144+00:00
2025-11-03 18:00:00+01:00,68932.395,65433.72,2025-12-13 09:34:08.228144+00:00
2025-11-03 19:00:00+01:00,68063.83,63709.9225,2025-12-13 09:34:08.228144+00:00
2025-11-03 20:00:00+01:00,64540.3725,60621.7525,2025-12-13 09:34:08.228144+00:00
2025-11-03 21:00:00+01:00,60905.77,57151.36,2025-12-13 09:34:08.228144+00:00
2025-11-03 22:00:00+01:00,57079.5175,53535.06,2025-12-13 09:34:08.228144+00:00
2025-11-03 23:00:00+01:00,53579.380000000005,49873.1225,2025-12-13 09:34:08.228144+00:00
2025-11-04 00:00:00+01:00,49420.332500000004,47132.835,2025-12-13 09:34:08.228144+00:00
2025-11-04 01:00:00+01:00,47727.33,45633.4,2025-12-13 09:34:08.228144+00:00
2025-11-04 02:00:00+01:00,47112.5275,45198.99,2025-12-13 09:34:08.228144+00:00
2025-11-04 03:00:00+01:00,47221.0325,45377.53,2025-12-13 09:34:08.228144+00:00
2025-11-04 04:00:00+01:00,48344.1025,46606.155,2025-12-13 09:34:08.228144+00:00
2025-11-04 05:00:00+01:00,51587.5375,50213.6975,2025-12-13 09:34:08.228144+00:00
2025-11-04 06:00:00+01:00,58922.0075,56279.8275,2025-12-13 09:34:08.228144+00:00
2025-11-04 07:00:00+01:00,63368.13,60917.8975,2025-12-13 09:34:08.228144+00:00
2025-11-04 08:00:00+01:00,66568.235,63507.9725,2025-12-13 09:34:08.228144+00:00
2025-11-04 09:00:00+01:00,67510.2825,64690.41,2025-12-13 09:34:08.228144+00:00
2025-11-04 10:00:00+01:00,68313.83,65414.2975,2025-12-13 09:34:08.228144+00:00
2025-11-04 11:00:00+01:00,67423.2,65905.995,2025-12-13 09:34:08.228144+00:00
2025-11-04 12:00:00+01:00,66416.425,65076.01,2025-12-13 09:34:08.228144+00:00
2025-11-04 13:00:00+01:00,64727.235,63666.9925,2025-12-13 09:34:08.228144+00:00
2025-11-04 14:00:00+01:00,63346.9275,62440.277500000004,2025-12-13 09:34:08.228144+00:00
2025-11-04 15:00:00+01:00,62865.39,61721.8525,2025-12-13 09:34:08.228144+00:00
2025-11-04 16:00:00+01:00,63583.95,62005.3825,2025-12-13 09:34:08.228144+00:00
2025-11-04 17:00:00+01:00,67123.33499999999,63391.89,2025-12-13 09:34:08.228144+00:00
2025-11-04 18:00:00+01:00,68196.8925,64072.3975,2025-12-13 09:34:08.228144+00:00
2025-11-04 19:00:00+01:00,67275.4975,62681.065,2025-12-13 09:34:08.228144+00:00
2025-11-04 20:00:00+01:00,63456.479999999996,59599.807499999995,2025-12-13 09:34:08.228144+00:00
2025-11-04 21:00:00+01:00,59486.7125,56178.385,2025-12-13 09:34:08.228144+00:00
2025-11-04 22:00:00+01:00,55501.3725,52638.2375,2025-12-13 09:34:08.228144+00:00
2025-11-04 23:00:00+01:00,51547.8725,49350.9825,2025-12-13 09:34:08.228144+00:00
2025-11-05 00:00:00+01:00,49001.707500000004,46684.39,2025-12-13 09:34:08.228144+00:00
2025-11-05 01:00:00+01:00,47313.1475,45521.1225,2025-12-13 09:34:08.228144+00:00
2025-11-05 02:00:00+01:00,46406.557499999995,44989.0625,2025-12-13 09:34:08.228144+00:00
2025-11-05 03:00:00+01:00,46957.51,45232.3775,2025-12-13 09:34:08.228144+00:00
2025-11-05 04:00:00+01:00,48462.4125,46675.2225,2025-12-13 09:34:08.228144+00:00
2025-11-05 05:00:00+01:00,52586.3775,50086.845,2025-12-13 09:34:08.228144+00:00
2025-11-05 06:00:00+01:00,61153.6475,56504.119999999995,2025-12-13 09:34:08.228144+00:00
2025-11-05 07:00:00+01:00,65230.9025,61726.485,2025-12-13 09:34:08.228144+00:00
2025-11-05 08:00:00+01:00,68687.92749999999,64666.942500000005,2025-12-13 09:34:08.228144+00:00
2025-11-05 09:00:00+01:00,68898.6225,65380.315,2025-12-13 09:34:08.228144+00:00
2025-11-05 10:00:00+01:00,68500.23999999999,65615.605,2025-12-13 09:34:08.228144+00:00
2025-11-05 11:00:00+01:00,68239.0075,65788.6725,2025-12-13 09:34:08.228144+00:00
2025-11-05 12:00:00+01:00,67202.0875,64607.94,2025-12-13 09:34:08.228144+00:00
2025-11-05 13:00:00+01:00,64812.5775,63193.175,2025-12-13 09:34:08.228144+00:00
2025-11-05 14:00:00+01:00,62913.244999999995,62163.7675,2025-12-13 09:34:08.228144+00:00
2025-11-05 15:00:00+01:00,63205.78,61188.4775,2025-12-13 09:34:08.228144+00:00
2025-11-05 16:00:00+01:00,63592.354999999996,61309.19,2025-12-13 09:34:08.228144+00:00
2025-11-05 17:00:00+01:00,66495.67,63338.2175,2025-12-13 09:34:08.228144+00:00
2025-11-05 18:00:00+01:00,66884.1525,64684.085,2025-12-13 09:34:08.228144+00:00
2025-11-05 19:00:00+01:00,65846.1725,62985.53,2025-12-13 09:34:08.228144+00:00
2025-11-05 20:00:00+01:00,62562.61,59895.1075,2025-12-13 09:34:08.228144+00:00
2025-11-05 21:00:00+01:00,58742.557499999995,56472.695,2025-12-13 09:34:08.228144+00:00
2025-11-05 22:00:00+01:00,54527.520000000004,52894.259999999995,2025-12-13 09:34:08.228144+00:00
2025-11-05 23:00:00+01:00,51043.4625,49229.1575,2025-12-13 09:34:08.228144+00:00
2025-11-06 00:00:00+01:00,48924.0275,48073.5075,2025-12-13 09:34:08.228144+00:00
2025-11-06 01:00:00+01:00,47047.815,46586.8225,2025-12-13 09:34:08.228144+00:00
2025-11-06 02:00:00+01:00,46314.185,46222.9925,2025-12-13 09:34:08.228144+00:00
2025-11-06 03:00:00+01:00,46728.332500000004,46253.835,2025-12-13 09:34:08.228144+00:00
2025-11-06 04:00:00+01:00,48076.34,46984.4125,2025-12-13 09:34:08.228144+00:00
2025-11-06 05:00:00+01:00,51891.740000000005,50261.78,2025-12-13 09:34:08.228144+00:00
2025-11-06 06:00:00+01:00,60145.7925,56845.2525,2025-12-13 09:34:08.228144+00:00
2025-11-06 07:00:00+01:00,65076.0825,61992.5925,2025-12-13 09:34:08.228144+00:00
2025-11-06 08:00:00+01:00,68250.12,65121.2525,2025-12-13 09:34:08.228144+00:00
2025-11-06 09:00:00+01:00,68887.1125,65491.6375,2025-12-13 09:34:08.228144+00:00
2025-11-06 10:00:00+01:00,69177.9525,65645.0575,2025-12-13 09:34:08.228144+00:00
2025-11-06 11:00:00+01:00,68775.485,65749.55,2025-12-13 09:34:08.228144+00:00
2025-11-06 12:00:00+01:00,67911.315,64880.807499999995,2025-12-13 09:34:08.228144+00:00
2025-11-06 13:00:00+01:00,66215.035,64281.8475,2025-12-13 09:34:08.228144+00:00
2025-11-06 14:00:00+01:00,64674.31,62808.2275,2025-12-13 09:34:08.228144+00:00
2025-11-06 15:00:00+01:00,64020.63,61799.0975,2025-12-13 09:34:08.228144+00:00
2025-11-06 16:00:00+01:00,64473.975,62505.8825,2025-12-13 09:34:08.228144+00:00
2025-11-06 17:00:00+01:00,67743.52,64773.82,2025-12-13 09:34:08.228144+00:00
2025-11-06 18:00:00+01:00,67720.4925,66001.27249999999,2025-12-13 09:34:08.228144+00:00
2025-11-06 19:00:00+01:00,66400.7775,64502.299999999996,2025-12-13 09:34:08.228144+00:00
2025-11-06 20:00:00+01:00,63270.942500000005,60815.705,2025-12-13 09:34:08.228144+00:00
2025-11-06 21:00:00+01:00,59451.380000000005,57299.2025,2025-12-13 09:34:08.228144+00:00
2025-11-06 22:00:00+01:00,56196.2475,53686.43,2025-12-13 09:34:08.228144+00:00
2025-11-06 23:00:00+01:00,51865.72,50071.74,2025-12-13 09:34:08.228144+00:00
2025-11-07 00:00:00+01:00,49078.0525,49241.69,2025-12-13 09:34:08.228144+00:00
2025-11-07 01:00:00+01:00,47410.4825,47960.085,2025-12-13 09:34:08.228144+00:00
2025-11-07 02:00:00+01:00,47042.994999999995,47552.0125,2025-12-13 09:34:08.228144+00:00
2025-11-07 03:00:00+01:00,47645.6825,47946.6175,2025-12-13 09:34:08.228144+00:00
2025-11-07 04:00:00+01:00,49011.065,49221.5175,2025-12-13 09:34:08.228144+00:00
2025-11-07 05:00:00+01:00,52774.229999999996,52954.3825,2025-12-13 09:34:08.228144+00:00
2025-11-07 06:00:00+01:00,60377.06,59435.4025,2025-12-13 09:34:08.228144+00:00
2025-11-07 07:00:00+01:00,65699.6525,64721.42,2025-12-13 09:34:08.228144+00:00
2025-11-07 08:00:00+01:00,68756.6,67549.405,2025-12-13 09:34:08.228144+00:00
2025-11-07 09:00:00+01:00,69224.26999999999,67961.7175,2025-12-13 09:34:08.228144+00:00
2025-11-07 10:00:00+01:00,69935.3,68243.175,2025-12-13 09:34:08.228144+00:00
2025-11-07 11:00:00+01:00,69500.9525,68082.9475,2025-12-13 09:34:08.228144+00:00
2025-11-07 12:00:00+01:00,68492.8175,67478.94,2025-12-13 09:34:08.228144+00:00
2025-11-07 13:00:00+01:00,66706.4625,65589.7825,2025-12-13 09:34:08.228144+00:00
2025-11-07 14:00:00+01:00,65226.46,63861.685,2025-12-13 09:34:08.228144+00:00
2025-11-07 15:00:00+01:00,64874.115,62872.7925,2025-12-13 09:34:08.228144+00:00
2025-11-07 16:00:00+01:00,65677.12,63872.917499999996,2025-12-13 09:34:08.228144+00:00
2025-11-07 17:00:00+01:00,68020.67,65874.16,2025-12-13 09:34:08.228144+00:00
2025-11-07 18:00:00+01:00,67278.1875,66413.5825,2025-12-13 09:34:08.228144+00:00
2025-11-07 19:00:00+01:00,64902.15,64584.979999999996,2025-12-13 09:34:08.228144+00:00
2025-11-07 20:00:00+01:00,61293.8075,60562.4375,2025-12-13 09:34:08.228144+00:00
2025-11-07 21:00:00+01:00,57365.885,56651.5625,2025-12-13 09:34:08.228144+00:00
2025-11-07 22:00:00+01:00,54055.93,53380.4275,2025-12-13 09:34:08.228144+00:00
2025-11-07 23:00:00+01:00,51222.1,49961.8975,2025-12-13 09:34:08.228144+00:00
2025-11-08 00:00:00+01:00,48257.1225,47220.880000000005,2025-12-13 09:34:08.228144+00:00
2025-11-08 01:00:00+01:00,46294.4125,45145.134999999995,2025-12-13 09:34:08.228144+00:00
2025-11-08 02:00:00+01:00,45169.0125,44123.8125,2025-12-13 09:34:08.228144+00:00
2025-11-08 03:00:00+01:00,44766.475,43846.07,2025-12-13 09:34:08.228144+00:00
2025-11-08 04:00:00+01:00,44951.6175,43765.26,2025-12-13 09:34:08.228144+00:00
2025-11-08 05:00:00+01:00,45946.185,45266.025,2025-12-13 09:34:08.228144+00:00
2025-11-08 06:00:00+01:00,47786.354999999996,47702.24,2025-12-13 09:34:08.228144+00:00
2025-11-08 07:00:00+01:00,50630.4675,50509.4825,2025-12-13 09:34:08.228144+00:00
2025-11-08 08:00:00+01:00,54143.0775,53852.8775,2025-12-13 09:34:08.228144+00:00
2025-11-08 09:00:00+01:00,57017.96,56422.87,2025-12-13 09:34:08.228144+00:00
2025-11-08 10:00:00+01:00,58412.2,58304.6525,2025-12-13 09:34:08.228144+00:00
2025-11-08 11:00:00+01:00,59601.555,59467.085,2025-12-13 09:34:08.228144+00:00
2025-11-08 12:00:00+01:00,59415.005,59025.2175,2025-12-13 09:34:08.228144+00:00
2025-11-08 13:00:00+01:00,57240.94,57154.3325,2025-12-13 09:34:08.228144+00:00
2025-11-08 14:00:00+01:00,55867.417499999996,54908.65,2025-12-13 09:34:08.228144+00:00
2025-11-08 15:00:00+01:00,55561.3975,54158.6575,2025-12-13 09:34:08.228144+00:00
2025-11-08 16:00:00+01:00,56601.96,54836.817500000005,2025-12-13 09:34:08.228144+00:00
2025-11-08 17:00:00+01:00,59257.917499999996,56785.705,2025-12-13 09:34:08.228144+00:00
2025-11-08 18:00:00+01:00,59160.1325,58495.235,2025-12-13 09:34:08.228144+00:00
2025-11-08 19:00:00+01:00,57055.7175,56812.722499999996,2025-12-13 09:34:08.228144+00:00
2025-11-08 20:00:00+01:00,53827.3,53978.2175,2025-12-13 09:34:08.228144+00:00
2025-11-08 21:00:00+01:00,51376.4825,51387.8575,2025-12-13 09:34:08.228144+00:00
2025-11-08 22:00:00+01:00,49767.445,49305.2875,2025-12-13 09:34:08.228144+00:00
2025-11-08 23:00:00+01:00,46993.62,46595.2075,2025-12-13 09:34:08.228144+00:00
2025-11-09 00:00:00+01:00,44505.745,44312.56,2025-12-13 09:34:08.228144+00:00
2025-11-09 01:00:00+01:00,41910.485,42744.8875,2025-12-13 09:34:08.228144+00:00
2025-11-09 02:00:00+01:00,40349.8025,42129.835,2025-12-13 09:34:08.228144+00:00
2025-11-09 03:00:00+01:00,39986.33,41779.3525,2025-12-13 09:34:08.228144+00:00
2025-11-09 04:00:00+01:00,40308.354999999996,41733.185,2025-12-13 09:34:08.228144+00:00
2025-11-09 05:00:00+01:00,40710.54,42491.54,2025-12-13 09:34:08.228144+00:00
2025-11-09 06:00:00+01:00,42058.9025,44693.19,2025-12-13 09:34:08.228144+00:00
2025-11-09 07:00:00+01:00,44171.545,47278.457500000004,2025-12-13 09:34:08.228144+00:00
2025-11-09 08:00:00+01:00,47436.725,50418.485,2025-12-13 09:34:08.228144+00:00
2025-11-09 09:00:00+01:00,50638.5325,53105.177500000005,2025-12-13 09:34:08.228144+00:00
2025-11-09 10:00:00+01:00,53109.479999999996,55514.78,2025-12-13 09:34:08.228144+00:00
2025-11-09 11:00:00+01:00,55532.285,56665.545,2025-12-13 09:34:08.228144+00:00
2025-11-09 12:00:00+01:00,55842.6,56167.155,2025-12-13 09:34:08.228144+00:00
2025-11-09 13:00:00+01:00,54528.9025,54919.130000000005,2025-12-13 09:34:08.228144+00:00
2025-11-09 14:00:00+01:00,53503.585,53482.295,2025-12-13 09:34:08.228144+00:00
2025-11-09 15:00:00+01:00,53246.67,53434.3,2025-12-13 09:34:08.228144+00:00
2025-11-09 16:00:00+01:00,54274.520000000004,54868.3625,2025-12-13 09:34:08.228144+00:00
2025-11-09 17:00:00+01:00,57452.854999999996,57564.7375,2025-12-13 09:34:08.228144+00:00
2025-11-09 18:00:00+01:00,57511.1325,58024.92,2025-12-13 09:34:08.228144+00:00
2025-11-09 19:00:00+01:00,55626.4975,56649.9875,2025-12-13 09:34:08.228144+00:00
2025-11-09 20:00:00+01:00,53487.605,54172.04,2025-12-13 09:34:08.228144+00:00
2025-11-09 21:00:00+01:00,51343.725,52035.8725,2025-12-13 09:34:08.228144+00:00
2025-11-09 22:00:00+01:00,49929.4475,49802.94,2025-12-13 09:34:08.228144+00:00
2025-11-09 23:00:00+01:00,47037.2625,46864.494999999995,2025-12-13 09:34:08.228144+00:00
2025-11-10 00:00:00+01:00,44892.945,43601.207500000004,2025-12-13 09:34:08.228144+00:00
2025-11-10 01:00:00+01:00,43137.8725,42550.447499999995,2025-12-13 09:34:08.228144+00:00
2025-11-10 02:00:00+01:00,42569.67,42124.845,2025-12-13 09:34:08.228144+00:00
2025-11-10 03:00:00+01:00,43225.8775,42399.505,2025-12-13 09:34:08.228144+00:00
2025-11-10 04:00:00+01:00,45205.067500000005,43924.14,2025-12-13 09:34:08.228144+00:00
2025-11-10 05:00:00+01:00,50013.1325,48627.7375,2025-12-13 09:34:08.228144+00:00
2025-11-10 06:00:00+01:00,58744.6125,56784.54,2025-12-13 09:34:08.228144+00:00
2025-11-10 07:00:00+01:00,64373.9425,62667.145,2025-12-13 09:34:08.228144+00:00
2025-11-10 08:00:00+01:00,67420.845,65497.26,2025-12-13 09:34:08.228144+00:00
2025-11-10 09:00:00+01:00,68641.265,66112.7675,2025-12-13 09:34:08.228144+00:00
2025-11-10 10:00:00+01:00,69350.4625,67302.88,2025-12-13 09:34:08.228144+00:00
2025-11-10 11:00:00+01:00,69737.825,67904.5575,2025-12-13 09:34:08.228144+00:00
2025-11-10 12:00:00+01:00,69559.4725,67596.6,2025-12-13 09:34:08.228144+00:00
2025-11-10 13:00:00+01:00,68580.105,66832.185,2025-12-13 09:34:08.228144+00:00
2025-11-10 14:00:00+01:00,66901.2625,65448.7875,2025-12-13 09:34:08.228144+00:00
2025-11-10 15:00:00+01:00,65956.175,64897.817500000005,2025-12-13 09:34:08.228144+00:00
2025-11-10 16:00:00+01:00,66433.3325,65458.68,2025-12-13 09:34:08.228144+00:00
2025-11-10 17:00:00+01:00,69233.7375,67196.4975,2025-12-13 09:34:08.228144+00:00
2025-11-10 18:00:00+01:00,69030.9075,67521.195,2025-12-13 09:34:08.228144+00:00
2025-11-10 19:00:00+01:00,67410.265,65594.63249999999,2025-12-13 09:34:08.228144+00:00
2025-11-10 20:00:00+01:00,63948.0175,62140.015,2025-12-13 09:34:08.228144+00:00
2025-11-10 21:00:00+01:00,59964.6125,58861.215000000004,2025-12-13 09:34:08.228144+00:00
2025-11-10 22:00:00+01:00,56264.995,55337.03,2025-12-13 09:34:08.228144+00:00
2025-11-10 23:00:00+01:00,52418.2775,51752.0075,2025-12-13 09:34:08.228144+00:00
2025-11-11 00:00:00+01:00,49338.72,49420.31,2025-12-13 09:34:08.228144+00:00
2025-11-11 01:00:00+01:00,47092.7325,48049.6725,2025-12-13 09:34:08.228144+00:00
2025-11-11 02:00:00+01:00,46266.8,47296.9025,2025-12-13 09:34:08.228144+00:00
2025-11-11 03:00:00+01:00,47065.4875,47442.494999999995,2025-12-13 09:34:08.228144+00:00
2025-11-11 04:00:00+01:00,48741.005,48595.225,2025-12-13 09:34:08.228144+00:00
2025-11-11 05:00:00+01:00,51774.81,52064.880000000005,2025-12-13 09:34:08.228144+00:00
2025-11-11 06:00:00+01:00,60036.417499999996,58488.1425,2025-12-13 09:34:08.228144+00:00
2025-11-11 07:00:00+01:00,65360.770000000004,63899.305,2025-12-13 09:34:08.228144+00:00
2025-11-11 08:00:00+01:00,68170.7175,66655.4225,2025-12-13 09:34:08.228144+00:00
2025-11-11 09:00:00+01:00,68650.6125,67315.92,2025-12-13 09:34:08.228144+00:00
2025-11-11 10:00:00+01:00,69119.04000000001,67943.7675,2025-12-13 09:34:08.228144+00:00
2025-11-11 11:00:00+01:00,69218.895,68499.58499999999,2025-12-13 09:34:08.228144+00:00
2025-11-11 12:00:00+01:00,67891.41500000001,68223.1875,2025-12-13 09:34:08.228144+00:00
2025-11-11 13:00:00+01:00,66976.33499999999,67005.75,2025-12-13 09:34:08.228144+00:00
2025-11-11 14:00:00+01:00,65836.3475,65530.167499999996,2025-12-13 09:34:08.228144+00:00
2025-11-11 15:00:00+01:00,64993.8725,65164.6125,2025-12-13 09:34:08.228144+00:00
2025-11-11 16:00:00+01:00,65591.2775,65802.1425,2025-12-13 09:34:08.228144+00:00
2025-11-11 17:00:00+01:00,68103.2,67812.26,2025-12-13 09:34:08.228144+00:00
2025-11-11 18:00:00+01:00,68255.9075,67649.1075,2025-12-13 09:34:08.228144+00:00
2025-11-11 19:00:00+01:00,66749.79000000001,65967.965,2025-12-13 09:34:08.228144+00:00
2025-11-11 20:00:00+01:00,63383.1575,62425.395000000004,2025-12-13 09:34:08.228144+00:00
2025-11-11 21:00:00+01:00,59231.99,58806.225,2025-12-13 09:34:08.228144+00:00
2025-11-11 22:00:00+01:00,55439.935,55347.17,2025-12-13 09:34:08.228144+00:00
2025-11-11 23:00:00+01:00,51749.345,51769.479999999996,2025-12-13 09:34:08.228144+00:00
2025-11-12 00:00:00+01:00,49332.585,48169.2775,2025-12-13 09:34:08.228144+00:00
2025-11-12 01:00:00+01:00,47885.55,46961.75,2025-12-13 09:34:08.228144+00:00
2025-11-12 02:00:00+01:00,46863.6375,46465.8525,2025-12-13 09:34:08.228144+00:00
2025-11-12 03:00:00+01:00,47555.595,46985.3825,2025-12-13 09:34:08.228144+00:00
2025-11-12 04:00:00+01:00,49294.6975,48504.465,2025-12-13 09:34:08.228144+00:00
2025-11-12 05:00:00+01:00,53344.115,51975.0275,2025-12-13 09:34:08.228144+00:00
2025-11-12 06:00:00+01:00,61053.82,58520.7475,2025-12-13 09:34:08.228144+00:00
2025-11-12 07:00:00+01:00,66719.8375,64811.0725,2025-12-13 09:34:08.228144+00:00
2025-11-12 08:00:00+01:00,69360.8425,67454.1875,2025-12-13 09:34:08.228144+00:00
2025-11-12 09:00:00+01:00,69938.9,67504.24,2025-12-13 09:34:08.228144+00:00
2025-11-12 10:00:00+01:00,69973.13,67629.8625,2025-12-13 09:34:08.228144+00:00
2025-11-12 11:00:00+01:00,69828.36,68135.4,2025-12-13 09:34:08.228144+00:00
2025-11-12 12:00:00+01:00,68825.40000000001,67658.0575,2025-12-13 09:34:08.228144+00:00
2025-11-12 13:00:00+01:00,66895.08,66321.8875,2025-12-13 09:34:08.228144+00:00
2025-11-12 14:00:00+01:00,64696.5175,64640.04,2025-12-13 09:34:08.228144+00:00
2025-11-12 15:00:00+01:00,63613.932499999995,63955.7,2025-12-13 09:34:08.228144+00:00
2025-11-12 16:00:00+01:00,64987.7425,64418.8825,2025-12-13 09:34:08.228144+00:00
2025-11-12 17:00:00+01:00,68067.7675,66606.82250000001,2025-12-13 09:34:08.228144+00:00
2025-11-12 18:00:00+01:00,68338.975,67220.005,2025-12-13 09:34:08.228144+00:00
2025-11-12 19:00:00+01:00,66736.2775,65289.99,2025-12-13 09:34:08.228144+00:00
2025-11-12 20:00:00+01:00,63554.520000000004,61746.27250000001,2025-12-13 09:34:08.228144+00:00
2025-11-12 21:00:00+01:00,59901.465,58059.85,2025-12-13 09:34:08.228144+00:00
2025-11-12 22:00:00+01:00,56406.2025,54341.855,2025-12-13 09:34:08.228144+00:00
2025-11-12 23:00:00+01:00,52524.085,50611.1575,2025-12-13 09:34:08.228144+00:00
2025-11-13 00:00:00+01:00,49210.167499999996,47837.835,2025-12-13 09:34:08.228144+00:00
2025-11-13 01:00:00+01:00,47914.2875,46238.1375,2025-12-13 09:34:08.228144+00:00
2025-11-13 02:00:00+01:00,46845.442500000005,45651.7425,2025-12-13 09:34:08.228144+00:00
2025-11-13 03:00:00+01:00,47221.945,46023.880000000005,2025-12-13 09:34:08.228144+00:00
2025-11-13 04:00:00+01:00,48411.4875,46977.765,2025-12-13 09:34:08.228144+00:00
2025-11-13 05:00:00+01:00,52381.8725,50337.2925,2025-12-13 09:34:08.228144+00:00
2025-11-13 06:00:00+01:00,60190.985,57077.67,2025-12-13 09:34:08.228144+00:00
2025-11-13 07:00:00+01:00,65519.2625,62699.45,2025-12-13 09:34:08.228144+00:00
2025-11-13 08:00:00+01:00,68822.86,66026.805,2025-12-13 09:34:08.228144+00:00
2025-11-13 09:00:00+01:00,69953.385,67085.62,2025-12-13 09:34:08.228144+00:00
2025-11-13 10:00:00+01:00,71367.8675,68044.4825,2025-12-13 09:34:08.228144+00:00
2025-11-13 11:00:00+01:00,71007.5825,68190.76,2025-12-13 09:34:08.228144+00:00
2025-11-13 12:00:00+01:00,70147.175,67577.5525,2025-12-13 09:34:08.228144+00:00
2025-11-13 13:00:00+01:00,68524.63,66863.16,2025-12-13 09:34:08.228144+00:00
2025-11-13 14:00:00+01:00,67235.655,65295.2425,2025-12-13 09:34:08.228144+00:00
2025-11-13 15:00:00+01:00,66014.4425,63959.7525,2025-12-13 09:34:08.228144+00:00
2025-11-13 16:00:00+01:00,67070.7675,64392.0,2025-12-13 09:34:08.228144+00:00
2025-11-13 17:00:00+01:00,69175.67749999999,66856.195,2025-12-13 09:34:08.228144+00:00
2025-11-13 18:00:00+01:00,68717.1475,67609.8475,2025-12-13 09:34:08.228144+00:00
2025-11-13 19:00:00+01:00,65974.68,65851.9175,2025-12-13 09:34:08.228144+00:00
2025-11-13 20:00:00+01:00,62515.16,61666.875,2025-12-13 09:34:08.228144+00:00
2025-11-13 21:00:00+01:00,58903.3825,57776.685,2025-12-13 09:34:08.228144+00:00
2025-11-13 22:00:00+01:00,55320.7825,53914.735,2025-12-13 09:34:08.228144+00:00
2025-11-13 23:00:00+01:00,51366.130000000005,50120.1025,2025-12-13 09:34:08.228144+00:00
2025-11-14 00:00:00+01:00,47967.1525,47620.854999999996,2025-12-13 09:34:08.228144+00:00
2025-11-14 01:00:00+01:00,45898.565,46257.1225,2025-12-13 09:34:08.228144+00:00
2025-11-14 02:00:00+01:00,45521.2675,45736.525,2025-12-13 09:34:08.228144+00:00
2025-11-14 03:00:00+01:00,45868.2275,46097.455,2025-12-13 09:34:08.228144+00:00
2025-11-14 04:00:00+01:00,47209.2425,47458.515,2025-12-13 09:34:08.228144+00:00
2025-11-14 05:00:00+01:00,51113.415,50889.0225,2025-12-13 09:34:08.228144+00:00
2025-11-14 06:00:00+01:00,58998.615,57655.869999999995,2025-12-13 09:34:08.228144+00:00
2025-11-14 07:00:00+01:00,64242.840000000004,63008.01,2025-12-13 09:34:08.228144+00:00
2025-11-14 08:00:00+01:00,67345.16,66269.81,2025-12-13 09:34:08.228144+00:00
2025-11-14 09:00:00+01:00,68327.145,67581.8775,2025-12-13 09:34:08.228144+00:00
2025-11-14 10:00:00+01:00,69023.74,68216.6125,2025-12-13 09:34:08.228144+00:00
2025-11-14 11:00:00+01:00,68996.28,68015.035,2025-12-13 09:34:08.228144+00:00
2025-11-14 12:00:00+01:00,68045.1225,67115.905,2025-12-13 09:34:08.228144+00:00
2025-11-14 13:00:00+01:00,66277.9125,65197.3825,2025-12-13 09:34:08.228144+00:00
2025-11-14 14:00:00+01:00,64783.15,63745.3775,2025-12-13 09:34:08.228144+00:00
2025-11-14 15:00:00+01:00,64770.005,63237.3025,2025-12-13 09:34:08.228144+00:00
2025-11-14 16:00:00+01:00,65675.84,63676.590000000004,2025-12-13 09:34:08.228144+00:00
2025-11-14 17:00:00+01:00,67551.6725,65995.73999999999,2025-12-13 09:34:08.228144+00:00
2025-11-14 18:00:00+01:00,66898.8575,66201.0175,2025-12-13 09:34:08.228144+00:00
2025-11-14 19:00:00+01:00,64781.675,63918.7025,2025-12-13 09:34:08.228144+00:00
2025-11-14 20:00:00+01:00,60601.885,60042.115000000005,2025-12-13 09:34:08.228144+00:00
2025-11-14 21:00:00+01:00,57308.03,56241.025,2025-12-13 09:34:08.228144+00:00
2025-11-14 22:00:00+01:00,53716.035,53025.76,2025-12-13 09:34:08.228144+00:00
2025-11-14 23:00:00+01:00,50078.775,49600.0025,2025-12-13 09:34:08.228144+00:00
2025-11-15 00:00:00+01:00,47214.8025,47205.8575,2025-12-13 09:34:08.228144+00:00
2025-11-15 01:00:00+01:00,45267.15,45039.0875,2025-12-13 09:34:08.228144+00:00
2025-11-15 02:00:00+01:00,43817.065,43945.2675,2025-12-13 09:34:08.228144+00:00
2025-11-15 03:00:00+01:00,43097.2575,43641.119999999995,2025-12-13 09:34:08.228144+00:00
2025-11-15 04:00:00+01:00,43680.0075,43544.8625,2025-12-13 09:34:08.228144+00:00
2025-11-15 05:00:00+01:00,44129.4925,44786.9925,2025-12-13 09:34:08.228144+00:00
2025-11-15 06:00:00+01:00,46984.34,46843.77,2025-12-13 09:34:08.228144+00:00
2025-11-15 07:00:00+01:00,49308.935,49770.645000000004,2025-12-13 09:34:08.228144+00:00
2025-11-15 08:00:00+01:00,52492.442500000005,53619.155,2025-12-13 09:34:08.228144+00:00
2025-11-15 09:00:00+01:00,55418.28,56507.8825,2025-12-13 09:34:08.228144+00:00
2025-11-15 10:00:00+01:00,57527.255000000005,58345.415,2025-12-13 09:34:08.228144+00:00
2025-11-15 11:00:00+01:00,58783.207500000004,59633.705,2025-12-13 09:34:08.228144+00:00
2025-11-15 12:00:00+01:00,57681.8375,59300.585,2025-12-13 09:34:08.228144+00:00
2025-11-15 13:00:00+01:00,56439.335,57531.582500000004,2025-12-13 09:34:08.228144+00:00
2025-11-15 14:00:00+01:00,55565.1275,55897.5225,2025-12-13 09:34:08.228144+00:00
2025-11-15 15:00:00+01:00,55245.4825,55102.75,2025-12-13 09:34:08.228144+00:00
2025-11-15 16:00:00+01:00,55997.7025,56019.8725,2025-12-13 09:34:08.228144+00:00
2025-11-15 17:00:00+01:00,58107.015,57795.215000000004,2025-12-13 09:34:08.228144+00:00
2025-11-15 18:00:00+01:00,57938.119999999995,58526.3575,2025-12-13 09:34:08.228144+00:00
2025-11-15 19:00:00+01:00,55523.707500000004,56886.355,2025-12-13 09:34:08.228144+00:00
2025-11-15 20:00:00+01:00,53054.4975,53953.0525,2025-12-13 09:34:08.228144+00:00
2025-11-15 21:00:00+01:00,50065.2975,51408.7725,2025-12-13 09:34:08.228144+00:00
2025-11-15 22:00:00+01:00,48041.6425,49273.3,2025-12-13 09:34:08.228144+00:00
2025-11-15 23:00:00+01:00,45193.01,46518.6125,2025-12-13 09:34:08.228144+00:00
2025-11-16 00:00:00+01:00,42551.34,44646.82,2025-12-13 09:34:08.228144+00:00
2025-11-16 01:00:00+01:00,40548.45,43040.9925,2025-12-13 09:34:08.228144+00:00
2025-11-16 02:00:00+01:00,39795.135,42146.49,2025-12-13 09:34:08.228144+00:00
2025-11-16 03:00:00+01:00,39496.205,41739.555,2025-12-13 09:34:08.228144+00:00
2025-11-16 04:00:00+01:00,39547.3725,41997.765,2025-12-13 09:34:08.228144+00:00
2025-11-16 05:00:00+01:00,40164.0025,42955.8775,2025-12-13 09:34:08.228144+00:00
2025-11-16 06:00:00+01:00,41361.1075,45086.4,2025-12-13 09:34:08.228144+00:00
2025-11-16 07:00:00+01:00,43835.869999999995,47811.445,2025-12-13 09:34:08.228144+00:00
2025-11-16 08:00:00+01:00,47279.4125,51042.975,2025-12-13 09:34:08.228144+00:00
2025-11-16 09:00:00+01:00,50346.6425,53673.3225,2025-12-13 09:34:08.228144+00:00
2025-11-16 10:00:00+01:00,52504.4625,55850.36,2025-12-13 09:34:08.228144+00:00
2025-11-16 11:00:00+01:00,54801.815,57054.6675,2025-12-13 09:34:08.228144+00:00
2025-11-16 12:00:00+01:00,54439.4,56695.2325,2025-12-13 09:34:08.228144+00:00
2025-11-16 13:00:00+01:00,53133.6125,55577.0625,2025-12-13 09:34:08.228144+00:00
2025-11-16 14:00:00+01:00,51914.3,54225.2325,2025-12-13 09:34:08.228144+00:00
2025-11-16 15:00:00+01:00,51910.965,54343.0025,2025-12-13 09:34:08.228144+00:00
2025-11-16 16:00:00+01:00,53593.7275,55929.34,2025-12-13 09:34:08.228144+00:00
2025-11-16 17:00:00+01:00,56372.2025,58697.14,2025-12-13 09:34:08.228144+00:00
2025-11-16 18:00:00+01:00,56625.865,59307.8925,2025-12-13 09:34:08.228144+00:00
2025-11-16 19:00:00+01:00,54731.6025,57705.6025,2025-12-13 09:34:08.228144+00:00
2025-11-16 20:00:00+01:00,53188.145,55132.58,2025-12-13 09:34:08.228144+00:00
2025-11-16 21:00:00+01:00,51436.385,52758.472499999996,2025-12-13 09:34:08.228144+00:00
2025-11-16 22:00:00+01:00,49971.765,50717.74,2025-12-13 09:34:08.228144+00:00
2025-11-16 23:00:00+01:00,47569.8575,47846.582500000004,2025-12-13 09:34:08.228144+00:00
2025-11-17 00:00:00+01:00,44933.85,46077.995,2025-12-13 09:34:08.228144+00:00
2025-11-17 01:00:00+01:00,43120.8675,44819.76,2025-12-13 09:34:08.228144+00:00
2025-11-17 02:00:00+01:00,42958.052500000005,44522.957500000004,2025-12-13 09:34:08.228144+00:00
2025-11-17 03:00:00+01:00,44120.1075,44850.792499999996,2025-12-13 09:34:08.228144+00:00
2025-11-17 04:00:00+01:00,46016.244999999995,46428.155,2025-12-13 09:34:08.228144+00:00
2025-11-17 05:00:00+01:00,49595.9625,51159.005,2025-12-13 09:34:08.228144+00:00
2025-11-17 06:00:00+01:00,59245.535,59157.81,2025-12-13 09:34:08.228144+00:00
2025-11-17 07:00:00+01:00,65786.1975,65242.3825,2025-12-13 09:34:08.228144+00:00
2025-11-17 08:00:00+01:00,69165.41,67821.09,2025-12-13 09:34:08.228144+00:00
2025-11-17 09:00:00+01:00,69994.29000000001,68118.8675,2025-12-13 09:34:08.228144+00:00
2025-11-17 10:00:00+01:00,70806.64499999999,69141.1525,2025-12-13 09:34:08.228144+00:00
2025-11-17 11:00:00+01:00,72020.7675,69562.705,2025-12-13 09:34:08.228144+00:00
2025-11-17 12:00:00+01:00,72242.225,68630.2175,2025-12-13 09:34:08.228144+00:00
2025-11-17 13:00:00+01:00,71564.55500000001,67617.7325,2025-12-13 09:34:08.228144+00:00
2025-11-17 14:00:00+01:00,70151.105,66466.7225,2025-12-13 09:34:08.228144+00:00
2025-11-17 15:00:00+01:00,69166.2175,65949.5075,2025-12-13 09:34:08.228144+00:00
2025-11-17 16:00:00+01:00,69298.635,66778.1025,2025-12-13 09:34:08.228144+00:00
2025-11-17 17:00:00+01:00,71501.2225,68488.3525,2025-12-13 09:34:08.228144+00:00
2025-11-17 18:00:00+01:00,69724.01,68686.1325,2025-12-13 09:34:08.228144+00:00
2025-11-17 19:00:00+01:00,67841.6375,66801.3325,2025-12-13 09:34:08.228144+00:00
2025-11-17 20:00:00+01:00,64942.165,63189.395000000004,2025-12-13 09:34:08.228144+00:00
2025-11-17 21:00:00+01:00,62007.58,59725.994999999995,2025-12-13 09:34:08.228144+00:00
2025-11-17 22:00:00+01:00,58051.53,55923.445,2025-12-13 09:34:08.228144+00:00
2025-11-17 23:00:00+01:00,53988.8075,51858.1375,2025-12-13 09:34:08.228144+00:00
2025-11-18 00:00:00+01:00,51097.88,49411.4275,2025-12-13 09:34:08.228144+00:00
2025-11-18 01:00:00+01:00,50336.0625,47611.072499999995,2025-12-13 09:34:08.228144+00:00
2025-11-18 02:00:00+01:00,49789.4375,47216.0075,2025-12-13 09:34:08.228144+00:00
2025-11-18 03:00:00+01:00,49722.96,47425.167499999996,2025-12-13 09:34:08.228144+00:00
2025-11-18 04:00:00+01:00,51225.62,48653.345,2025-12-13 09:34:08.228144+00:00
2025-11-18 05:00:00+01:00,55510.34,52301.795,2025-12-13 09:34:08.228144+00:00
2025-11-18 06:00:00+01:00,62841.9525,58704.8975,2025-12-13 09:34:08.228144+00:00
2025-11-18 07:00:00+01:00,68854.74,64015.47,2025-12-13 09:34:08.228144+00:00
2025-11-18 08:00:00+01:00,72073.38,66862.905,2025-12-13 09:34:08.228144+00:00
2025-11-18 09:00:00+01:00,71457.8225,67618.4625,2025-12-13 09:34:08.228144+00:00
2025-11-18 10:00:00+01:00,72289.275,68846.7325,2025-12-13 09:34:08.228144+00:00
2025-11-18 11:00:00+01:00,72884.515,69493.76,2025-12-13 09:34:08.228144+00:00
2025-11-18 12:00:00+01:00,70744.91,69127.66,2025-12-13 09:34:08.228144+00:00
2025-11-18 13:00:00+01:00,69723.16500000001,68153.35,2025-12-13 09:34:08.228144+00:00
2025-11-18 14:00:00+01:00,68146.25,66819.4875,2025-12-13 09:34:08.228144+00:00
2025-11-18 15:00:00+01:00,67289.9925,66775.605,2025-12-13 09:34:08.228144+00:00
2025-11-18 16:00:00+01:00,68451.6,67301.7325,2025-12-13 09:34:08.228144+00:00
2025-11-18 17:00:00+01:00,70609.095,68734.10500000001,2025-12-13 09:34:08.228144+00:00
2025-11-18 18:00:00+01:00,70435.895,68551.905,2025-12-13 09:34:08.228144+00:00
2025-11-18 19:00:00+01:00,68702.1925,67165.63,2025-12-13 09:34:08.228144+00:00
2025-11-18 20:00:00+01:00,65295.475,63413.825,2025-12-13 09:34:08.228144+00:00
2025-11-18 21:00:00+01:00,61740.3975,59514.3925,2025-12-13 09:34:08.228144+00:00
2025-11-18 22:00:00+01:00,57937.4975,56007.55,2025-12-13 09:34:08.228144+00:00
2025-11-18 23:00:00+01:00,54060.7125,52285.6425,2025-12-13 09:34:08.228144+00:00
2025-11-19 00:00:00+01:00,51722.29,49330.475,2025-12-13 09:34:08.228144+00:00
2025-11-19 01:00:00+01:00,49347.2675,47866.2125,2025-12-13 09:34:08.228144+00:00
2025-11-19 02:00:00+01:00,48676.707500000004,47225.43,2025-12-13 09:34:08.228144+00:00
2025-11-19 03:00:00+01:00,48870.61,47547.925,2025-12-13 09:34:08.228144+00:00
2025-11-19 04:00:00+01:00,49655.665,48894.215,2025-12-13 09:34:08.228144+00:00
2025-11-19 05:00:00+01:00,53460.13,50865.1125,2025-12-13 09:34:08.228144+00:00
2025-11-19 06:00:00+01:00,60845.645,54663.11,2025-12-13 09:34:08.228144+00:00
2025-11-19 07:00:00+01:00,66876.2325,59316.072499999995,2025-12-13 09:34:08.228144+00:00
2025-11-19 08:00:00+01:00,70074.8325,63137.0875,2025-12-13 09:34:08.228144+00:00
2025-11-19 09:00:00+01:00,71244.975,64780.9025,2025-12-13 09:34:08.228144+00:00
2025-11-19 10:00:00+01:00,71406.58249999999,65571.54000000001,2025-12-13 09:34:08.228144+00:00
2025-11-19 11:00:00+01:00,72655.015,66035.29000000001,2025-12-13 09:34:08.228144+00:00
2025-11-19 12:00:00+01:00,71343.615,65160.8475,2025-12-13 09:34:08.228144+00:00
2025-11-19 13:00:00+01:00,69724.3275,64110.3475,2025-12-13 09:34:08.228144+00:00
2025-11-19 14:00:00+01:00,68613.0625,62583.635,2025-12-13 09:34:08.228144+00:00
2025-11-19 15:00:00+01:00,68055.1825,62591.565,2025-12-13 09:34:08.228144+00:00
2025-11-19 16:00:00+01:00,69341.25749999999,63840.0625,2025-12-13 09:34:08.228144+00:00
2025-11-19 17:00:00+01:00,71506.215,66018.76000000001,2025-12-13 09:34:08.228144+00:00
2025-11-19 18:00:00+01:00,71419.9425,66030.045,2025-12-13 09:34:08.228144+00:00
2025-11-19 19:00:00+01:00,69489.925,64305.3275,2025-12-13 09:34:08.228144+00:00
2025-11-19 20:00:00+01:00,66152.115,61146.442500000005,2025-12-13 09:34:08.228144+00:00
2025-11-19 21:00:00+01:00,63284.845,57618.1,2025-12-13 09:34:08.228144+00:00
2025-11-19 22:00:00+01:00,59633.5825,54720.125,2025-12-13 09:34:08.228144+00:00
2025-11-19 23:00:00+01:00,55840.45,51492.182499999995,2025-12-13 09:34:08.228144+00:00
2025-11-20 00:00:00+01:00,52349.8975,48769.625,2025-12-13 09:34:08.228144+00:00
2025-11-20 01:00:00+01:00,50392.0,47443.7025,2025-12-13 09:34:08.228144+00:00
2025-11-20 02:00:00+01:00,50143.4775,46954.2725,2025-12-13 09:34:08.228144+00:00
2025-11-20 03:00:00+01:00,50561.98,47178.62,2025-12-13 09:34:08.228144+00:00
2025-11-20 04:00:00+01:00,50868.207500000004,48429.46,2025-12-13 09:34:08.228144+00:00
2025-11-20 05:00:00+01:00,54301.19,53560.0625,2025-12-13 09:34:08.228144+00:00
2025-11-20 06:00:00+01:00,62177.985,61177.54,2025-12-13 09:34:08.228144+00:00
2025-11-20 07:00:00+01:00,68729.74,66937.0875,2025-12-13 09:34:08.228144+00:00
2025-11-20 08:00:00+01:00,72101.38,69416.3725,2025-12-13 09:34:08.228144+00:00
2025-11-20 09:00:00+01:00,73164.405,69765.88500000001,2025-12-13 09:34:08.228144+00:00
2025-11-20 10:00:00+01:00,73952.6225,70543.12,2025-12-13 09:34:08.228144+00:00
2025-11-20 11:00:00+01:00,73998.3975,71081.72750000001,2025-12-13 09:34:08.228144+00:00
2025-11-20 12:00:00+01:00,73658.72,70457.6925,2025-12-13 09:34:08.228144+00:00
2025-11-20 13:00:00+01:00,72776.6575,68984.38,2025-12-13 09:34:08.228144+00:00
2025-11-20 14:00:00+01:00,71242.065,67317.8375,2025-12-13 09:34:08.228144+00:00
2025-11-20 15:00:00+01:00,70582.83499999999,66888.05,2025-12-13 09:34:08.228144+00:00
2025-11-20 16:00:00+01:00,71736.7375,67918.815,2025-12-13 09:34:08.228144+00:00
2025-11-20 17:00:00+01:00,73714.2925,69764.84,2025-12-13 09:34:08.228144+00:00
2025-11-20 18:00:00+01:00,72957.0,70089.9125,2025-12-13 09:34:08.228144+00:00
2025-11-20 19:00:00+01:00,70916.16,68425.97750000001,2025-12-13 09:34:08.228144+00:00
2025-11-20 20:00:00+01:00,67607.14,64778.2275,2025-12-13 09:34:08.228144+00:00
2025-11-20 21:00:00+01:00,64273.927500000005,61010.82,2025-12-13 09:34:08.228144+00:00
2025-11-20 22:00:00+01:00,60324.395000000004,57673.0025,2025-12-13 09:34:08.228144+00:00
2025-11-20 23:00:00+01:00,56843.73,53997.07,2025-12-13 09:34:08.228144+00:00
2025-11-21 00:00:00+01:00,54172.83,51748.3075,2025-12-13 09:34:08.228144+00:00
2025-11-21 01:00:00+01:00,52327.6425,50193.8825,2025-12-13 09:34:08.228144+00:00
2025-11-21 02:00:00+01:00,51638.1375,49652.832500000004,2025-12-13 09:34:08.228144+00:00
2025-11-21 03:00:00+01:00,51526.66,50111.32,2025-12-13 09:34:08.228144+00:00
2025-11-21 04:00:00+01:00,53005.55,51445.5125,2025-12-13 09:34:08.228144+00:00
2025-11-21 05:00:00+01:00,56591.82,55119.652500000004,2025-12-13 09:34:08.228144+00:00
2025-11-21 06:00:00+01:00,64188.24,61358.4725,2025-12-13 09:34:08.228144+00:00
2025-11-21 07:00:00+01:00,69715.8575,67162.93,2025-12-13 09:34:08.228144+00:00
2025-11-21 08:00:00+01:00,72715.725,69405.1075,2025-12-13 09:34:08.228144+00:00
2025-11-21 09:00:00+01:00,73619.815,69214.2075,2025-12-13 09:34:08.228144+00:00
2025-11-21 10:00:00+01:00,73682.025,69815.0275,2025-12-13 09:34:08.228144+00:00
2025-11-21 11:00:00+01:00,72749.4925,70144.5675,2025-12-13 09:34:08.228144+00:00
2025-11-21 12:00:00+01:00,71133.9875,69632.2925,2025-12-13 09:34:08.228144+00:00
2025-11-21 13:00:00+01:00,68847.85500000001,68086.455,2025-12-13 09:34:08.228144+00:00
2025-11-21 14:00:00+01:00,67744.10250000001,66143.375,2025-12-13 09:34:08.228144+00:00
2025-11-21 15:00:00+01:00,67453.985,65288.2225,2025-12-13 09:34:08.228144+00:00
2025-11-21 16:00:00+01:00,68588.095,66725.89749999999,2025-12-13 09:34:08.228144+00:00
2025-11-21 17:00:00+01:00,70834.945,68036.7525,2025-12-13 09:34:08.228144+00:00
2025-11-21 18:00:00+01:00,70178.515,68386.94,2025-12-13 09:34:08.228144+00:00
2025-11-21 19:00:00+01:00,68052.8275,66408.9075,2025-12-13 09:34:08.228144+00:00
2025-11-21 20:00:00+01:00,64676.125,62841.7775,2025-12-13 09:34:08.228144+00:00
2025-11-21 21:00:00+01:00,61074.11,59163.1075,2025-12-13 09:34:08.228144+00:00
2025-11-21 22:00:00+01:00,58624.7575,55946.4275,2025-12-13 09:34:08.228144+00:00
2025-11-21 23:00:00+01:00,55005.7325,52534.1075,2025-12-13 09:34:08.228144+00:00
2025-11-22 00:00:00+01:00,52271.8925,50174.065,2025-12-13 09:34:08.228144+00:00
2025-11-22 01:00:00+01:00,50581.505000000005,48019.8925,2025-12-13 09:34:08.228144+00:00
2025-11-22 02:00:00+01:00,50229.1725,47026.045,2025-12-13 09:34:08.228144+00:00
2025-11-22 03:00:00+01:00,49608.41,46676.19,2025-12-13 09:34:08.228144+00:00
2025-11-22 04:00:00+01:00,49570.3875,46497.85,2025-12-13 09:34:08.228144+00:00
2025-11-22 05:00:00+01:00,50129.9675,47405.555,2025-12-13 09:34:08.228144+00:00
2025-11-22 06:00:00+01:00,51914.68,49099.1825,2025-12-13 09:34:08.228144+00:00
2025-11-22 07:00:00+01:00,54648.885,51768.8,2025-12-13 09:34:08.228144+00:00
2025-11-22 08:00:00+01:00,58643.305,54987.615,2025-12-13 09:34:08.228144+00:00
2025-11-22 09:00:00+01:00,61562.495,57605.255,2025-12-13 09:34:08.228144+00:00
2025-11-22 10:00:00+01:00,63392.0225,59217.625,2025-12-13 09:34:08.228144+00:00
2025-11-22 11:00:00+01:00,62622.285,60134.557499999995,2025-12-13 09:34:08.228144+00:00
2025-11-22 12:00:00+01:00,61998.034999999996,59552.12,2025-12-13 09:34:08.228144+00:00
2025-11-22 13:00:00+01:00,60166.354999999996,58024.94,2025-12-13 09:34:08.228144+00:00
2025-11-22 14:00:00+01:00,58818.02,56701.8125,2025-12-13 09:34:08.228144+00:00
2025-11-22 15:00:00+01:00,58706.19,56486.417499999996,2025-12-13 09:34:08.228144+00:00
2025-11-22 16:00:00+01:00,60457.024999999994,58143.9075,2025-12-13 09:34:08.228144+00:00
2025-11-22 17:00:00+01:00,63366.405,60458.3575,2025-12-13 09:34:08.228144+00:00
2025-11-22 18:00:00+01:00,63660.005,61213.9,2025-12-13 09:34:08.228144+00:00
2025-11-22 19:00:00+01:00,62384.965,59534.465,2025-12-13 09:34:08.228144+00:00
2025-11-22 20:00:00+01:00,59391.5875,56718.195,2025-12-13 09:34:08.228144+00:00
2025-11-22 21:00:00+01:00,57099.9225,54137.4225,2025-12-13 09:34:08.228144+00:00
2025-11-22 22:00:00+01:00,55537.3425,52327.895000000004,2025-12-13 09:34:08.228144+00:00
2025-11-22 23:00:00+01:00,52933.13,49674.2625,2025-12-13 09:34:08.228144+00:00
2025-11-23 00:00:00+01:00,49709.354999999996,47687.92,2025-12-13 09:34:08.228144+00:00
2025-11-23 01:00:00+01:00,48483.07,45985.87,2025-12-13 09:34:08.228144+00:00
2025-11-23 02:00:00+01:00,47476.0525,45399.6375,2025-12-13 09:34:08.228144+00:00
2025-11-23 03:00:00+01:00,47059.415,44950.725,2025-12-13 09:34:08.228144+00:00
2025-11-23 04:00:00+01:00,46896.1275,44982.81,2025-12-13 09:34:08.228144+00:00
2025-11-23 05:00:00+01:00,46459.9125,45427.44,2025-12-13 09:34:08.228144+00:00
2025-11-23 06:00:00+01:00,47448.625,47251.285,2025-12-13 09:34:08.228144+00:00
2025-11-23 07:00:00+01:00,50298.7425,49922.665,2025-12-13 09:34:08.228144+00:00
2025-11-23 08:00:00+01:00,54347.89,52987.305,2025-12-13 09:34:08.228144+00:00
2025-11-23 09:00:00+01:00,56774.6775,55463.5,2025-12-13 09:34:08.228144+00:00
2025-11-23 10:00:00+01:00,59014.4875,57384.425,2025-12-13 09:34:08.228144+00:00
2025-11-23 11:00:00+01:00,60773.9625,58657.0475,2025-12-13 09:34:08.228144+00:00
2025-11-23 12:00:00+01:00,60463.93,58612.575,2025-12-13 09:34:08.228144+00:00
2025-11-23 13:00:00+01:00,58548.3275,57339.7275,2025-12-13 09:34:08.228144+00:00
2025-11-23 14:00:00+01:00,57306.494999999995,55852.307499999995,2025-12-13 09:34:08.228144+00:00
2025-11-23 15:00:00+01:00,57726.66,55881.770000000004,2025-12-13 09:34:08.228144+00:00
2025-11-23 16:00:00+01:00,60845.212499999994,57452.6975,2025-12-13 09:34:08.228144+00:00
2025-11-23 17:00:00+01:00,63941.11,60342.947499999995,2025-12-13 09:34:08.228144+00:00
2025-11-23 18:00:00+01:00,64865.1625,61090.6625,2025-12-13 09:34:08.228144+00:00
2025-11-23 19:00:00+01:00,62750.3125,59838.14,2025-12-13 09:34:08.228144+00:00
2025-11-23 20:00:00+01:00,59903.8825,57424.447499999995,2025-12-13 09:34:08.228144+00:00
2025-11-23 21:00:00+01:00,57517.625,54786.7725,2025-12-13 09:34:08.228144+00:00
2025-11-23 22:00:00+01:00,55870.665,52772.1025,2025-12-13 09:34:08.228144+00:00
2025-11-23 23:00:00+01:00,52651.69,49996.36,2025-12-13 09:34:08.228144+00:00
2025-11-24 00:00:00+01:00,50146.082500000004,47469.69,2025-12-13 09:34:08.228144+00:00
2025-11-24 01:00:00+01:00,48447.41,46144.5575,2025-12-13 09:34:08.228144+00:00
2025-11-24 02:00:00+01:00,47838.0375,45753.9125,2025-12-13 09:34:08.228144+00:00
2025-11-24 03:00:00+01:00,47955.66,46125.6725,2025-12-13 09:34:08.228144+00:00
2025-11-24 04:00:00+01:00,49951.2825,47597.045,2025-12-13 09:34:08.228144+00:00
2025-11-24 05:00:00+01:00,54268.3925,53171.1625,2025-12-13 09:34:08.228144+00:00
2025-11-24 06:00:00+01:00,63218.3175,62288.095,2025-12-13 09:34:08.228144+00:00
2025-11-24 07:00:00+01:00,69544.375,68884.4625,2025-12-13 09:34:08.228144+00:00
2025-11-24 08:00:00+01:00,72715.645,71440.975,2025-12-13 09:34:08.228144+00:00
2025-11-24 09:00:00+01:00,74192.5925,71774.35,2025-12-13 09:34:08.228144+00:00
2025-11-24 10:00:00+01:00,74960.55249999999,72217.1425,2025-12-13 09:34:08.228144+00:00
2025-11-24 11:00:00+01:00,75435.285,72720.2,2025-12-13 09:34:08.228144+00:00
2025-11-24 12:00:00+01:00,74372.435,71839.6825,2025-12-13 09:34:08.228144+00:00
2025-11-24 13:00:00+01:00,73094.87,70672.515,2025-12-13 09:34:08.228144+00:00
2025-11-24 14:00:00+01:00,71881.5975,69628.295,2025-12-13 09:34:08.228144+00:00
2025-11-24 15:00:00+01:00,71518.5325,68888.76000000001,2025-12-13 09:34:08.228144+00:00
2025-11-24 16:00:00+01:00,72425.17,69719.2725,2025-12-13 09:34:08.228144+00:00
2025-11-24 17:00:00+01:00,73467.9125,71581.36499999999,2025-12-13 09:34:08.228144+00:00
2025-11-24 18:00:00+01:00,72672.255,72409.305,2025-12-13 09:34:08.228144+00:00
2025-11-24 19:00:00+01:00,70590.685,70217.755,2025-12-13 09:34:08.228144+00:00
2025-11-24 20:00:00+01:00,66901.5475,66665.8325,2025-12-13 09:34:08.228144+00:00
2025-11-24 21:00:00+01:00,63482.9025,62873.45,2025-12-13 09:34:08.228144+00:00
2025-11-24 22:00:00+01:00,59830.41,59507.3475,2025-12-13 09:34:08.228144+00:00
2025-11-24 23:00:00+01:00,55924.55,55417.8275,2025-12-13 09:34:08.228144+00:00
2025-11-25 00:00:00+01:00,53158.9725,52530.6975,2025-12-13 09:34:08.228144+00:00
2025-11-25 01:00:00+01:00,51351.1125,50995.417499999996,2025-12-13 09:34:08.228144+00:00
2025-11-25 02:00:00+01:00,50530.49,50365.975,2025-12-13 09:34:08.228144+00:00
2025-11-25 03:00:00+01:00,50994.0475,50561.815,2025-12-13 09:34:08.228144+00:00
2025-11-25 04:00:00+01:00,52495.2675,52055.585,2025-12-13 09:34:08.228144+00:00
2025-11-25 05:00:00+01:00,56485.735,56005.375,2025-12-13 09:34:08.228144+00:00
2025-11-25 06:00:00+01:00,64120.38,62519.035,2025-12-13 09:34:08.228144+00:00
2025-11-25 07:00:00+01:00,70028.5475,68204.27,2025-12-13 09:34:08.228144+00:00
2025-11-25 08:00:00+01:00,72803.1825,70688.06,2025-12-13 09:34:08.228144+00:00
2025-11-25 09:00:00+01:00,73200.82,71323.2425,2025-12-13 09:34:08.228144+00:00
2025-11-25 10:00:00+01:00,73062.58,71848.77249999999,2025-12-13 09:34:08.228144+00:00
2025-11-25 11:00:00+01:00,73176.735,72339.565,2025-12-13 09:34:08.228144+00:00
2025-11-25 12:00:00+01:00,72408.57250000001,71983.4375,2025-12-13 09:34:08.228144+00:00
2025-11-25 13:00:00+01:00,71944.1125,70653.43,2025-12-13 09:34:08.228144+00:00
2025-11-25 14:00:00+01:00,71159.9575,69478.9175,2025-12-13 09:34:08.228144+00:00
2025-11-25 15:00:00+01:00,70993.1175,68938.39499999999,2025-12-13 09:34:08.228144+00:00
2025-11-25 16:00:00+01:00,71714.69750000001,70108.63,2025-12-13 09:34:08.228144+00:00
2025-11-25 17:00:00+01:00,72888.6725,72353.7925,2025-12-13 09:34:08.228144+00:00
2025-11-25 18:00:00+01:00,72373.16500000001,72449.6175,2025-12-13 09:34:08.228144+00:00
2025-11-25 19:00:00+01:00,70636.355,70536.9,2025-12-13 09:34:08.228144+00:00
2025-11-25 20:00:00+01:00,66896.19,66788.845,2025-12-13 09:34:08.228144+00:00
2025-11-25 21:00:00+01:00,63422.9925,62785.7525,2025-12-13 09:34:08.228144+00:00
2025-11-25 22:00:00+01:00,59818.65,59626.8425,2025-12-13 09:34:08.228144+00:00
2025-11-25 23:00:00+01:00,55900.755,55828.4275,2025-12-13 09:34:08.228144+00:00
2025-11-26 00:00:00+01:00,52839.3675,52469.675,2025-12-13 09:34:08.228144+00:00
2025-11-26 01:00:00+01:00,51194.0175,50741.8125,2025-12-13 09:34:08.228144+00:00
2025-11-26 02:00:00+01:00,50334.545,49952.6575,2025-12-13 09:34:08.228144+00:00
2025-11-26 03:00:00+01:00,50108.615,50333.2825,2025-12-13 09:34:08.228144+00:00
2025-11-26 04:00:00+01:00,51727.865,51777.475,2025-12-13 09:34:08.228144+00:00
2025-11-26 05:00:00+01:00,55431.095,55044.380000000005,2025-12-13 09:34:08.228144+00:00
2025-11-26 06:00:00+01:00,63411.215,61408.8125,2025-12-13 09:34:08.228144+00:00
2025-11-26 07:00:00+01:00,69292.02,67758.4275,2025-12-13 09:34:08.228144+00:00
2025-11-26 08:00:00+01:00,72605.87,70354.17000000001,2025-12-13 09:34:08.228144+00:00
2025-11-26 09:00:00+01:00,73242.0275,70499.0275,2025-12-13 09:34:08.228144+00:00
2025-11-26 10:00:00+01:00,73778.7325,70752.8875,2025-12-13 09:34:08.228144+00:00
2025-11-26 11:00:00+01:00,74165.13,71237.02,2025-12-13 09:34:08.228144+00:00
2025-11-26 12:00:00+01:00,73984.935,70633.4075,2025-12-13 09:34:08.228144+00:00
2025-11-26 13:00:00+01:00,73360.77,69514.6625,2025-12-13 09:34:08.228144+00:00
2025-11-26 14:00:00+01:00,72425.5025,68401.405,2025-12-13 09:34:08.228144+00:00
2025-11-26 15:00:00+01:00,71833.4425,67874.3725,2025-12-13 09:34:08.228144+00:00
2025-11-26 16:00:00+01:00,72419.3125,68824.095,2025-12-13 09:34:08.228144+00:00
2025-11-26 17:00:00+01:00,73650.375,70316.5,2025-12-13 09:34:08.228144+00:00
2025-11-26 18:00:00+01:00,73235.225,70620.8825,2025-12-13 09:34:08.228144+00:00
2025-11-26 19:00:00+01:00,71330.9375,68724.1275,2025-12-13 09:34:08.228144+00:00
2025-11-26 20:00:00+01:00,67391.9475,65499.665,2025-12-13 09:34:08.228144+00:00
2025-11-26 21:00:00+01:00,64016.575,61931.01,2025-12-13 09:34:08.228144+00:00
2025-11-26 22:00:00+01:00,60909.1725,58630.8125,2025-12-13 09:34:08.228144+00:00
2025-11-26 23:00:00+01:00,57068.1275,55072.7525,2025-12-13 09:34:08.228144+00:00
2025-11-27 00:00:00+01:00,53077.5875,51435.685,2025-12-13 09:34:08.228144+00:00
2025-11-27 01:00:00+01:00,51083.035,49773.815,2025-12-13 09:34:08.228144+00:00
2025-11-27 02:00:00+01:00,50177.6575,49216.5575,2025-12-13 09:34:08.228144+00:00
2025-11-27 03:00:00+01:00,50463.83,49377.5625,2025-12-13 09:34:08.228144+00:00
2025-11-27 04:00:00+01:00,52128.947499999995,50874.43,2025-12-13 09:34:08.228144+00:00
2025-11-27 05:00:00+01:00,56589.69,54289.8225,2025-12-13 09:34:08.228144+00:00
2025-11-27 06:00:00+01:00,64889.494999999995,60511.5775,2025-12-13 09:34:08.228144+00:00
2025-11-27 07:00:00+01:00,71121.555,66204.9175,2025-12-13 09:34:08.228144+00:00
2025-11-27 08:00:00+01:00,74613.1525,68762.5875,2025-12-13 09:34:08.228144+00:00
2025-11-27 09:00:00+01:00,74983.44,69516.375,2025-12-13 09:34:08.228144+00:00
2025-11-27 10:00:00+01:00,74886.5175,70227.395,2025-12-13 09:34:08.228144+00:00
2025-11-27 11:00:00+01:00,75059.9625,70836.455,2025-12-13 09:34:08.228144+00:00
2025-11-27 12:00:00+01:00,74730.5125,70326.955,2025-12-13 09:34:08.228144+00:00
2025-11-27 13:00:00+01:00,74040.6525,69066.66500000001,2025-12-13 09:34:08.228144+00:00
2025-11-27 14:00:00+01:00,72353.125,67952.5025,2025-12-13 09:34:08.228144+00:00
2025-11-27 15:00:00+01:00,72500.85,67482.9925,2025-12-13 09:34:08.228144+00:00
2025-11-27 16:00:00+01:00,73037.84,68627.74,2025-12-13 09:34:08.228144+00:00
2025-11-27 17:00:00+01:00,74812.19,70320.205,2025-12-13 09:34:08.228144+00:00
2025-11-27 18:00:00+01:00,73729.5325,70405.8225,2025-12-13 09:34:08.228144+00:00
2025-11-27 19:00:00+01:00,71615.0275,68471.5425,2025-12-13 09:34:08.228144+00:00
2025-11-27 20:00:00+01:00,68035.5375,65015.6425,2025-12-13 09:34:08.228144+00:00
2025-11-27 21:00:00+01:00,64258.1725,61448.545,2025-12-13 09:34:08.228144+00:00
2025-11-27 22:00:00+01:00,60901.24,58127.575,2025-12-13 09:34:08.228144+00:00
2025-11-27 23:00:00+01:00,57008.6925,54486.9125,2025-12-13 09:34:08.228144+00:00
2025-11-28 00:00:00+01:00,54044.4625,52832.4975,2025-12-13 09:34:08.228144+00:00
2025-11-28 01:00:00+01:00,52356.155,51238.1525,2025-12-13 09:34:08.228144+00:00
2025-11-28 02:00:00+01:00,51127.695,50802.0825,2025-12-13 09:34:08.228144+00:00
2025-11-28 03:00:00+01:00,51423.317500000005,51203.0225,2025-12-13 09:34:08.228144+00:00
2025-11-28 04:00:00+01:00,52293.9225,52584.2425,2025-12-13 09:34:08.228144+00:00
2025-11-28 05:00:00+01:00,55041.875,56109.917499999996,2025-12-13 09:34:08.228144+00:00
2025-11-28 06:00:00+01:00,63266.112499999996,62220.854999999996,2025-12-13 09:34:08.228144+00:00
2025-11-28 07:00:00+01:00,69165.66750000001,67977.8575,2025-12-13 09:34:08.228144+00:00
2025-11-28 08:00:00+01:00,71930.5,70528.5075,2025-12-13 09:34:08.228144+00:00
2025-11-28 09:00:00+01:00,72321.35,71342.66,2025-12-13 09:34:08.228144+00:00
2025-11-28 10:00:00+01:00,72554.355,71943.5175,2025-12-13 09:34:08.228144+00:00
2025-11-28 11:00:00+01:00,72898.9825,72371.8675,2025-12-13 09:34:08.228144+00:00
2025-11-28 12:00:00+01:00,71793.38500000001,71673.19,2025-12-13 09:34:08.228144+00:00
2025-11-28 13:00:00+01:00,69479.5575,70132.69,2025-12-13 09:34:08.228144+00:00
2025-11-28 14:00:00+01:00,68584.63500000001,68893.5975,2025-12-13 09:34:08.228144+00:00
2025-11-28 15:00:00+01:00,68119.5925,68349.345,2025-12-13 09:34:08.228144+00:00
2025-11-28 16:00:00+01:00,68872.25,69686.24,2025-12-13 09:34:08.228144+00:00
2025-11-28 17:00:00+01:00,69816.6975,70771.81,2025-12-13 09:34:08.228144+00:00
2025-11-28 18:00:00+01:00,68727.76000000001,70399.8625,2025-12-13 09:34:08.228144+00:00
2025-11-28 19:00:00+01:00,66798.5625,67905.94,2025-12-13 09:34:08.228144+00:00
2025-11-28 20:00:00+01:00,63682.2525,64278.3025,2025-12-13 09:34:08.228144+00:00
2025-11-28 21:00:00+01:00,60370.495,60443.34,2025-12-13 09:34:08.228144+00:00
2025-11-28 22:00:00+01:00,57379.57,57312.335,2025-12-13 09:34:08.228144+00:00
2025-11-28 23:00:00+01:00,53145.145000000004,53930.0,2025-12-13 09:34:08.228144+00:00
2025-11-29 00:00:00+01:00,49859.245,49646.1975,2025-12-13 09:34:08.228144+00:00
2025-11-29 01:00:00+01:00,47488.91,47643.985,2025-12-13 09:34:08.228144+00:00
2025-11-29 02:00:00+01:00,46218.925,46549.207500000004,2025-12-13 09:34:08.228144+00:00
2025-11-29 03:00:00+01:00,45299.042499999996,46080.115,2025-12-13 09:34:08.228144+00:00
2025-11-29 04:00:00+01:00,45492.3775,45889.195,2025-12-13 09:34:08.228144+00:00
2025-11-29 05:00:00+01:00,45949.44,47614.8575,2025-12-13 09:34:08.228144+00:00
2025-11-29 06:00:00+01:00,47851.1775,50029.155,2025-12-13 09:34:08.228144+00:00
2025-11-29 07:00:00+01:00,51084.94,53054.615,2025-12-13 09:34:08.228144+00:00
2025-11-29 08:00:00+01:00,55054.4675,56402.3925,2025-12-13 09:34:08.228144+00:00
2025-11-29 09:00:00+01:00,57445.4975,58894.4075,2025-12-13 09:34:08.228144+00:00
2025-11-29 10:00:00+01:00,59057.025,60538.2075,2025-12-13 09:34:08.228144+00:00
2025-11-29 11:00:00+01:00,59770.705,61397.604999999996,2025-12-13 09:34:08.228144+00:00
2025-11-29 12:00:00+01:00,59259.3425,60869.9225,2025-12-13 09:34:08.228144+00:00
2025-11-29 13:00:00+01:00,58153.1275,58941.557499999995,2025-12-13 09:34:08.228144+00:00
2025-11-29 14:00:00+01:00,57214.165,57384.1125,2025-12-13 09:34:08.228144+00:00
2025-11-29 15:00:00+01:00,57170.745,57296.7725,2025-12-13 09:34:08.228144+00:00
2025-11-29 16:00:00+01:00,58859.6075,59126.1725,2025-12-13 09:34:08.228144+00:00
2025-11-29 17:00:00+01:00,60226.285,61506.6475,2025-12-13 09:34:08.228144+00:00
2025-11-29 18:00:00+01:00,60293.354999999996,61969.1975,2025-12-13 09:34:08.228144+00:00
2025-11-29 19:00:00+01:00,58284.03,60030.8375,2025-12-13 09:34:08.228144+00:00
2025-11-29 20:00:00+01:00,55387.305,57078.9925,2025-12-13 09:34:08.228144+00:00
2025-11-29 21:00:00+01:00,53390.6575,54634.6375,2025-12-13 09:34:08.228144+00:00
2025-11-29 22:00:00+01:00,51951.8125,52724.7225,2025-12-13 09:34:08.228144+00:00
2025-11-29 23:00:00+01:00,48603.6575,50024.89,2025-12-13 09:34:08.228144+00:00
2025-11-30 00:00:00+01:00,45796.2975,47692.8475,2025-12-13 09:34:08.228144+00:00
2025-11-30 01:00:00+01:00,43658.192500000005,46096.145000000004,2025-12-13 09:34:08.228144+00:00
2025-11-30 02:00:00+01:00,43323.505,45289.47,2025-12-13 09:34:08.228144+00:00
2025-11-30 03:00:00+01:00,42948.917499999996,44970.59,2025-12-13 09:34:08.228144+00:00
2025-11-30 04:00:00+01:00,42665.347499999996,45137.0025,2025-12-13 09:34:08.228144+00:00
2025-11-30 05:00:00+01:00,43014.4,46492.9075,2025-12-13 09:34:08.228144+00:00
2025-11-30 06:00:00+01:00,44215.81,48928.71,2025-12-13 09:34:08.228144+00:00
2025-11-30 07:00:00+01:00,45965.745,51489.845,2025-12-13 09:34:08.228144+00:00
2025-11-30 08:00:00+01:00,49723.9375,54443.1225,2025-12-13 09:34:08.228144+00:00
2025-11-30 09:00:00+01:00,52688.255000000005,56852.354999999996,2025-12-13 09:34:08.228144+00:00
2025-11-30 10:00:00+01:00,54115.915,58607.385,2025-12-13 09:34:08.228144+00:00
2025-11-30 11:00:00+01:00,56846.265,60052.11,2025-12-13 09:34:08.228144+00:00
2025-11-30 12:00:00+01:00,57380.015,60084.41,2025-12-13 09:34:08.228144+00:00
2025-11-30 13:00:00+01:00,55880.605,58937.8975,2025-12-13 09:34:08.228144+00:00
2025-11-30 14:00:00+01:00,55129.5925,57360.8675,2025-12-13 09:34:08.228144+00:00
2025-11-30 15:00:00+01:00,55172.01,57260.3325,2025-12-13 09:34:08.228144+00:00
2025-11-30 16:00:00+01:00,56683.265,58968.9725,2025-12-13 09:34:08.228144+00:00
2025-11-30 17:00:00+01:00,59355.957500000004,60864.41,2025-12-13 09:34:08.228144+00:00
2025-11-30 18:00:00+01:00,60012.759999999995,61730.655,2025-12-13 09:34:08.228144+00:00
2025-11-30 19:00:00+01:00,58438.5325,60365.075,2025-12-13 09:34:08.228144+00:00
2025-11-30 20:00:00+01:00,56078.265,57950.67,2025-12-13 09:34:08.228144+00:00
2025-11-30 21:00:00+01:00,54291.7225,55838.285,2025-12-13 09:34:08.228144+00:00
2025-11-30 22:00:00+01:00,52662.5,53997.0925,2025-12-13 09:34:08.228144+00:00
2025-11-30 23:00:00+01:00,49966.875,51087.045,2025-12-13 09:34:08.228144+00:00
2025-12-01 00:00:00+01:00,47930.035,48448.424999999996,2025-12-13 09:34:08.228144+00:00
2025-12-01 01:00:00+01:00,46838.1875,47059.1025,2025-12-13 09:34:08.228144+00:00
2025-12-01 02:00:00+01:00,45732.6675,46605.0475,2025-12-13 09:34:08.228144+00:00
2025-12-01 03:00:00+01:00,46223.5275,46687.9075,2025-12-13 09:34:08.228144+00:00
2025-12-01 04:00:00+01:00,48647.5875,47855.2525,2025-12-13 09:34:08.228144+00:00
2025-12-01 05:00:00+01:00,52457.4125,52932.692500000005,2025-12-13 09:34:08.228144+00:00
2025-12-01 06:00:00+01:00,61102.457500000004,61653.95,2025-12-13 09:34:08.228144+00:00
2025-12-01 07:00:00+01:00,67553.35250000001,68072.77,2025-12-13 09:34:08.228144+00:00
2025-12-01 08:00:00+01:00,70191.02500000001,70191.2725,2025-12-13 09:34:08.228144+00:00
2025-12-01 09:00:00+01:00,71944.775,70196.5775,2025-12-13 09:34:08.228144+00:00
2025-12-01 10:00:00+01:00,71844.26,70522.98,2025-12-13 09:34:08.228144+00:00
2025-12-01 11:00:00+01:00,71622.555,71003.9725,2025-12-13 09:34:08.228144+00:00
2025-12-01 12:00:00+01:00,71638.9825,70635.0375,2025-12-13 09:34:08.228144+00:00
2025-12-01 13:00:00+01:00,70479.79000000001,69296.855,2025-12-13 09:34:08.228144+00:00
2025-12-01 14:00:00+01:00,69853.585,68211.085,2025-12-13 09:34:08.228144+00:00
2025-12-01 15:00:00+01:00,69719.0625,67717.17749999999,2025-12-13 09:34:08.228144+00:00
2025-12-01 16:00:00+01:00,71089.0725,68667.985,2025-12-13 09:34:08.228144+00:00
2025-12-01 17:00:00+01:00,73402.295,70453.66,2025-12-13 09:34:08.228144+00:00
2025-12-01 18:00:00+01:00,72937.325,71348.375,2025-12-13 09:34:08.228144+00:00
2025-12-01 19:00:00+01:00,70950.6725,69267.7625,2025-12-13 09:34:08.228144+00:00
2025-12-01 20:00:00+01:00,67801.89749999999,65666.4825,2025-12-13 09:34:08.228144+00:00
2025-12-01 21:00:00+01:00,63809.0525,61992.4125,2025-12-13 09:34:08.228144+00:00
2025-12-01 22:00:00+01:00,59998.0075,58702.8575,2025-12-13 09:34:08.228144+00:00
2025-12-01 23:00:00+01:00,55850.81,54632.965,2025-12-13 09:34:08.228144+00:00
2025-12-02 00:00:00+01:00,52870.175,52047.67,2025-12-13 09:34:08.228144+00:00
2025-12-02 01:00:00+01:00,51101.6175,50493.2825,2025-12-13 09:34:08.228144+00:00
2025-12-02 02:00:00+01:00,50583.595,49807.909999999996,2025-12-13 09:34:08.228144+00:00
2025-12-02 03:00:00+01:00,51181.69,49996.04,2025-12-13 09:34:08.228144+00:00
2025-12-02 04:00:00+01:00,52417.16,51467.42,2025-12-13 09:34:08.228144+00:00
2025-12-02 05:00:00+01:00,56076.425,55317.415,2025-12-13 09:34:08.228144+00:00
2025-12-02 06:00:00+01:00,64288.8025,61846.5325,2025-12-13 09:34:08.228144+00:00
2025-12-02 07:00:00+01:00,70724.6075,67398.615,2025-12-13 09:34:08.228144+00:00
2025-12-02 08:00:00+01:00,73857.2475,69911.64749999999,2025-12-13 09:34:08.228144+00:00
2025-12-02 09:00:00+01:00,74254.9325,70777.015,2025-12-13 09:34:08.228144+00:00
2025-12-02 10:00:00+01:00,74412.3625,71351.96250000001,2025-12-13 09:34:08.228144+00:00
2025-12-02 11:00:00+01:00,73822.495,72018.095,2025-12-13 09:34:08.228144+00:00
2025-12-02 12:00:00+01:00,73127.79999999999,71744.225,2025-12-13 09:34:08.228144+00:00
2025-12-02 13:00:00+01:00,72301.7575,70464.7125,2025-12-13 09:34:08.228144+00:00
2025-12-02 14:00:00+01:00,71460.6175,69151.685,2025-12-13 09:34:08.228144+00:00
2025-12-02 15:00:00+01:00,70719.24250000001,68473.08499999999,2025-12-13 09:34:08.228144+00:00
2025-12-02 16:00:00+01:00,71700.74,69539.1675,2025-12-13 09:34:08.228144+00:00
2025-12-02 17:00:00+01:00,73289.0775,71472.9875,2025-12-13 09:34:08.228144+00:00
2025-12-02 18:00:00+01:00,72431.8875,71534.845,2025-12-13 09:34:08.228144+00:00
2025-12-02 19:00:00+01:00,70334.405,69686.1275,2025-12-13 09:34:08.228144+00:00
2025-12-02 20:00:00+01:00,67199.18,65988.095,2025-12-13 09:34:08.228144+00:00
2025-12-02 21:00:00+01:00,63378.8,61815.47,2025-12-13 09:34:08.228144+00:00
2025-12-02 22:00:00+01:00,60273.34,58594.8475,2025-12-13 09:34:08.228144+00:00
2025-12-02 23:00:00+01:00,56474.159999999996,54776.3,2025-12-13 09:34:08.228144+00:00
2025-12-03 00:00:00+01:00,53368.5975,51692.6875,2025-12-13 09:34:08.228144+00:00
2025-12-03 01:00:00+01:00,51439.4,50164.225,2025-12-13 09:34:08.228144+00:00
2025-12-03 02:00:00+01:00,50492.035,49424.615000000005,2025-12-13 09:34:08.228144+00:00
2025-12-03 03:00:00+01:00,51046.792499999996,49853.6975,2025-12-13 09:34:08.228144+00:00
2025-12-03 04:00:00+01:00,52324.615,51319.9525,2025-12-13 09:34:08.228144+00:00
2025-12-03 05:00:00+01:00,55921.2025,55066.0925,2025-12-13 09:34:08.228144+00:00
2025-12-03 06:00:00+01:00,63720.985,61705.095,2025-12-13 09:34:08.228144+00:00
2025-12-03 07:00:00+01:00,69396.0725,67939.2775,2025-12-13 09:34:08.228144+00:00
2025-12-03 08:00:00+01:00,71850.6775,70200.3775,2025-12-13 09:34:08.228144+00:00
2025-12-03 09:00:00+01:00,72967.135,70565.1025,2025-12-13 09:34:08.228144+00:00
2025-12-03 10:00:00+01:00,73791.9525,71067.88500000001,2025-12-13 09:34:08.228144+00:00
2025-12-03 11:00:00+01:00,74120.985,71559.115,2025-12-13 09:34:08.228144+00:00
2025-12-03 12:00:00+01:00,73959.7025,70901.6075,2025-12-13 09:34:08.228144+00:00
2025-12-03 13:00:00+01:00,73421.41500000001,69843.5625,2025-12-13 09:34:08.228144+00:00
2025-12-03 14:00:00+01:00,72446.145,68703.7175,2025-12-13 09:34:08.228144+00:00
2025-12-03 15:00:00+01:00,71964.6325,67932.225,2025-12-13 09:34:08.228144+00:00
2025-12-03 16:00:00+01:00,72714.8475,68791.055,2025-12-13 09:34:08.228144+00:00
2025-12-03 17:00:00+01:00,74049.0425,70158.71,2025-12-13 09:34:08.228144+00:00
2025-12-03 18:00:00+01:00,73504.525,70348.5425,2025-12-13 09:34:08.228144+00:00
2025-12-03 19:00:00+01:00,71532.1325,68304.69,2025-12-13 09:34:08.228144+00:00
2025-12-03 20:00:00+01:00,67777.7475,64926.09,2025-12-13 09:34:08.228144+00:00
2025-12-03 21:00:00+01:00,63771.825,61120.92,2025-12-13 09:34:08.228144+00:00
2025-12-03 22:00:00+01:00,60140.905,57819.785,2025-12-13 09:34:08.228144+00:00
2025-12-03 23:00:00+01:00,56148.95,54184.505000000005,2025-12-13 09:34:08.228144+00:00
2025-12-04 00:00:00+01:00,53891.652500000004,52157.145000000004,2025-12-13 09:34:08.228144+00:00
2025-12-04 01:00:00+01:00,52071.9025,50508.665,2025-12-13 09:34:08.228144+00:00
2025-12-04 02:00:00+01:00,50981.052500000005,49809.415,2025-12-13 09:34:08.228144+00:00
2025-12-04 03:00:00+01:00,51617.6775,49922.2025,2025-12-13 09:34:08.228144+00:00
2025-12-04 04:00:00+01:00,53002.7575,51270.45,2025-12-13 09:34:08.228144+00:00
2025-12-04 05:00:00+01:00,56759.4375,55047.705,2025-12-13 09:34:08.228144+00:00
2025-12-04 06:00:00+01:00,64292.5625,61759.3825,2025-12-13 09:34:08.228144+00:00
2025-12-04 07:00:00+01:00,69641.2375,67828.345,2025-12-13 09:34:08.228144+00:00
2025-12-04 08:00:00+01:00,72599.8825,70792.855,2025-12-13 09:34:08.228144+00:00
2025-12-04 09:00:00+01:00,73410.945,71313.26,2025-12-13 09:34:08.228144+00:00
2025-12-04 10:00:00+01:00,74089.94750000001,71996.065,2025-12-13 09:34:08.228144+00:00
2025-12-04 11:00:00+01:00,74182.8475,72480.2525,2025-12-13 09:34:08.228144+00:00
2025-12-04 12:00:00+01:00,73597.41750000001,71593.2875,2025-12-13 09:34:08.228144+00:00
2025-12-04 13:00:00+01:00,72176.945,70146.6425,2025-12-13 09:34:08.228144+00:00
2025-12-04 14:00:00+01:00,71455.985,68754.23000000001,2025-12-13 09:34:08.228144+00:00
2025-12-04 15:00:00+01:00,71310.04000000001,68228.7,2025-12-13 09:34:08.228144+00:00
2025-12-04 16:00:00+01:00,72754.2775,69369.6775,2025-12-13 09:34:08.228144+00:00
2025-12-04 17:00:00+01:00,74206.0925,71212.5325,2025-12-13 09:34:08.228144+00:00
2025-12-04 18:00:00+01:00,73691.3825,71310.29000000001,2025-12-13 09:34:08.228144+00:00
2025-12-04 19:00:00+01:00,71915.145,69302.8225,2025-12-13 09:34:08.228144+00:00
2025-12-04 20:00:00+01:00,68142.8275,65702.9225,2025-12-13 09:34:08.228144+00:00
2025-12-04 21:00:00+01:00,64759.9025,62191.65,2025-12-13 09:34:08.228144+00:00
2025-12-04 22:00:00+01:00,61251.795,58945.415,2025-12-13 09:34:08.228144+00:00
2025-12-04 23:00:00+01:00,57512.13,55403.7725,2025-12-13 09:34:08.228144+00:00
2025-12-05 00:00:00+01:00,54591.707500000004,52465.270000000004,2025-12-13 09:34:08.228144+00:00
2025-12-05 01:00:00+01:00,52688.270000000004,50902.97,2025-12-13 09:34:08.228144+00:00
2025-12-05 02:00:00+01:00,51759.1575,50365.04,2025-12-13 09:34:08.228144+00:00
2025-12-05 03:00:00+01:00,51755.7125,50631.3725,2025-12-13 09:34:08.228144+00:00
2025-12-05 04:00:00+01:00,53007.34,51920.935,2025-12-13 09:34:08.228144+00:00
2025-12-05 05:00:00+01:00,56332.53,55576.585,2025-12-13 09:34:08.228144+00:00
2025-12-05 06:00:00+01:00,63660.44,62050.19,2025-12-13 09:34:08.228144+00:00
2025-12-05 07:00:00+01:00,69408.3175,68010.555,2025-12-13 09:34:08.228144+00:00
2025-12-05 08:00:00+01:00,72197.3275,70840.1275,2025-12-13 09:34:08.228144+00:00
2025-12-05 09:00:00+01:00,72464.9425,71690.0475,2025-12-13 09:34:08.228144+00:00
2025-12-05 10:00:00+01:00,72789.6675,72102.045,2025-12-13 09:34:08.228144+00:00
2025-12-05 11:00:00+01:00,72806.125,72464.295,2025-12-13 09:34:08.228144+00:00
2025-12-05 12:00:00+01:00,72269.1675,71782.555,2025-12-13 09:34:08.228144+00:00
2025-12-05 13:00:00+01:00,70762.3025,70192.4875,2025-12-13 09:34:08.228144+00:00
2025-12-05 14:00:00+01:00,69530.225,68787.77,2025-12-13 09:34:08.228144+00:00
2025-12-05 15:00:00+01:00,69418.3125,67899.1075,2025-12-13 09:34:08.228144+00:00
2025-12-05 16:00:00+01:00,70740.565,69210.01999999999,2025-12-13 09:34:08.228144+00:00
2025-12-05 17:00:00+01:00,71428.4275,70265.4625,2025-12-13 09:34:08.228144+00:00
2025-12-05 18:00:00+01:00,70359.45749999999,70058.925,2025-12-13 09:34:08.228144+00:00
2025-12-05 19:00:00+01:00,68047.69,67692.5175,2025-12-13 09:34:08.228144+00:00
2025-12-05 20:00:00+01:00,64499.9175,64139.3675,2025-12-13 09:34:08.228144+00:00
2025-12-05 21:00:00+01:00,61452.177500000005,60317.36,2025-12-13 09:34:08.228144+00:00
2025-12-05 22:00:00+01:00,58440.23,57136.205,2025-12-13 09:34:08.228144+00:00
2025-12-05 23:00:00+01:00,54356.24,53776.5825,2025-12-13 09:34:08.228144+00:00
2025-12-06 00:00:00+01:00,50317.47,50448.505000000005,2025-12-13 09:34:08.228144+00:00
2025-12-06 01:00:00+01:00,48461.917499999996,48180.33,2025-12-13 09:34:08.228144+00:00
2025-12-06 02:00:00+01:00,47361.3975,46996.82,2025-12-13 09:34:08.228144+00:00
2025-12-06 03:00:00+01:00,46517.8225,46598.595,2025-12-13 09:34:08.228144+00:00
2025-12-06 04:00:00+01:00,47499.295,46391.8025,2025-12-13 09:34:08.228144+00:00
2025-12-06 05:00:00+01:00,48382.917499999996,48002.94,2025-12-13 09:34:08.228144+00:00
2025-12-06 06:00:00+01:00,50018.875,50096.8675,2025-12-13 09:34:08.228144+00:00
2025-12-06 07:00:00+01:00,52863.875,52790.74,2025-12-13 09:34:08.228144+00:00
2025-12-06 08:00:00+01:00,56698.89,56052.1375,2025-12-13 09:34:08.228144+00:00
2025-12-06 09:00:00+01:00,58993.3875,58557.5025,2025-12-13 09:34:08.228144+00:00
2025-12-06 10:00:00+01:00,60456.3775,60496.6825,2025-12-13 09:34:08.228144+00:00
2025-12-06 11:00:00+01:00,61440.7575,61535.1925,2025-12-13 09:34:08.228144+00:00
2025-12-06 12:00:00+01:00,60504.9025,61162.5725,2025-12-13 09:34:08.228144+00:00
2025-12-06 13:00:00+01:00,59507.875,59447.167499999996,2025-12-13 09:34:08.228144+00:00
2025-12-06 14:00:00+01:00,58000.895000000004,58016.2575,2025-12-13 09:34:08.228144+00:00
2025-12-06 15:00:00+01:00,58032.4925,57974.0525,2025-12-13 09:34:08.228144+00:00
2025-12-06 16:00:00+01:00,59722.9375,59761.3725,2025-12-13 09:34:08.228144+00:00
2025-12-06 17:00:00+01:00,60912.2525,62123.885,2025-12-13 09:34:08.228144+00:00
2025-12-06 18:00:00+01:00,60700.34,62419.1275,2025-12-13 09:34:08.228144+00:00
2025-12-06 19:00:00+01:00,59121.0075,60704.18,2025-12-13 09:34:08.228144+00:00
2025-12-06 20:00:00+01:00,55802.82,57815.787500000006,2025-12-13 09:34:08.228144+00:00
2025-12-06 21:00:00+01:00,52794.825,55188.49,2025-12-13 09:34:08.228144+00:00
2025-12-06 22:00:00+01:00,51451.615,53144.2675,2025-12-13 09:34:08.228144+00:00
2025-12-06 23:00:00+01:00,48084.2175,50359.4625,2025-12-13 09:34:08.228144+00:00
2025-12-07 00:00:00+01:00,44573.7625,47538.47,2025-12-13 09:34:08.228144+00:00
2025-12-07 01:00:00+01:00,42504.5,45859.8625,2025-12-13 09:34:08.228144+00:00
2025-12-07 02:00:00+01:00,41206.15,44989.7125,2025-12-13 09:34:08.228144+00:00
2025-12-07 03:00:00+01:00,40741.18,44676.51,2025-12-13 09:34:08.228144+00:00
2025-12-07 04:00:00+01:00,41031.7625,44729.7875,2025-12-13 09:34:08.228144+00:00
2025-12-07 05:00:00+01:00,41155.66,45765.965,2025-12-13 09:34:08.228144+00:00
2025-12-07 06:00:00+01:00,41762.4225,48032.130000000005,2025-12-13 09:34:08.228144+00:00
2025-12-07 07:00:00+01:00,44005.51,50789.3625,2025-12-13 09:34:08.228144+00:00
2025-12-07 08:00:00+01:00,47819.457500000004,53539.9975,2025-12-13 09:34:08.228144+00:00
2025-12-07 09:00:00+01:00,50872.94,56163.979999999996,2025-12-13 09:34:08.228144+00:00
2025-12-07 10:00:00+01:00,52261.49,58206.4825,2025-12-13 09:34:08.228144+00:00
2025-12-07 11:00:00+01:00,54578.2925,59871.082500000004,2025-12-13 09:34:08.228144+00:00
2025-12-07 12:00:00+01:00,54657.985,60176.715000000004,2025-12-13 09:34:08.228144+00:00
2025-12-07 13:00:00+01:00,52421.86,59401.7375,2025-12-13 09:34:08.228144+00:00
2025-12-07 14:00:00+01:00,50110.19,57993.7225,2025-12-13 09:34:08.228144+00:00
2025-12-07 15:00:00+01:00,51365.2125,57604.5625,2025-12-13 09:34:08.228144+00:00
2025-12-07 16:00:00+01:00,53327.215,59004.4025,2025-12-13 09:34:08.228144+00:00
2025-12-07 17:00:00+01:00,55864.3825,60838.935,2025-12-13 09:34:08.228144+00:00
2025-12-07 18:00:00+01:00,56383.53,61610.5925,2025-12-13 09:34:08.228144+00:00
2025-12-07 19:00:00+01:00,55815.9025,60216.725,2025-12-13 09:34:08.228144+00:00
2025-12-07 20:00:00+01:00,53954.6925,57823.81,2025-12-13 09:34:08.228144+00:00
2025-12-07 21:00:00+01:00,52614.07,55666.81,2025-12-13 09:34:08.228144+00:00
2025-12-07 22:00:00+01:00,50984.745,53699.854999999996,2025-12-13 09:34:08.228144+00:00
2025-12-07 23:00:00+01:00,48075.975,50834.0025,2025-12-13 09:34:08.228144+00:00
2025-12-08 00:00:00+01:00,46024.7575,47244.685,2025-12-13 09:34:08.228144+00:00
2025-12-08 01:00:00+01:00,44291.06,45857.0525,2025-12-13 09:34:08.228144+00:00
2025-12-08 02:00:00+01:00,43898.5975,45506.095,2025-12-13 09:34:08.228144+00:00
2025-12-08 03:00:00+01:00,44005.4825,45657.6725,2025-12-13 09:34:08.228144+00:00
2025-12-08 04:00:00+01:00,45600.44,46589.7475,2025-12-13 09:34:08.228144+00:00
2025-12-08 05:00:00+01:00,50003.875,49979.5475,2025-12-13 09:34:08.228144+00:00
2025-12-08 06:00:00+01:00,58181.1725,55724.46,2025-12-13 09:34:08.228144+00:00
2025-12-08 07:00:00+01:00,64921.0075,60486.11,2025-12-13 09:34:08.228144+00:00
2025-12-08 08:00:00+01:00,68187.9025,63686.4975,2025-12-13 09:34:08.228144+00:00
2025-12-08 09:00:00+01:00,68943.235,65320.185,2025-12-13 09:34:08.228144+00:00
2025-12-08 10:00:00+01:00,69918.565,66237.45999999999,2025-12-13 09:34:08.228144+00:00
2025-12-08 11:00:00+01:00,70968.1375,67386.0125,2025-12-13 09:34:08.228144+00:00
2025-12-08 12:00:00+01:00,70689.8425,67721.94,2025-12-13 09:34:08.228144+00:00
2025-12-08 13:00:00+01:00,70673.76250000001,66281.845,2025-12-13 09:34:08.228144+00:00
2025-12-08 14:00:00+01:00,69302.67,65137.9225,2025-12-13 09:34:08.228144+00:00
2025-12-08 15:00:00+01:00,68718.36,64180.5375,2025-12-13 09:34:08.228144+00:00
2025-12-08 16:00:00+01:00,69950.72,65287.6675,2025-12-13 09:34:08.228144+00:00
2025-12-08 17:00:00+01:00,70894.055,66618.95,2025-12-13 09:34:08.228144+00:00
2025-12-08 18:00:00+01:00,70339.9025,66863.04000000001,2025-12-13 09:34:08.228144+00:00
2025-12-08 19:00:00+01:00,67998.7675,64980.6025,2025-12-13 09:34:08.228144+00:00
2025-12-08 20:00:00+01:00,64369.8725,61888.9925,2025-12-13 09:34:08.228144+00:00
2025-12-08 21:00:00+01:00,60507.917499999996,58698.235,2025-12-13 09:34:08.228144+00:00
2025-12-08 22:00:00+01:00,56248.5125,55739.96,2025-12-13 09:34:08.228144+00:00
2025-12-08 23:00:00+01:00,52071.744999999995,52246.8375,2025-12-13 09:34:08.228144+00:00
2025-12-09 00:00:00+01:00,48860.765,48500.7175,2025-12-13 09:34:08.228144+00:00
2025-12-09 01:00:00+01:00,47145.875,46924.0075,2025-12-13 09:34:08.228144+00:00
2025-12-09 02:00:00+01:00,45764.649999999994,46500.4325,2025-12-13 09:34:08.228144+00:00
2025-12-09 03:00:00+01:00,46169.555,46554.2175,2025-12-13 09:34:08.228144+00:00
2025-12-09 04:00:00+01:00,47878.057499999995,47330.435,2025-12-13 09:34:08.228144+00:00
2025-12-09 05:00:00+01:00,51667.56,51113.8725,2025-12-13 09:34:08.228144+00:00
2025-12-09 06:00:00+01:00,60296.305,58140.740000000005,2025-12-13 09:34:08.228144+00:00
2025-12-09 07:00:00+01:00,66889.92,63812.1475,2025-12-13 09:34:08.228144+00:00
2025-12-09 08:00:00+01:00,69699.56,66571.125,2025-12-13 09:34:08.228144+00:00
2025-12-09 09:00:00+01:00,70086.7675,67595.785,2025-12-13 09:34:08.228144+00:00
2025-12-09 10:00:00+01:00,70716.275,68347.61499999999,2025-12-13 09:34:08.228144+00:00
2025-12-09 11:00:00+01:00,70997.3425,69024.35250000001,2025-12-13 09:34:08.228144+00:00
2025-12-09 12:00:00+01:00,70293.1175,68804.285,2025-12-13 09:34:08.228144+00:00
2025-12-09 13:00:00+01:00,68514.5925,67266.955,2025-12-13 09:34:08.228144+00:00
2025-12-09 14:00:00+01:00,67580.91,66046.04000000001,2025-12-13 09:34:08.228144+00:00
2025-12-09 15:00:00+01:00,66938.4125,65537.9275,2025-12-13 09:34:08.228144+00:00
2025-12-09 16:00:00+01:00,68317.10250000001,66327.60250000001,2025-12-13 09:34:08.228144+00:00
2025-12-09 17:00:00+01:00,70254.5175,68072.1675,2025-12-13 09:34:08.228144+00:00
2025-12-09 18:00:00+01:00,69823.525,68111.955,2025-12-13 09:34:08.228144+00:00
2025-12-09 19:00:00+01:00,68287.0775,66422.1575,2025-12-13 09:34:08.228144+00:00
2025-12-09 20:00:00+01:00,64557.7325,62870.625,2025-12-13 09:34:08.228144+00:00
2025-12-09 21:00:00+01:00,61422.6075,58981.935,2025-12-13 09:34:08.228144+00:00
2025-12-09 22:00:00+01:00,56739.4675,55843.7,2025-12-13 09:34:08.228144+00:00
2025-12-09 23:00:00+01:00,53271.72,52217.880000000005,2025-12-13 09:34:08.228144+00:00
2025-12-10 00:00:00+01:00,50215.682499999995,50532.457500000004,2025-12-13 09:34:08.228144+00:00
2025-12-10 01:00:00+01:00,48069.2325,48911.54,2025-12-13 09:34:08.228144+00:00
2025-12-10 02:00:00+01:00,47269.5825,48064.802500000005,2025-12-13 09:34:08.228144+00:00
2025-12-10 03:00:00+01:00,47522.2175,48405.215,2025-12-13 09:34:08.228144+00:00
2025-12-10 04:00:00+01:00,49145.22,49815.8825,2025-12-13 09:34:08.228144+00:00
2025-12-10 05:00:00+01:00,52878.115,53484.955,2025-12-13 09:34:08.228144+00:00
2025-12-10 06:00:00+01:00,60758.5625,60049.2425,2025-12-13 09:34:08.228144+00:00
2025-12-10 07:00:00+01:00,66952.8,66132.98999999999,2025-12-13 09:34:08.228144+00:00
2025-12-10 08:00:00+01:00,69274.0125,68413.73,2025-12-13 09:34:08.228144+00:00
2025-12-10 09:00:00+01:00,69655.265,68850.8225,2025-12-13 09:34:08.228144+00:00
2025-12-10 10:00:00+01:00,70094.1875,69636.42,2025-12-13 09:34:08.228144+00:00
2025-12-10 11:00:00+01:00,70698.3775,70470.31,2025-12-13 09:34:08.228144+00:00
2025-12-10 12:00:00+01:00,70178.04000000001,69988.8125,2025-12-13 09:34:08.228144+00:00
2025-12-10 13:00:00+01:00,69359.7725,68932.955,2025-12-13 09:34:08.228144+00:00
2025-12-10 14:00:00+01:00,68907.3275,67748.69,2025-12-13 09:34:08.228144+00:00
2025-12-10 15:00:00+01:00,69166.72750000001,66955.685,2025-12-13 09:34:08.228144+00:00
2025-12-10 16:00:00+01:00,70423.345,67764.1125,2025-12-13 09:34:08.228144+00:00
2025-12-10 17:00:00+01:00,71737.5275,69046.6875,2025-12-13 09:34:08.228144+00:00
2025-12-10 18:00:00+01:00,71440.22,69204.73000000001,2025-12-13 09:34:08.228144+00:00
2025-12-10 19:00:00+01:00,69999.71,66956.205,2025-12-13 09:34:08.228144+00:00
2025-12-10 20:00:00+01:00,66676.03,63471.775,2025-12-13 09:34:08.228144+00:00
2025-12-10 21:00:00+01:00,62247.270000000004,59738.46,2025-12-13 09:34:08.228144+00:00
2025-12-10 22:00:00+01:00,58452.65,56361.76,2025-12-13 09:34:08.228144+00:00
2025-12-10 23:00:00+01:00,54457.9475,52729.1375,2025-12-13 09:34:08.228144+00:00
2025-12-11 00:00:00+01:00,50653.5225,48509.305,2025-12-13 09:34:08.228144+00:00
2025-12-11 01:00:00+01:00,48179.825,47067.88,2025-12-13 09:34:08.228144+00:00
2025-12-11 02:00:00+01:00,47403.395000000004,46654.505,2025-12-13 09:34:08.228144+00:00
2025-12-11 03:00:00+01:00,47725.3525,46873.2375,2025-12-13 09:34:08.228144+00:00
2025-12-11 04:00:00+01:00,49060.6675,48481.7725,2025-12-13 09:34:08.228144+00:00
2025-12-11 05:00:00+01:00,52767.6075,52527.835,2025-12-13 09:34:08.228144+00:00
2025-12-11 06:00:00+01:00,61146.520000000004,59438.3375,2025-12-13 09:34:08.228144+00:00
2025-12-11 07:00:00+01:00,67366.64,64990.8475,2025-12-13 09:34:08.228144+00:00
2025-12-11 08:00:00+01:00,70002.335,67889.605,2025-12-13 09:34:08.228144+00:00
2025-12-11 09:00:00+01:00,70371.545,68631.0475,2025-12-13 09:34:08.228144+00:00
2025-12-11 10:00:00+01:00,71074.2175,69473.545,2025-12-13 09:34:08.228144+00:00
2025-12-11 11:00:00+01:00,70931.5125,69928.9125,2025-12-13 09:34:08.228144+00:00
2025-12-11 12:00:00+01:00,71316.0675,69567.9175,2025-12-13 09:34:08.228144+00:00
2025-12-11 13:00:00+01:00,70425.6525,68366.7125,2025-12-13 09:34:08.228144+00:00
2025-12-11 14:00:00+01:00,69038.9,67053.9275,2025-12-13 09:34:08.228144+00:00
2025-12-11 15:00:00+01:00,67921.84,66573.815,2025-12-13 09:34:08.228144+00:00
2025-12-11 16:00:00+01:00,69445.1825,67693.785,2025-12-13 09:34:08.228144+00:00
2025-12-11 17:00:00+01:00,71087.19499999999,69494.5,2025-12-13 09:34:08.228144+00:00
2025-12-11 18:00:00+01:00,70236.4425,69428.315,2025-12-13 09:34:08.228144+00:00
2025-12-11 19:00:00+01:00,68598.1025,67162.615,2025-12-13 09:34:08.228144+00:00
2025-12-11 20:00:00+01:00,64803.59,63335.7975,2025-12-13 09:34:08.228144+00:00
2025-12-11 21:00:00+01:00,61413.575,59604.185,2025-12-13 09:34:08.228144+00:00
2025-12-11 22:00:00+01:00,58384.2275,56077.5975,2025-12-13 09:34:08.228144+00:00
2025-12-11 23:00:00+01:00,54494.88,52295.675,2025-12-13 09:34:08.228144+00:00
2025-12-12 00:00:00+01:00,51019.41,49495.34,2025-12-13 09:34:08.228144+00:00
2025-12-12 01:00:00+01:00,48689.3325,47858.2925,2025-12-13 09:34:08.228144+00:00
2025-12-12 02:00:00+01:00,47640.5275,47308.229999999996,2025-12-13 09:34:08.228144+00:00
2025-12-12 03:00:00+01:00,47335.4625,47529.46,2025-12-13 09:34:08.228144+00:00
2025-12-12 04:00:00+01:00,48509.057499999995,48737.1725,2025-12-13 09:34:08.228144+00:00
2025-12-12 05:00:00+01:00,52584.755000000005,52078.4375,2025-12-13 09:34:08.228144+00:00
2025-12-12 06:00:00+01:00,59978.1775,58620.697499999995,2025-12-13 09:34:08.228144+00:00
2025-12-12 07:00:00+01:00,65808.2075,64379.24,2025-12-13 09:34:08.228144+00:00
2025-12-12 08:00:00+01:00,69104.0,67495.73,2025-12-13 09:34:08.228144+00:00
2025-12-12 09:00:00+01:00,69385.375,68272.1225,2025-12-13 09:34:08.228144+00:00
2025-12-12 10:00:00+01:00,69505.69499999999,68839.61499999999,2025-12-13 09:34:08.228144+00:00
2025-12-12 11:00:00+01:00,69371.48,69156.2625,2025-12-13 09:34:08.228144+00:00
2025-12-12 12:00:00+01:00,68117.5275,68380.02,2025-12-13 09:34:08.228144+00:00
2025-12-12 13:00:00+01:00,66876.555,66804.05249999999,2025-12-13 09:34:08.228144+00:00
2025-12-12 14:00:00+01:00,65182.917499999996,65276.92,2025-12-13 09:34:08.228144+00:00
2025-12-12 15:00:00+01:00,64843.9675,64743.942500000005,2025-12-13 09:34:08.228144+00:00
2025-12-12 16:00:00+01:00,66136.0325,65993.68,2025-12-13 09:34:08.228144+00:00
2025-12-12 17:00:00+01:00,67961.0625,67687.9925,2025-12-13 09:34:08.228144+00:00
2025-12-12 18:00:00+01:00,66952.59,67797.445,2025-12-13 09:34:08.228144+00:00
2025-12-12 19:00:00+01:00,65365.6275,65759.09,2025-12-13 09:34:08.228144+00:00
2025-12-12 20:00:00+01:00,61808.67,61945.09,2025-12-13 09:34:08.228144+00:00
2025-12-12 21:00:00+01:00,,58039.7975,2025-12-13 09:34:08.228144+00:00
2025-12-12 22:00:00+01:00,,54794.315,2025-12-13 09:34:08.228144+00:00
2025-12-12 23:00:00+01:00,,51145.93,2025-12-13 09:34:08.228144+00:00
2025-12-13 00:00:00+01:00,,48581.685,2025-12-13 09:34:08.228144+00:00
2025-12-13 01:00:00+01:00,,46433.104999999996,2025-12-13 09:34:08.228144+00:00
2025-12-13 02:00:00+01:00,,45233.1625,2025-12-13 09:34:08.228144+00:00
2025-12-13 03:00:00+01:00,,44928.7,2025-12-13 09:34:08.228144+00:00
2025-12-13 04:00:00+01:00,,44689.71,2025-12-13 09:34:08.228144+00:00
2025-12-13 05:00:00+01:00,,46898.2125,2025-12-13 09:34:08.228144+00:00
2025-12-13 06:00:00+01:00,,49710.17,2025-12-13 09:34:08.228144+00:00
2025-12-13 07:00:00+01:00,,52661.33,2025-12-13 09:34:08.228144+00:00
2025-12-13 08:00:00+01:00,,56011.215,2025-12-13 09:34:08.228144+00:00
2025-12-13 09:00:00+01:00,,58248.04,2025-12-13 09:34:08.228144+00:00
2025-12-13 10:00:00+01:00,,59948.442500000005,2025-12-13 09:34:08.228144+00:00
2025-12-13 11:00:00+01:00,,61075.4675,2025-12-13 09:34:08.228144+00:00
2025-12-13 12:00:00+01:00,,60884.91,2025-12-13 09:34:08.228144+00:00
2025-12-13 13:00:00+01:00,,59159.8675,2025-12-13 09:34:08.228144+00:00
2025-12-13 14:00:00+01:00,,57545.275,2025-12-13 09:34:08.228144+00:00
2025-12-13 15:00:00+01:00,,57164.99,2025-12-13 09:34:08.228144+00:00
2025-12-13 16:00:00+01:00,,58973.675,2025-12-13 09:34:08.228144+00:00
2025-12-13 17:00:00+01:00,,60668.8225,2025-12-13 09:34:08.228144+00:00
2025-12-13 18:00:00+01:00,,61000.8225,2025-12-13 09:34:08.228144+00:00
2025-12-13 19:00:00+01:00,,59512.54,2025-12-13 09:34:08.228144+00:00
2025-12-13 20:00:00+01:00,,56572.6875,2025-12-13 09:34:08.228144+00:00
2025-12-13 21:00:00+01:00,,54085.7175,2025-12-13 09:34:08.228144+00:00
2025-12-13 22:00:00+01:00,,52061.59,2025-12-13 09:34:08.228144+00:00
2025-12-13 23:00:00+01:00,,49145.3625,2025-12-13 09:34:08.228144+00:00
2025-12-14 00:00:00+01:00,,,2025-12-13 09:34:08.228144+00:00
2025-12-14 01:00:00+01:00,,,2025-12-13 09:34:08.228144+00:00
2025-12-14 02:00:00+01:00,,,2025-12-13 09:34:08.228144+00:00
2025-12-14 03:00:00+01:00,,,2025-12-13 09:34:08.228144+00:00
2025-12-14 04:00:00+01:00,,,2025-12-13 09:34:08.228144+00:00
2025-12-14 05:00:00+01:00,,,2025-12-13 09:34:08.228144+00:00
2025-12-14 06:00:00+01:00,,,2025-12-13 09:34:08.228144+00:00
2025-12-14 07:00:00+01:00,,,2025-12-13 09:34:08.228144+00:00
2025-12-14 08:00:00+01:00,,,2025-12-13 09:34:08.228144+00:00
2025-12-14 09:00:00+01:00,,,2025-12-13 09:34:08.228144+00:00
2025-12-14 10:00:00+01:00,,,2025-12-13 09:34:08.228144+00:00
2025-12-14 11:00:00+01:00,,,2025-12-13 09:34:08.228144+00:00
2025-12-14 12:00:00+01:00,,,2025-12-13 09:34:08.228144+00:00
2025-12-14 13:00:00+01:00,,,2025-12-13 09:34:08.228144+00:00
2025-12-14 14:00:00+01:00,,,2025-12-13 09:34:08.228144+00:00
2025-12-14 15:00:00+01:00,,,2025-12-13 09:34:08.228144+00:00
2025-12-14 16:00:00+01:00,,,2025-12-13 09:34:08.228144+00:00
2025-12-14 17:00:00+01:00,,,2025-12-13 09:34:08.228144+00:00
2025-12-14 18:00:00+01:00,,,2025-12-13 09:34:08.228144+00:00
2025-12-14 19:00:00+01:00,,,2025-12-13 09:34:08.228144+00:00
2025-12-14 20:00:00+01:00,,,2025-12-13 09:34:08.228144+00:00
2025-12-14 21:00:00+01:00,,,2025-12-13 09:34:08.228144+00:00
2025-12-14 22:00:00+01:00,,,2025-12-13 09:34:08.228144+00:00
2025-12-14 23:00:00+01:00,,,2025-12-13 09:34:08.228144+00:00
2025-12-15 00:00:00+01:00,,,2025-12-13 09:34:08.228144+00:00
2025-12-15 01:00:00+01:00,,,2025-12-13 09:34:08.228144+00:00
2025-12-15 02:00:00+01:00,,,2025-12-13 09:34:08.228144+00:00
2025-12-15 03:00:00+01:00,,,2025-12-13 09:34:08.228144+00:00
2025-12-15 04:00:00+01:00,,,2025-12-13 09:34:08.228144+00:00
2025-12-15 05:00:00+01:00,,,2025-12-13 09:34:08.228144+00:00
2025-12-15 06:00:00+01:00,,,2025-12-13 09:34:08.228144+00:00
2025-12-15 07:00:00+01:00,,,2025-12-13 09:34:08.228144+00:00
2025-12-15 08:00:00+01:00,,,2025-12-13 09:34:08.228144+00:00
2025-12-15 09:00:00+01:00,,,2025-12-13 09:34:08.228144+00:00
2025-12-15 10:00:00+01:00,,,2025-12-13 09:34:08.228144+00:00
2025-12-15 11:00:00+01:00,,,2025-12-13 09:34:08.228144+00:00
2025-12-15 12:00:00+01:00,,,2025-12-13 09:34:08.228144+00:00
2025-12-15 13:00:00+01:00,,,2025-12-13 09:34:08.228144+00:00
2025-12-15 14:00:00+01:00,,,2025-12-13 09:34:08.228144+00:00
2025-12-15 15:00:00+01:00,,,2025-12-13 09:34:08.228144+00:00
2025-12-15 16:00:00+01:00,,,2025-12-13 09:34:08.228144+00:00
2025-12-15 17:00:00+01:00,,,2025-12-13 09:34:08.228144+00:00
2025-12-15 18:00:00+01:00,,,2025-12-13 09:34:08.228144+00:00
2025-12-15 19:00:00+01:00,,,2025-12-13 09:34:08.228144+00:00
2025-12-15 20:00:00+01:00,,,2025-12-13 09:34:08.228144+00:00
2025-12-15 21:00:00+01:00,,,2025-12-13 09:34:08.228144+00:00
2025-12-15 22:00:00+01:00,,,2025-12-13 09:34:08.228144+00:00
2025-12-15 23:00:00+01:00,,,2025-12-13 09:34:08.228144+00:00
2025-12-16 00:00:00+01:00,,,2025-12-13 09:34:08.228144+00:00
2025-12-16 01:00:00+01:00,,,2025-12-13 09:34:08.228144+00:00
2025-12-16 02:00:00+01:00,,,2025-12-13 09:34:08.228144+00:00
2025-12-16 03:00:00+01:00,,,2025-12-13 09:34:08.228144+00:00
2025-12-16 04:00:00+01:00,,,2025-12-13 09:34:08.228144+00:00
2025-12-16 05:00:00+01:00,,,2025-12-13 09:34:08.228144+00:00
2025-12-16 06:00:00+01:00,,,2025-12-13 09:34:08.228144+00:00
2025-12-16 07:00:00+01:00,,,2025-12-13 09:34:08.228144+00:00
2025-12-16 08:00:00+01:00,,,2025-12-13 09:34:08.228144+00:00
2025-12-16 09:00:00+01:00,,,2025-12-13 09:34:08.228144+00:00
2025-12-16 10:00:00+01:00,,,2025-12-13 09:34:08.228144+00:00
2025-12-16 11:00:00+01:00,,,2025-12-13 09:34:08.228144+00:00
2025-12-16 12:00:00+01:00,,,2025-12-13 09:34:08.228144+00:00
2025-12-16 13:00:00+01:00,,,2025-12-13 09:34:08.228144+00:00
2025-12-16 14:00:00+01:00,,,2025-12-13 09:34:08.228144+00:00
2025-12-16 15:00:00+01:00,,,2025-12-13 09:34:08.228144+00:00
2025-12-16 16:00:00+01:00,,,2025-12-13 09:34:08.228144+00:00
2025-12-16 17:00:00+01:00,,,2025-12-13 09:34:08.228144+00:00
2025-12-16 18:00:00+01:00,,,2025-12-13 09:34:08.228144+00:00
2025-12-16 19:00:00+01:00,,,2025-12-13 09:34:08.228144+00:00
2025-12-16 20:00:00+01:00,,,2025-12-13 09:34:08.228144+00:00
2025-12-16 21:00:00+01:00,,,2025-12-13 09:34:08.228144+00:00
2025-12-16 22:00:00+01:00,,,2025-12-13 09:34:08.228144+00:00
2025-12-16 23:00:00+01:00,,,2025-12-13 09:34:08.228144+00:00
2025-12-17 00:00:00+01:00,,,2025-12-13 09:34:08.228144+00:00
2025-12-17 01:00:00+01:00,,,2025-12-13 09:34:08.228144+00:00
2025-12-17 02:00:00+01:00,,,2025-12-13 09:34:08.228144+00:00
2025-12-17 03:00:00+01:00,,,2025-12-13 09:34:08.228144+00:00
2025-12-17 04:00:00+01:00,,,2025-12-13 09:34:08.228144+00:00
2025-12-17 05:00:00+01:00,,,2025-12-13 09:34:08.228144+00:00
2025-12-17 06:00:00+01:00,,,2025-12-13 09:34:08.228144+00:00
2025-12-17 07:00:00+01:00,,,2025-12-13 09:34:08.228144+00:00
2025-12-17 08:00:00+01:00,,,2025-12-13 09:34:08.228144+00:00
2025-12-17 09:00:00+01:00,,,2025-12-13 09:34:08.228144+00:00
2025-12-17 10:00:00+01:00,,,2025-12-13 09:34:08.228144+00:00
2025-12-17 11:00:00+01:00,,,2025-12-13 09:34:08.228144+00:00
2025-12-17 12:00:00+01:00,,,2025-12-13 09:34:08.228144+00:00
2025-12-17 13:00:00+01:00,,,2025-12-13 09:34:08.228144+00:00
2025-12-17 14:00:00+01:00,,,2025-12-13 09:34:08.228144+00:00
2025-12-17 15:00:00+01:00,,,2025-12-13 09:34:08.228144+00:00
2025-12-17 16:00:00+01:00,,,2025-12-13 09:34:08.228144+00:00
2025-12-17 17:00:00+01:00,,,2025-12-13 09:34:08.228144+00:00
2025-12-17 18:00:00+01:00,,,2025-12-13 09:34:08.228144+00:00
2025-12-17 19:00:00+01:00,,,2025-12-13 09:34:08.228144+00:00
2025-12-17 20:00:00+01:00,,,2025-12-13 09:34:08.228144+00:00
2025-12-17 21:00:00+01:00,,,2025-12-13 09:34:08.228144+00:00
2025-12-17 22:00:00+01:00,,,2025-12-13 09:34:08.228144+00:00
2025-12-17 23:00:00+01:00,,,2025-12-13 09:34:08.228144+00:00
2025-12-18 00:00:00+01:00,,,2025-12-13 09:34:08.228144+00:00
2025-12-18 01:00:00+01:00,,,2025-12-13 09:34:08.228144+00:00
2025-12-18 02:00:00+01:00,,,2025-12-13 09:34:08.228144+00:00
2025-12-18 03:00:00+01:00,,,2025-12-13 09:34:08.228144+00:00
2025-12-18 04:00:00+01:00,,,2025-12-13 09:34:08.228144+00:00
2025-12-18 05:00:00+01:00,,,2025-12-13 09:34:08.228144+00:00
2025-12-18 06:00:00+01:00,,,2025-12-13 09:34:08.228144+00:00
2025-12-18 07:00:00+01:00,,,2025-12-13 09:34:08.228144+00:00
2025-12-18 08:00:00+01:00,,,2025-12-13 09:34:08.228144+00:00
2025-12-18 09:00:00+01:00,,,2025-12-13 09:34:08.228144+00:00
2025-12-18 10:00:00+01:00,,,2025-12-13 09:34:08.228144+00:00
2025-12-18 11:00:00+01:00,,,2025-12-13 09:34:08.228144+00:00
2025-12-18 12:00:00+01:00,,,2025-12-13 09:34:08.228144+00:00
2025-12-18 13:00:00+01:00,,,2025-12-13 09:34:08.228144+00:00
2025-12-18 14:00:00+01:00,,,2025-12-13 09:34:08.228144+00:00
2025-12-18 15:00:00+01:00,,,2025-12-13 09:34:08.228144+00:00
2025-12-18 16:00:00+01:00,,,2025-12-13 09:34:08.228144+00:00
2025-12-18 17:00:00+01:00,,,2025-12-13 09:34:08.228144+00:00
2025-12-18 18:00:00+01:00,,,2025-12-13 09:34:08.228144+00:00
2025-12-18 19:00:00+01:00,,,2025-12-13 09:34:08.228144+00:00
2025-12-18 20:00:00+01:00,,,2025-12-13 09:34:08.228144+00:00
2025-12-18 21:00:00+01:00,,,2025-12-13 09:34:08.228144+00:00
2025-12-18 22:00:00+01:00,,,2025-12-13 09:34:08.228144+00:00
2025-12-18 23:00:00+01:00,,,2025-12-13 09:34:08.228144+00:00
2025-12-19 00:00:00+01:00,,,2025-12-13 09:34:08.228144+00:00
2025-12-19 01:00:00+01:00,,,2025-12-13 09:34:08.228144+00:00
2025-12-19 02:00:00+01:00,,,2025-12-13 09:34:08.228144+00:00
2025-12-19 03:00:00+01:00,,,2025-12-13 09:34:08.228144+00:00
2025-12-19 04:00:00+01:00,,,2025-12-13 09:34:08.228144+00:00
2025-12-19 05:00:00+01:00,,,2025-12-13 09:34:08.228144+00:00
2025-12-19 06:00:00+01:00,,,2025-12-13 09:34:08.228144+00:00
2025-12-19 07:00:00+01:00,,,2025-12-13 09:34:08.228144+00:00
2025-12-19 08:00:00+01:00,,,2025-12-13 09:34:08.228144+00:00
2025-12-19 09:00:00+01:00,,,2025-12-13 09:34:08.228144+00:00
2025-12-19 10:00:00+01:00,,,2025-12-13 09:34:08.228144+00:00
2025-12-19 11:00:00+01:00,,,2025-12-13 09:34:08.228144+00:00
2025-12-19 12:00:00+01:00,,,2025-12-13 09:34:08.228144+00:00
2025-12-19 13:00:00+01:00,,,2025-12-13 09:34:08.228144+00:00
2025-12-19 14:00:00+01:00,,,2025-12-13 09:34:08.228144+00:00
2025-12-19 15:00:00+01:00,,,2025-12-13 09:34:08.228144+00:00
2025-12-19 16:00:00+01:00,,,2025-12-13 09:34:08.228144+00:00
2025-12-19 17:00:00+01:00,,,2025-12-13 09:34:08.228144+00:00
2025-12-19 18:00:00+01:00,,,2025-12-13 09:34:08.228144+00:00
2025-12-19 19:00:00+01:00,,,2025-12-13 09:34:08.228144+00:00
2025-12-19 20:00:00+01:00,,,2025-12-13 09:34:08.228144+00:00
2025-12-19 21:00:00+01:00,,,2025-12-13 09:34:08.228144+00:00
2025-12-19 22:00:00+01:00,,,2025-12-13 09:34:08.228144+00:00
2025-12-19 23:00:00+01:00,,,2025-12-13 09:34:08.228144+00:00
2025-12-20 00:00:00+01:00,,,2025-12-13 09:34:08.228144+00:00
2025-12-20 01:00:00+01:00,,,2025-12-13 09:34:08.228144+00:00
2025-12-20 02:00:00+01:00,,,2025-12-13 09:34:08.228144+00:00
2025-12-20 03:00:00+01:00,,,2025-12-13 09:34:08.228144+00:00
2025-12-20 04:00:00+01:00,,,2025-12-13 09:34:08.228144+00:00
2025-12-20 05:00:00+01:00,,,2025-12-13 09:34:08.228144+00:00
2025-12-20 06:00:00+01:00,,,2025-12-13 09:34:08.228144+00:00
2025-12-20 07:00:00+01:00,,,2025-12-13 09:34:08.228144+00:00
2025-12-20 08:00:00+01:00,,,2025-12-13 09:34:08.228144+00:00
2025-12-20 09:00:00+01:00,,,2025-12-13 09:34:08.228144+00:00
2025-12-20 10:00:00+01:00,,,2025-12-13 09:34:08.228144+00:00
2025-12-20 11:00:00+01:00,,,2025-12-13 09:34:08.228144+00:00
2025-12-20 12:00:00+01:00,,,2025-12-13 09:34:08.228144+00:00
2025-12-20 13:00:00+01:00,,,2025-12-13 09:34:08.228144+00:00
2025-12-20 14:00:00+01:00,,,2025-12-13 09:34:08.228144+00:00
2025-12-20 15:00:00+01:00,,,2025-12-13 09:34:08.228144+00:00
2025-12-20 16:00:00+01:00,,,2025-12-13 09:34:08.228144+00:00
2025-12-20 17:00:00+01:00,,,2025-12-13 09:34:08.228144+00:00
2025-12-20 18:00:00+01:00,,,2025-12-13 09:34:08.228144+00:00
2025-12-20 19:00:00+01:00,,,2025-12-13 09:34:08.228144+00:00
2025-12-20 20:00:00+01:00,,,2025-12-13 09:34:08.228144+00:00
2025-12-20 21:00:00+01:00,,,2025-12-13 09:34:08.228144+00:00
2025-12-20 22:00:00+01:00,,,2025-12-13 09:34:08.228144+00:00
2025-12-20 23:00:00+01:00,,,2025-12-13 09:34:08.228144+00:00
2025-12-21 00:00:00+01:00,,,2025-12-13 09:34:08.228144+00:00
2025-12-21 01:00:00+01:00,,,2025-12-13 09:34:08.228144+00:00
2025-12-21 02:00:00+01:00,,,2025-12-13 09:34:08.228144+00:00
2025-12-21 03:00:00+01:00,,,2025-12-13 09:34:08.228144+00:00
2025-12-21 04:00:00+01:00,,,2025-12-13 09:34:08.228144+00:00
2025-12-21 05:00:00+01:00,,,2025-12-13 09:34:08.228144+00:00
2025-12-21 06:00:00+01:00,,,2025-12-13 09:34:08.228144+00:00
2025-12-21 07:00:00+01:00,,,2025-12-13 09:34:08.228144+00:00
2025-12-21 08:00:00+01:00,,,2025-12-13 09:34:08.228144+00:00
2025-12-21 09:00:00+01:00,,,2025-12-13 09:34:08.228144+00:00
2025-12-21 10:00:00+01:00,,,2025-12-13 09:34:08.228144+00:00
2025-12-21 11:00:00+01:00,,,2025-12-13 09:34:08.228144+00:00
2025-12-21 12:00:00+01:00,,,2025-12-13 09:34:08.228144+00:00
2025-12-21 13:00:00+01:00,,,2025-12-13 09:34:08.228144+00:00
2025-12-21 14:00:00+01:00,,,2025-12-13 09:34:08.228144+00:00
2025-12-21 15:00:00+01:00,,,2025-12-13 09:34:08.228144+00:00
2025-12-21 16:00:00+01:00,,,2025-12-13 09:34:08.228144+00:00
2025-12-21 17:00:00+01:00,,,2025-12-13 09:34:08.228144+00:00
2025-12-21 18:00:00+01:00,,,2025-12-13 09:34:08.228144+00:00
2025-12-21 19:00:00+01:00,,,2025-12-13 09:34:08.228144+00:00
2025-12-21 20:00:00+01:00,,,2025-12-13 09:34:08.228144+00:00
2025-12-21 21:00:00+01:00,,,2025-12-13 09:34:08.228144+00:00
2025-12-21 22:00:00+01:00,,,2025-12-13 09:34:08.228144+00:00
2025-12-21 23:00:00+01:00,,,2025-12-13 09:34:08.228144+00:00
2025-12-22 00:00:00+01:00,,,2025-12-13 09:34:08.228144+00:00
2025-12-22 01:00:00+01:00,,,2025-12-13 09:34:08.228144+00:00
2025-12-22 02:00:00+01:00,,,2025-12-13 09:34:08.228144+00:00
2025-12-22 03:00:00+01:00,,,2025-12-13 09:34:08.228144+00:00
2025-12-22 04:00:00+01:00,,,2025-12-13 09:34:08.228144+00:00
2025-12-22 05:00:00+01:00,,,2025-12-13 09:34:08.228144+00:00
2025-12-22 06:00:00+01:00,,,2025-12-13 09:34:08.228144+00:00
2025-12-22 07:00:00+01:00,,,2025-12-13 09:34:08.228144+00:00
2025-12-22 08:00:00+01:00,,,2025-12-13 09:34:08.228144+00:00
2025-12-22 09:00:00+01:00,,,2025-12-13 09:34:08.228144+00:00
2025-12-22 10:00:00+01:00,,,2025-12-13 09:34:08.228144+00:00
2025-12-22 11:00:00+01:00,,,2025-12-13 09:34:08.228144+00:00
2025-12-22 12:00:00+01:00,,,2025-12-13 09:34:08.228144+00:00
2025-12-22 13:00:00+01:00,,,2025-12-13 09:34:08.228144+00:00
2025-12-22 14:00:00+01:00,,,2025-12-13 09:34:08.228144+00:00
2025-12-22 15:00:00+01:00,,,2025-12-13 09:34:08.228144+00:00
2025-12-22 16:00:00+01:00,,,2025-12-13 09:34:08.228144+00:00
2025-12-22 17:00:00+01:00,,,2025-12-13 09:34:08.228144+00:00
2025-12-22 18:00:00+01:00,,,2025-12-13 09:34:08.228144+00:00
2025-12-22 19:00:00+01:00,,,2025-12-13 09:34:08.228144+00:00
2025-12-22 20:00:00+01:00,,,2025-12-13 09:34:08.228144+00:00
2025-12-22 21:00:00+01:00,,,2025-12-13 09:34:08.228144+00:00
2025-12-22 22:00:00+01:00,,,2025-12-13 09:34:08.228144+00:00
2025-12-22 23:00:00+01:00,,,2025-12-13 09:34:08.228144+00:00
2025-12-23 00:00:00+01:00,,,2025-12-13 09:34:08.228144+00:00
2025-12-23 01:00:00+01:00,,,2025-12-13 09:34:08.228144+00:00
2025-12-23 02:00:00+01:00,,,2025-12-13 09:34:08.228144+00:00
2025-12-23 03:00:00+01:00,,,2025-12-13 09:34:08.228144+00:00
2025-12-23 04:00:00+01:00,,,2025-12-13 09:34:08.228144+00:00
2025-12-23 05:00:00+01:00,,,2025-12-13 09:34:08.228144+00:00
2025-12-23 06:00:00+01:00,,,2025-12-13 09:34:08.228144+00:00
2025-12-23 07:00:00+01:00,,,2025-12-13 09:34:08.228144+00:00
2025-12-23 08:00:00+01:00,,,2025-12-13 09:34:08.228144+00:00
2025-12-23 09:00:00+01:00,,,2025-12-13 09:34:08.228144+00:00
2025-12-23 10:00:00+01:00,,,2025-12-13 09:34:08.228144+00:00
2025-12-23 11:00:00+01:00,,,2025-12-13 09:34:08.228144+00:00
2025-12-23 12:00:00+01:00,,,2025-12-13 09:34:08.228144+00:00
2025-12-23 13:00:00+01:00,,,2025-12-13 09:34:08.228144+00:00
2025-12-23 14:00:00+01:00,,,2025-12-13 09:34:08.228144+00:00
2025-12-23 15:00:00+01:00,,,2025-12-13 09:34:08.228144+00:00
2025-12-23 16:00:00+01:00,,,2025-12-13 09:34:08.228144+00:00
2025-12-23 17:00:00+01:00,,,2025-12-13 09:34:08.228144+00:00
2025-12-23 18:00:00+01:00,,,2025-12-13 09:34:08.228144+00:00
2025-12-23 19:00:00+01:00,,,2025-12-13 09:34:08.228144+00:00
2025-12-23 20:00:00+01:00,,,2025-12-13 09:34:08.228144+00:00
2025-12-23 21:00:00+01:00,,,2025-12-13 09:34:08.228144+00:00
2025-12-23 22:00:00+01:00,,,2025-12-13 09:34:08.228144+00:00
2025-12-23 23:00:00+01:00,,,2025-12-13 09:34:08.228144+00:00
2025-12-24 00:00:00+01:00,,,2025-12-13 09:34:08.228144+00:00
2025-12-24 01:00:00+01:00,,,2025-12-13 09:34:08.228144+00:00
2025-12-24 02:00:00+01:00,,,2025-12-13 09:34:08.228144+00:00
2025-12-24 03:00:00+01:00,,,2025-12-13 09:34:08.228144+00:00
2025-12-24 04:00:00+01:00,,,2025-12-13 09:34:08.228144+00:00
2025-12-24 05:00:00+01:00,,,2025-12-13 09:34:08.228144+00:00
2025-12-24 06:00:00+01:00,,,2025-12-13 09:34:08.228144+00:00
2025-12-24 07:00:00+01:00,,,2025-12-13 09:34:08.228144+00:00
2025-12-24 08:00:00+01:00,,,2025-12-13 09:34:08.228144+00:00
2025-12-24 09:00:00+01:00,,,2025-12-13 09:34:08.228144+00:00
2025-12-24 10:00:00+01:00,,,2025-12-13 09:34:08.228144+00:00
2025-12-24 11:00:00+01:00,,,2025-12-13 09:34:08.228144+00:00
2025-12-24 12:00:00+01:00,,,2025-12-13 09:34:08.228144+00:00
2025-12-24 13:00:00+01:00,,,2025-12-13 09:34:08.228144+00:00
2025-12-24 14:00:00+01:00,,,2025-12-13 09:34:08.228144+00:00
2025-12-24 15:00:00+01:00,,,2025-12-13 09:34:08.228144+00:00
2025-12-24 16:00:00+01:00,,,2025-12-13 09:34:08.228144+00:00
2025-12-24 17:00:00+01:00,,,2025-12-13 09:34:08.228144+00:00
2025-12-24 18:00:00+01:00,,,2025-12-13 09:34:08.228144+00:00
2025-12-24 19:00:00+01:00,,,2025-12-13 09:34:08.228144+00:00
2025-12-24 20:00:00+01:00,,,2025-12-13 09:34:08.228144+00:00
2025-12-24 21:00:00+01:00,,,2025-12-13 09:34:08.228144+00:00
2025-12-24 22:00:00+01:00,,,2025-12-13 09:34:08.228144+00:00
2025-12-24 23:00:00+01:00,,,2025-12-13 09:34:08.228144+00:00
2025-12-25 00:00:00+01:00,,,2025-12-13 09:34:08.228144+00:00
2025-12-25 01:00:00+01:00,,,2025-12-13 09:34:08.228144+00:00
2025-12-25 02:00:00+01:00,,,2025-12-13 09:34:08.228144+00:00
2025-12-25 03:00:00+01:00,,,2025-12-13 09:34:08.228144+00:00
2025-12-25 04:00:00+01:00,,,2025-12-13 09:34:08.228144+00:00
2025-12-25 05:00:00+01:00,,,2025-12-13 09:34:08.228144+00:00
2025-12-25 06:00:00+01:00,,,2025-12-13 09:34:08.228144+00:00
2025-12-25 07:00:00+01:00,,,2025-12-13 09:34:08.228144+00:00
2025-12-25 08:00:00+01:00,,,2025-12-13 09:34:08.228144+00:00
2025-12-25 09:00:00+01:00,,,2025-12-13 09:34:08.228144+00:00
2025-12-25 10:00:00+01:00,,,2025-12-13 09:34:08.228144+00:00
2025-12-25 11:00:00+01:00,,,2025-12-13 09:34:08.228144+00:00
2025-12-25 12:00:00+01:00,,,2025-12-13 09:34:08.228144+00:00
2025-12-25 13:00:00+01:00,,,2025-12-13 09:34:08.228144+00:00
2025-12-25 14:00:00+01:00,,,2025-12-13 09:34:08.228144+00:00
2025-12-25 15:00:00+01:00,,,2025-12-13 09:34:08.228144+00:00
2025-12-25 16:00:00+01:00,,,2025-12-13 09:34:08.228144+00:00
2025-12-25 17:00:00+01:00,,,2025-12-13 09:34:08.228144+00:00
2025-12-25 18:00:00+01:00,,,2025-12-13 09:34:08.228144+00:00
2025-12-25 19:00:00+01:00,,,2025-12-13 09:34:08.228144+00:00
2025-12-25 20:00:00+01:00,,,2025-12-13 09:34:08.228144+00:00
2025-12-25 21:00:00+01:00,,,2025-12-13 09:34:08.228144+00:00
2025-12-25 22:00:00+01:00,,,2025-12-13 09:34:08.228144+00:00
2025-12-25 23:00:00+01:00,,,2025-12-13 09:34:08.228144+00:00
2025-12-26 00:00:00+01:00,,,2025-12-13 09:34:08.228144+00:00
2025-12-26 01:00:00+01:00,,,2025-12-13 09:34:08.228144+00:00
2025-12-26 02:00:00+01:00,,,2025-12-13 09:34:08.228144+00:00
2025-12-26 03:00:00+01:00,,,2025-12-13 09:34:08.228144+00:00
2025-12-26 04:00:00+01:00,,,2025-12-13 09:34:08.228144+00:00
2025-12-26 05:00:00+01:00,,,2025-12-13 09:34:08.228144+00:00
2025-12-26 06:00:00+01:00,,,2025-12-13 09:34:08.228144+00:00
2025-12-26 07:00:00+01:00,,,2025-12-13 09:34:08.228144+00:00
2025-12-26 08:00:00+01:00,,,2025-12-13 09:34:08.228144+00:00
2025-12-26 09:00:00+01:00,,,2025-12-13 09:34:08.228144+00:00
2025-12-26 10:00:00+01:00,,,2025-12-13 09:34:08.228144+00:00
2025-12-26 11:00:00+01:00,,,2025-12-13 09:34:08.228144+00:00
2025-12-26 12:00:00+01:00,,,2025-12-13 09:34:08.228144+00:00
2025-12-26 13:00:00+01:00,,,2025-12-13 09:34:08.228144+00:00
2025-12-26 14:00:00+01:00,,,2025-12-13 09:34:08.228144+00:00
2025-12-26 15:00:00+01:00,,,2025-12-13 09:34:08.228144+00:00
2025-12-26 16:00:00+01:00,,,2025-12-13 09:34:08.228144+00:00
2025-12-26 17:00:00+01:00,,,2025-12-13 09:34:08.228144+00:00
2025-12-26 18:00:00+01:00,,,2025-12-13 09:34:08.228144+00:00
2025-12-26 19:00:00+01:00,,,2025-12-13 09:34:08.228144+00:00
2025-12-26 20:00:00+01:00,,,2025-12-13 09:34:08.228144+00:00
2025-12-26 21:00:00+01:00,,,2025-12-13 09:34:08.228144+00:00
2025-12-26 22:00:00+01:00,,,2025-12-13 09:34:08.228144+00:00
2025-12-26 23:00:00+01:00,,,2025-12-13 09:34:08.228144+00:00
2025-12-27 00:00:00+01:00,,,2025-12-13 09:34:08.228144+00:00
2025-12-27 01:00:00+01:00,,,2025-12-13 09:34:08.228144+00:00
2025-12-27 02:00:00+01:00,,,2025-12-13 09:34:08.228144+00:00
2025-12-27 03:00:00+01:00,,,2025-12-13 09:34:08.228144+00:00
2025-12-27 04:00:00+01:00,,,2025-12-13 09:34:08.228144+00:00
2025-12-27 05:00:00+01:00,,,2025-12-13 09:34:08.228144+00:00
2025-12-27 06:00:00+01:00,,,2025-12-13 09:34:08.228144+00:00
2025-12-27 07:00:00+01:00,,,2025-12-13 09:34:08.228144+00:00
2025-12-27 08:00:00+01:00,,,2025-12-13 09:34:08.228144+00:00
2025-12-27 09:00:00+01:00,,,2025-12-13 09:34:08.228144+00:00
2025-12-27 10:00:00+01:00,,,2025-12-13 09:34:08.228144+00:00
2025-12-27 11:00:00+01:00,,,2025-12-13 09:34:08.228144+00:00
2025-12-27 12:00:00+01:00,,,2025-12-13 09:34:08.228144+00:00
2025-12-27 13:00:00+01:00,,,2025-12-13 09:34:08.228144+00:00
2025-12-27 14:00:00+01:00,,,2025-12-13 09:34:08.228144+00:00
2025-12-27 15:00:00+01:00,,,2025-12-13 09:34:08.228144+00:00
2025-12-27 16:00:00+01:00,,,2025-12-13 09:34:08.228144+00:00
2025-12-27 17:00:00+01:00,,,2025-12-13 09:34:08.228144+00:00
2025-12-27 18:00:00+01:00,,,2025-12-13 09:34:08.228144+00:00
2025-12-27 19:00:00+01:00,,,2025-12-13 09:34:08.228144+00:00
2025-12-27 20:00:00+01:00,,,2025-12-13 09:34:08.228144+00:00
2025-12-27 21:00:00+01:00,,,2025-12-13 09:34:08.228144+00:00
2025-12-27 22:00:00+01:00,,,2025-12-13 09:34:08.228144+00:00
2025-12-27 23:00:00+01:00,,,2025-12-13 09:34:08.228144+00:00
2025-12-28 00:00:00+01:00,,,2025-12-13 09:34:08.228144+00:00
2025-12-28 01:00:00+01:00,,,2025-12-13 09:34:08.228144+00:00
2025-12-28 02:00:00+01:00,,,2025-12-13 09:34:08.228144+00:00
2025-12-28 03:00:00+01:00,,,2025-12-13 09:34:08.228144+00:00
2025-12-28 04:00:00+01:00,,,2025-12-13 09:34:08.228144+00:00
2025-12-28 05:00:00+01:00,,,2025-12-13 09:34:08.228144+00:00
2025-12-28 06:00:00+01:00,,,2025-12-13 09:34:08.228144+00:00
2025-12-28 07:00:00+01:00,,,2025-12-13 09:34:08.228144+00:00
2025-12-28 08:00:00+01:00,,,2025-12-13 09:34:08.228144+00:00
2025-12-28 09:00:00+01:00,,,2025-12-13 09:34:08.228144+00:00
2025-12-28 10:00:00+01:00,,,2025-12-13 09:34:08.228144+00:00
2025-12-28 11:00:00+01:00,,,2025-12-13 09:34:08.228144+00:00
2025-12-28 12:00:00+01:00,,,2025-12-13 09:34:08.228144+00:00
2025-12-28 13:00:00+01:00,,,2025-12-13 09:34:08.228144+00:00
2025-12-28 14:00:00+01:00,,,2025-12-13 09:34:08.228144+00:00
2025-12-28 15:00:00+01:00,,,2025-12-13 09:34:08.228144+00:00
2025-12-28 16:00:00+01:00,,,2025-12-13 09:34:08.228144+00:00
2025-12-28 17:00:00+01:00,,,2025-12-13 09:34:08.228144+00:00
2025-12-28 18:00:00+01:00,,,2025-12-13 09:34:08.228144+00:00
2025-12-28 19:00:00+01:00,,,2025-12-13 09:34:08.228144+00:00
2025-12-28 20:00:00+01:00,,,2025-12-13 09:34:08.228144+00:00
2025-12-28 21:00:00+01:00,,,2025-12-13 09:34:08.228144+00:00
2025-12-28 22:00:00+01:00,,,2025-12-13 09:34:08.228144+00:00
2025-12-28 23:00:00+01:00,,,2025-12-13 09:34:08.228144+00:00
2025-12-29 00:00:00+01:00,,,2025-12-13 09:34:08.228144+00:00
2025-12-29 01:00:00+01:00,,,2025-12-13 09:34:08.228144+00:00
2025-12-29 02:00:00+01:00,,,2025-12-13 09:34:08.228144+00:00
2025-12-29 03:00:00+01:00,,,2025-12-13 09:34:08.228144+00:00
2025-12-29 04:00:00+01:00,,,2025-12-13 09:34:08.228144+00:00
2025-12-29 05:00:00+01:00,,,2025-12-13 09:34:08.228144+00:00
2025-12-29 06:00:00+01:00,,,2025-12-13 09:34:08.228144+00:00
2025-12-29 07:00:00+01:00,,,2025-12-13 09:34:08.228144+00:00
2025-12-29 08:00:00+01:00,,,2025-12-13 09:34:08.228144+00:00
2025-12-29 09:00:00+01:00,,,2025-12-13 09:34:08.228144+00:00
2025-12-29 10:00:00+01:00,,,2025-12-13 09:34:08.228144+00:00
2025-12-29 11:00:00+01:00,,,2025-12-13 09:34:08.228144+00:00
2025-12-29 12:00:00+01:00,,,2025-12-13 09:34:08.228144+00:00
2025-12-29 13:00:00+01:00,,,2025-12-13 09:34:08.228144+00:00
2025-12-29 14:00:00+01:00,,,2025-12-13 09:34:08.228144+00:00
2025-12-29 15:00:00+01:00,,,2025-12-13 09:34:08.228144+00:00
2025-12-29 16:00:00+01:00,,,2025-12-13 09:34:08.228144+00:00
2025-12-29 17:00:00+01:00,,,2025-12-13 09:34:08.228144+00:00
2025-12-29 18:00:00+01:00,,,2025-12-13 09:34:08.228144+00:00
2025-12-29 19:00:00+01:00,,,2025-12-13 09:34:08.228144+00:00
2025-12-29 20:00:00+01:00,,,2025-12-13 09:34:08.228144+00:00
2025-12-29 21:00:00+01:00,,,2025-12-13 09:34:08.228144+00:00
2025-12-29 22:00:00+01:00,,,2025-12-13 09:34:08.228144+00:00
2025-12-29 23:00:00+01:00,,,2025-12-13 09:34:08.228144+00:00
2025-12-30 00:00:00+01:00,,,2025-12-13 09:34:08.228144+00:00
2025-12-30 01:00:00+01:00,,,2025-12-13 09:34:08.228144+00:00
2025-12-30 02:00:00+01:00,,,2025-12-13 09:34:08.228144+00:00
2025-12-30 03:00:00+01:00,,,2025-12-13 09:34:08.228144+00:00
2025-12-30 04:00:00+01:00,,,2025-12-13 09:34:08.228144+00:00
2025-12-30 05:00:00+01:00,,,2025-12-13 09:34:08.228144+00:00
2025-12-30 06:00:00+01:00,,,2025-12-13 09:34:08.228144+00:00
2025-12-30 07:00:00+01:00,,,2025-12-13 09:34:08.228144+00:00
2025-12-30 08:00:00+01:00,,,2025-12-13 09:34:08.228144+00:00
2025-12-30 09:00:00+01:00,,,2025-12-13 09:34:08.228144+00:00
2025-12-30 10:00:00+01:00,,,2025-12-13 09:34:08.228144+00:00
2025-12-30 11:00:00+01:00,,,2025-12-13 09:34:08.228144+00:00
2025-12-30 12:00:00+01:00,,,2025-12-13 09:34:08.228144+00:00
2025-12-30 13:00:00+01:00,,,2025-12-13 09:34:08.228144+00:00
2025-12-30 14:00:00+01:00,,,2025-12-13 09:34:08.228144+00:00
2025-12-30 15:00:00+01:00,,,2025-12-13 09:34:08.228144+00:00
2025-12-30 16:00:00+01:00,,,2025-12-13 09:34:08.228144+00:00
2025-12-30 17:00:00+01:00,,,2025-12-13 09:34:08.228144+00:00
2025-12-30 18:00:00+01:00,,,2025-12-13 09:34:08.228144+00:00
2025-12-30 19:00:00+01:00,,,2025-12-13 09:34:08.228144+00:00
2025-12-30 20:00:00+01:00,,,2025-12-13 09:34:08.228144+00:00
2025-12-30 21:00:00+01:00,,,2025-12-13 09:34:08.228144+00:00
2025-12-30 22:00:00+01:00,,,2025-12-13 09:34:08.228144+00:00
2025-12-30 23:00:00+01:00,,,2025-12-13 09:34:08.228144+00:00
2025-12-31 00:00:00+01:00,,,2025-12-13 09:34:08.228144+00:00
2025-12-31 01:00:00+01:00,,,2025-12-13 09:34:08.228144+00:00
2025-12-31 02:00:00+01:00,,,2025-12-13 09:34:08.228144+00:00
2025-12-31 03:00:00+01:00,,,2025-12-13 09:34:08.228144+00:00
2025-12-31 04:00:00+01:00,,,2025-12-13 09:34:08.228144+00:00
2025-12-31 05:00:00+01:00,,,2025-12-13 09:34:08.228144+00:00
2025-12-31 06:00:00+01:00,,,2025-12-13 09:34:08.228144+00:00
2025-12-31 07:00:00+01:00,,,2025-12-13 09:34:08.228144+00:00
2025-12-31 08:00:00+01:00,,,2025-12-13 09:34:08.228144+00:00
2025-12-31 09:00:00+01:00,,,2025-12-13 09:34:08.228144+00:00
2025-12-31 10:00:00+01:00,,,2025-12-13 09:34:08.228144+00:00
2025-12-31 11:00:00+01:00,,,2025-12-13 09:34:08.228144+00:00
2025-12-31 12:00:00+01:00,,,2025-12-13 09:34:08.228144+00:00
2025-12-31 13:00:00+01:00,,,2025-12-13 09:34:08.228144+00:00
2025-12-31 14:00:00+01:00,,,2025-12-13 09:34:08.228144+00:00
2025-12-31 15:00:00+01:00,,,2025-12-13 09:34:08.228144+00:00
2025-12-31 16:00:00+01:00,,,2025-12-13 09:34:08.228144+00:00
2025-12-31 17:00:00+01:00,,,2025-12-13 09:34:08.228144+00:00
2025-12-31 18:00:00+01:00,,,2025-12-13 09:34:08.228144+00:00
2025-12-31 19:00:00+01:00,,,2025-12-13 09:34:08.228144+00:00
2025-12-31 20:00:00+01:00,,,2025-12-13 09:34:08.228144+00:00
2025-12-31 21:00:00+01:00,,,2025-12-13 09:34:08.228144+00:00
2025-12-31 22:00:00+01:00,,,2025-12-13 09:34:08.228144+00:00
2025-12-31 23:00:00+01:00,,,2025-12-13 09:34:08.228144+00:00
