time,temperature_2m,wind_speed_10m,shortwave_radiation,cloud_cover
2025-01-01 00:00:00,1.0,17.9,0.0,100
2025-01-01 01:00:00,1.5,18.9,0.0,100
2025-01-01 02:00:00,1.7,20.5,0.0,100
2025-01-01 03:00:00,1.8,19.9,0.0,100
2025-01-01 04:00:00,2.3,20.6,0.0,100
2025-01-01 05:00:00,2.4,20.6,0.0,100
2025-01-01 06:00:00,2.6,21.8,0.0,100
2025-01-01 07:00:00,3.4,20.5,0.0,100
2025-01-01 08:00:00,3.4,20.8,0.0,100
2025-01-01 09:00:00,3.8,20.2,5.2,97
2025-01-01 10:00:00,4.8,19.1,44.5,92
2025-01-01 11:00:00,5.5,21.9,113.5,96
2025-01-01 12:00:00,6.2,22.0,131.0,99
2025-01-01 13:00:00,6.8,20.1,122.8,97
2025-01-01 14:00:00,6.8,21.5,100.0,100
2025-01-01 15:00:00,6.6,20.2,52.2,100
2025-01-01 16:00:00,6.7,20.3,13.2,100
2025-01-01 17:00:00,6.5,20.9,0.0,100
2025-01-01 18:00:00,6.2,23.7,0.0,100
2025-01-01 19:00:00,6.7,24.7,0.0,100
2025-01-01 20:00:00,6.6,23.4,0.0,100
2025-01-01 21:00:00,6.8,24.0,0.0,100
2025-01-01 22:00:00,7.5,25.2,0.0,100
2025-01-01 23:00:00,7.7,25.2,0.0,100
2025-01-02 00:00:00,7.5,25.0,0.0,100
2025-01-02 01:00:00,7.6,26.3,0.0,100
2025-01-02 02:00:00,7.5,24.2,0.0,100
2025-01-02 03:00:00,7.1,20.1,0.0,100
2025-01-02 04:00:00,6.6,20.0,0.0,100
2025-01-02 05:00:00,6.1,19.5,0.0,97
2025-01-02 06:00:00,6.1,21.3,0.0,100
2025-01-02 07:00:00,6.0,27.4,0.0,100
2025-01-02 08:00:00,4.0,17.3,0.0,87
2025-01-02 09:00:00,3.3,16.0,8.5,100
2025-01-02 10:00:00,3.3,16.3,56.0,100
2025-01-02 11:00:00,3.6,14.8,107.0,100
2025-01-02 12:00:00,4.3,15.9,182.2,76
2025-01-02 13:00:00,4.6,16.2,157.2,77
2025-01-02 14:00:00,4.6,15.2,123.5,50
2025-01-02 15:00:00,4.5,14.4,83.5,92
2025-01-02 16:00:00,4.1,11.6,16.0,92
2025-01-02 17:00:00,3.6,10.1,0.0,78
2025-01-02 18:00:00,3.0,10.5,0.0,52
2025-01-02 19:00:00,2.9,10.7,0.0,83
2025-01-02 20:00:00,2.4,13.0,0.0,40
2025-01-02 21:00:00,1.9,12.3,0.0,49
2025-01-02 22:00:00,2.1,14.5,0.0,85
2025-01-02 23:00:00,1.7,14.8,0.0,61
2025-01-03 00:00:00,1.6,14.1,0.0,92
2025-01-03 01:00:00,2.2,15.8,0.0,94
2025-01-03 02:00:00,2.0,16.6,0.0,93
2025-01-03 03:00:00,1.8,14.0,0.0,99
2025-01-03 04:00:00,2.1,14.8,0.0,100
2025-01-03 05:00:00,2.0,16.2,0.0,100
2025-01-03 06:00:00,1.7,15.2,0.0,100
2025-01-03 07:00:00,1.9,15.9,0.0,100
2025-01-03 08:00:00,1.6,20.5,0.0,100
2025-01-03 09:00:00,1.5,19.3,4.5,100
2025-01-03 10:00:00,2.0,25.1,42.2,100
2025-01-03 11:00:00,2.2,26.4,74.2,100
2025-01-03 12:00:00,2.4,27.5,118.5,94
2025-01-03 13:00:00,3.0,25.0,116.8,100
2025-01-03 14:00:00,2.6,25.5,69.5,100
2025-01-03 15:00:00,0.8,21.2,23.0,100
2025-01-03 16:00:00,1.2,22.6,9.2,100
2025-01-03 17:00:00,0.7,20.5,0.0,48
2025-01-03 18:00:00,0.2,19.0,0.0,39
2025-01-03 19:00:00,0.0,17.2,0.0,46
2025-01-03 20:00:00,-0.3,15.9,0.0,43
2025-01-03 21:00:00,-0.5,16.9,0.0,44
2025-01-03 22:00:00,-0.7,16.6,0.0,53
2025-01-03 23:00:00,-0.8,18.0,0.0,69
2025-01-04 00:00:00,-0.8,19.5,0.0,84
2025-01-04 01:00:00,-0.5,19.2,0.0,96
2025-01-04 02:00:00,-0.5,16.7,0.0,75
2025-01-04 03:00:00,-0.4,15.3,0.0,100
2025-01-04 04:00:00,-0.1,13.9,0.0,100
2025-01-04 05:00:00,-0.2,12.5,0.0,100
2025-01-04 06:00:00,-0.3,12.3,0.0,100
2025-01-04 07:00:00,-0.2,14.7,0.0,99
2025-01-04 08:00:00,-0.3,11.9,0.0,96
2025-01-04 09:00:00,-0.5,11.9,6.2,100
2025-01-04 10:00:00,0.1,11.9,45.5,100
2025-01-04 11:00:00,0.2,9.4,62.8,100
2025-01-04 12:00:00,0.7,12.6,84.0,100
2025-01-04 13:00:00,0.4,10.8,52.2,100
2025-01-04 14:00:00,0.6,10.4,55.5,100
2025-01-04 15:00:00,0.8,9.5,41.5,100
2025-01-04 16:00:00,0.5,8.2,13.2,88
2025-01-04 17:00:00,0.1,9.5,0.0,82
2025-01-04 18:00:00,0.0,9.8,0.0,96
2025-01-04 19:00:00,0.0,10.2,0.0,100
2025-01-04 20:00:00,-0.1,9.5,0.0,96
2025-01-04 21:00:00,-0.1,9.7,0.0,85
2025-01-04 22:00:00,0.1,8.9,0.0,100
2025-01-04 23:00:00,0.1,8.7,0.0,100
2025-01-05 00:00:00,0.0,9.7,0.0,100
2025-01-05 01:00:00,-0.1,9.2,0.0,100
2025-01-05 02:00:00,-0.3,8.4,0.0,94
2025-01-05 03:00:00,-0.6,6.0,0.0,93
2025-01-05 04:00:00,-1.0,5.8,0.0,100
2025-01-05 05:00:00,-1.1,7.2,0.0,100
2025-01-05 06:00:00,-1.4,6.7,0.0,100
2025-01-05 07:00:00,-2.0,8.7,0.0,100
2025-01-05 08:00:00,-2.2,8.1,0.0,100
2025-01-05 09:00:00,-2.1,8.0,6.0,100
2025-01-05 10:00:00,-1.7,9.2,43.0,100
2025-01-05 11:00:00,-1.3,11.4,82.0,100
2025-01-05 12:00:00,-0.9,12.3,99.0,100
2025-01-05 13:00:00,-0.3,11.4,91.2,100
2025-01-05 14:00:00,-0.1,13.8,57.5,100
2025-01-05 15:00:00,-0.1,16.5,28.0,100
2025-01-05 16:00:00,-0.2,15.5,8.8,100
2025-01-05 17:00:00,-0.6,15.9,0.0,100
2025-01-05 18:00:00,-0.5,17.3,0.0,100
2025-01-05 19:00:00,-0.6,16.2,0.0,100
2025-01-05 20:00:00,-0.5,17.1,0.0,100
2025-01-05 21:00:00,-0.4,15.3,0.0,100
2025-01-05 22:00:00,-0.1,14.3,0.0,100
2025-01-05 23:00:00,0.1,12.3,0.0,100
2025-01-06 00:00:00,0.3,10.7,0.0,100
2025-01-06 01:00:00,0.9,10.0,0.0,100
2025-01-06 02:00:00,1.9,9.7,0.0,100
2025-01-06 03:00:00,3.6,8.7,0.0,100
2025-01-06 04:00:00,4.0,9.4,0.0,99
2025-01-06 05:00:00,5.5,10.7,0.0,100
2025-01-06 06:00:00,6.7,11.7,0.0,100
2025-01-06 07:00:00,7.1,12.6,0.0,100
2025-01-06 08:00:00,7.5,13.9,0.0,100
2025-01-06 09:00:00,7.8,13.0,5.2,100
2025-01-06 10:00:00,8.0,11.4,20.5,100
2025-01-06 11:00:00,8.6,14.1,61.5,100
2025-01-06 12:00:00,9.4,17.0,70.0,100
2025-01-06 13:00:00,9.5,16.2,49.8,100
2025-01-06 14:00:00,9.7,14.7,41.2,100
2025-01-06 15:00:00,9.8,13.0,22.8,100
2025-01-06 16:00:00,10.0,12.6,12.0,0
2025-01-06 17:00:00,9.7,14.6,0.0,0
2025-01-06 18:00:00,8.9,14.6,0.0,11
2025-01-06 19:00:00,9.0,14.1,0.0,100
2025-01-06 20:00:00,9.7,15.2,0.0,100
2025-01-06 21:00:00,10.7,17.5,0.0,64
2025-01-06 22:00:00,10.9,16.3,0.0,43
2025-01-06 23:00:00,9.8,8.9,0.0,100
2025-01-07 00:00:00,9.0,12.7,0.0,91
2025-01-07 01:00:00,8.7,12.2,0.0,100
2025-01-07 02:00:00,7.9,11.0,0.0,100
2025-01-07 03:00:00,7.3,11.1,0.0,100
2025-01-07 04:00:00,7.4,13.2,0.0,100
2025-01-07 05:00:00,7.0,13.9,0.0,100
2025-01-07 06:00:00,6.5,14.3,0.0,100
2025-01-07 07:00:00,6.8,15.4,0.0,100
2025-01-07 08:00:00,6.5,17.4,0.0,75
2025-01-07 09:00:00,6.1,14.3,9.5,78
2025-01-07 10:00:00,6.7,20.0,69.8,100
2025-01-07 11:00:00,6.7,17.4,86.8,49
2025-01-07 12:00:00,7.1,18.6,199.0,27
2025-01-07 13:00:00,7.3,19.1,193.5,57
2025-01-07 14:00:00,7.3,14.7,159.8,25
2025-01-07 15:00:00,6.8,13.7,98.8,95
2025-01-07 16:00:00,6.3,12.1,23.2,100
2025-01-07 17:00:00,5.5,9.2,0.0,100
2025-01-07 18:00:00,4.9,11.6,0.0,100
2025-01-07 19:00:00,2.7,18.8,0.0,100
2025-01-07 20:00:00,2.7,15.6,0.0,44
2025-01-07 21:00:00,2.3,10.8,0.0,63
2025-01-07 22:00:00,2.3,8.9,0.0,100
2025-01-07 23:00:00,2.2,14.8,0.0,100
2025-01-08 00:00:00,1.8,12.8,0.0,89
2025-01-08 01:00:00,1.4,12.0,0.0,71
2025-01-08 02:00:00,1.2,10.6,0.0,99
2025-01-08 03:00:00,1.2,13.2,0.0,67
2025-01-08 04:00:00,1.2,10.5,0.0,88
2025-01-08 05:00:00,1.3,11.9,0.0,94
2025-01-08 06:00:00,1.5,12.5,0.0,90
2025-01-08 07:00:00,1.6,12.0,0.0,34
2025-01-08 08:00:00,1.3,12.0,0.0,34
2025-01-08 09:00:00,1.1,12.8,12.5,0
2025-01-08 10:00:00,1.7,13.0,75.5,22
2025-01-08 11:00:00,2.5,13.5,141.0,26
2025-01-08 12:00:00,3.7,20.3,160.5,77
2025-01-08 13:00:00,4.1,21.6,133.8,100
2025-01-08 14:00:00,4.1,15.9,82.0,22
2025-01-08 15:00:00,4.1,14.0,113.0,9
2025-01-08 16:00:00,3.6,11.2,33.0,82
2025-01-08 17:00:00,2.6,11.1,0.0,71
2025-01-08 18:00:00,2.0,10.8,0.0,100
2025-01-08 19:00:00,1.5,9.0,0.0,67
2025-01-08 20:00:00,1.0,9.0,0.0,64
2025-01-08 21:00:00,0.8,8.0,0.0,100
2025-01-08 22:00:00,0.6,7.2,0.0,100
2025-01-08 23:00:00,0.4,6.3,0.0,100
2025-01-09 00:00:00,0.3,6.2,0.0,100
2025-01-09 01:00:00,0.4,6.4,0.0,100
2025-01-09 02:00:00,0.3,6.6,0.0,100
2025-01-09 03:00:00,0.1,5.9,0.0,100
2025-01-09 04:00:00,0.5,4.3,0.0,100
2025-01-09 05:00:00,0.4,8.0,0.0,100
2025-01-09 06:00:00,0.7,6.2,0.0,100
2025-01-09 07:00:00,0.7,6.1,0.0,98
2025-01-09 08:00:00,0.8,4.1,0.0,100
2025-01-09 09:00:00,0.8,4.5,3.5,100
2025-01-09 10:00:00,0.7,5.0,20.2,97
2025-01-09 11:00:00,1.0,7.1,39.8,98
2025-01-09 12:00:00,1.2,5.5,52.0,100
2025-01-09 13:00:00,1.0,10.2,50.2,100
2025-01-09 14:00:00,1.1,6.6,26.8,100
2025-01-09 15:00:00,0.5,9.6,15.5,100
2025-01-09 16:00:00,0.4,11.9,3.8,100
2025-01-09 17:00:00,0.3,15.2,0.0,100
2025-01-09 18:00:00,0.5,16.4,0.0,100
2025-01-09 19:00:00,0.6,19.1,0.0,100
2025-01-09 20:00:00,0.4,19.4,0.0,100
2025-01-09 21:00:00,0.5,19.0,0.0,100
2025-01-09 22:00:00,0.5,15.3,0.0,98
2025-01-09 23:00:00,0.4,14.9,0.0,100
2025-01-10 00:00:00,0.6,16.8,0.0,100
2025-01-10 01:00:00,0.7,16.7,0.0,100
2025-01-10 02:00:00,0.8,17.7,0.0,100
2025-01-10 03:00:00,1.0,18.0,0.0,100
2025-01-10 04:00:00,1.2,16.6,0.0,100
2025-01-10 05:00:00,1.2,16.9,0.0,100
2025-01-10 06:00:00,1.1,17.4,0.0,100
2025-01-10 07:00:00,1.3,16.6,0.0,99
2025-01-10 08:00:00,1.2,16.0,0.0,100
2025-01-10 09:00:00,1.1,14.8,4.5,100
2025-01-10 10:00:00,1.3,14.9,20.2,100
2025-01-10 11:00:00,1.2,14.0,42.5,98
2025-01-10 12:00:00,1.0,14.6,51.0,100
2025-01-10 13:00:00,1.2,14.0,61.5,95
2025-01-10 14:00:00,1.5,16.9,53.0,100
2025-01-10 15:00:00,0.9,14.1,30.8,100
2025-01-10 16:00:00,1.2,14.5,10.2,100
2025-01-10 17:00:00,1.3,14.0,0.0,100
2025-01-10 18:00:00,1.3,13.7,0.0,100
2025-01-10 19:00:00,1.1,12.2,0.0,100
2025-01-10 20:00:00,1.0,12.8,0.0,76
2025-01-10 21:00:00,0.8,13.3,0.0,100
2025-01-10 22:00:00,0.8,13.5,0.0,90
2025-01-10 23:00:00,0.7,14.6,0.0,99
2025-01-11 00:00:00,0.5,15.4,0.0,100
2025-01-11 01:00:00,0.4,13.6,0.0,100
2025-01-11 02:00:00,0.2,15.9,0.0,98
2025-01-11 03:00:00,0.1,15.3,0.0,90
2025-01-11 04:00:00,0.2,16.2,0.0,100
2025-01-11 05:00:00,0.1,16.7,0.0,100
2025-01-11 06:00:00,0.0,17.0,0.0,100
2025-01-11 07:00:00,-0.0,18.2,0.0,99
2025-01-11 08:00:00,-0.0,20.6,0.0,100
2025-01-11 09:00:00,-0.1,19.0,5.2,100
2025-01-11 10:00:00,-0.3,19.3,43.0,100
2025-01-11 11:00:00,-0.2,21.3,87.8,100
2025-01-11 12:00:00,0.0,24.6,109.8,100
2025-01-11 13:00:00,0.5,21.7,114.0,96
2025-01-11 14:00:00,0.7,23.0,96.0,100
2025-01-11 15:00:00,0.8,22.4,46.8,100
2025-01-11 16:00:00,1.5,23.0,11.5,100
2025-01-11 17:00:00,0.8,22.1,0.0,100
2025-01-11 18:00:00,0.3,18.2,0.0,98
2025-01-11 19:00:00,0.6,16.0,0.0,100
2025-01-11 20:00:00,0.4,14.4,0.0,100
2025-01-11 21:00:00,0.5,13.5,0.0,100
2025-01-11 22:00:00,1.1,12.4,0.0,100
2025-01-11 23:00:00,0.9,13.5,0.0,100
2025-01-12 00:00:00,0.8,14.3,0.0,100
2025-01-12 01:00:00,1.1,15.0,0.0,98
2025-01-12 02:00:00,1.0,13.8,0.0,100
2025-01-12 03:00:00,1.0,14.5,0.0,100
2025-01-12 04:00:00,1.0,15.8,0.0,100
2025-01-12 05:00:00,0.9,16.1,0.0,100
2025-01-12 06:00:00,0.5,15.8,0.0,72
2025-01-12 07:00:00,0.4,15.7,0.0,75
2025-01-12 08:00:00,0.1,14.5,0.0,100
2025-01-12 09:00:00,0.1,13.6,6.8,99
2025-01-12 10:00:00,0.6,13.7,48.8,100
2025-01-12 11:00:00,0.6,14.4,76.2,100
2025-01-12 12:00:00,0.7,14.1,96.5,88
2025-01-12 13:00:00,1.9,12.3,161.5,81
2025-01-12 14:00:00,2.1,11.5,137.2,90
2025-01-12 15:00:00,1.9,11.6,82.2,91
2025-01-12 16:00:00,1.9,9.8,25.5,97
2025-01-12 17:00:00,1.4,8.3,0.2,88
2025-01-12 18:00:00,1.0,7.4,0.0,53
2025-01-12 19:00:00,0.4,7.4,0.0,80
2025-01-12 20:00:00,0.3,9.8,0.0,100
2025-01-12 21:00:00,0.0,7.0,0.0,78
2025-01-12 22:00:00,-0.4,6.6,0.0,100
2025-01-12 23:00:00,-0.7,5.7,0.0,93
2025-01-13 00:00:00,-0.8,3.9,0.0,99
2025-01-13 01:00:00,-0.9,4.1,0.0,97
2025-01-13 02:00:00,-0.9,3.6,0.0,83
2025-01-13 03:00:00,-1.1,2.6,0.0,28
2025-01-13 04:00:00,-1.3,0.8,0.0,32
2025-01-13 05:00:00,-1.5,2.8,0.0,10
2025-01-13 06:00:00,-1.6,1.8,0.0,0
2025-01-13 07:00:00,-2.6,2.9,0.0,0
2025-01-13 08:00:00,-2.8,2.7,0.0,0
2025-01-13 09:00:00,-2.9,3.3,13.2,0
2025-01-13 10:00:00,-2.6,3.9,78.5,84
2025-01-13 11:00:00,-1.9,5.4,150.8,8
2025-01-13 12:00:00,-1.4,9.5,197.5,23
2025-01-13 13:00:00,-0.7,10.6,212.8,55
2025-01-13 14:00:00,-0.3,8.9,167.8,100
2025-01-13 15:00:00,-0.1,7.2,99.5,99
2025-01-13 16:00:00,-0.0,6.5,38.0,89
2025-01-13 17:00:00,-0.2,7.0,0.5,73
2025-01-13 18:00:00,-0.6,6.6,0.0,90
2025-01-13 19:00:00,-0.8,6.1,0.0,70
2025-01-13 20:00:00,-1.1,6.8,0.0,100
2025-01-13 21:00:00,-1.2,7.9,0.0,96
2025-01-13 22:00:00,-1.0,8.9,0.0,100
2025-01-13 23:00:00,-1.1,10.0,0.0,100
2025-01-14 00:00:00,-1.1,8.9,0.0,81
2025-01-14 01:00:00,-1.7,7.4,0.0,31
2025-01-14 02:00:00,-2.0,7.1,0.0,61
2025-01-14 03:00:00,-2.3,6.4,0.0,67
2025-01-14 04:00:00,-2.8,6.6,0.0,85
2025-01-14 05:00:00,-2.7,7.8,0.0,80
2025-01-14 06:00:00,-2.7,7.0,0.0,73
2025-01-14 07:00:00,-2.5,7.6,0.0,100
2025-01-14 08:00:00,-2.4,7.9,0.0,50
2025-01-14 09:00:00,-2.3,8.7,10.0,93
2025-01-14 10:00:00,-1.4,8.4,52.2,100
2025-01-14 11:00:00,-0.7,9.2,71.8,100
2025-01-14 12:00:00,-0.1,9.5,60.5,97
2025-01-14 13:00:00,1.0,8.7,69.0,100
2025-01-14 14:00:00,1.5,10.7,38.8,100
2025-01-14 15:00:00,1.5,10.7,13.2,100
2025-01-14 16:00:00,2.0,9.7,6.2,100
2025-01-14 17:00:00,2.2,11.6,0.2,100
2025-01-14 18:00:00,1.9,14.2,0.0,100
2025-01-14 19:00:00,1.2,12.7,0.0,100
2025-01-14 20:00:00,1.2,13.9,0.0,100
2025-01-14 21:00:00,1.3,14.8,0.0,100
2025-01-14 22:00:00,1.4,13.7,0.0,100
2025-01-14 23:00:00,1.4,10.4,0.0,100
2025-01-15 00:00:00,1.4,13.0,0.0,100
2025-01-15 01:00:00,1.8,12.4,0.0,100
2025-01-15 02:00:00,2.0,12.0,0.0,100
2025-01-15 03:00:00,2.2,11.1,0.0,100
2025-01-15 04:00:00,2.6,9.8,0.0,100
2025-01-15 05:00:00,2.9,12.3,0.0,100
2025-01-15 06:00:00,3.2,9.2,0.0,100
2025-01-15 07:00:00,3.6,8.7,0.0,100
2025-01-15 08:00:00,3.8,7.8,0.0,100
2025-01-15 09:00:00,3.9,8.2,5.2,100
2025-01-15 10:00:00,4.5,8.0,26.2,100
2025-01-15 11:00:00,5.1,8.0,48.0,100
2025-01-15 12:00:00,5.6,10.7,68.0,100
2025-01-15 13:00:00,5.6,8.9,67.2,100
2025-01-15 14:00:00,5.5,8.2,68.8,100
2025-01-15 15:00:00,5.5,7.2,34.8,100
2025-01-15 16:00:00,5.4,6.6,14.5,100
2025-01-15 17:00:00,4.9,6.2,0.5,100
2025-01-15 18:00:00,4.6,5.1,0.0,100
2025-01-15 19:00:00,4.5,4.8,0.0,100
2025-01-15 20:00:00,4.3,4.2,0.0,100
2025-01-15 21:00:00,4.1,4.7,0.0,100
2025-01-15 22:00:00,3.9,3.0,0.0,100
2025-01-15 23:00:00,3.9,2.4,0.0,100
2025-01-16 00:00:00,3.7,3.3,0.0,100
2025-01-16 01:00:00,3.5,4.3,0.0,100
2025-01-16 02:00:00,3.6,4.3,0.0,100
2025-01-16 03:00:00,3.5,3.8,0.0,100
2025-01-16 04:00:00,3.4,3.5,0.0,100
2025-01-16 05:00:00,3.4,5.1,0.0,100
2025-01-16 06:00:00,3.4,7.4,0.0,100
2025-01-16 07:00:00,3.0,8.1,0.0,100
2025-01-16 08:00:00,3.1,8.9,0.0,100
2025-01-16 09:00:00,3.1,10.2,5.5,100
2025-01-16 10:00:00,2.2,11.6,26.8,100
2025-01-16 11:00:00,2.6,11.4,44.2,100
2025-01-16 12:00:00,3.3,11.3,68.0,100
2025-01-16 13:00:00,3.2,10.7,85.5,100
2025-01-16 14:00:00,3.2,9.4,62.2,100
2025-01-16 15:00:00,3.4,8.4,49.8,100
2025-01-16 16:00:00,3.0,8.7,27.0,100
2025-01-16 17:00:00,2.8,7.9,0.8,99
2025-01-16 18:00:00,2.7,8.7,0.0,100
2025-01-16 19:00:00,2.6,10.6,0.0,100
2025-01-16 20:00:00,2.3,8.9,0.0,100
2025-01-16 21:00:00,2.1,8.1,0.0,100
2025-01-16 22:00:00,2.3,8.0,0.0,100
2025-01-16 23:00:00,2.1,8.9,0.0,100
2025-01-17 00:00:00,1.8,9.5,0.0,100
2025-01-17 01:00:00,1.6,9.1,0.0,100
2025-01-17 02:00:00,1.3,8.0,0.0,100
2025-01-17 03:00:00,1.1,8.2,0.0,100
2025-01-17 04:00:00,1.0,9.4,0.0,100
2025-01-17 05:00:00,0.7,8.2,0.0,100
2025-01-17 06:00:00,0.3,6.8,0.0,100
2025-01-17 07:00:00,0.2,6.7,0.0,100
2025-01-17 08:00:00,-0.0,8.1,0.0,100
2025-01-17 09:00:00,-0.2,7.9,6.2,100
2025-01-17 10:00:00,-0.0,7.1,36.0,100
2025-01-17 11:00:00,0.2,6.0,60.5,100
2025-01-17 12:00:00,0.6,5.5,97.5,100
2025-01-17 13:00:00,0.8,5.3,108.8,100
2025-01-17 14:00:00,1.4,5.9,121.5,76
2025-01-17 15:00:00,1.6,6.1,100.5,60
2025-01-17 16:00:00,0.8,6.9,40.5,93
2025-01-17 17:00:00,0.4,7.8,1.2,99
2025-01-17 18:00:00,-0.1,7.7,0.0,100
2025-01-17 19:00:00,-0.4,5.8,0.0,100
2025-01-17 20:00:00,-0.6,4.9,0.0,100
2025-01-17 21:00:00,-0.7,4.6,0.0,100
2025-01-17 22:00:00,-0.6,6.4,0.0,100
2025-01-17 23:00:00,-0.7,8.6,0.0,100
2025-01-18 00:00:00,-1.0,6.1,0.0,100
2025-01-18 01:00:00,-1.1,4.7,0.0,100
2025-01-18 02:00:00,-1.1,3.7,0.0,100
2025-01-18 03:00:00,-1.3,4.4,0.0,100
2025-01-18 04:00:00,-1.5,2.5,0.0,100
2025-01-18 05:00:00,-1.8,5.6,0.0,100
2025-01-18 06:00:00,-2.1,3.3,0.0,100
2025-01-18 07:00:00,-2.1,3.2,0.0,100
2025-01-18 08:00:00,-2.4,3.8,0.0,100
2025-01-18 09:00:00,-2.6,5.7,9.8,100
2025-01-18 10:00:00,-2.6,2.7,49.0,100
2025-01-18 11:00:00,-2.5,2.1,96.0,100
2025-01-18 12:00:00,-2.2,3.0,129.5,100
2025-01-18 13:00:00,-1.4,4.9,142.5,94
2025-01-18 14:00:00,-1.3,3.5,128.2,99
2025-01-18 15:00:00,-1.0,2.1,91.0,80
2025-01-18 16:00:00,-1.1,2.9,42.2,98
2025-01-18 17:00:00,-1.4,1.8,1.8,100
2025-01-18 18:00:00,-1.6,2.0,0.0,100
2025-01-18 19:00:00,-1.9,3.1,0.0,100
2025-01-18 20:00:00,-2.0,1.1,0.0,100
2025-01-18 21:00:00,-2.1,4.1,0.0,100
2025-01-18 22:00:00,-2.2,5.0,0.0,100
2025-01-18 23:00:00,-2.0,5.5,0.0,100
2025-01-19 00:00:00,-2.2,5.2,0.0,100
2025-01-19 01:00:00,-2.5,4.0,0.0,100
2025-01-19 02:00:00,-2.4,4.8,0.0,100
2025-01-19 03:00:00,-2.3,4.7,0.0,88
2025-01-19 04:00:00,-2.7,5.1,0.0,89
2025-01-19 05:00:00,-2.7,5.1,0.0,70
2025-01-19 06:00:00,-2.5,5.5,0.0,51
2025-01-19 07:00:00,-3.0,5.0,0.0,59
2025-01-19 08:00:00,-2.9,5.5,0.0,50
2025-01-19 09:00:00,-2.7,5.9,16.8,0
2025-01-19 10:00:00,-2.1,7.1,86.8,0
2025-01-19 11:00:00,-0.8,7.1,160.2,0
2025-01-19 12:00:00,0.6,7.0,207.5,0
2025-01-19 13:00:00,2.1,7.3,217.8,0
2025-01-19 14:00:00,3.1,6.8,189.0,19
2025-01-19 15:00:00,3.1,7.6,126.8,35
2025-01-19 16:00:00,3.9,9.4,50.5,8
2025-01-19 17:00:00,2.7,10.5,2.5,21
2025-01-19 18:00:00,2.1,10.8,0.0,100
2025-01-19 19:00:00,1.8,11.2,0.0,2
2025-01-19 20:00:00,1.6,10.2,0.0,0
2025-01-19 21:00:00,1.4,10.2,0.0,14
2025-01-19 22:00:00,1.0,10.7,0.0,21
2025-01-19 23:00:00,1.1,10.7,0.0,0
2025-01-20 00:00:00,1.1,10.0,0.0,0
2025-01-20 01:00:00,1.0,9.7,0.0,0
2025-01-20 02:00:00,1.0,9.6,0.0,0
2025-01-20 03:00:00,1.1,10.1,0.0,0
2025-01-20 04:00:00,0.5,10.3,0.0,0
2025-01-20 05:00:00,0.5,9.8,0.0,0
2025-01-20 06:00:00,0.6,10.9,0.0,0
2025-01-20 07:00:00,0.0,7.8,0.0,0
2025-01-20 08:00:00,-0.0,6.4,0.0,0
2025-01-20 09:00:00,-0.2,6.1,17.8,0
2025-01-20 10:00:00,0.4,6.1,90.5,21
2025-01-20 11:00:00,1.3,5.9,160.8,61
2025-01-20 12:00:00,2.4,5.8,207.0,68
2025-01-20 13:00:00,4.8,6.2,211.5,100
2025-01-20 14:00:00,5.6,7.2,185.0,80
2025-01-20 15:00:00,5.6,5.9,118.0,100
2025-01-20 16:00:00,5.5,6.9,45.8,100
2025-01-20 17:00:00,4.1,7.0,3.2,100
2025-01-20 18:00:00,2.7,5.9,0.0,100
2025-01-20 19:00:00,1.9,6.9,0.0,17
2025-01-20 20:00:00,0.5,5.4,0.0,0
2025-01-20 21:00:00,-0.1,5.4,0.0,0
2025-01-20 22:00:00,-0.6,8.7,0.0,82
2025-01-20 23:00:00,-0.9,7.2,0.0,100
2025-01-21 00:00:00,-0.9,8.0,0.0,100
2025-01-21 01:00:00,-0.9,7.9,0.0,100
2025-01-21 02:00:00,-0.9,7.1,0.0,100
2025-01-21 03:00:00,-0.9,7.6,0.0,100
2025-01-21 04:00:00,-0.8,7.9,0.0,100
2025-01-21 05:00:00,-0.9,8.6,0.0,100
2025-01-21 06:00:00,-1.1,8.7,0.0,100
2025-01-21 07:00:00,-1.5,7.7,0.0,100
2025-01-21 08:00:00,-1.5,6.2,0.0,100
2025-01-21 09:00:00,-1.4,4.0,10.5,100
2025-01-21 10:00:00,-1.4,4.6,37.8,100
2025-01-21 11:00:00,-1.1,3.8,66.5,100
2025-01-21 12:00:00,-0.8,4.7,97.2,100
2025-01-21 13:00:00,-1.0,4.5,122.5,100
2025-01-21 14:00:00,-0.7,4.2,96.2,100
2025-01-21 15:00:00,-0.6,4.3,78.2,100
2025-01-21 16:00:00,-0.8,4.5,37.0,100
2025-01-21 17:00:00,-0.9,6.5,2.2,100
2025-01-21 18:00:00,-0.9,5.6,0.0,100
2025-01-21 19:00:00,-1.1,7.6,0.0,100
2025-01-21 20:00:00,-1.4,6.9,0.0,100
2025-01-21 21:00:00,-1.5,4.4,0.0,100
2025-01-21 22:00:00,-1.9,5.8,0.0,100
2025-01-21 23:00:00,-1.9,6.5,0.0,100
2025-01-22 00:00:00,-1.8,5.8,0.0,100
2025-01-22 01:00:00,-2.1,4.7,0.0,100
2025-01-22 02:00:00,-2.4,3.5,0.0,100
2025-01-22 03:00:00,-2.6,3.6,0.0,100
2025-01-22 04:00:00,-2.6,5.4,0.0,100
2025-01-22 05:00:00,-2.5,5.1,0.0,100
2025-01-22 06:00:00,-2.3,6.2,0.0,100
2025-01-22 07:00:00,-2.5,6.8,0.0,100
2025-01-22 08:00:00,-2.5,7.9,0.0,100
2025-01-22 09:00:00,-2.5,7.9,14.5,100
2025-01-22 10:00:00,-2.4,9.0,74.0,100
2025-01-22 11:00:00,-1.6,7.3,116.8,100
2025-01-22 12:00:00,-0.2,8.0,195.8,60
2025-01-22 13:00:00,0.7,8.4,196.2,100
2025-01-22 14:00:00,1.5,8.2,135.8,100
2025-01-22 15:00:00,1.8,9.4,92.2,100
2025-01-22 16:00:00,2.0,10.3,41.0,100
2025-01-22 17:00:00,1.4,11.3,3.8,100
2025-01-22 18:00:00,1.3,12.1,0.0,93
2025-01-22 19:00:00,1.5,13.6,0.0,100
2025-01-22 20:00:00,1.5,13.2,0.0,100
2025-01-22 21:00:00,1.1,13.0,0.0,100
2025-01-22 22:00:00,0.9,14.1,0.0,100
2025-01-22 23:00:00,0.7,13.1,0.0,100
2025-01-23 00:00:00,0.5,13.0,0.0,100
2025-01-23 01:00:00,0.5,12.4,0.0,100
2025-01-23 02:00:00,0.4,12.7,0.0,100
2025-01-23 03:00:00,0.3,13.0,0.0,100
2025-01-23 04:00:00,0.2,12.4,0.0,100
2025-01-23 05:00:00,0.3,13.8,0.0,100
2025-01-23 06:00:00,0.5,14.9,0.0,100
2025-01-23 07:00:00,0.7,14.8,0.0,100
2025-01-23 08:00:00,1.2,12.8,0.0,100
2025-01-23 09:00:00,1.4,12.4,4.2,100
2025-01-23 10:00:00,1.5,11.7,20.5,100
2025-01-23 11:00:00,2.2,11.7,47.0,100
2025-01-23 12:00:00,2.6,13.5,38.8,100
2025-01-23 13:00:00,3.0,14.8,50.2,100
2025-01-23 14:00:00,3.8,16.1,63.5,100
2025-01-23 15:00:00,4.4,15.3,53.5,100
2025-01-23 16:00:00,4.7,15.7,30.5,95
2025-01-23 17:00:00,4.5,12.8,2.8,100
2025-01-23 18:00:00,4.2,11.0,0.0,100
2025-01-23 19:00:00,4.4,11.9,0.0,92
2025-01-23 20:00:00,3.9,11.7,0.0,49
2025-01-23 21:00:00,3.0,9.8,0.0,80
2025-01-23 22:00:00,3.7,11.9,0.0,100
2025-01-23 23:00:00,3.5,11.2,0.0,100
2025-01-24 00:00:00,3.3,9.8,0.0,100
2025-01-24 01:00:00,3.4,8.8,0.0,100
2025-01-24 02:00:00,2.8,9.4,0.0,100
2025-01-24 03:00:00,2.6,9.5,0.0,91
2025-01-24 04:00:00,2.9,10.0,0.0,86
2025-01-24 05:00:00,2.8,11.0,0.0,97
2025-01-24 06:00:00,2.6,9.2,0.0,86
2025-01-24 07:00:00,2.9,10.2,0.0,67
2025-01-24 08:00:00,2.8,10.1,0.0,95
2025-01-24 09:00:00,3.1,9.0,18.5,80
2025-01-24 10:00:00,4.1,13.1,80.8,56
2025-01-24 11:00:00,5.1,14.3,177.0,64
2025-01-24 12:00:00,6.0,15.0,205.2,100
2025-01-24 13:00:00,7.0,17.1,190.2,52
2025-01-24 14:00:00,7.5,16.1,189.8,100
2025-01-24 15:00:00,7.4,16.2,85.2,100
2025-01-24 16:00:00,7.4,16.4,33.5,93
2025-01-24 17:00:00,7.2,14.7,2.8,100
2025-01-24 18:00:00,7.1,13.7,0.0,100
2025-01-24 19:00:00,7.1,14.4,0.0,100
2025-01-24 20:00:00,7.4,13.5,0.0,100
2025-01-24 21:00:00,7.3,14.1,0.0,100
2025-01-24 22:00:00,7.1,13.5,0.0,100
2025-01-24 23:00:00,7.1,12.4,0.0,100
2025-01-25 00:00:00,7.1,11.1,0.0,100
2025-01-25 01:00:00,6.8,10.6,0.0,100
2025-01-25 02:00:00,6.7,10.2,0.0,100
2025-01-25 03:00:00,6.6,8.0,0.0,92
2025-01-25 04:00:00,6.8,8.0,0.0,100
2025-01-25 05:00:00,6.8,7.9,0.0,96
2025-01-25 06:00:00,6.7,8.4,0.0,93
2025-01-25 07:00:00,7.3,10.7,0.0,100
2025-01-25 08:00:00,8.0,13.3,0.0,100
2025-01-25 09:00:00,8.5,15.0,10.0,99
2025-01-25 10:00:00,9.1,15.0,32.5,100
2025-01-25 11:00:00,9.8,14.5,60.2,100
2025-01-25 12:00:00,10.8,15.6,93.0,100
2025-01-25 13:00:00,11.9,14.9,136.0,100
2025-01-25 14:00:00,12.4,14.2,117.5,83
2025-01-25 15:00:00,12.9,12.0,100.2,93
2025-01-25 16:00:00,13.6,10.1,46.5,100
2025-01-25 17:00:00,12.8,10.2,3.2,100
2025-01-25 18:00:00,12.5,10.0,0.0,100
2025-01-25 19:00:00,11.9,8.2,0.0,100
2025-01-25 20:00:00,10.8,7.8,0.0,100
2025-01-25 21:00:00,9.8,10.0,0.0,100
2025-01-25 22:00:00,8.6,9.8,0.0,100
2025-01-25 23:00:00,8.0,5.9,0.0,94
2025-01-26 00:00:00,7.5,6.3,0.0,100
2025-01-26 01:00:00,7.2,6.6,0.0,100
2025-01-26 02:00:00,7.0,6.9,0.0,100
2025-01-26 03:00:00,6.9,8.3,0.0,100
2025-01-26 04:00:00,6.8,5.6,0.0,100
2025-01-26 05:00:00,6.8,10.0,0.0,100
2025-01-26 06:00:00,6.3,6.1,0.0,100
2025-01-26 07:00:00,5.8,9.6,0.0,100
2025-01-26 08:00:00,5.4,8.5,0.0,100
2025-01-26 09:00:00,5.7,6.1,7.8,100
2025-01-26 10:00:00,6.4,10.4,52.0,100
2025-01-26 11:00:00,7.9,12.0,105.5,100
2025-01-26 12:00:00,8.8,11.3,150.5,100
2025-01-26 13:00:00,9.7,10.5,95.8,100
2025-01-26 14:00:00,9.9,8.2,59.0,100
2025-01-26 15:00:00,10.0,13.4,34.2,100
2025-01-26 16:00:00,8.5,7.5,20.0,72
2025-01-26 17:00:00,8.0,5.6,4.5,100
2025-01-26 18:00:00,7.2,14.8,0.0,100
2025-01-26 19:00:00,6.3,10.9,0.0,100
2025-01-26 20:00:00,5.9,8.8,0.0,93
2025-01-26 21:00:00,5.4,8.4,0.0,100
2025-01-26 22:00:00,4.6,4.7,0.0,100
2025-01-26 23:00:00,4.1,3.9,0.0,94
2025-01-27 00:00:00,3.8,7.2,0.0,100
2025-01-27 01:00:00,3.8,8.7,0.0,100
2025-01-27 02:00:00,3.4,7.3,0.0,100
2025-01-27 03:00:00,3.5,9.3,0.0,100
2025-01-27 04:00:00,4.2,11.5,0.0,100
2025-01-27 05:00:00,4.6,12.1,0.0,100
2025-01-27 06:00:00,5.0,12.2,0.0,99
2025-01-27 07:00:00,5.4,14.3,0.0,100
2025-01-27 08:00:00,5.6,12.9,0.0,100
2025-01-27 09:00:00,6.1,15.7,5.5,100
2025-01-27 10:00:00,6.5,15.6,12.0,100
2025-01-27 11:00:00,7.7,15.2,61.2,100
2025-01-27 12:00:00,10.0,16.6,187.8,100
2025-01-27 13:00:00,11.1,15.6,135.8,100
2025-01-27 14:00:00,11.4,14.4,122.2,100
2025-01-27 15:00:00,11.0,12.5,55.8,100
2025-01-27 16:00:00,10.2,10.7,44.8,97
2025-01-27 17:00:00,9.5,10.1,6.8,100
2025-01-27 18:00:00,8.9,10.2,0.0,100
2025-01-27 19:00:00,9.1,8.3,0.0,100
2025-01-27 20:00:00,9.1,6.6,0.0,100
2025-01-27 21:00:00,9.1,7.9,0.0,100
2025-01-27 22:00:00,9.1,8.3,0.0,100
2025-01-27 23:00:00,8.5,9.7,0.0,100
2025-01-28 00:00:00,8.4,10.3,0.0,100
2025-01-28 01:00:00,8.5,11.4,0.0,100
2025-01-28 02:00:00,7.9,8.4,0.0,12
2025-01-28 03:00:00,7.6,10.3,0.0,100
2025-01-28 04:00:00,7.1,9.0,0.0,100
2025-01-28 05:00:00,6.7,8.7,0.0,100
2025-01-28 06:00:00,6.3,9.4,0.0,100
2025-01-28 07:00:00,5.9,7.7,0.0,100
2025-01-28 08:00:00,5.4,6.8,0.0,100
2025-01-28 09:00:00,5.7,8.0,25.5,100
2025-01-28 10:00:00,6.4,7.6,77.2,100
2025-01-28 11:00:00,7.3,5.9,125.5,100
2025-01-28 12:00:00,8.1,2.6,127.0,100
2025-01-28 13:00:00,8.6,4.8,102.2,100
2025-01-28 14:00:00,8.6,4.7,65.2,100
2025-01-28 15:00:00,8.3,3.3,47.8,100
2025-01-28 16:00:00,7.4,5.5,22.8,100
2025-01-28 17:00:00,7.1,6.0,2.5,100
2025-01-28 18:00:00,6.8,7.7,0.0,100
2025-01-28 19:00:00,6.6,7.6,0.0,100
2025-01-28 20:00:00,6.6,7.8,0.0,100
2025-01-28 21:00:00,6.6,8.6,0.0,100
2025-01-28 22:00:00,6.2,8.6,0.0,100
2025-01-28 23:00:00,5.8,7.6,0.0,99
2025-01-29 00:00:00,5.4,8.1,0.0,79
2025-01-29 01:00:00,4.7,9.4,0.0,14
2025-01-29 02:00:00,4.5,9.2,0.0,82
2025-01-29 03:00:00,4.8,9.9,0.0,90
2025-01-29 04:00:00,4.7,9.8,0.0,80
2025-01-29 05:00:00,4.8,9.3,0.0,100
2025-01-29 06:00:00,5.3,9.7,0.0,84
2025-01-29 07:00:00,5.3,9.7,0.0,93
2025-01-29 08:00:00,5.3,11.6,0.0,94
2025-01-29 09:00:00,5.7,12.4,15.5,100
2025-01-29 10:00:00,6.7,12.1,33.5,81
2025-01-29 11:00:00,7.7,16.0,91.2,100
2025-01-29 12:00:00,7.7,14.5,68.8,99
2025-01-29 13:00:00,8.6,14.0,106.0,97
2025-01-29 14:00:00,9.2,16.6,116.5,86
2025-01-29 15:00:00,9.3,17.4,89.2,94
2025-01-29 16:00:00,8.7,19.2,24.2,97
2025-01-29 17:00:00,8.0,17.2,3.8,100
2025-01-29 18:00:00,7.5,14.4,0.0,100
2025-01-29 19:00:00,7.3,14.0,0.0,67
2025-01-29 20:00:00,6.8,11.7,0.0,100
2025-01-29 21:00:00,6.3,13.0,0.0,100
2025-01-29 22:00:00,6.9,11.7,0.0,88
2025-01-29 23:00:00,6.3,11.3,0.0,95
2025-01-30 00:00:00,6.1,11.2,0.0,32
2025-01-30 01:00:00,6.5,10.3,0.0,14
2025-01-30 02:00:00,5.5,9.5,0.0,0
2025-01-30 03:00:00,4.9,9.2,0.0,15
2025-01-30 04:00:00,4.3,9.5,0.0,63
2025-01-30 05:00:00,3.8,9.5,0.0,70
2025-01-30 06:00:00,3.5,7.8,0.0,100
2025-01-30 07:00:00,3.1,8.7,0.0,100
2025-01-30 08:00:00,3.1,9.5,0.0,100
2025-01-30 09:00:00,3.6,8.3,20.2,100
2025-01-30 10:00:00,4.4,7.7,62.8,100
2025-01-30 11:00:00,5.3,7.0,114.5,100
2025-01-30 12:00:00,6.2,8.4,120.8,94
2025-01-30 13:00:00,7.3,7.6,121.8,97
2025-01-30 14:00:00,7.6,9.0,112.8,100
2025-01-30 15:00:00,7.8,6.9,80.2,99
2025-01-30 16:00:00,7.9,5.4,46.0,100
2025-01-30 17:00:00,7.5,5.8,6.0,100
2025-01-30 18:00:00,7.0,5.8,0.0,100
2025-01-30 19:00:00,6.8,5.8,0.0,100
2025-01-30 20:00:00,6.6,5.8,0.0,100
2025-01-30 21:00:00,6.5,4.7,0.0,100
2025-01-30 22:00:00,6.5,6.9,0.0,100
2025-01-30 23:00:00,6.0,10.4,0.0,100
2025-01-31 00:00:00,5.4,10.7,0.0,100
2025-01-31 01:00:00,4.9,16.5,0.0,100
2025-01-31 02:00:00,4.0,14.6,0.0,100
2025-01-31 03:00:00,3.9,8.7,0.0,100
2025-01-31 04:00:00,3.8,10.0,0.0,100
2025-01-31 05:00:00,4.0,11.8,0.0,92
2025-01-31 06:00:00,3.8,13.3,0.0,90
2025-01-31 07:00:00,3.7,15.6,0.0,100
2025-01-31 08:00:00,3.6,13.9,0.0,93
2025-01-31 09:00:00,3.5,13.9,19.5,100
2025-01-31 10:00:00,3.5,13.7,71.0,63
2025-01-31 11:00:00,4.0,15.5,162.0,80
2025-01-31 12:00:00,5.0,15.2,219.5,97
2025-01-31 13:00:00,5.4,15.5,216.0,89
2025-01-31 14:00:00,5.7,16.6,116.2,96
2025-01-31 15:00:00,5.9,17.7,143.8,93
2025-01-31 16:00:00,5.6,14.8,72.0,98
2025-01-31 17:00:00,5.2,13.4,9.5,96
2025-01-31 18:00:00,4.8,13.0,0.0,100
2025-01-31 19:00:00,5.0,14.0,0.0,91
2025-01-31 20:00:00,4.6,13.7,0.0,93
2025-01-31 21:00:00,4.2,13.7,0.0,97
2025-01-31 22:00:00,4.4,12.2,0.0,93
2025-01-31 23:00:00,4.0,12.0,0.0,80
2025-02-01 00:00:00,3.5,10.9,0.0,20
2025-02-01 01:00:00,3.0,8.7,0.0,6
2025-02-01 02:00:00,2.2,7.6,0.0,9
2025-02-01 03:00:00,1.5,7.2,0.0,5
2025-02-01 04:00:00,1.0,6.2,0.0,50
2025-02-01 05:00:00,0.7,7.2,0.0,100
2025-02-01 06:00:00,0.5,7.6,0.0,100
2025-02-01 07:00:00,0.6,7.2,0.0,100
2025-02-01 08:00:00,0.8,7.2,0.0,100
2025-02-01 09:00:00,1.4,6.6,22.2,100
2025-02-01 10:00:00,2.2,5.1,62.0,100
2025-02-01 11:00:00,3.0,4.8,148.8,100
2025-02-01 12:00:00,3.9,7.2,236.0,100
2025-02-01 13:00:00,4.2,6.9,210.0,100
2025-02-01 14:00:00,4.4,7.2,135.8,99
2025-02-01 15:00:00,4.5,6.3,132.0,78
2025-02-01 16:00:00,4.6,6.5,76.0,97
2025-02-01 17:00:00,4.1,5.6,10.5,83
2025-02-01 18:00:00,3.4,5.0,0.0,40
2025-02-01 19:00:00,3.1,4.7,0.0,67
2025-02-01 20:00:00,2.6,5.6,0.0,73
2025-02-01 21:00:00,2.3,5.2,0.0,66
2025-02-01 22:00:00,3.0,4.9,0.0,83
2025-02-01 23:00:00,2.7,4.7,0.0,84
2025-02-02 00:00:00,2.4,4.1,0.0,89
2025-02-02 01:00:00,1.9,4.7,0.0,70
2025-02-02 02:00:00,1.4,4.7,0.0,3
2025-02-02 03:00:00,0.8,5.5,0.0,0
2025-02-02 04:00:00,0.9,5.5,0.0,68
2025-02-02 05:00:00,0.6,5.5,0.0,82
2025-02-02 06:00:00,0.5,4.5,0.0,98
2025-02-02 07:00:00,0.9,4.3,0.0,85
2025-02-02 08:00:00,0.9,3.6,0.2,99
2025-02-02 09:00:00,1.1,2.2,24.0,88
2025-02-02 10:00:00,2.0,3.2,79.5,98
2025-02-02 11:00:00,2.7,3.6,163.8,49
2025-02-02 12:00:00,3.6,4.2,279.2,84
2025-02-02 13:00:00,4.0,3.4,244.0,100
2025-02-02 14:00:00,4.3,2.6,167.8,100
2025-02-02 15:00:00,4.4,3.6,85.2,98
2025-02-02 16:00:00,4.4,4.9,42.8,100
2025-02-02 17:00:00,4.1,4.7,5.5,100
2025-02-02 18:00:00,3.5,5.3,0.0,98
2025-02-02 19:00:00,3.0,3.5,0.0,95
2025-02-02 20:00:00,2.4,2.3,0.0,73
2025-02-02 21:00:00,1.8,2.1,0.0,50
2025-02-02 22:00:00,1.4,4.0,0.0,97
2025-02-02 23:00:00,1.2,4.7,0.0,93
2025-02-03 00:00:00,0.9,2.3,0.0,91
2025-02-03 01:00:00,0.8,1.8,0.0,86
2025-02-03 02:00:00,0.5,2.8,0.0,84
2025-02-03 03:00:00,0.5,1.1,0.0,80
2025-02-03 04:00:00,-0.3,2.9,0.0,38
2025-02-03 05:00:00,-0.2,1.1,0.0,69
2025-02-03 06:00:00,-0.3,2.9,0.0,39
2025-02-03 07:00:00,-1.1,1.3,0.0,30
2025-02-03 08:00:00,-1.6,2.3,0.5,100
2025-02-03 09:00:00,-3.0,2.7,30.5,100
2025-02-03 10:00:00,-0.3,3.3,84.0,55
2025-02-03 11:00:00,1.4,4.5,212.5,100
2025-02-03 12:00:00,3.0,6.0,283.2,79
2025-02-03 13:00:00,4.2,5.1,258.0,61
2025-02-03 14:00:00,4.9,6.1,256.0,52
2025-02-03 15:00:00,4.9,7.9,176.5,79
2025-02-03 16:00:00,4.9,5.9,87.5,52
2025-02-03 17:00:00,3.9,5.2,20.0,0
2025-02-03 18:00:00,2.7,5.4,0.0,64
2025-02-03 19:00:00,1.3,5.6,0.0,0
2025-02-03 20:00:00,0.9,4.7,0.0,0
2025-02-03 21:00:00,0.2,4.7,0.0,0
2025-02-03 22:00:00,-0.5,3.5,0.0,0
2025-02-03 23:00:00,-0.7,2.6,0.0,0
2025-02-04 00:00:00,-1.2,4.0,0.0,0
2025-02-04 01:00:00,-1.9,4.7,0.0,0
2025-02-04 02:00:00,-2.1,3.2,0.0,20
2025-02-04 03:00:00,-2.3,4.0,0.0,100
2025-02-04 04:00:00,-2.8,3.9,0.0,0
2025-02-04 05:00:00,-3.1,4.3,0.0,0
2025-02-04 06:00:00,-3.2,5.6,0.0,0
2025-02-04 07:00:00,-3.5,5.1,0.0,51
2025-02-04 08:00:00,-3.9,5.7,0.5,100
2025-02-04 09:00:00,-3.6,5.5,34.0,100
2025-02-04 10:00:00,-1.7,5.9,105.0,0
2025-02-04 11:00:00,-0.3,5.9,232.8,0
2025-02-04 12:00:00,1.0,5.4,291.2,0
2025-02-04 13:00:00,3.3,4.8,308.2,0
2025-02-04 14:00:00,4.1,5.5,281.2,0
2025-02-04 15:00:00,4.3,4.4,212.0,0
2025-02-04 16:00:00,4.8,4.8,114.8,0
2025-02-04 17:00:00,3.1,4.7,23.0,0
2025-02-04 18:00:00,2.0,4.7,0.0,0
2025-02-04 19:00:00,1.1,4.9,0.0,0
2025-02-04 20:00:00,0.4,4.8,0.0,0
2025-02-04 21:00:00,-0.1,4.8,0.0,0
2025-02-04 22:00:00,-0.6,5.0,0.0,0
2025-02-04 23:00:00,-1.3,5.8,0.0,0
2025-02-05 00:00:00,-1.8,4.9,0.0,18
2025-02-05 01:00:00,-2.2,5.2,0.0,0
2025-02-05 02:00:00,-2.7,5.3,0.0,0
2025-02-05 03:00:00,-2.9,5.2,0.0,0
2025-02-05 04:00:00,-2.8,4.9,0.0,4
2025-02-05 05:00:00,-2.8,4.6,0.0,0
2025-02-05 06:00:00,-2.8,5.4,0.0,30
2025-02-05 07:00:00,-2.6,5.7,0.0,36
2025-02-05 08:00:00,-1.6,6.8,0.2,100
2025-02-05 09:00:00,-0.5,5.7,9.8,100
2025-02-05 10:00:00,0.6,7.4,20.2,100
2025-02-05 11:00:00,1.1,8.5,21.8,100
2025-02-05 12:00:00,1.4,8.3,36.2,100
2025-02-05 13:00:00,2.2,9.8,91.0,100
2025-02-05 14:00:00,3.1,8.3,106.0,100
2025-02-05 15:00:00,3.6,8.7,86.2,80
2025-02-05 16:00:00,3.5,10.3,59.0,98
2025-02-05 17:00:00,3.4,9.7,7.8,80
2025-02-05 18:00:00,3.3,8.8,0.0,100
2025-02-05 19:00:00,3.7,7.4,0.0,100
2025-02-05 20:00:00,3.6,5.8,0.0,100
2025-02-05 21:00:00,3.5,5.6,0.0,100
2025-02-05 22:00:00,3.6,7.1,0.0,100
2025-02-05 23:00:00,3.5,8.4,0.0,100
2025-02-06 00:00:00,3.4,8.0,0.0,84
2025-02-06 01:00:00,3.6,8.3,0.0,100
2025-02-06 02:00:00,3.6,7.2,0.0,100
2025-02-06 03:00:00,3.4,5.7,0.0,100
2025-02-06 04:00:00,3.2,7.7,0.0,100
2025-02-06 05:00:00,3.4,8.9,0.0,100
2025-02-06 06:00:00,3.5,6.9,0.0,100
2025-02-06 07:00:00,3.5,7.4,0.0,100
2025-02-06 08:00:00,3.4,5.6,0.5,100
2025-02-06 09:00:00,3.8,7.6,23.8,100
2025-02-06 10:00:00,3.6,6.3,55.5,100
2025-02-06 11:00:00,4.5,8.7,96.2,100
2025-02-06 12:00:00,5.5,9.4,109.2,100
2025-02-06 13:00:00,5.0,7.9,103.8,100
2025-02-06 14:00:00,5.6,6.9,85.0,100
2025-02-06 15:00:00,5.5,10.7,90.0,100
2025-02-06 16:00:00,5.5,9.1,44.8,100
2025-02-06 17:00:00,5.1,12.0,15.5,100
2025-02-06 18:00:00,4.4,10.5,0.0,99
2025-02-06 19:00:00,4.3,8.4,0.0,100
2025-02-06 20:00:00,3.9,9.1,0.0,100
2025-02-06 21:00:00,3.8,9.5,0.0,100
2025-02-06 22:00:00,3.8,12.5,0.0,100
2025-02-06 23:00:00,3.8,15.1,0.0,100
2025-02-07 00:00:00,3.7,9.9,0.0,100
2025-02-07 01:00:00,3.6,10.0,0.0,100
2025-02-07 02:00:00,3.5,11.3,0.0,61
2025-02-07 03:00:00,2.9,10.5,0.0,15
2025-02-07 04:00:00,2.5,12.1,0.0,49
2025-02-07 05:00:00,2.0,12.9,0.0,52
2025-02-07 06:00:00,2.2,12.1,0.0,100
2025-02-07 07:00:00,2.7,13.7,0.0,100
2025-02-07 08:00:00,2.3,13.6,0.8,100
2025-02-07 09:00:00,1.9,11.4,18.0,100
2025-02-07 10:00:00,1.7,12.9,44.8,99
2025-02-07 11:00:00,2.1,13.0,108.0,100
2025-02-07 12:00:00,3.0,12.8,245.8,51
2025-02-07 13:00:00,3.1,11.4,256.8,70
2025-02-07 14:00:00,3.4,14.1,242.8,65
2025-02-07 15:00:00,3.4,15.3,136.0,94
2025-02-07 16:00:00,3.5,15.5,65.5,82
2025-02-07 17:00:00,3.1,17.3,23.8,100
2025-02-07 18:00:00,2.8,14.2,0.0,97
2025-02-07 19:00:00,2.7,16.3,0.0,92
2025-02-07 20:00:00,2.5,17.2,0.0,100
2025-02-07 21:00:00,2.1,16.5,0.0,92
2025-02-07 22:00:00,2.2,17.0,0.0,97
2025-02-07 23:00:00,1.9,18.0,0.0,97
2025-02-08 00:00:00,1.4,18.4,0.0,100
2025-02-08 01:00:00,1.1,17.6,0.0,79
2025-02-08 02:00:00,0.6,17.3,0.0,97
2025-02-08 03:00:00,0.2,17.0,0.0,97
2025-02-08 04:00:00,0.7,15.6,0.0,100
2025-02-08 05:00:00,0.6,16.0,0.0,100
2025-02-08 06:00:00,0.6,14.7,0.0,100
2025-02-08 07:00:00,0.7,14.6,0.0,65
2025-02-08 08:00:00,0.4,14.9,2.0,65
2025-02-08 09:00:00,0.6,14.1,50.5,82
2025-02-08 10:00:00,1.3,14.1,111.5,100
2025-02-08 11:00:00,2.3,13.4,220.5,100
2025-02-08 12:00:00,3.6,12.4,309.2,55
2025-02-08 13:00:00,4.3,12.2,326.8,7
2025-02-08 14:00:00,5.0,13.8,294.8,43
2025-02-08 15:00:00,5.2,14.2,217.8,73
2025-02-08 16:00:00,4.8,14.2,115.2,100
2025-02-08 17:00:00,4.4,12.7,28.5,100
2025-02-08 18:00:00,3.9,11.2,0.0,100
2025-02-08 19:00:00,2.9,10.5,0.0,13
2025-02-08 20:00:00,2.2,10.9,0.0,89
2025-02-08 21:00:00,1.7,10.0,0.0,100
2025-02-08 22:00:00,0.9,9.8,0.0,54
2025-02-08 23:00:00,0.5,9.4,0.0,64
2025-02-09 00:00:00,0.2,9.4,0.0,100
2025-02-09 01:00:00,-0.2,8.6,0.0,8
2025-02-09 02:00:00,-0.3,9.7,0.0,94
2025-02-09 03:00:00,-0.5,8.7,0.0,100
2025-02-09 04:00:00,-1.0,9.1,0.0,0
2025-02-09 05:00:00,-1.0,9.5,0.0,0
2025-02-09 06:00:00,-1.1,9.5,0.0,5
2025-02-09 07:00:00,-1.1,8.8,0.0,11
2025-02-09 08:00:00,-1.3,8.5,3.0,7
2025-02-09 09:00:00,-1.4,8.0,63.2,14
2025-02-09 10:00:00,-0.8,8.2,166.2,0
2025-02-09 11:00:00,0.5,8.6,264.0,0
2025-02-09 12:00:00,1.8,8.6,324.0,0
2025-02-09 13:00:00,3.1,8.9,340.8,67
2025-02-09 14:00:00,3.7,10.7,289.2,28
2025-02-09 15:00:00,3.7,12.0,236.5,23
2025-02-09 16:00:00,3.5,11.2,133.0,39
2025-02-09 17:00:00,3.0,9.8,34.2,64
2025-02-09 18:00:00,2.2,8.9,0.0,100
2025-02-09 19:00:00,1.2,9.5,0.0,100
2025-02-09 20:00:00,0.9,8.1,0.0,100
2025-02-09 21:00:00,0.6,8.2,0.0,94
2025-02-09 22:00:00,0.5,8.6,0.0,100
2025-02-09 23:00:00,0.3,8.9,0.0,100
2025-02-10 00:00:00,0.0,8.2,0.0,100
2025-02-10 01:00:00,-0.2,8.0,0.0,100
2025-02-10 02:00:00,-0.4,8.9,0.0,99
2025-02-10 03:00:00,-0.5,9.7,0.0,100
2025-02-10 04:00:00,-0.5,10.6,0.0,100
2025-02-10 05:00:00,-0.6,9.9,0.0,98
2025-02-10 06:00:00,-0.6,10.0,0.0,99
2025-02-10 07:00:00,-0.8,10.0,0.0,74
2025-02-10 08:00:00,-0.8,10.8,3.0,100
2025-02-10 09:00:00,-0.8,11.7,49.2,96
2025-02-10 10:00:00,0.0,12.6,112.0,100
2025-02-10 11:00:00,0.9,12.3,174.8,100
2025-02-10 12:00:00,1.8,12.7,230.2,91
2025-02-10 13:00:00,2.3,12.8,289.5,100
2025-02-10 14:00:00,3.2,13.2,226.0,84
2025-02-10 15:00:00,3.8,14.7,217.0,58
2025-02-10 16:00:00,3.6,13.8,101.8,67
2025-02-10 17:00:00,3.1,14.4,30.0,37
2025-02-10 18:00:00,2.0,16.0,0.0,30
2025-02-10 19:00:00,1.2,15.9,0.0,17
2025-02-10 20:00:00,0.7,15.5,0.0,0
2025-02-10 21:00:00,0.3,13.7,0.0,0
2025-02-10 22:00:00,0.1,14.8,0.0,0
2025-02-10 23:00:00,-0.2,15.5,0.0,0
2025-02-11 00:00:00,-0.5,15.5,0.0,0
2025-02-11 01:00:00,-0.9,14.8,0.0,0
2025-02-11 02:00:00,-1.3,15.8,0.0,0
2025-02-11 03:00:00,-1.6,16.2,0.0,0
2025-02-11 04:00:00,-2.0,16.9,0.0,0
2025-02-11 05:00:00,-2.4,16.2,0.0,0
2025-02-11 06:00:00,-2.7,18.0,0.0,0
2025-02-11 07:00:00,-3.1,15.9,0.0,0
2025-02-11 08:00:00,-3.3,15.5,4.5,0
2025-02-11 09:00:00,-3.2,16.3,74.0,0
2025-02-11 10:00:00,-2.2,14.9,184.8,3
2025-02-11 11:00:00,-0.8,16.7,279.2,100
2025-02-11 12:00:00,0.5,18.1,337.8,99
2025-02-11 13:00:00,2.4,15.8,324.5,100
2025-02-11 14:00:00,3.2,18.5,281.2,100
2025-02-11 15:00:00,3.4,18.1,195.0,100
2025-02-11 16:00:00,3.8,17.1,114.5,100
2025-02-11 17:00:00,3.1,19.2,35.5,100
2025-02-11 18:00:00,2.2,18.6,0.0,100
2025-02-11 19:00:00,1.3,17.2,0.0,100
2025-02-11 20:00:00,0.3,18.3,0.0,100
2025-02-11 21:00:00,-0.4,17.6,0.0,86
2025-02-11 22:00:00,-0.9,16.5,0.0,64
2025-02-11 23:00:00,-1.4,17.2,0.0,61
2025-02-12 00:00:00,-1.8,16.9,0.0,99
2025-02-12 01:00:00,-2.4,16.3,0.0,99
2025-02-12 02:00:00,-2.8,16.6,0.0,100
2025-02-12 03:00:00,-3.3,16.6,0.0,100
2025-02-12 04:00:00,-4.0,15.2,0.0,91
2025-02-12 05:00:00,-4.4,15.1,0.0,100
2025-02-12 06:00:00,-4.9,15.8,0.0,30
2025-02-12 07:00:00,-5.1,15.1,0.0,65
2025-02-12 08:00:00,-5.2,15.6,4.8,65
2025-02-12 09:00:00,-5.0,16.6,64.0,79
2025-02-12 10:00:00,-4.5,15.8,156.5,87
2025-02-12 11:00:00,-3.4,15.1,230.8,62
2025-02-12 12:00:00,-2.1,14.1,343.0,6
2025-02-12 13:00:00,-1.6,13.5,367.8,35
2025-02-12 14:00:00,-0.8,13.0,330.0,5
2025-02-12 15:00:00,-0.3,12.7,234.0,71
2025-02-12 16:00:00,-0.5,11.9,117.8,34
2025-02-12 17:00:00,-0.7,11.2,43.8,57
2025-02-12 18:00:00,-1.0,11.5,0.2,89
2025-02-12 19:00:00,-1.2,11.2,0.0,100
2025-02-12 20:00:00,-1.3,10.1,0.0,100
2025-02-12 21:00:00,-1.2,8.4,0.0,100
2025-02-12 22:00:00,-1.1,8.7,0.0,96
2025-02-12 23:00:00,-1.2,9.2,0.0,98
2025-02-13 00:00:00,-1.5,8.7,0.0,98
2025-02-13 01:00:00,-1.6,9.0,0.0,95
2025-02-13 02:00:00,-1.7,8.0,0.0,98
2025-02-13 03:00:00,-1.7,7.2,0.0,100
2025-02-13 04:00:00,-1.7,6.6,0.0,97
2025-02-13 05:00:00,-1.7,6.9,0.0,100
2025-02-13 06:00:00,-1.7,6.8,0.0,100
2025-02-13 07:00:00,-1.8,6.9,0.0,97
2025-02-13 08:00:00,-1.8,6.9,3.0,100
2025-02-13 09:00:00,-1.6,6.4,37.8,99
2025-02-13 10:00:00,-1.4,5.6,93.2,95
2025-02-13 11:00:00,-1.0,5.7,125.5,100
2025-02-13 12:00:00,-0.5,5.6,159.0,100
2025-02-13 13:00:00,-0.5,6.5,122.2,98
2025-02-13 14:00:00,-0.3,6.1,96.5,99
2025-02-13 15:00:00,-0.1,7.3,68.5,99
2025-02-13 16:00:00,-0.3,5.9,39.0,100
2025-02-13 17:00:00,-0.4,6.8,11.8,100
2025-02-13 18:00:00,-0.5,6.0,0.0,100
2025-02-13 19:00:00,-0.5,7.8,0.0,100
2025-02-13 20:00:00,-0.6,7.8,0.0,100
2025-02-13 21:00:00,-0.6,7.2,0.0,100
2025-02-13 22:00:00,-0.6,5.8,0.0,100
2025-02-13 23:00:00,-0.6,5.9,0.0,100
2025-02-14 00:00:00,-0.6,7.2,0.0,100
2025-02-14 01:00:00,-0.7,11.2,0.0,99
2025-02-14 02:00:00,-0.8,8.0,0.0,98
2025-02-14 03:00:00,-0.6,8.6,0.0,98
2025-02-14 04:00:00,-0.6,9.6,0.0,96
2025-02-14 05:00:00,-0.6,10.7,0.0,92
2025-02-14 06:00:00,-0.8,8.9,0.0,86
2025-02-14 07:00:00,-0.7,7.6,0.0,93
2025-02-14 08:00:00,-0.9,7.4,5.8,96
2025-02-14 09:00:00,-0.4,9.8,54.5,98
2025-02-14 10:00:00,0.5,10.1,169.8,88
2025-02-14 11:00:00,0.9,10.4,179.2,83
2025-02-14 12:00:00,1.3,9.6,230.8,96
2025-02-14 13:00:00,1.6,10.1,166.8,88
2025-02-14 14:00:00,1.9,9.8,190.8,73
2025-02-14 15:00:00,2.1,9.5,176.5,74
2025-02-14 16:00:00,1.7,9.9,131.5,94
2025-02-14 17:00:00,0.8,7.9,25.2,89
2025-02-14 18:00:00,0.3,6.9,0.8,73
2025-02-14 19:00:00,0.3,6.1,0.0,83
2025-02-14 20:00:00,-0.3,4.4,0.0,45
2025-02-14 21:00:00,-0.7,4.4,0.0,79
2025-02-14 22:00:00,-0.2,4.8,0.0,99
2025-02-14 23:00:00,-0.3,4.0,0.0,100
2025-02-15 00:00:00,-0.4,2.9,0.0,82
2025-02-15 01:00:00,-0.4,1.6,0.0,61
2025-02-15 02:00:00,-0.9,0.4,0.0,100
2025-02-15 03:00:00,-0.6,3.7,0.0,100
2025-02-15 04:00:00,-0.8,1.1,0.0,69
2025-02-15 05:00:00,-0.9,2.9,0.0,63
2025-02-15 06:00:00,-1.3,2.1,0.0,84
2025-02-15 07:00:00,-0.9,3.8,0.0,99
2025-02-15 08:00:00,-1.2,3.2,4.2,100
2025-02-15 09:00:00,-1.0,4.3,47.5,100
2025-02-15 10:00:00,-0.8,6.5,93.5,100
2025-02-15 11:00:00,-0.5,6.8,132.2,99
2025-02-15 12:00:00,-0.3,7.1,161.8,100
2025-02-15 13:00:00,0.2,5.2,268.0,58
2025-02-15 14:00:00,0.4,6.9,314.0,92
2025-02-15 15:00:00,0.5,7.7,171.5,100
2025-02-15 16:00:00,0.3,5.0,85.0,100
2025-02-15 17:00:00,0.1,5.8,22.5,89
2025-02-15 18:00:00,-0.2,4.5,0.8,100
2025-02-15 19:00:00,-0.8,4.4,0.0,98
2025-02-15 20:00:00,-1.1,3.8,0.0,100
2025-02-15 21:00:00,-1.5,3.8,0.0,98
2025-02-15 22:00:00,-2.0,3.3,0.0,100
2025-02-15 23:00:00,-2.3,2.9,0.0,100
2025-02-16 00:00:00,-2.6,3.7,0.0,100
2025-02-16 01:00:00,-2.0,4.0,0.0,100
2025-02-16 02:00:00,-2.0,4.7,0.0,100
2025-02-16 03:00:00,-2.0,4.4,0.0,86
2025-02-16 04:00:00,-1.9,3.7,0.0,94
2025-02-16 05:00:00,-2.2,3.8,0.0,100
2025-02-16 06:00:00,-2.1,2.5,0.0,99
2025-02-16 07:00:00,-1.8,2.5,0.0,86
2025-02-16 08:00:00,-1.7,4.6,6.0,94
2025-02-16 09:00:00,-1.7,7.3,54.2,80
2025-02-16 10:00:00,-1.4,6.3,150.0,82
2025-02-16 11:00:00,-0.9,7.6,204.2,100
2025-02-16 12:00:00,-0.4,10.0,172.8,87
2025-02-16 13:00:00,-0.1,10.0,258.0,100
2025-02-16 14:00:00,0.1,11.4,254.5,75
2025-02-16 15:00:00,-0.0,10.7,219.8,57
2025-02-16 16:00:00,0.2,9.2,171.8,49
2025-02-16 17:00:00,-0.1,6.7,61.8,60
2025-02-16 18:00:00,-0.5,4.9,1.5,60
2025-02-16 19:00:00,-1.7,5.9,0.0,60
2025-02-16 20:00:00,-2.1,6.9,0.0,63
2025-02-16 21:00:00,-2.7,6.4,0.0,26
2025-02-16 22:00:00,-4.1,5.6,0.0,9
2025-02-16 23:00:00,-4.5,5.9,0.0,14
2025-02-17 00:00:00,-4.9,5.4,0.0,0
2025-02-17 01:00:00,-6.1,5.5,0.0,0
2025-02-17 02:00:00,-6.2,4.9,0.0,0
2025-02-17 03:00:00,-6.3,4.1,0.0,0
2025-02-17 04:00:00,-7.5,3.7,0.0,0
2025-02-17 05:00:00,-7.5,3.3,0.0,0
2025-02-17 06:00:00,-7.9,3.1,0.0,0
2025-02-17 07:00:00,-8.4,2.2,0.0,0
2025-02-17 08:00:00,-8.4,4.0,11.8,0
2025-02-17 09:00:00,-7.4,3.8,106.5,0
2025-02-17 10:00:00,-5.1,2.8,229.5,28
2025-02-17 11:00:00,-3.6,2.3,334.2,44
2025-02-17 12:00:00,-2.5,2.5,402.8,0
2025-02-17 13:00:00,-0.8,3.7,421.5,3
2025-02-17 14:00:00,-0.5,4.1,391.2,2
2025-02-17 15:00:00,-0.3,3.5,308.2,51
2025-02-17 16:00:00,-0.5,6.1,152.2,73
2025-02-17 17:00:00,-0.9,5.5,56.0,41
2025-02-17 18:00:00,-1.4,4.7,2.0,5
2025-02-17 19:00:00,-2.3,3.7,0.0,0
2025-02-17 20:00:00,-3.3,3.1,0.0,0
2025-02-17 21:00:00,-3.7,3.1,0.0,0
2025-02-17 22:00:00,-4.2,4.1,0.0,0
2025-02-17 23:00:00,-5.6,4.1,0.0,0
2025-02-18 00:00:00,-6.0,3.6,0.0,0
2025-02-18 01:00:00,-6.4,4.2,0.0,0
2025-02-18 02:00:00,-7.3,4.8,0.0,0
2025-02-18 03:00:00,-7.1,4.4,0.0,0
2025-02-18 04:00:00,-7.9,4.0,0.0,0
2025-02-18 05:00:00,-8.1,3.7,0.0,0
2025-02-18 06:00:00,-8.3,3.7,0.0,0
2025-02-18 07:00:00,-8.5,4.1,0.0,0
2025-02-18 08:00:00,-8.1,3.8,13.2,0
2025-02-18 09:00:00,-7.2,4.1,109.2,0
2025-02-18 10:00:00,-4.4,5.9,233.5,0
2025-02-18 11:00:00,-3.2,6.8,337.5,0
2025-02-18 12:00:00,-2.0,7.6,402.5,0
2025-02-18 13:00:00,-0.2,7.9,418.8,0
2025-02-18 14:00:00,0.3,8.6,389.2,0
2025-02-18 15:00:00,0.5,7.4,311.0,3
2025-02-18 16:00:00,0.9,7.2,187.2,60
2025-02-18 17:00:00,0.3,6.1,66.0,0
2025-02-18 18:00:00,-0.6,4.3,2.5,0
2025-02-18 19:00:00,-1.8,2.9,0.0,0
2025-02-18 20:00:00,-2.1,4.0,0.0,0
2025-02-18 21:00:00,-2.4,3.6,0.0,0
2025-02-18 22:00:00,-3.4,3.3,0.0,0
2025-02-18 23:00:00,-4.3,2.9,0.0,0
2025-02-19 00:00:00,-4.7,2.1,0.0,0
2025-02-19 01:00:00,-5.2,1.6,0.0,0
2025-02-19 02:00:00,-5.4,1.8,0.0,0
2025-02-19 03:00:00,-5.6,0.8,0.0,0
2025-02-19 04:00:00,-5.5,4.4,0.0,0
2025-02-19 05:00:00,-6.0,4.1,0.0,0
2025-02-19 06:00:00,-6.0,3.6,0.0,0
2025-02-19 07:00:00,-6.0,4.1,0.0,0
2025-02-19 08:00:00,-6.3,4.1,14.8,0
2025-02-19 09:00:00,-5.6,4.4,111.0,0
2025-02-19 10:00:00,-3.1,5.7,234.0,0
2025-02-19 11:00:00,-1.6,6.1,338.5,0
2025-02-19 12:00:00,-0.5,6.9,404.0,0
2025-02-19 13:00:00,1.5,6.9,422.2,0
2025-02-19 14:00:00,2.1,7.4,393.5,0
2025-02-19 15:00:00,2.4,8.4,315.5,0
2025-02-19 16:00:00,2.9,8.7,202.8,0
2025-02-19 17:00:00,2.1,8.9,77.8,0
2025-02-19 18:00:00,1.0,9.4,3.2,0
2025-02-19 19:00:00,-0.1,10.7,0.0,0
2025-02-19 20:00:00,-0.9,9.7,0.0,0
2025-02-19 21:00:00,-1.5,10.0,0.0,0
2025-02-19 22:00:00,-1.8,10.6,0.0,0
2025-02-19 23:00:00,-2.1,9.7,0.0,0
2025-02-20 00:00:00,-2.6,10.8,0.0,0
2025-02-20 01:00:00,-2.8,10.3,0.0,0
2025-02-20 02:00:00,-3.1,11.4,0.0,0
2025-02-20 03:00:00,-3.4,11.8,0.0,0
2025-02-20 04:00:00,-3.8,11.6,0.0,0
2025-02-20 05:00:00,-4.0,11.0,0.0,0
2025-02-20 06:00:00,-4.3,10.5,0.0,0
2025-02-20 07:00:00,-4.6,10.0,0.0,0
2025-02-20 08:00:00,-4.7,9.4,16.2,0
2025-02-20 09:00:00,-4.1,10.2,113.0,0
2025-02-20 10:00:00,-2.5,10.7,234.2,0
2025-02-20 11:00:00,-1.0,12.0,336.5,2
2025-02-20 12:00:00,0.2,11.6,397.2,7
2025-02-20 13:00:00,1.5,10.4,406.0,46
2025-02-20 14:00:00,2.2,12.0,378.8,15
2025-02-20 15:00:00,2.8,12.1,305.2,1
2025-02-20 16:00:00,3.5,11.5,191.0,31
2025-02-20 17:00:00,3.0,11.5,70.0,100
2025-02-20 18:00:00,2.1,11.8,3.5,98
2025-02-20 19:00:00,2.1,11.7,0.0,95
2025-02-20 20:00:00,1.7,12.2,0.0,100
2025-02-20 21:00:00,1.2,12.3,0.0,90
2025-02-20 22:00:00,1.4,10.9,0.0,100
2025-02-20 23:00:00,1.3,10.1,0.0,100
2025-02-21 00:00:00,1.3,10.2,0.0,100
2025-02-21 01:00:00,1.5,11.2,0.0,100
2025-02-21 02:00:00,1.7,7.6,0.0,100
2025-02-21 03:00:00,1.8,9.4,0.0,100
2025-02-21 04:00:00,2.1,6.6,0.0,91
2025-02-21 05:00:00,2.0,6.7,0.0,100
2025-02-21 06:00:00,1.9,7.7,0.0,72
2025-02-21 07:00:00,1.8,5.5,0.0,56
2025-02-21 08:00:00,1.9,7.4,12.5,92
2025-02-21 09:00:00,2.6,6.6,59.2,96
2025-02-21 10:00:00,3.5,6.9,87.5,99
2025-02-21 11:00:00,4.6,7.0,182.8,96
2025-02-21 12:00:00,5.9,7.8,221.2,78
2025-02-21 13:00:00,6.6,8.6,290.2,100
2025-02-21 14:00:00,7.7,6.8,226.5,100
2025-02-21 15:00:00,8.4,8.3,196.0,100
2025-02-21 16:00:00,8.5,7.6,160.8,62
2025-02-21 17:00:00,7.1,11.0,62.5,50
2025-02-21 18:00:00,6.2,11.1,3.8,46
2025-02-21 19:00:00,5.5,9.2,0.0,14
2025-02-21 20:00:00,4.9,10.2,0.0,6
2025-02-21 21:00:00,4.4,10.5,0.0,0
2025-02-21 22:00:00,4.1,10.4,0.0,0
2025-02-21 23:00:00,3.5,10.7,0.0,50
2025-02-22 00:00:00,3.2,10.7,0.0,92
2025-02-22 01:00:00,3.0,10.0,0.0,4
2025-02-22 02:00:00,2.7,11.6,0.0,0
2025-02-22 03:00:00,2.5,11.5,0.0,0
2025-02-22 04:00:00,2.3,11.6,0.0,0
2025-02-22 05:00:00,2.1,11.9,0.0,0
2025-02-22 06:00:00,2.0,10.3,0.0,100
2025-02-22 07:00:00,1.8,11.7,0.0,6
2025-02-22 08:00:00,1.7,11.6,18.0,53
2025-02-22 09:00:00,2.5,12.3,110.5,0
2025-02-22 10:00:00,4.3,12.1,226.5,0
2025-02-22 11:00:00,6.2,12.6,324.8,0
2025-02-22 12:00:00,8.1,12.9,362.2,100
2025-02-22 13:00:00,9.4,12.6,325.2,84
2025-02-22 14:00:00,10.7,13.0,350.8,100
2025-02-22 15:00:00,11.1,13.2,239.5,100
2025-02-22 16:00:00,11.0,11.5,148.0,100
2025-02-22 17:00:00,10.2,13.2,55.5,100
2025-02-22 18:00:00,9.2,12.2,3.8,82
2025-02-22 19:00:00,8.0,14.0,0.0,100
2025-02-22 20:00:00,6.6,11.8,0.0,100
2025-02-22 21:00:00,5.9,10.8,0.0,74
2025-02-22 22:00:00,5.3,9.6,0.0,100
2025-02-22 23:00:00,5.1,7.9,0.0,100
2025-02-23 00:00:00,5.1,6.9,0.0,100
2025-02-23 01:00:00,4.8,7.0,0.0,100
2025-02-23 02:00:00,5.2,5.5,0.0,99
2025-02-23 03:00:00,5.6,5.8,0.0,100
2025-02-23 04:00:00,5.6,5.1,0.0,95
2025-02-23 05:00:00,5.7,5.5,0.0,63
2025-02-23 06:00:00,5.9,4.8,0.0,100
2025-02-23 07:00:00,6.7,5.8,0.0,100
2025-02-23 08:00:00,7.5,8.8,9.2,97
2025-02-23 09:00:00,8.1,9.7,53.5,100
2025-02-23 10:00:00,9.2,11.2,74.2,100
2025-02-23 11:00:00,10.0,11.1,183.2,76
2025-02-23 12:00:00,11.4,13.5,266.2,61
2025-02-23 13:00:00,11.2,13.2,253.5,100
2025-02-23 14:00:00,12.1,9.7,175.5,98
2025-02-23 15:00:00,12.4,10.8,154.8,100
2025-02-23 16:00:00,11.7,9.4,151.5,100
2025-02-23 17:00:00,11.5,6.6,74.2,97
2025-02-23 18:00:00,10.7,5.4,6.5,3
2025-02-23 19:00:00,9.4,2.8,0.0,0
2025-02-23 20:00:00,8.5,1.8,0.0,0
2025-02-23 21:00:00,7.7,2.0,0.0,0
2025-02-23 22:00:00,5.2,3.3,0.0,93
2025-02-23 23:00:00,3.1,3.1,0.0,100
2025-02-24 00:00:00,3.3,3.8,0.0,100
2025-02-24 01:00:00,3.1,4.3,0.0,100
2025-02-24 02:00:00,3.1,4.9,0.0,100
2025-02-24 03:00:00,2.8,6.0,0.0,100
2025-02-24 04:00:00,1.5,5.0,0.0,100
2025-02-24 05:00:00,1.3,6.1,0.0,100
2025-02-24 06:00:00,1.3,6.8,0.0,100
2025-02-24 07:00:00,1.6,7.8,0.0,100
2025-02-24 08:00:00,1.6,7.4,14.0,100
2025-02-24 09:00:00,1.7,7.8,68.2,100
2025-02-24 10:00:00,5.1,8.5,131.0,100
2025-02-24 11:00:00,7.4,10.1,302.2,86
2025-02-24 12:00:00,10.2,9.8,365.5,100
2025-02-24 13:00:00,13.3,12.6,386.5,61
2025-02-24 14:00:00,14.4,13.5,394.2,28
2025-02-24 15:00:00,14.7,13.3,289.5,85
2025-02-24 16:00:00,14.8,13.6,139.2,94
2025-02-24 17:00:00,14.3,11.2,62.0,100
2025-02-24 18:00:00,13.3,10.1,5.8,100
2025-02-24 19:00:00,12.6,11.9,0.0,100
2025-02-24 20:00:00,11.9,11.9,0.0,100
2025-02-24 21:00:00,11.4,11.2,0.0,100
2025-02-24 22:00:00,11.5,11.6,0.0,100
2025-02-24 23:00:00,11.0,12.1,0.0,97
2025-02-25 00:00:00,10.4,11.6,0.0,100
2025-02-25 01:00:00,10.4,11.0,0.0,100
2025-02-25 02:00:00,10.0,10.0,0.0,100
2025-02-25 03:00:00,9.6,9.8,0.0,100
2025-02-25 04:00:00,9.4,9.7,0.0,100
2025-02-25 05:00:00,9.0,8.9,0.0,100
2025-02-25 06:00:00,8.9,10.3,0.0,100
2025-02-25 07:00:00,8.8,9.7,0.0,100
2025-02-25 08:00:00,8.8,8.2,8.2,100
2025-02-25 09:00:00,8.8,7.4,42.8,100
2025-02-25 10:00:00,9.0,6.4,58.0,100
2025-02-25 11:00:00,9.4,6.4,83.0,98
2025-02-25 12:00:00,10.8,7.2,231.8,77
2025-02-25 13:00:00,11.4,5.1,343.5,58
2025-02-25 14:00:00,12.3,3.3,338.5,51
2025-02-25 15:00:00,12.7,5.5,260.8,67
2025-02-25 16:00:00,12.4,4.7,145.8,56
2025-02-25 17:00:00,12.0,6.9,61.8,97
2025-02-25 18:00:00,11.4,5.1,5.2,100
2025-02-25 19:00:00,10.5,5.9,0.0,100
2025-02-25 20:00:00,9.6,4.3,0.0,100
2025-02-25 21:00:00,9.0,4.7,0.0,100
2025-02-25 22:00:00,8.3,5.6,0.0,100
2025-02-25 23:00:00,8.2,5.1,0.0,100
2025-02-26 00:00:00,7.9,5.4,0.0,100
2025-02-26 01:00:00,7.2,5.4,0.0,100
2025-02-26 02:00:00,7.0,6.1,0.0,100
2025-02-26 03:00:00,6.9,7.6,0.0,100
2025-02-26 04:00:00,6.6,7.1,0.0,100
2025-02-26 05:00:00,6.5,7.8,0.0,100
2025-02-26 06:00:00,6.3,7.8,0.0,100
2025-02-26 07:00:00,6.0,7.7,0.0,100
2025-02-26 08:00:00,6.0,5.7,6.0,100
2025-02-26 09:00:00,6.2,6.8,18.5,100
2025-02-26 10:00:00,6.5,4.8,49.0,100
2025-02-26 11:00:00,7.5,6.9,138.2,98
2025-02-26 12:00:00,8.3,7.7,151.2,100
2025-02-26 13:00:00,8.0,7.3,121.8,100
2025-02-26 14:00:00,8.6,5.4,80.5,100
2025-02-26 15:00:00,9.2,3.6,51.0,100
2025-02-26 16:00:00,8.5,6.5,28.2,100
2025-02-26 17:00:00,8.6,5.8,11.2,100
2025-02-26 18:00:00,7.7,12.9,1.0,100
2025-02-26 19:00:00,7.4,13.0,0.0,100
2025-02-26 20:00:00,7.2,9.7,0.0,100
2025-02-26 21:00:00,7.1,8.4,0.0,100
2025-02-26 22:00:00,7.4,10.7,0.0,100
2025-02-26 23:00:00,7.3,12.2,0.0,96
2025-02-27 00:00:00,7.2,10.5,0.0,96
2025-02-27 01:00:00,6.9,10.1,0.0,100
2025-02-27 02:00:00,7.0,5.9,0.0,94
2025-02-27 03:00:00,6.9,4.0,0.0,100
2025-02-27 04:00:00,7.0,5.3,0.0,100
2025-02-27 05:00:00,7.0,7.4,0.0,100
2025-02-27 06:00:00,7.0,5.2,0.0,100
2025-02-27 07:00:00,6.3,7.2,0.0,87
2025-02-27 08:00:00,5.8,6.5,25.2,100
2025-02-27 09:00:00,5.5,8.3,87.5,100
2025-02-27 10:00:00,6.6,8.8,208.5,100
2025-02-27 11:00:00,7.8,9.4,331.8,92
2025-02-27 12:00:00,8.9,10.9,391.2,100
2025-02-27 13:00:00,9.8,13.0,319.2,99
2025-02-27 14:00:00,9.5,13.6,204.8,100
2025-02-27 15:00:00,8.8,14.0,116.8,100
2025-02-27 16:00:00,8.0,10.3,91.2,100
2025-02-27 17:00:00,7.4,9.2,33.8,100
2025-02-27 18:00:00,7.0,7.2,3.5,100
2025-02-27 19:00:00,7.2,6.1,0.0,100
2025-02-27 20:00:00,7.0,6.5,0.0,100
2025-02-27 21:00:00,6.8,5.5,0.0,100
2025-02-27 22:00:00,6.4,6.5,0.0,100
2025-02-27 23:00:00,6.1,5.2,0.0,100
2025-02-28 00:00:00,5.9,6.1,0.0,100
2025-02-28 01:00:00,5.5,6.6,0.0,100
2025-02-28 02:00:00,5.1,6.9,0.0,100
2025-02-28 03:00:00,4.6,7.2,0.0,100
2025-02-28 04:00:00,4.1,6.1,0.0,100
2025-02-28 05:00:00,3.7,6.6,0.0,100
2025-02-28 06:00:00,3.3,6.9,0.0,100
2025-02-28 07:00:00,2.4,7.5,0.0,100
2025-02-28 08:00:00,1.6,8.1,25.8,100
2025-02-28 09:00:00,1.9,8.9,78.5,100
2025-02-28 10:00:00,3.4,8.8,170.8,100
2025-02-28 11:00:00,4.8,11.9,269.2,100
2025-02-28 12:00:00,5.1,13.7,207.8,100
2025-02-28 13:00:00,3.6,12.1,148.0,100
2025-02-28 14:00:00,5.4,13.2,102.5,100
2025-02-28 15:00:00,5.7,12.6,79.8,100
2025-02-28 16:00:00,5.5,15.3,54.5,100
2025-02-28 17:00:00,5.3,14.2,19.8,100
2025-02-28 18:00:00,5.3,13.2,3.5,100
2025-02-28 19:00:00,4.9,11.0,0.0,100
2025-02-28 20:00:00,4.8,12.1,0.0,100
2025-02-28 21:00:00,4.6,10.9,0.0,96
2025-02-28 22:00:00,4.4,13.0,0.0,97
2025-02-28 23:00:00,4.1,14.8,0.0,100
2025-03-01 00:00:00,3.8,11.2,0.0,100
2025-03-01 01:00:00,3.6,11.9,0.0,100
2025-03-01 02:00:00,3.5,10.6,0.0,100
2025-03-01 03:00:00,3.5,11.2,0.0,99
2025-03-01 04:00:00,3.7,7.8,0.0,100
2025-03-01 05:00:00,3.6,7.9,0.0,100
2025-03-01 06:00:00,3.4,8.4,0.0,91
2025-03-01 07:00:00,3.6,6.7,0.0,100
2025-03-01 08:00:00,3.5,8.7,13.2,100
2025-03-01 09:00:00,3.7,9.2,44.2,82
2025-03-01 10:00:00,4.7,11.1,95.5,100
2025-03-01 11:00:00,5.2,8.9,201.0,100
2025-03-01 12:00:00,6.3,12.8,259.5,93
2025-03-01 13:00:00,6.2,12.9,321.2,58
2025-03-01 14:00:00,6.6,12.0,294.2,71
2025-03-01 15:00:00,6.6,13.0,255.8,73
2025-03-01 16:00:00,6.5,10.5,213.8,13
2025-03-01 17:00:00,6.3,10.5,113.8,41
2025-03-01 18:00:00,5.9,9.2,14.0,6
2025-03-01 19:00:00,5.2,6.4,0.0,0
2025-03-01 20:00:00,4.5,7.1,0.0,0
2025-03-01 21:00:00,3.9,5.6,0.0,65
2025-03-01 22:00:00,3.1,8.1,0.0,23
2025-03-01 23:00:00,2.3,8.1,0.0,40
2025-03-02 00:00:00,1.1,11.1,0.0,100
2025-03-02 01:00:00,1.1,10.0,0.0,100
2025-03-02 02:00:00,1.3,7.4,0.0,100
2025-03-02 03:00:00,1.8,6.8,0.0,100
2025-03-02 04:00:00,2.3,9.1,0.0,100
2025-03-02 05:00:00,2.2,10.7,0.0,100
2025-03-02 06:00:00,1.6,11.7,0.0,100
2025-03-02 07:00:00,1.3,11.3,0.0,100
2025-03-02 08:00:00,1.3,11.9,20.5,100
2025-03-02 09:00:00,1.8,11.6,67.8,100
2025-03-02 10:00:00,2.2,12.5,151.5,87
2025-03-02 11:00:00,2.8,11.0,309.5,79
2025-03-02 12:00:00,3.9,10.8,383.8,60
2025-03-02 13:00:00,5.7,12.2,426.2,38
2025-03-02 14:00:00,6.8,13.4,406.8,57
2025-03-02 15:00:00,7.5,12.6,252.2,100
2025-03-02 16:00:00,8.2,10.8,108.8,94
2025-03-02 17:00:00,7.8,12.9,67.8,100
2025-03-02 18:00:00,7.2,11.8,10.5,100
2025-03-02 19:00:00,7.3,10.0,0.0,100
2025-03-02 20:00:00,7.1,11.2,0.0,100
2025-03-02 21:00:00,6.9,10.1,0.0,100
2025-03-02 22:00:00,7.0,9.7,0.0,100
2025-03-02 23:00:00,6.7,8.0,0.0,97
2025-03-03 00:00:00,6.4,9.4,0.0,100
2025-03-03 01:00:00,6.6,10.1,0.0,84
2025-03-03 02:00:00,6.2,9.2,0.0,100
2025-03-03 03:00:00,6.1,12.4,0.0,100
2025-03-03 04:00:00,6.3,11.9,0.0,100
2025-03-03 05:00:00,5.9,10.7,0.0,74
2025-03-03 06:00:00,5.2,10.0,0.0,69
2025-03-03 07:00:00,4.2,12.4,0.2,59
2025-03-03 08:00:00,3.5,11.8,45.8,14
2025-03-03 09:00:00,3.8,11.3,164.2,17
2025-03-03 10:00:00,5.4,11.6,291.5,0
2025-03-03 11:00:00,6.8,12.3,397.2,0
2025-03-03 12:00:00,7.9,13.1,464.5,0
2025-03-03 13:00:00,9.0,13.7,482.5,9
2025-03-03 14:00:00,9.7,13.0,450.0,3
2025-03-03 15:00:00,10.0,14.4,370.5,27
2025-03-03 16:00:00,10.3,14.5,253.0,48
2025-03-03 17:00:00,9.8,13.3,120.5,50
2025-03-03 18:00:00,9.1,11.1,18.2,51
2025-03-03 19:00:00,8.4,7.6,0.0,83
2025-03-03 20:00:00,7.3,7.2,0.0,56
2025-03-03 21:00:00,6.5,8.3,0.0,27
2025-03-03 22:00:00,5.5,8.6,0.0,68
2025-03-03 23:00:00,4.8,8.0,0.0,38
2025-03-04 00:00:00,4.3,6.6,0.0,29
2025-03-04 01:00:00,3.6,6.2,0.0,69
2025-03-04 02:00:00,3.4,5.8,0.0,65
2025-03-04 03:00:00,3.3,5.8,0.0,95
2025-03-04 04:00:00,2.5,5.4,0.0,100
2025-03-04 05:00:00,2.4,5.5,0.0,100
2025-03-04 06:00:00,2.2,5.2,0.0,81
2025-03-04 07:00:00,1.7,8.0,0.2,100
2025-03-04 08:00:00,1.9,7.2,49.2,54
2025-03-04 09:00:00,3.3,6.9,165.0,49
2025-03-04 10:00:00,5.2,8.0,298.0,11
2025-03-04 11:00:00,7.0,9.2,405.2,17
2025-03-04 12:00:00,8.6,12.0,469.0,11
2025-03-04 13:00:00,10.5,12.4,491.2,0
2025-03-04 14:00:00,11.4,13.6,462.5,0
2025-03-04 15:00:00,11.9,12.3,383.5,0
2025-03-04 16:00:00,12.3,13.0,268.0,0
2025-03-04 17:00:00,11.7,11.7,131.0,0
2025-03-04 18:00:00,10.6,9.7,19.8,0
2025-03-04 19:00:00,9.7,7.0,0.0,0
2025-03-04 20:00:00,8.7,7.4,0.0,15
2025-03-04 21:00:00,7.8,5.6,0.0,0
2025-03-04 22:00:00,7.0,7.0,0.0,9
2025-03-04 23:00:00,6.4,7.2,0.0,0
2025-03-05 00:00:00,5.8,6.9,0.0,0
2025-03-05 01:00:00,5.2,5.5,0.0,0
2025-03-05 02:00:00,5.0,6.7,0.0,9
2025-03-05 03:00:00,4.5,6.6,0.0,10
2025-03-05 04:00:00,3.5,9.3,0.0,23
2025-03-05 05:00:00,3.0,6.4,0.0,35
2025-03-05 06:00:00,2.7,8.1,0.0,0
2025-03-05 07:00:00,2.0,7.7,0.5,3
2025-03-05 08:00:00,2.6,9.3,53.5,0
2025-03-05 09:00:00,4.1,7.3,175.5,0
2025-03-05 10:00:00,7.4,9.2,305.0,3
2025-03-05 11:00:00,9.5,10.7,411.5,4
2025-03-05 12:00:00,12.4,13.4,480.2,9
2025-03-05 13:00:00,14.8,14.9,500.5,4
2025-03-05 14:00:00,16.0,14.5,471.0,0
2025-03-05 15:00:00,16.6,14.1,394.0,0
2025-03-05 16:00:00,17.1,12.9,274.5,61
2025-03-05 17:00:00,16.5,10.2,135.8,40
2025-03-05 18:00:00,14.8,8.4,22.5,41
2025-03-05 19:00:00,13.1,7.8,0.0,12
2025-03-05 20:00:00,11.6,7.7,0.0,0
2025-03-05 21:00:00,10.7,7.1,0.0,3
2025-03-05 22:00:00,10.0,7.1,0.0,0
2025-03-05 23:00:00,9.0,5.6,0.0,0
2025-03-06 00:00:00,8.2,4.7,0.0,0
2025-03-06 01:00:00,6.3,4.7,0.0,0
2025-03-06 02:00:00,6.0,4.0,0.0,0
2025-03-06 03:00:00,5.4,5.8,0.0,0
2025-03-06 04:00:00,4.3,6.5,0.0,0
2025-03-06 05:00:00,3.9,5.8,0.0,0
2025-03-06 06:00:00,3.5,5.8,0.0,0
2025-03-06 07:00:00,3.2,5.4,1.0,0
2025-03-06 08:00:00,3.5,5.8,56.8,0
2025-03-06 09:00:00,5.1,6.0,178.2,0
2025-03-06 10:00:00,8.3,6.6,308.5,0
2025-03-06 11:00:00,10.8,6.8,416.5,0
2025-03-06 12:00:00,13.1,7.4,483.5,0
2025-03-06 13:00:00,15.1,8.7,501.2,0
2025-03-06 14:00:00,16.3,7.7,472.2,0
2025-03-06 15:00:00,16.9,8.2,393.2,0
2025-03-06 16:00:00,17.1,9.7,277.8,0
2025-03-06 17:00:00,16.7,9.7,142.2,0
2025-03-06 18:00:00,15.3,6.7,25.2,0
2025-03-06 19:00:00,13.6,5.8,0.0,0
2025-03-06 20:00:00,11.9,5.7,0.0,0
2025-03-06 21:00:00,10.8,5.3,0.0,0
2025-03-06 22:00:00,10.0,5.5,0.0,2
2025-03-06 23:00:00,9.1,5.6,0.0,12
2025-03-07 00:00:00,8.3,4.7,0.0,2
2025-03-07 01:00:00,7.5,5.2,0.0,0
2025-03-07 02:00:00,6.9,5.0,0.0,0
2025-03-07 03:00:00,6.2,4.1,0.0,0
2025-03-07 04:00:00,4.8,3.8,0.0,0
2025-03-07 05:00:00,4.5,3.7,0.0,0
2025-03-07 06:00:00,4.2,5.7,0.0,0
2025-03-07 07:00:00,3.6,4.6,1.8,0
2025-03-07 08:00:00,4.2,4.0,62.0,81
2025-03-07 09:00:00,6.0,3.3,173.0,100
2025-03-07 10:00:00,9.1,4.7,247.0,100
2025-03-07 11:00:00,11.8,4.7,392.2,100
2025-03-07 12:00:00,14.5,5.4,468.5,95
2025-03-07 13:00:00,17.4,6.1,502.5,100
2025-03-07 14:00:00,18.3,6.6,465.0,47
2025-03-07 15:00:00,18.5,6.6,401.2,1
2025-03-07 16:00:00,18.8,6.3,286.2,0
2025-03-07 17:00:00,18.3,6.8,149.0,0
2025-03-07 18:00:00,16.7,7.4,27.8,0
2025-03-07 19:00:00,14.8,5.7,0.0,0
2025-03-07 20:00:00,13.3,4.2,0.0,0
2025-03-07 21:00:00,12.1,4.8,0.0,0
2025-03-07 22:00:00,10.7,4.7,0.0,0
2025-03-07 23:00:00,9.7,4.8,0.0,0
2025-03-08 00:00:00,9.0,5.2,0.0,0
2025-03-08 01:00:00,8.0,5.2,0.0,0
2025-03-08 02:00:00,7.6,5.9,0.0,0
2025-03-08 03:00:00,7.1,5.6,0.0,0
2025-03-08 04:00:00,6.4,4.7,0.0,0
2025-03-08 05:00:00,6.2,4.0,0.0,0
2025-03-08 06:00:00,5.8,4.0,0.0,0
2025-03-08 07:00:00,5.6,4.7,2.0,0
2025-03-08 08:00:00,6.5,4.7,67.8,0
2025-03-08 09:00:00,8.2,6.1,197.2,0
2025-03-08 10:00:00,11.1,7.2,330.2,0
2025-03-08 11:00:00,13.3,8.3,439.8,0
2025-03-08 12:00:00,15.3,9.4,504.8,0
2025-03-08 13:00:00,16.5,11.5,519.2,0
2025-03-08 14:00:00,17.2,11.7,485.2,0
2025-03-08 15:00:00,17.4,12.7,406.5,0
2025-03-08 16:00:00,17.3,11.8,289.5,0
2025-03-08 17:00:00,16.9,11.6,151.8,0
2025-03-08 18:00:00,15.7,9.4,29.8,0
2025-03-08 19:00:00,14.0,9.2,0.0,0
2025-03-08 20:00:00,12.9,9.1,0.0,0
2025-03-08 21:00:00,12.3,11.1,0.0,0
2025-03-08 22:00:00,11.5,11.6,0.0,0
2025-03-08 23:00:00,10.5,9.8,0.0,11
2025-03-09 00:00:00,9.8,9.1,0.0,77
2025-03-09 01:00:00,9.5,8.7,0.0,0
2025-03-09 02:00:00,8.8,8.9,0.0,0
2025-03-09 03:00:00,8.1,8.9,0.0,0
2025-03-09 04:00:00,7.9,7.5,0.0,0
2025-03-09 05:00:00,7.3,6.8,0.0,0
2025-03-09 06:00:00,6.7,6.4,0.0,1
2025-03-09 07:00:00,6.1,6.8,2.8,0
2025-03-09 08:00:00,6.3,7.0,70.5,20
2025-03-09 09:00:00,7.5,7.0,200.0,0
2025-03-09 10:00:00,9.0,6.2,330.5,0
2025-03-09 11:00:00,11.0,5.7,434.8,1
2025-03-09 12:00:00,12.9,5.5,500.0,0
2025-03-09 13:00:00,14.4,3.2,517.0,0
2025-03-09 14:00:00,15.5,5.2,485.8,0
2025-03-09 15:00:00,16.2,5.8,408.0,0
2025-03-09 16:00:00,16.7,6.2,291.8,0
2025-03-09 17:00:00,16.4,5.5,155.0,0
2025-03-09 18:00:00,15.7,4.3,32.5,0
2025-03-09 19:00:00,14.2,3.6,0.0,0
2025-03-09 20:00:00,13.2,3.1,0.0,0
2025-03-09 21:00:00,11.9,3.7,0.0,0
2025-03-09 22:00:00,10.1,3.7,0.0,0
2025-03-09 23:00:00,9.3,4.7,0.0,0
2025-03-10 00:00:00,8.7,4.6,0.0,0
2025-03-10 01:00:00,7.6,3.2,0.0,0
2025-03-10 02:00:00,7.1,3.3,0.0,0
2025-03-10 03:00:00,6.6,3.0,0.0,0
2025-03-10 04:00:00,5.9,3.5,0.0,28
2025-03-10 05:00:00,5.9,5.2,0.0,0
2025-03-10 06:00:00,5.5,4.1,0.0,11
2025-03-10 07:00:00,4.7,2.6,3.8,18
2025-03-10 08:00:00,5.1,4.7,76.5,0
2025-03-10 09:00:00,6.7,1.9,209.0,0
2025-03-10 10:00:00,9.3,2.2,342.2,0
2025-03-10 11:00:00,11.8,2.8,451.5,0
2025-03-10 12:00:00,13.5,5.4,518.0,13
2025-03-10 13:00:00,15.1,6.6,534.5,2
2025-03-10 14:00:00,16.0,8.3,500.0,42
2025-03-10 15:00:00,16.3,8.9,418.0,0
2025-03-10 16:00:00,16.4,11.4,305.5,0
2025-03-10 17:00:00,15.8,10.2,165.5,0
2025-03-10 18:00:00,14.9,7.9,36.0,52
2025-03-10 19:00:00,13.6,5.8,0.0,0
2025-03-10 20:00:00,12.2,6.7,0.0,55
2025-03-10 21:00:00,10.8,6.1,0.0,0
2025-03-10 22:00:00,9.8,7.0,0.0,0
2025-03-10 23:00:00,8.4,6.9,0.0,0
2025-03-11 00:00:00,7.3,5.4,0.0,0
2025-03-11 01:00:00,6.2,7.7,0.0,0
2025-03-11 02:00:00,4.9,7.9,0.0,66
2025-03-11 03:00:00,3.5,6.3,0.0,100
2025-03-11 04:00:00,3.4,6.3,0.0,100
2025-03-11 05:00:00,3.3,6.5,0.0,100
2025-03-11 06:00:00,3.1,4.3,0.0,100
2025-03-11 07:00:00,2.7,4.5,1.5,100
2025-03-11 08:00:00,2.6,2.2,22.2,100
2025-03-11 09:00:00,2.8,0.8,63.0,100
2025-03-11 10:00:00,2.9,4.0,96.5,100
2025-03-11 11:00:00,3.5,4.3,144.5,100
2025-03-11 12:00:00,4.5,4.4,181.2,100
2025-03-11 13:00:00,4.3,2.7,249.2,100
2025-03-11 14:00:00,5.3,0.8,206.2,100
2025-03-11 15:00:00,6.2,1.8,216.2,100
2025-03-11 16:00:00,6.8,2.6,181.2,99
2025-03-11 17:00:00,7.2,2.2,129.5,100
2025-03-11 18:00:00,7.1,2.3,30.8,100
2025-03-11 19:00:00,6.3,4.5,0.0,100
2025-03-11 20:00:00,5.1,4.3,0.0,88
2025-03-11 21:00:00,4.9,3.1,0.0,72
2025-03-11 22:00:00,4.1,3.3,0.0,73
2025-03-11 23:00:00,4.0,1.8,0.0,100
2025-03-12 00:00:00,4.1,1.1,0.0,98
2025-03-12 01:00:00,4.5,2.1,0.0,100
2025-03-12 02:00:00,4.6,2.8,0.0,100
2025-03-12 03:00:00,4.9,2.9,0.0,100
2025-03-12 04:00:00,5.3,5.0,0.0,100
2025-03-12 05:00:00,5.3,4.7,0.0,100
2025-03-12 06:00:00,5.2,6.1,0.0,100
2025-03-12 07:00:00,5.1,6.8,1.8,99
2025-03-12 08:00:00,5.2,5.8,39.5,100
2025-03-12 09:00:00,5.6,5.9,105.5,100
2025-03-12 10:00:00,6.2,6.2,176.0,85
2025-03-12 11:00:00,7.0,6.2,273.5,100
2025-03-12 12:00:00,7.4,6.3,168.2,100
2025-03-12 13:00:00,7.5,5.1,263.2,100
2025-03-12 14:00:00,7.9,6.0,204.5,100
2025-03-12 15:00:00,8.2,2.4,207.5,99
2025-03-12 16:00:00,8.1,5.8,170.5,100
2025-03-12 17:00:00,7.9,6.7,65.8,100
2025-03-12 18:00:00,7.6,3.3,14.0,100
2025-03-12 19:00:00,7.2,4.2,0.0,100
2025-03-12 20:00:00,6.9,3.7,0.0,100
2025-03-12 21:00:00,5.6,7.5,0.0,100
2025-03-12 22:00:00,6.0,3.2,0.0,100
2025-03-12 23:00:00,5.0,5.5,0.0,100
2025-03-13 00:00:00,4.8,5.6,0.0,96
2025-03-13 01:00:00,4.3,4.3,0.0,100
2025-03-13 02:00:00,4.3,2.3,0.0,99
2025-03-13 03:00:00,4.4,2.3,0.0,81
2025-03-13 04:00:00,3.8,5.6,0.0,80
2025-03-13 05:00:00,3.6,5.4,0.0,97
2025-03-13 06:00:00,3.4,4.6,0.0,100
2025-03-13 07:00:00,2.7,4.9,5.2,100
2025-03-13 08:00:00,2.6,5.3,72.0,100
2025-03-13 09:00:00,3.6,6.9,203.2,100
2025-03-13 10:00:00,4.9,7.9,330.0,71
2025-03-13 11:00:00,6.4,9.4,409.0,100
2025-03-13 12:00:00,7.2,7.9,413.0,100
2025-03-13 13:00:00,8.0,9.4,351.8,100
2025-03-13 14:00:00,8.3,10.0,276.5,100
2025-03-13 15:00:00,8.6,10.9,199.0,100
2025-03-13 16:00:00,8.6,10.1,128.8,100
2025-03-13 17:00:00,8.4,11.6,80.2,100
2025-03-13 18:00:00,7.5,10.0,25.2,100
2025-03-13 19:00:00,6.9,7.6,0.0,68
2025-03-13 20:00:00,6.3,6.8,0.0,98
2025-03-13 21:00:00,5.8,5.5,0.0,70
2025-03-13 22:00:00,5.1,6.9,0.0,79
2025-03-13 23:00:00,4.6,6.1,0.0,100
2025-03-14 00:00:00,4.4,6.6,0.0,100
2025-03-14 01:00:00,4.1,5.8,0.0,92
2025-03-14 02:00:00,3.9,6.9,0.0,90
2025-03-14 03:00:00,3.6,5.1,0.0,78
2025-03-14 04:00:00,3.7,2.8,0.0,76
2025-03-14 05:00:00,3.4,3.1,0.0,69
2025-03-14 06:00:00,3.2,3.4,0.0,76
2025-03-14 07:00:00,3.2,2.4,8.2,89
2025-03-14 08:00:00,3.4,2.8,82.5,63
2025-03-14 09:00:00,4.1,3.6,199.5,95
2025-03-14 10:00:00,5.1,3.1,295.5,97
2025-03-14 11:00:00,6.2,4.3,339.5,100
2025-03-14 12:00:00,6.9,6.5,327.5,100
2025-03-14 13:00:00,7.9,3.3,310.2,96
2025-03-14 14:00:00,8.3,4.6,403.0,83
2025-03-14 15:00:00,8.6,4.7,281.8,100
2025-03-14 16:00:00,8.6,5.3,143.2,100
2025-03-14 17:00:00,8.4,5.8,50.0,100
2025-03-14 18:00:00,6.7,7.7,11.0,100
2025-03-14 19:00:00,6.9,6.1,0.0,81
2025-03-14 20:00:00,5.9,10.2,0.0,90
2025-03-14 21:00:00,5.3,9.7,0.0,94
2025-03-14 22:00:00,5.2,8.4,0.0,98
2025-03-14 23:00:00,4.6,9.2,0.0,94
2025-03-15 00:00:00,4.1,9.7,0.0,75
2025-03-15 01:00:00,4.1,9.0,0.0,95
2025-03-15 02:00:00,3.8,8.7,0.0,80
2025-03-15 03:00:00,3.4,8.3,0.0,88
2025-03-15 04:00:00,3.1,9.3,0.0,89
2025-03-15 05:00:00,2.8,9.3,0.0,95
2025-03-15 06:00:00,2.6,10.2,0.0,100
2025-03-15 07:00:00,2.9,9.2,3.2,100
2025-03-15 08:00:00,3.1,10.2,21.8,100
2025-03-15 09:00:00,3.5,11.7,56.2,100
2025-03-15 10:00:00,3.9,10.7,107.2,100
2025-03-15 11:00:00,5.0,9.4,170.2,100
2025-03-15 12:00:00,6.1,10.5,143.2,100
2025-03-15 13:00:00,6.7,8.0,146.5,52
2025-03-15 14:00:00,7.3,9.5,344.8,96
2025-03-15 15:00:00,7.7,9.8,174.0,88
2025-03-15 16:00:00,7.9,9.8,111.5,81
2025-03-15 17:00:00,7.8,9.1,138.2,100
2025-03-15 18:00:00,7.6,8.1,31.5,29
2025-03-15 19:00:00,6.3,8.5,0.0,0
2025-03-15 20:00:00,5.2,8.1,0.0,0
2025-03-15 21:00:00,4.6,7.1,0.0,0
2025-03-15 22:00:00,4.0,6.1,0.0,0
2025-03-15 23:00:00,3.6,5.9,0.0,0
2025-03-16 00:00:00,3.0,5.2,0.0,0
2025-03-16 01:00:00,1.8,6.9,0.0,0
2025-03-16 02:00:00,1.4,5.6,0.0,5
2025-03-16 03:00:00,1.0,4.8,0.0,0
2025-03-16 04:00:00,0.3,3.6,0.0,0
2025-03-16 05:00:00,-0.4,4.7,0.0,70
2025-03-16 06:00:00,-1.4,5.0,0.0,100
2025-03-16 07:00:00,-1.5,4.3,7.5,100
2025-03-16 08:00:00,-1.5,5.4,71.0,93
2025-03-16 09:00:00,-0.1,5.5,216.8,0
2025-03-16 10:00:00,3.4,6.6,385.8,0
2025-03-16 11:00:00,5.2,6.1,497.5,0
2025-03-16 12:00:00,6.6,8.2,562.8,0
2025-03-16 13:00:00,7.7,9.8,578.0,0
2025-03-16 14:00:00,8.2,11.1,540.5,0
2025-03-16 15:00:00,8.4,12.3,459.2,0
2025-03-16 16:00:00,8.9,12.5,333.0,0
2025-03-16 17:00:00,8.6,12.8,189.2,0
2025-03-16 18:00:00,7.8,13.4,47.5,87
2025-03-16 19:00:00,7.6,9.8,0.2,84
2025-03-16 20:00:00,7.0,11.5,0.0,100
2025-03-16 21:00:00,6.6,11.5,0.0,100
2025-03-16 22:00:00,6.4,13.9,0.0,100
2025-03-16 23:00:00,6.0,13.8,0.0,100
2025-03-17 00:00:00,5.6,13.5,0.0,93
2025-03-17 01:00:00,4.1,20.5,0.0,99
2025-03-17 02:00:00,3.5,17.3,0.0,100
2025-03-17 03:00:00,2.8,15.1,0.0,23
2025-03-17 04:00:00,2.0,12.8,0.0,0
2025-03-17 05:00:00,1.1,11.3,0.0,0
2025-03-17 06:00:00,0.8,8.8,0.0,14
2025-03-17 07:00:00,0.3,8.7,14.5,0
2025-03-17 08:00:00,0.8,10.4,121.0,9
2025-03-17 09:00:00,2.1,13.4,268.8,0
2025-03-17 10:00:00,3.9,15.5,406.5,91
2025-03-17 11:00:00,4.5,14.1,494.0,27
2025-03-17 12:00:00,5.1,10.5,557.8,91
2025-03-17 13:00:00,6.1,16.8,527.5,96
2025-03-17 14:00:00,6.2,14.6,482.5,88
2025-03-17 15:00:00,6.2,15.0,410.2,0
2025-03-17 16:00:00,6.2,12.7,330.8,0
2025-03-17 17:00:00,5.7,11.2,200.8,2
2025-03-17 18:00:00,4.8,11.3,57.8,0
2025-03-17 19:00:00,4.1,9.9,0.2,0
2025-03-17 20:00:00,3.1,7.7,0.0,0
2025-03-17 21:00:00,2.5,5.9,0.0,0
2025-03-17 22:00:00,1.5,4.3,0.0,0
2025-03-17 23:00:00,1.0,4.1,0.0,0
2025-03-18 00:00:00,0.6,1.3,0.0,0
2025-03-18 01:00:00,0.2,2.3,0.0,0
2025-03-18 02:00:00,-0.1,3.7,0.0,0
2025-03-18 03:00:00,-0.3,3.1,0.0,0
2025-03-18 04:00:00,-0.8,3.4,0.0,0
2025-03-18 05:00:00,-0.9,3.5,0.0,0
2025-03-18 06:00:00,-1.0,4.6,0.0,0
2025-03-18 07:00:00,-0.9,4.9,15.8,0
2025-03-18 08:00:00,-0.4,4.7,120.5,0
2025-03-18 09:00:00,0.8,5.9,265.2,0
2025-03-18 10:00:00,3.3,7.6,402.2,0
2025-03-18 11:00:00,5.1,7.6,514.8,0
2025-03-18 12:00:00,6.3,8.3,580.2,0
2025-03-18 13:00:00,7.6,8.3,594.0,0
2025-03-18 14:00:00,8.4,8.6,558.8,0
2025-03-18 15:00:00,8.8,9.1,474.5,0
2025-03-18 16:00:00,9.0,7.6,350.5,0
2025-03-18 17:00:00,8.7,7.6,203.8,0
2025-03-18 18:00:00,8.2,6.2,61.8,0
2025-03-18 19:00:00,7.5,3.7,0.5,0
2025-03-18 20:00:00,6.8,3.1,0.0,0
2025-03-18 21:00:00,5.9,2.9,0.0,0
2025-03-18 22:00:00,4.1,4.8,0.0,0
2025-03-18 23:00:00,3.3,4.1,0.0,0
2025-03-19 00:00:00,2.8,3.7,0.0,0
2025-03-19 01:00:00,1.6,3.3,0.0,0
2025-03-19 02:00:00,1.2,4.0,0.0,0
2025-03-19 03:00:00,0.6,3.8,0.0,0
2025-03-19 04:00:00,-0.5,2.8,0.0,0
2025-03-19 05:00:00,-0.7,3.8,0.0,0
2025-03-19 06:00:00,-0.9,3.9,0.0,0
2025-03-19 07:00:00,-1.5,3.4,17.2,0
2025-03-19 08:00:00,-0.7,3.3,119.8,0
2025-03-19 09:00:00,0.9,3.7,261.0,0
2025-03-19 10:00:00,4.3,5.0,396.8,0
2025-03-19 11:00:00,6.7,5.8,507.2,0
2025-03-19 12:00:00,9.1,4.7,573.5,0
2025-03-19 13:00:00,10.9,5.4,588.0,0
2025-03-19 14:00:00,12.1,6.5,554.5,0
2025-03-19 15:00:00,12.6,7.9,470.0,0
2025-03-19 16:00:00,13.3,8.1,346.2,0
2025-03-19 17:00:00,13.0,8.6,203.0,0
2025-03-19 18:00:00,12.3,6.5,63.2,0
2025-03-19 19:00:00,11.0,4.6,1.0,0
2025-03-19 20:00:00,9.3,4.6,0.0,0
2025-03-19 21:00:00,7.9,4.5,0.0,0
2025-03-19 22:00:00,7.1,4.5,0.0,0
2025-03-19 23:00:00,6.3,4.4,0.0,0
2025-03-20 00:00:00,5.5,4.2,0.0,0
2025-03-20 01:00:00,4.7,3.9,0.0,0
2025-03-20 02:00:00,4.1,4.6,0.0,0
2025-03-20 03:00:00,3.5,5.0,0.0,0
2025-03-20 04:00:00,2.0,5.0,0.0,0
2025-03-20 05:00:00,1.7,4.8,0.0,0
2025-03-20 06:00:00,1.4,5.4,0.0,0
2025-03-20 07:00:00,1.0,5.4,19.5,0
2025-03-20 08:00:00,1.8,5.4,124.2,0
2025-03-20 09:00:00,3.9,6.2,266.0,0
2025-03-20 10:00:00,7.6,4.7,402.5,0
2025-03-20 11:00:00,10.4,4.7,514.0,0
2025-03-20 12:00:00,13.0,4.9,580.8,0
2025-03-20 13:00:00,15.3,6.0,597.2,0
2025-03-20 14:00:00,16.5,6.4,563.8,0
2025-03-20 15:00:00,17.0,5.4,481.2,0
2025-03-20 16:00:00,17.3,4.8,358.2,24
2025-03-20 17:00:00,17.1,4.6,207.8,56
2025-03-20 18:00:00,16.2,3.8,64.0,100
2025-03-20 19:00:00,14.5,2.6,1.2,100
2025-03-20 20:00:00,12.7,3.0,0.0,100
2025-03-20 21:00:00,11.6,2.5,0.0,0
2025-03-20 22:00:00,10.4,3.7,0.0,0
2025-03-20 23:00:00,9.0,3.4,0.0,0
2025-03-21 00:00:00,8.3,4.1,0.0,0
2025-03-21 01:00:00,6.9,3.6,0.0,0
2025-03-21 02:00:00,6.3,5.0,0.0,52
2025-03-21 03:00:00,5.9,3.4,0.0,60
2025-03-21 04:00:00,4.7,2.8,0.0,66
2025-03-21 05:00:00,4.5,2.6,0.0,6
2025-03-21 06:00:00,4.5,3.3,0.0,0
2025-03-21 07:00:00,4.7,3.3,22.0,0
2025-03-21 08:00:00,5.7,4.6,131.2,0
2025-03-21 09:00:00,7.5,4.4,271.2,0
2025-03-21 10:00:00,10.8,4.4,407.8,0
2025-03-21 11:00:00,13.7,5.9,516.2,0
2025-03-21 12:00:00,16.2,9.1,584.0,0
2025-03-21 13:00:00,17.3,10.5,601.0,0
2025-03-21 14:00:00,17.7,11.5,566.0,0
2025-03-21 15:00:00,17.7,12.3,482.8,0
2025-03-21 16:00:00,17.5,13.0,361.2,0
2025-03-21 17:00:00,16.9,11.9,215.0,0
2025-03-21 18:00:00,16.1,13.1,71.5,0
2025-03-21 19:00:00,15.0,13.0,2.0,0
2025-03-21 20:00:00,13.2,11.5,0.0,0
2025-03-21 21:00:00,11.9,11.9,0.0,0
2025-03-21 22:00:00,11.4,11.7,0.0,0
2025-03-21 23:00:00,10.6,12.3,0.0,0
2025-03-22 00:00:00,9.8,13.0,0.0,0
2025-03-22 01:00:00,9.2,13.7,0.0,0
2025-03-22 02:00:00,8.3,15.1,0.0,0
2025-03-22 03:00:00,7.4,15.8,0.0,0
2025-03-22 04:00:00,7.0,16.3,0.0,0
2025-03-22 05:00:00,6.2,16.6,0.0,0
2025-03-22 06:00:00,5.6,15.5,0.0,0
2025-03-22 07:00:00,5.4,16.3,25.2,0
2025-03-22 08:00:00,5.9,16.6,142.2,0
2025-03-22 09:00:00,7.1,17.1,289.8,0
2025-03-22 10:00:00,9.3,17.4,426.0,0
2025-03-22 11:00:00,11.2,18.8,534.5,0
2025-03-22 12:00:00,13.2,18.4,599.0,0
2025-03-22 13:00:00,14.2,19.1,614.8,0
2025-03-22 14:00:00,14.5,21.8,577.5,0
2025-03-22 15:00:00,14.3,20.5,495.0,0
2025-03-22 16:00:00,14.2,19.4,372.5,0
2025-03-22 17:00:00,13.4,18.8,225.5,0
2025-03-22 18:00:00,12.3,18.1,77.2,0
2025-03-22 19:00:00,11.3,17.1,2.2,0
2025-03-22 20:00:00,10.4,16.7,0.0,0
2025-03-22 21:00:00,9.9,18.0,0.0,74
2025-03-22 22:00:00,9.7,17.6,0.0,75
2025-03-22 23:00:00,9.3,16.2,0.0,97
2025-03-23 00:00:00,9.2,16.7,0.0,95
2025-03-23 01:00:00,8.7,16.2,0.0,76
2025-03-23 02:00:00,7.9,15.9,0.0,92
2025-03-23 03:00:00,7.3,16.3,0.0,95
2025-03-23 04:00:00,7.3,15.8,0.0,89
2025-03-23 05:00:00,7.0,16.6,0.0,100
2025-03-23 06:00:00,6.5,15.1,0.0,71
2025-03-23 07:00:00,6.4,15.5,18.0,90
2025-03-23 08:00:00,6.7,15.5,89.8,97
2025-03-23 09:00:00,7.9,14.4,207.8,79
2025-03-23 10:00:00,9.7,15.5,376.0,89
2025-03-23 11:00:00,11.2,15.5,442.0,66
2025-03-23 12:00:00,12.2,15.1,509.0,100
2025-03-23 13:00:00,13.4,14.9,411.5,96
2025-03-23 14:00:00,14.0,13.3,383.2,100
2025-03-23 15:00:00,14.4,11.5,236.2,100
2025-03-23 16:00:00,14.2,12.4,139.0,100
2025-03-23 17:00:00,14.2,11.8,135.8,100
2025-03-23 18:00:00,13.6,10.3,49.5,99
2025-03-23 19:00:00,12.9,9.7,2.0,82
2025-03-23 20:00:00,12.1,8.3,0.0,82
2025-03-23 21:00:00,11.6,6.8,0.0,65
2025-03-23 22:00:00,11.9,4.3,0.0,96
2025-03-23 23:00:00,11.6,5.8,0.0,91
2025-03-24 00:00:00,11.0,4.9,0.0,94
2025-03-24 01:00:00,10.5,5.2,0.0,88
2025-03-24 02:00:00,10.1,5.2,0.0,98
2025-03-24 03:00:00,9.7,5.1,0.0,100
2025-03-24 04:00:00,9.4,4.7,0.0,100
2025-03-24 05:00:00,9.3,4.5,0.0,100
2025-03-24 06:00:00,9.2,3.9,0.0,100
2025-03-24 07:00:00,9.3,3.9,8.2,100
2025-03-24 08:00:00,9.3,3.0,31.5,100
2025-03-24 09:00:00,9.6,4.6,66.5,100
2025-03-24 10:00:00,10.7,6.2,233.0,94
2025-03-24 11:00:00,12.0,5.8,414.2,46
2025-03-24 12:00:00,13.1,4.5,529.0,44
2025-03-24 13:00:00,14.1,3.1,571.0,77
2025-03-24 14:00:00,15.0,2.4,465.0,85
2025-03-24 15:00:00,15.5,6.7,353.2,93
2025-03-24 16:00:00,15.4,4.8,223.8,93
2025-03-24 17:00:00,15.2,6.9,105.5,86
2025-03-24 18:00:00,14.7,9.2,37.0,93
2025-03-24 19:00:00,13.2,7.0,1.2,88
2025-03-24 20:00:00,12.3,7.8,0.0,74
2025-03-24 21:00:00,12.0,4.7,0.0,77
2025-03-24 22:00:00,11.4,4.4,0.0,89
2025-03-24 23:00:00,11.1,4.8,0.0,29
2025-03-25 00:00:00,10.5,5.9,0.0,38
2025-03-25 01:00:00,9.3,3.4,0.0,86
2025-03-25 02:00:00,9.1,3.7,0.0,32
2025-03-25 03:00:00,8.6,3.6,0.0,43
2025-03-25 04:00:00,7.5,3.9,0.0,75
2025-03-25 05:00:00,7.6,4.6,0.0,53
2025-03-25 06:00:00,7.5,2.9,0.0,69
2025-03-25 07:00:00,7.4,3.1,27.0,92
2025-03-25 08:00:00,8.5,7.8,140.8,68
2025-03-25 09:00:00,9.0,8.4,276.5,73
2025-03-25 10:00:00,10.5,8.4,392.8,29
2025-03-25 11:00:00,11.3,9.4,404.8,42
2025-03-25 12:00:00,12.3,10.8,464.2,96
2025-03-25 13:00:00,14.0,12.4,438.8,94
2025-03-25 14:00:00,13.2,14.1,361.5,56
2025-03-25 15:00:00,11.7,15.2,417.8,68
2025-03-25 16:00:00,10.8,13.0,305.0,88
2025-03-25 17:00:00,9.5,12.3,197.8,54
2025-03-25 18:00:00,8.5,12.2,74.5,84
2025-03-25 19:00:00,7.1,11.4,3.2,96
2025-03-25 20:00:00,7.1,9.4,0.0,95
2025-03-25 21:00:00,7.0,7.9,0.0,100
2025-03-25 22:00:00,7.0,7.9,0.0,100
2025-03-25 23:00:00,6.9,6.7,0.0,100
2025-03-26 00:00:00,7.0,7.1,0.0,100
2025-03-26 01:00:00,7.1,7.3,0.0,100
2025-03-26 02:00:00,7.3,8.1,0.0,100
2025-03-26 03:00:00,7.4,8.2,0.0,100
2025-03-26 04:00:00,7.4,8.8,0.0,100
2025-03-26 05:00:00,7.4,8.7,0.0,100
2025-03-26 06:00:00,7.4,8.7,0.0,100
2025-03-26 07:00:00,7.3,8.6,3.2,100
2025-03-26 08:00:00,7.4,9.4,7.2,100
2025-03-26 09:00:00,8.0,11.3,24.8,100
2025-03-26 10:00:00,8.0,9.2,68.0,100
2025-03-26 11:00:00,9.0,9.4,203.5,100
2025-03-26 12:00:00,9.2,12.4,180.0,100
2025-03-26 13:00:00,9.3,12.6,276.0,100
2025-03-26 14:00:00,9.6,12.3,173.8,100
2025-03-26 15:00:00,9.8,11.4,133.8,100
2025-03-26 16:00:00,10.5,12.0,128.0,57
2025-03-26 17:00:00,10.7,12.5,168.2,51
2025-03-26 18:00:00,10.5,9.7,69.8,70
2025-03-26 19:00:00,10.4,4.7,4.2,46
2025-03-26 20:00:00,9.7,5.8,0.0,38
2025-03-26 21:00:00,8.9,5.6,0.0,0
2025-03-26 22:00:00,8.0,5.1,0.0,0
2025-03-26 23:00:00,7.3,4.3,0.0,0
2025-03-27 00:00:00,6.6,5.4,0.0,0
2025-03-27 01:00:00,5.7,6.9,0.0,0
2025-03-27 02:00:00,5.2,6.9,0.0,0
2025-03-27 03:00:00,4.7,7.6,0.0,1
2025-03-27 04:00:00,4.1,6.9,0.0,6
2025-03-27 05:00:00,3.5,7.4,0.0,69
2025-03-27 06:00:00,3.4,7.7,0.0,100
2025-03-27 07:00:00,3.7,8.6,16.2,100
2025-03-27 08:00:00,4.4,8.1,48.5,100
2025-03-27 09:00:00,5.0,9.1,97.2,100
2025-03-27 10:00:00,5.1,7.1,146.8,100
2025-03-27 11:00:00,6.1,7.4,202.0,100
2025-03-27 12:00:00,7.0,6.6,246.2,100
2025-03-27 13:00:00,6.4,5.8,285.2,100
2025-03-27 14:00:00,7.7,5.6,223.5,100
2025-03-27 15:00:00,8.4,5.5,242.5,100
2025-03-27 16:00:00,8.2,5.1,195.0,91
2025-03-27 17:00:00,8.2,4.6,115.2,83
2025-03-27 18:00:00,8.3,5.2,65.5,66
2025-03-27 19:00:00,7.8,6.5,4.8,39
2025-03-27 20:00:00,7.3,5.8,0.0,0
2025-03-27 21:00:00,6.5,5.2,0.0,0
2025-03-27 22:00:00,5.4,4.7,0.0,0
2025-03-27 23:00:00,4.7,4.7,0.0,0
2025-03-28 00:00:00,4.2,5.5,0.0,0
2025-03-28 01:00:00,3.7,4.7,0.0,0
2025-03-28 02:00:00,3.0,4.7,0.0,16
2025-03-28 03:00:00,1.6,5.9,0.0,100
2025-03-28 04:00:00,1.2,5.4,0.0,100
2025-03-28 05:00:00,0.8,5.4,0.0,100
2025-03-28 06:00:00,0.7,5.4,0.0,100
2025-03-28 07:00:00,1.8,7.0,26.8,100
2025-03-28 08:00:00,2.2,6.4,90.8,100
2025-03-28 09:00:00,3.6,7.2,203.5,81
2025-03-28 10:00:00,5.2,6.9,387.0,72
2025-03-28 11:00:00,7.9,7.2,527.0,0
2025-03-28 12:00:00,10.6,8.9,620.0,0
2025-03-28 13:00:00,13.1,8.0,636.2,0
2025-03-28 14:00:00,14.3,8.4,602.8,0
2025-03-28 15:00:00,15.1,10.3,518.5,0
2025-03-28 16:00:00,16.3,8.7,391.2,0
2025-03-28 17:00:00,16.1,9.0,244.8,0
2025-03-28 18:00:00,15.4,8.9,95.5,0
2025-03-28 19:00:00,14.6,7.1,6.8,0
2025-03-28 20:00:00,13.0,8.6,0.0,0
2025-03-28 21:00:00,11.6,8.0,0.0,0
2025-03-28 22:00:00,10.4,7.2,0.0,100
2025-03-28 23:00:00,9.7,5.6,0.0,100
2025-03-29 00:00:00,9.2,6.5,0.0,3
2025-03-29 01:00:00,8.5,6.2,0.0,9
2025-03-29 02:00:00,8.0,3.7,0.0,41
2025-03-29 03:00:00,7.5,4.0,0.0,63
2025-03-29 04:00:00,7.0,4.3,0.0,82
2025-03-29 05:00:00,6.7,4.4,0.0,85
2025-03-29 06:00:00,6.4,3.3,0.2,53
2025-03-29 07:00:00,6.1,6.1,41.5,100
2025-03-29 08:00:00,6.4,8.4,143.0,100
2025-03-29 09:00:00,7.9,8.9,259.8,93
2025-03-29 10:00:00,9.5,11.2,386.5,100
2025-03-29 11:00:00,10.6,12.0,336.8,100
2025-03-29 12:00:00,12.1,13.8,420.5,94
2025-03-29 13:00:00,13.1,14.8,538.2,98
2025-03-29 14:00:00,13.7,14.4,397.2,94
2025-03-29 15:00:00,13.5,16.7,373.5,90
2025-03-29 16:00:00,13.6,17.4,307.0,89
2025-03-29 17:00:00,12.0,16.3,148.0,90
2025-03-29 18:00:00,11.5,16.1,62.2,100
2025-03-29 19:00:00,11.3,11.9,3.5,80
2025-03-29 20:00:00,10.8,8.9,0.0,98
2025-03-29 21:00:00,9.8,11.3,0.0,7
2025-03-29 22:00:00,8.9,8.7,0.0,0
2025-03-29 23:00:00,8.2,6.2,0.0,0
2025-03-30 00:00:00,7.5,3.3,0.0,0
2025-03-30 01:00:00,6.4,7.6,0.0,0
2025-03-30 02:00:00,5.6,5.8,0.0,0
2025-03-30 03:00:00,5.3,5.8,0.0,0
2025-03-30 04:00:00,4.9,5.0,0.0,100
2025-03-30 05:00:00,4.3,6.5,0.0,33
2025-03-30 06:00:00,4.0,6.6,0.5,100
2025-03-30 07:00:00,4.3,9.8,40.8,49
2025-03-30 08:00:00,5.0,11.4,102.2,100
2025-03-30 09:00:00,6.4,12.4,181.5,100
2025-03-30 10:00:00,7.9,14.8,111.8,100
2025-03-30 11:00:00,7.3,15.2,88.0,99
2025-03-30 12:00:00,8.9,20.4,276.8,100
2025-03-30 13:00:00,8.3,17.9,164.5,100
2025-03-30 14:00:00,9.3,19.5,231.2,100
2025-03-30 15:00:00,9.1,19.5,170.2,100
2025-03-30 16:00:00,8.8,18.1,77.5,100
2025-03-30 17:00:00,8.7,12.8,59.2,100
2025-03-30 18:00:00,8.6,14.8,23.5,99
2025-03-30 19:00:00,8.4,16.8,2.2,100
2025-03-30 20:00:00,7.9,14.2,0.0,100
2025-03-30 21:00:00,7.6,15.8,0.0,88
2025-03-30 22:00:00,7.5,14.0,0.0,90
2025-03-30 23:00:00,7.4,12.5,0.0,95
2025-03-31 00:00:00,7.2,12.3,0.0,100
2025-03-31 01:00:00,7.2,12.1,0.0,89
2025-03-31 02:00:00,7.1,12.4,0.0,94
2025-03-31 03:00:00,7.0,12.7,0.0,92
2025-03-31 04:00:00,7.1,12.5,0.0,96
2025-03-31 05:00:00,7.1,12.8,0.0,100
2025-03-31 06:00:00,6.8,12.0,0.2,92
2025-03-31 07:00:00,6.7,12.8,28.8,100
2025-03-31 08:00:00,6.6,12.1,47.5,100
2025-03-31 09:00:00,7.0,12.0,63.8,100
2025-03-31 10:00:00,8.1,11.3,185.0,94
2025-03-31 11:00:00,9.3,13.2,334.0,89
2025-03-31 12:00:00,9.5,14.4,284.5,100
2025-03-31 13:00:00,9.7,14.9,233.0,98
2025-03-31 14:00:00,9.5,14.1,175.5,95
2025-03-31 15:00:00,9.4,13.4,181.5,100
2025-03-31 16:00:00,9.3,15.2,100.2,100
2025-03-31 17:00:00,8.8,13.4,69.5,100
2025-03-31 18:00:00,8.4,14.2,46.0,100
2025-03-31 19:00:00,8.3,12.3,3.2,100
2025-03-31 20:00:00,7.7,10.4,0.0,99
2025-03-31 21:00:00,7.1,9.4,0.0,100
2025-03-31 22:00:00,7.0,9.7,0.0,99
2025-03-31 23:00:00,6.6,10.1,0.0,100
2025-04-01 00:00:00,6.3,9.8,0.0,100
2025-04-01 01:00:00,6.2,9.7,0.0,97
2025-04-01 02:00:00,5.7,8.8,0.0,88
2025-04-01 03:00:00,5.3,8.4,0.0,89
2025-04-01 04:00:00,5.5,8.3,0.0,73
2025-04-01 05:00:00,5.2,8.2,0.0,53
2025-04-01 06:00:00,4.9,7.3,1.0,71
2025-04-01 07:00:00,5.6,6.8,57.5,3
2025-04-01 08:00:00,6.5,6.8,200.5,64
2025-04-01 09:00:00,7.9,6.8,308.2,63
2025-04-01 10:00:00,10.1,7.3,466.8,43
2025-04-01 11:00:00,11.4,12.1,402.8,100
2025-04-01 12:00:00,12.0,12.8,278.0,72
2025-04-01 13:00:00,13.2,13.3,386.2,100
2025-04-01 14:00:00,13.3,13.8,426.0,72
2025-04-01 15:00:00,13.6,15.3,409.8,98
2025-04-01 16:00:00,13.3,12.7,248.5,81
2025-04-01 17:00:00,13.1,11.5,218.2,3
2025-04-01 18:00:00,12.5,12.1,103.2,0
2025-04-01 19:00:00,11.4,11.6,10.5,0
2025-04-01 20:00:00,9.9,11.4,0.0,0
2025-04-01 21:00:00,8.5,11.8,0.0,0
2025-04-01 22:00:00,7.5,10.2,0.0,0
2025-04-01 23:00:00,6.6,8.8,0.0,0
2025-04-02 00:00:00,5.9,8.2,0.0,87
2025-04-02 01:00:00,5.3,8.2,0.0,80
2025-04-02 02:00:00,4.8,8.5,0.0,9
2025-04-02 03:00:00,4.4,9.5,0.0,0
2025-04-02 04:00:00,3.3,9.9,0.0,53
2025-04-02 05:00:00,2.9,8.8,0.0,82
2025-04-02 06:00:00,3.1,8.8,1.5,81
2025-04-02 07:00:00,3.2,10.0,48.8,75
2025-04-02 08:00:00,4.6,9.8,179.5,28
2025-04-02 09:00:00,6.6,10.9,346.5,0
2025-04-02 10:00:00,7.2,9.4,483.2,43
2025-04-02 11:00:00,9.5,9.2,580.5,0
2025-04-02 12:00:00,11.6,9.8,643.0,0
2025-04-02 13:00:00,14.1,10.7,654.8,0
2025-04-02 14:00:00,15.2,12.7,618.5,0
2025-04-02 15:00:00,15.6,13.3,533.8,0
2025-04-02 16:00:00,16.2,13.0,409.5,0
2025-04-02 17:00:00,15.7,13.3,264.5,0
2025-04-02 18:00:00,14.7,12.5,114.0,0
2025-04-02 19:00:00,13.8,10.7,12.5,0
2025-04-02 20:00:00,12.1,9.8,0.0,0
2025-04-02 21:00:00,10.4,10.3,0.0,0
2025-04-02 22:00:00,9.5,10.2,0.0,0
2025-04-02 23:00:00,8.9,10.0,0.0,0
2025-04-03 00:00:00,8.6,8.5,0.0,0
2025-04-03 01:00:00,7.2,7.0,0.0,0
2025-04-03 02:00:00,7.0,6.6,0.0,0
2025-04-03 03:00:00,6.8,6.5,0.0,0
2025-04-03 04:00:00,5.9,7.2,0.0,9
2025-04-03 05:00:00,5.6,7.5,0.0,2
2025-04-03 06:00:00,5.2,6.8,2.2,0
2025-04-03 07:00:00,6.0,5.8,67.8,0
2025-04-03 08:00:00,7.4,6.4,203.2,0
2025-04-03 09:00:00,9.2,5.8,353.2,0
2025-04-03 10:00:00,11.8,6.2,487.8,0
2025-04-03 11:00:00,13.8,4.7,589.2,0
2025-04-03 12:00:00,15.8,7.6,648.0,0
2025-04-03 13:00:00,17.3,8.3,657.2,0
2025-04-03 14:00:00,18.1,7.8,615.8,4
2025-04-03 15:00:00,18.6,9.0,531.5,0
2025-04-03 16:00:00,19.0,8.2,410.0,0
2025-04-03 17:00:00,18.8,8.8,265.8,0
2025-04-03 18:00:00,18.4,8.1,116.2,0
2025-04-03 19:00:00,17.6,6.2,13.5,0
2025-04-03 20:00:00,16.2,5.0,0.0,0
2025-04-03 21:00:00,14.5,7.6,0.0,0
2025-04-03 22:00:00,13.0,7.4,0.0,0
2025-04-03 23:00:00,12.1,5.6,0.0,0
2025-04-04 00:00:00,11.5,4.3,0.0,0
2025-04-04 01:00:00,10.5,2.3,0.0,0
2025-04-04 02:00:00,10.4,2.3,0.0,0
2025-04-04 03:00:00,9.8,1.0,0.0,0
2025-04-04 04:00:00,8.6,2.3,0.0,0
2025-04-04 05:00:00,8.1,2.3,0.0,0
2025-04-04 06:00:00,7.9,2.3,3.0,0
2025-04-04 07:00:00,8.4,2.9,73.5,0
2025-04-04 08:00:00,9.8,1.9,210.0,0
2025-04-04 09:00:00,12.4,1.5,360.2,0
2025-04-04 10:00:00,15.6,0.8,496.8,0
2025-04-04 11:00:00,17.8,1.0,600.8,0
2025-04-04 12:00:00,19.2,1.4,659.8,0
2025-04-04 13:00:00,20.1,2.3,669.5,0
2025-04-04 14:00:00,20.6,6.2,629.5,19
2025-04-04 15:00:00,20.7,8.3,527.5,0
2025-04-04 16:00:00,20.9,9.2,411.5,0
2025-04-04 17:00:00,20.7,9.8,271.8,0
2025-04-04 18:00:00,20.0,8.9,122.5,0
2025-04-04 19:00:00,19.2,8.2,15.2,57
2025-04-04 20:00:00,17.4,7.9,0.0,100
2025-04-04 21:00:00,15.3,11.2,0.0,100
2025-04-04 22:00:00,14.2,9.0,0.0,75
2025-04-04 23:00:00,12.7,9.0,0.0,4
2025-04-05 00:00:00,10.9,10.3,0.0,0
2025-04-05 01:00:00,9.8,10.3,0.0,0
2025-04-05 02:00:00,8.0,12.0,0.0,43
2025-04-05 03:00:00,6.6,11.9,0.0,100
2025-04-05 04:00:00,6.2,11.3,0.0,100
2025-04-05 05:00:00,5.6,11.6,0.0,100
2025-04-05 06:00:00,5.1,10.6,3.8,92
2025-04-05 07:00:00,5.0,10.0,71.0,100
2025-04-05 08:00:00,5.5,9.0,165.8,100
2025-04-05 09:00:00,6.9,9.0,350.2,100
2025-04-05 10:00:00,8.1,8.6,438.8,69
2025-04-05 11:00:00,9.3,9.0,579.0,88
2025-04-05 12:00:00,10.4,12.7,532.2,100
2025-04-05 13:00:00,10.8,18.2,480.0,100
2025-04-05 14:00:00,11.0,18.6,522.8,69
2025-04-05 15:00:00,10.8,19.7,532.2,20
2025-04-05 16:00:00,9.7,20.2,422.5,8
2025-04-05 17:00:00,8.2,21.7,287.8,53
2025-04-05 18:00:00,6.7,21.1,126.0,0
2025-04-05 19:00:00,5.6,18.7,18.0,0
2025-04-05 20:00:00,4.6,14.9,0.0,0
2025-04-05 21:00:00,3.8,13.3,0.0,0
2025-04-05 22:00:00,3.5,11.3,0.0,0
2025-04-05 23:00:00,2.6,10.0,0.0,0
2025-04-06 00:00:00,2.3,10.8,0.0,0
2025-04-06 01:00:00,1.8,9.7,0.0,0
2025-04-06 02:00:00,1.4,9.7,0.0,7
2025-04-06 03:00:00,1.0,9.0,0.0,24
2025-04-06 04:00:00,0.6,8.8,0.0,0
2025-04-06 05:00:00,0.5,8.5,0.0,60
2025-04-06 06:00:00,0.6,8.0,3.8,4
2025-04-06 07:00:00,1.2,8.8,77.2,61
2025-04-06 08:00:00,2.3,9.7,214.0,4
2025-04-06 09:00:00,3.9,12.8,340.2,72
2025-04-06 10:00:00,5.2,14.2,406.0,85
2025-04-06 11:00:00,6.2,14.8,570.2,50
2025-04-06 12:00:00,7.3,16.2,675.5,44
2025-04-06 13:00:00,7.5,15.1,613.0,46
2025-04-06 14:00:00,8.1,16.3,650.8,0
2025-04-06 15:00:00,8.6,17.7,574.5,10
2025-04-06 16:00:00,8.3,16.5,441.8,15
2025-04-06 17:00:00,7.8,16.5,293.8,0
2025-04-06 18:00:00,7.1,15.4,134.2,40
2025-04-06 19:00:00,6.8,10.9,18.8,0
2025-04-06 20:00:00,6.2,5.2,0.0,21
2025-04-06 21:00:00,5.9,4.5,0.0,90
2025-04-06 22:00:00,5.6,6.6,0.0,44
2025-04-06 23:00:00,4.9,6.8,0.0,76
2025-04-07 00:00:00,4.7,7.9,0.0,84
2025-04-07 01:00:00,4.8,9.4,0.0,88
2025-04-07 02:00:00,4.4,10.2,0.0,81
2025-04-07 03:00:00,4.1,9.9,0.0,79
2025-04-07 04:00:00,4.9,10.5,0.0,97
2025-04-07 05:00:00,4.7,11.5,0.0,100
2025-04-07 06:00:00,4.6,10.4,5.0,95
2025-04-07 07:00:00,4.9,10.2,67.8,65
2025-04-07 08:00:00,5.6,11.5,208.8,37
2025-04-07 09:00:00,7.0,10.5,381.2,68
2025-04-07 10:00:00,9.2,10.9,469.8,49
2025-04-07 11:00:00,11.1,12.6,599.2,92
2025-04-07 12:00:00,12.2,13.9,475.5,100
2025-04-07 13:00:00,12.7,14.2,507.0,96
2025-04-07 14:00:00,13.2,15.9,479.2,100
2025-04-07 15:00:00,12.7,16.4,199.0,100
2025-04-07 16:00:00,12.5,13.6,151.8,99
2025-04-07 17:00:00,12.2,12.1,149.8,100
2025-04-07 18:00:00,11.8,11.9,54.0,82
2025-04-07 19:00:00,11.5,11.5,14.2,77
2025-04-07 20:00:00,10.5,8.7,0.0,67
2025-04-07 21:00:00,9.5,6.2,0.0,18
2025-04-07 22:00:00,8.5,6.1,0.0,0
2025-04-07 23:00:00,7.5,6.1,0.0,5
2025-04-08 00:00:00,6.7,4.9,0.0,11
2025-04-08 01:00:00,5.6,3.3,0.0,95
2025-04-08 02:00:00,5.9,2.3,0.0,100
2025-04-08 03:00:00,6.1,3.3,0.0,100
2025-04-08 04:00:00,5.8,5.0,0.0,100
2025-04-08 05:00:00,5.7,5.1,0.0,96
2025-04-08 06:00:00,5.5,4.9,4.2,100
2025-04-08 07:00:00,6.0,4.7,49.2,92
2025-04-08 08:00:00,6.9,5.4,154.5,81
2025-04-08 09:00:00,8.4,5.4,328.8,65
2025-04-08 10:00:00,10.1,6.1,519.5,0
2025-04-08 11:00:00,11.3,7.6,560.0,66
2025-04-08 12:00:00,12.1,7.9,545.0,100
2025-04-08 13:00:00,12.2,8.5,415.5,90
2025-04-08 14:00:00,12.8,5.2,463.2,97
2025-04-08 15:00:00,13.1,8.0,394.5,77
2025-04-08 16:00:00,13.4,6.4,338.5,97
2025-04-08 17:00:00,13.0,8.2,165.2,96
2025-04-08 18:00:00,12.6,9.3,91.0,100
2025-04-08 19:00:00,12.1,8.5,13.2,84
2025-04-08 20:00:00,11.0,7.2,0.0,100
2025-04-08 21:00:00,9.8,7.6,0.0,100
2025-04-08 22:00:00,8.9,6.6,0.0,100
2025-04-08 23:00:00,8.3,4.8,0.0,100
2025-04-09 00:00:00,7.7,4.8,0.0,100
2025-04-09 01:00:00,7.3,4.2,0.0,94
2025-04-09 02:00:00,7.1,4.8,0.0,100
2025-04-09 03:00:00,7.1,5.4,0.0,99
2025-04-09 04:00:00,6.8,1.9,0.0,98
2025-04-09 05:00:00,6.6,3.6,0.0,86
2025-04-09 06:00:00,6.4,4.1,5.0,100
2025-04-09 07:00:00,6.9,6.1,38.8,75
2025-04-09 08:00:00,7.9,4.6,183.0,86
2025-04-09 09:00:00,9.7,6.5,347.2,46
2025-04-09 10:00:00,10.7,6.2,533.2,0
2025-04-09 11:00:00,12.6,8.1,638.5,14
2025-04-09 12:00:00,13.9,11.9,569.2,13
2025-04-09 13:00:00,14.6,14.6,492.8,92
2025-04-09 14:00:00,15.0,12.0,358.0,100
2025-04-09 15:00:00,14.7,16.8,316.2,100
2025-04-09 16:00:00,14.0,12.5,177.2,100
2025-04-09 17:00:00,13.8,14.8,173.2,100
2025-04-09 18:00:00,13.1,14.4,86.8,100
2025-04-09 19:00:00,12.4,13.2,17.2,100
2025-04-09 20:00:00,10.6,15.7,0.0,100
2025-04-09 21:00:00,9.1,12.9,0.0,100
2025-04-09 22:00:00,8.7,13.5,0.0,100
2025-04-09 23:00:00,8.0,13.5,0.0,100
2025-04-10 00:00:00,7.5,13.3,0.0,100
2025-04-10 01:00:00,6.8,14.3,0.0,100
2025-04-10 02:00:00,6.1,13.0,0.0,100
2025-04-10 03:00:00,5.6,11.8,0.0,100
2025-04-10 04:00:00,5.5,10.5,0.0,100
2025-04-10 05:00:00,5.3,9.7,0.0,100
2025-04-10 06:00:00,5.3,11.3,4.8,100
2025-04-10 07:00:00,6.1,10.0,37.8,100
2025-04-10 08:00:00,6.9,10.2,136.2,80
2025-04-10 09:00:00,7.7,10.4,306.2,100
2025-04-10 10:00:00,8.6,12.1,395.2,100
2025-04-10 11:00:00,10.1,13.5,547.2,80
2025-04-10 12:00:00,11.4,14.8,673.5,36
2025-04-10 13:00:00,12.3,15.5,696.8,100
2025-04-10 14:00:00,13.2,14.7,491.0,100
2025-04-10 15:00:00,13.8,15.0,510.8,100
2025-04-10 16:00:00,14.1,15.0,371.2,53
2025-04-10 17:00:00,14.2,15.2,287.0,100
2025-04-10 18:00:00,14.0,13.3,138.8,70
2025-04-10 19:00:00,13.8,13.1,24.2,30
2025-04-10 20:00:00,12.4,15.1,0.0,25
2025-04-10 21:00:00,10.6,17.6,0.0,3
2025-04-10 22:00:00,9.7,16.2,0.0,0
2025-04-10 23:00:00,9.0,16.9,0.0,7
2025-04-11 00:00:00,8.5,16.9,0.0,100
2025-04-11 01:00:00,8.2,18.5,0.0,96
2025-04-11 02:00:00,7.5,20.9,0.0,89
2025-04-11 03:00:00,6.3,21.5,0.0,100
2025-04-11 04:00:00,7.2,19.3,0.0,100
2025-04-11 05:00:00,7.3,19.1,0.0,100
2025-04-11 06:00:00,7.3,18.8,5.5,98
2025-04-11 07:00:00,7.6,18.8,52.5,100
2025-04-11 08:00:00,8.2,19.4,167.5,79
2025-04-11 09:00:00,9.1,20.2,287.0,87
2025-04-11 10:00:00,10.6,19.1,298.0,100
2025-04-11 11:00:00,11.0,18.9,244.5,100
2025-04-11 12:00:00,11.3,18.8,222.0,100
2025-04-11 13:00:00,11.2,17.4,204.2,100
2025-04-11 14:00:00,11.6,14.8,162.2,100
2025-04-11 15:00:00,12.4,13.6,185.5,100
2025-04-11 16:00:00,13.7,14.9,122.2,94
2025-04-11 17:00:00,14.4,11.9,209.0,49
2025-04-11 18:00:00,14.8,10.7,130.2,100
2025-04-11 19:00:00,14.5,8.0,21.5,94
2025-04-11 20:00:00,13.7,4.9,0.0,100
2025-04-11 21:00:00,12.8,3.3,0.0,100
2025-04-11 22:00:00,11.5,3.5,0.0,100
2025-04-11 23:00:00,10.9,3.6,0.0,100
2025-04-12 00:00:00,10.4,1.6,0.0,77
2025-04-12 01:00:00,9.1,2.3,0.0,98
2025-04-12 02:00:00,8.9,3.0,0.0,99
2025-04-12 03:00:00,8.6,5.1,0.0,100
2025-04-12 04:00:00,9.1,5.9,0.0,100
2025-04-12 05:00:00,9.2,6.7,0.0,100
2025-04-12 06:00:00,9.3,6.4,7.0,100
2025-04-12 07:00:00,9.5,8.0,47.8,100
2025-04-12 08:00:00,10.2,7.6,157.5,100
2025-04-12 09:00:00,11.0,6.4,248.5,93
2025-04-12 10:00:00,11.7,8.0,407.5,99
2025-04-12 11:00:00,12.3,8.1,365.5,86
2025-04-12 12:00:00,13.6,7.3,576.0,55
2025-04-12 13:00:00,14.0,5.2,677.0,42
2025-04-12 14:00:00,15.3,2.6,650.2,40
2025-04-12 15:00:00,16.4,2.5,570.5,0
2025-04-12 16:00:00,17.3,4.2,454.0,29
2025-04-12 17:00:00,17.1,7.1,295.0,84
2025-04-12 18:00:00,16.6,6.1,145.5,0
2025-04-12 19:00:00,16.4,5.6,29.5,0
2025-04-12 20:00:00,15.4,4.0,0.0,0
2025-04-12 21:00:00,14.5,5.1,0.0,0
2025-04-12 22:00:00,13.4,5.8,0.0,0
2025-04-12 23:00:00,12.5,5.5,0.0,0
2025-04-13 00:00:00,11.9,6.2,0.0,2
2025-04-13 01:00:00,10.7,7.5,0.0,1
2025-04-13 02:00:00,10.1,7.8,0.0,0
2025-04-13 03:00:00,9.7,7.9,0.0,0
2025-04-13 04:00:00,9.2,8.9,0.0,100
2025-04-13 05:00:00,8.9,9.2,0.0,0
2025-04-13 06:00:00,8.8,8.9,15.5,0
2025-04-13 07:00:00,9.6,8.7,117.8,10
2025-04-13 08:00:00,11.3,9.2,264.0,7
2025-04-13 09:00:00,13.8,10.5,408.2,100
2025-04-13 10:00:00,16.6,10.9,491.5,83
2025-04-13 11:00:00,18.8,11.4,569.2,100
2025-04-13 12:00:00,21.1,13.6,646.8,53
2025-04-13 13:00:00,21.5,14.3,449.2,83
2025-04-13 14:00:00,21.6,16.5,453.2,66
2025-04-13 15:00:00,22.4,15.6,376.5,100
2025-04-13 16:00:00,21.2,16.4,119.0,100
2025-04-13 17:00:00,20.3,14.4,111.2,81
2025-04-13 18:00:00,19.9,11.4,107.5,0
2025-04-13 19:00:00,19.6,8.2,28.0,90
2025-04-13 20:00:00,18.5,5.5,0.0,100
2025-04-13 21:00:00,17.7,5.1,0.0,100
2025-04-13 22:00:00,16.4,7.6,0.0,99
2025-04-13 23:00:00,15.7,5.1,0.0,77
2025-04-14 00:00:00,15.3,6.1,0.0,100
2025-04-14 01:00:00,14.6,6.1,0.0,63
2025-04-14 02:00:00,14.1,5.8,0.0,100
2025-04-14 03:00:00,13.4,5.6,0.0,100
2025-04-14 04:00:00,12.5,3.6,0.0,50
2025-04-14 05:00:00,12.0,3.6,0.0,100
2025-04-14 06:00:00,11.9,5.9,11.2,100
2025-04-14 07:00:00,12.0,3.9,108.0,91
2025-04-14 08:00:00,13.7,4.5,264.5,100
2025-04-14 09:00:00,15.5,7.7,424.8,12
2025-04-14 10:00:00,17.0,10.0,557.0,85
2025-04-14 11:00:00,18.0,9.1,568.8,58
2025-04-14 12:00:00,19.2,9.2,635.2,86
2025-04-14 13:00:00,20.0,9.8,625.5,52
2025-04-14 14:00:00,20.5,10.0,574.5,71
2025-04-14 15:00:00,20.5,5.1,415.5,44
2025-04-14 16:00:00,20.6,6.7,291.0,41
2025-04-14 17:00:00,20.7,2.8,227.2,50
2025-04-14 18:00:00,20.3,4.4,157.5,8
2025-04-14 19:00:00,19.7,6.7,34.5,36
2025-04-14 20:00:00,18.6,6.3,0.0,5
2025-04-14 21:00:00,17.4,7.2,0.0,5
2025-04-14 22:00:00,15.9,8.0,0.0,45
2025-04-14 23:00:00,14.9,10.0,0.0,25
2025-04-15 00:00:00,14.3,10.5,0.0,85
2025-04-15 01:00:00,14.4,10.6,0.0,56
2025-04-15 02:00:00,14.0,10.7,0.0,30
2025-04-15 03:00:00,13.4,11.4,0.0,100
2025-04-15 04:00:00,13.7,11.8,0.0,98
2025-04-15 05:00:00,13.3,10.5,0.0,100
2025-04-15 06:00:00,13.1,10.9,18.2,13
2025-04-15 07:00:00,13.4,10.9,125.5,0
2025-04-15 08:00:00,15.0,11.9,275.8,0
2025-04-15 09:00:00,17.5,14.0,428.5,48
2025-04-15 10:00:00,20.1,17.9,557.2,19
2025-04-15 11:00:00,20.7,20.5,514.5,86
2025-04-15 12:00:00,20.9,19.6,551.8,96
2025-04-15 13:00:00,21.2,16.1,460.0,96
2025-04-15 14:00:00,21.1,18.7,295.8,100
2025-04-15 15:00:00,20.2,19.1,232.0,100
2025-04-15 16:00:00,19.6,18.7,99.5,100
2025-04-15 17:00:00,19.2,16.8,112.5,92
2025-04-15 18:00:00,18.5,15.3,60.5,100
2025-04-15 19:00:00,18.1,13.4,16.5,100
2025-04-15 20:00:00,17.5,13.6,0.0,100
2025-04-15 21:00:00,16.7,13.0,0.0,100
2025-04-15 22:00:00,15.8,14.8,0.0,100
2025-04-15 23:00:00,15.3,11.7,0.0,100
2025-04-16 00:00:00,14.8,9.7,0.0,97
2025-04-16 01:00:00,14.4,9.3,0.0,100
2025-04-16 02:00:00,13.9,8.7,0.0,100
2025-04-16 03:00:00,13.5,6.3,0.0,100
2025-04-16 04:00:00,13.0,6.9,0.0,16
2025-04-16 05:00:00,13.0,7.7,0.0,70
2025-04-16 06:00:00,12.9,5.8,21.0,0
2025-04-16 07:00:00,13.4,5.5,130.5,0
2025-04-16 08:00:00,14.7,5.8,281.8,19
2025-04-16 09:00:00,16.6,6.9,433.5,0
2025-04-16 10:00:00,18.6,3.7,561.8,0
2025-04-16 11:00:00,20.1,5.1,644.2,2
2025-04-16 12:00:00,21.5,5.4,695.0,59
2025-04-16 13:00:00,22.8,7.0,712.0,100
2025-04-16 14:00:00,23.7,7.7,650.5,93
2025-04-16 15:00:00,24.5,7.6,573.0,98
2025-04-16 16:00:00,25.3,9.0,432.8,100
2025-04-16 17:00:00,25.5,10.0,301.5,100
2025-04-16 18:00:00,25.1,10.3,153.2,100
2025-04-16 19:00:00,24.4,9.4,33.8,100
2025-04-16 20:00:00,22.8,9.8,0.0,59
2025-04-16 21:00:00,21.4,10.5,0.0,91
2025-04-16 22:00:00,20.5,10.2,0.0,9
2025-04-16 23:00:00,19.5,10.4,0.0,57
2025-04-17 00:00:00,18.8,9.5,0.0,16
2025-04-17 01:00:00,18.5,10.8,0.0,28
2025-04-17 02:00:00,17.6,10.8,0.0,0
2025-04-17 03:00:00,17.0,11.2,0.0,0
2025-04-17 04:00:00,16.1,10.5,0.0,60
2025-04-17 05:00:00,15.7,9.1,0.0,100
2025-04-17 06:00:00,15.3,9.0,23.5,0
2025-04-17 07:00:00,15.7,9.9,132.0,87
2025-04-17 08:00:00,17.0,8.6,248.0,100
2025-04-17 09:00:00,18.3,9.2,309.8,0
2025-04-17 10:00:00,20.7,9.1,563.8,0
2025-04-17 11:00:00,22.5,8.6,662.8,100
2025-04-17 12:00:00,23.1,7.1,713.0,0
2025-04-17 13:00:00,24.9,3.2,712.5,100
2025-04-17 14:00:00,25.8,3.3,552.5,100
2025-04-17 15:00:00,24.6,11.9,209.5,100
2025-04-17 16:00:00,24.3,10.5,402.5,100
2025-04-17 17:00:00,23.5,12.2,253.5,100
2025-04-17 18:00:00,21.8,10.2,138.2,69
2025-04-17 19:00:00,20.5,10.2,34.5,100
2025-04-17 20:00:00,19.2,10.5,0.0,100
2025-04-17 21:00:00,17.7,9.6,0.0,100
2025-04-17 22:00:00,17.1,7.7,0.0,100
2025-04-17 23:00:00,16.3,6.9,0.0,100
2025-04-18 00:00:00,15.9,7.5,0.0,96
2025-04-18 01:00:00,15.4,5.7,0.0,100
2025-04-18 02:00:00,14.8,5.8,0.0,84
2025-04-18 03:00:00,13.8,9.7,0.0,82
2025-04-18 04:00:00,13.6,9.0,0.0,100
2025-04-18 05:00:00,13.5,9.9,0.0,100
2025-04-18 06:00:00,13.3,10.9,6.2,100
2025-04-18 07:00:00,12.5,12.4,27.0,100
2025-04-18 08:00:00,11.8,11.6,38.8,100
2025-04-18 09:00:00,12.1,11.6,68.8,100
2025-04-18 10:00:00,12.3,11.5,90.5,100
2025-04-18 11:00:00,12.2,11.4,107.8,100
2025-04-18 12:00:00,12.2,10.0,100.0,100
2025-04-18 13:00:00,12.3,9.7,74.5,100
2025-04-18 14:00:00,12.5,9.8,167.8,100
2025-04-18 15:00:00,12.5,11.2,102.0,100
2025-04-18 16:00:00,12.4,9.1,79.2,100
2025-04-18 17:00:00,12.1,8.7,41.8,100
2025-04-18 18:00:00,12.0,9.0,23.0,100
2025-04-18 19:00:00,11.8,11.4,6.0,100
2025-04-18 20:00:00,11.5,10.3,0.0,100
2025-04-18 21:00:00,10.5,10.7,0.0,100
2025-04-18 22:00:00,10.2,8.9,0.0,100
2025-04-18 23:00:00,9.7,9.8,0.0,100
2025-04-19 00:00:00,9.4,11.5,0.0,100
2025-04-19 01:00:00,9.4,9.1,0.0,100
2025-04-19 02:00:00,9.0,9.0,0.0,100
2025-04-19 03:00:00,8.8,9.4,0.0,100
2025-04-19 04:00:00,8.8,8.0,0.0,100
2025-04-19 05:00:00,8.7,8.4,0.0,100
2025-04-19 06:00:00,8.8,7.8,5.8,99
2025-04-19 07:00:00,8.9,9.1,31.2,100
2025-04-19 08:00:00,8.8,11.6,32.8,100
2025-04-19 09:00:00,9.2,9.7,85.8,97
2025-04-19 10:00:00,10.1,7.9,315.2,100
2025-04-19 11:00:00,10.8,9.5,221.8,100
2025-04-19 12:00:00,10.5,9.7,100.2,100
2025-04-19 13:00:00,9.8,10.9,107.0,100
2025-04-19 14:00:00,10.2,10.0,204.0,96
2025-04-19 15:00:00,10.3,8.9,173.5,96
2025-04-19 16:00:00,9.8,8.1,80.0,100
2025-04-19 17:00:00,9.6,8.2,64.2,100
2025-04-19 18:00:00,9.8,7.7,46.5,93
2025-04-19 19:00:00,9.9,8.6,21.5,100
2025-04-19 20:00:00,9.7,8.0,0.0,94
2025-04-19 21:00:00,9.2,7.2,0.0,95
2025-04-19 22:00:00,9.3,6.9,0.0,98
2025-04-19 23:00:00,9.2,6.2,0.0,81
2025-04-20 00:00:00,8.8,4.7,0.0,44
2025-04-20 01:00:00,7.8,4.3,0.0,46
2025-04-20 02:00:00,7.5,5.1,0.0,100
2025-04-20 03:00:00,7.2,5.1,0.0,0
2025-04-20 04:00:00,6.4,5.1,0.0,100
2025-04-20 05:00:00,6.3,4.8,0.0,97
2025-04-20 06:00:00,6.5,5.1,31.2,11
2025-04-20 07:00:00,7.2,4.2,152.8,0
2025-04-20 08:00:00,9.2,3.4,307.2,0
2025-04-20 09:00:00,11.5,5.2,461.2,0
2025-04-20 10:00:00,13.9,5.8,593.8,0
2025-04-20 11:00:00,15.3,5.6,691.5,0
2025-04-20 12:00:00,16.5,4.0,742.5,3
2025-04-20 13:00:00,17.9,3.9,746.5,0
2025-04-20 14:00:00,18.6,2.5,705.8,0
2025-04-20 15:00:00,19.1,3.6,615.2,15
2025-04-20 16:00:00,19.9,4.0,474.5,36
2025-04-20 17:00:00,19.7,5.8,335.5,100
2025-04-20 18:00:00,19.4,5.3,169.8,100
2025-04-20 19:00:00,18.9,0.8,43.0,0
2025-04-20 20:00:00,17.7,5.2,0.2,0
2025-04-20 21:00:00,16.4,3.6,0.0,100
2025-04-20 22:00:00,15.5,3.2,0.0,100
2025-04-20 23:00:00,14.8,2.9,0.0,100
2025-04-21 00:00:00,14.3,3.1,0.0,100
2025-04-21 01:00:00,13.3,1.8,0.0,100
2025-04-21 02:00:00,13.5,8.9,0.0,100
2025-04-21 03:00:00,13.0,3.4,0.0,100
2025-04-21 04:00:00,13.4,3.1,0.0,93
2025-04-21 05:00:00,13.3,4.3,0.0,100
2025-04-21 06:00:00,13.4,2.8,21.0,98
2025-04-21 07:00:00,13.0,4.3,85.2,100
2025-04-21 08:00:00,13.7,5.8,165.0,100
2025-04-21 09:00:00,14.4,6.5,165.5,100
2025-04-21 10:00:00,15.4,7.2,222.8,100
2025-04-21 11:00:00,16.0,9.0,356.8,100
2025-04-21 12:00:00,17.0,4.7,394.5,95
2025-04-21 13:00:00,18.0,9.5,424.5,100
2025-04-21 14:00:00,18.2,8.6,365.0,100
2025-04-21 15:00:00,18.3,8.0,280.8,100
2025-04-21 16:00:00,18.6,6.6,233.0,100
2025-04-21 17:00:00,18.7,7.1,183.8,100
2025-04-21 18:00:00,17.5,9.6,95.0,100
2025-04-21 19:00:00,17.1,7.9,38.2,81
2025-04-21 20:00:00,15.8,6.8,0.5,100
2025-04-21 21:00:00,14.9,5.9,0.0,1
2025-04-21 22:00:00,13.8,6.1,0.0,0
2025-04-21 23:00:00,13.2,4.7,0.0,0
2025-04-22 00:00:00,12.7,5.4,0.0,0
2025-04-22 01:00:00,11.6,6.0,0.0,18
2025-04-22 02:00:00,11.6,1.1,0.0,65
2025-04-22 03:00:00,11.1,5.9,0.0,44
2025-04-22 04:00:00,10.6,5.8,0.0,70
2025-04-22 05:00:00,10.6,5.4,0.0,88
2025-04-22 06:00:00,10.9,4.7,25.5,47
2025-04-22 07:00:00,11.4,7.2,122.8,97
2025-04-22 08:00:00,12.4,6.2,132.2,100
2025-04-22 09:00:00,13.4,4.1,157.8,100
2025-04-22 10:00:00,14.6,6.5,312.5,51
2025-04-22 11:00:00,16.0,6.2,481.2,88
2025-04-22 12:00:00,17.2,6.3,561.0,56
2025-04-22 13:00:00,18.1,7.9,656.8,100
2025-04-22 14:00:00,18.3,6.6,285.0,73
2025-04-22 15:00:00,18.0,15.8,400.5,100
2025-04-22 16:00:00,17.5,12.0,394.8,79
2025-04-22 17:00:00,17.5,9.4,231.8,100
2025-04-22 18:00:00,17.3,6.5,138.0,38
2025-04-22 19:00:00,17.5,9.1,49.5,98
2025-04-22 20:00:00,16.6,7.1,0.5,94
2025-04-22 21:00:00,15.7,7.1,0.0,52
2025-04-22 22:00:00,14.6,1.5,0.0,78
2025-04-22 23:00:00,13.8,6.0,0.0,80
2025-04-23 00:00:00,13.3,3.8,0.0,71
2025-04-23 01:00:00,12.5,5.6,0.0,89
2025-04-23 02:00:00,12.1,5.6,0.0,100
2025-04-23 03:00:00,11.7,3.8,0.0,100
2025-04-23 04:00:00,11.1,1.5,0.0,87
2025-04-23 05:00:00,10.7,4.2,0.0,62
2025-04-23 06:00:00,10.4,2.7,38.2,100
2025-04-23 07:00:00,10.8,3.4,137.8,77
2025-04-23 08:00:00,12.2,4.5,280.2,37
2025-04-23 09:00:00,14.3,4.6,457.0,100
2025-04-23 10:00:00,16.0,3.3,553.5,100
2025-04-23 11:00:00,16.9,5.4,413.2,100
2025-04-23 12:00:00,17.2,6.4,356.5,99
2025-04-23 13:00:00,18.5,5.2,521.0,100
2025-04-23 14:00:00,19.0,3.6,468.5,100
2025-04-23 15:00:00,17.9,10.9,333.5,100
2025-04-23 16:00:00,16.9,11.2,301.2,100
2025-04-23 17:00:00,17.6,11.1,231.2,100
2025-04-23 18:00:00,17.2,10.6,142.8,100
2025-04-23 19:00:00,16.7,10.2,47.8,0
2025-04-23 20:00:00,15.6,9.3,0.8,0
2025-04-23 21:00:00,14.3,9.8,0.0,3
2025-04-23 22:00:00,13.2,12.0,0.0,0
2025-04-23 23:00:00,12.5,12.4,0.0,38
2025-04-24 00:00:00,11.8,10.6,0.0,13
2025-04-24 01:00:00,11.2,9.4,0.0,43
2025-04-24 02:00:00,10.7,10.1,0.0,100
2025-04-24 03:00:00,10.2,9.4,0.0,100
2025-04-24 04:00:00,9.6,12.0,0.0,100
2025-04-24 05:00:00,9.4,11.5,0.0,100
2025-04-24 06:00:00,9.5,11.6,40.5,100
2025-04-24 07:00:00,10.3,10.7,135.2,100
2025-04-24 08:00:00,11.6,12.3,253.8,100
2025-04-24 09:00:00,13.4,11.2,414.2,100
2025-04-24 10:00:00,15.0,12.1,476.8,100
2025-04-24 11:00:00,16.4,13.4,549.8,100
2025-04-24 12:00:00,17.3,14.7,603.8,100
2025-04-24 13:00:00,17.5,13.4,541.2,100
2025-04-24 14:00:00,17.8,13.7,563.5,100
2025-04-24 15:00:00,18.0,13.0,519.0,100
2025-04-24 16:00:00,17.8,13.6,410.0,100
2025-04-24 17:00:00,17.3,13.6,283.5,100
2025-04-24 18:00:00,16.4,13.7,153.5,100
2025-04-24 19:00:00,15.5,13.1,45.2,100
2025-04-24 20:00:00,14.0,13.4,0.8,100
2025-04-24 21:00:00,12.5,13.0,0.0,100
2025-04-24 22:00:00,11.4,12.8,0.0,100
2025-04-24 23:00:00,10.0,12.9,0.0,100
2025-04-25 00:00:00,9.2,13.3,0.0,100
2025-04-25 01:00:00,9.0,16.9,0.0,100
2025-04-25 02:00:00,8.7,13.0,0.0,100
2025-04-25 03:00:00,8.4,13.5,0.0,100
2025-04-25 04:00:00,8.4,14.0,0.0,94
2025-04-25 05:00:00,8.0,12.2,0.2,100
2025-04-25 06:00:00,7.6,12.7,27.8,99
2025-04-25 07:00:00,7.8,12.5,91.0,100
2025-04-25 08:00:00,8.5,13.3,127.8,100
2025-04-25 09:00:00,9.5,11.5,362.0,89
2025-04-25 10:00:00,10.2,9.3,526.5,100
2025-04-25 11:00:00,12.2,10.0,639.0,100
2025-04-25 12:00:00,14.1,10.4,732.0,46
2025-04-25 13:00:00,15.8,11.9,765.8,100
2025-04-25 14:00:00,16.4,13.1,725.0,36
2025-04-25 15:00:00,16.6,13.9,646.0,29
2025-04-25 16:00:00,17.4,14.3,515.8,34
2025-04-25 17:00:00,16.8,15.4,366.5,0
2025-04-25 18:00:00,16.1,15.3,208.5,0
2025-04-25 19:00:00,14.8,15.2,66.8,0
2025-04-25 20:00:00,13.1,15.1,1.5,0
2025-04-25 21:00:00,11.4,13.7,0.0,0
2025-04-25 22:00:00,10.3,13.0,0.0,0
2025-04-25 23:00:00,9.5,11.2,0.0,9
2025-04-26 00:00:00,8.9,11.6,0.0,6
2025-04-26 01:00:00,8.2,10.0,0.0,0
2025-04-26 02:00:00,8.0,9.0,0.0,0
2025-04-26 03:00:00,7.6,9.3,0.0,42
2025-04-26 04:00:00,6.8,9.7,0.0,45
2025-04-26 05:00:00,6.5,10.8,0.5,11
2025-04-26 06:00:00,6.3,10.8,51.5,12
2025-04-26 07:00:00,6.9,10.4,182.2,0
2025-04-26 08:00:00,8.0,9.7,341.0,0
2025-04-26 09:00:00,9.7,10.5,495.0,0
2025-04-26 10:00:00,11.1,12.0,629.2,0
2025-04-26 11:00:00,12.3,12.4,726.8,0
2025-04-26 12:00:00,13.4,13.5,782.5,0
2025-04-26 13:00:00,14.3,13.0,790.0,0
2025-04-26 14:00:00,14.7,12.6,745.0,0
2025-04-26 15:00:00,15.2,15.3,655.8,0
2025-04-26 16:00:00,15.3,14.7,531.0,0
2025-04-26 17:00:00,14.9,14.8,380.5,0
2025-04-26 18:00:00,14.4,13.1,217.0,0
2025-04-26 19:00:00,14.0,10.5,70.5,0
2025-04-26 20:00:00,12.9,9.9,2.2,0
2025-04-26 21:00:00,11.4,11.5,0.0,0
2025-04-26 22:00:00,9.9,11.9,0.0,1
2025-04-26 23:00:00,8.7,11.7,0.0,0
2025-04-27 00:00:00,7.9,10.2,0.0,0
2025-04-27 01:00:00,7.4,8.0,0.0,0
2025-04-27 02:00:00,7.0,10.2,0.0,0
2025-04-27 03:00:00,6.4,9.2,0.0,0
2025-04-27 04:00:00,5.7,9.5,0.0,0
2025-04-27 05:00:00,5.0,9.5,0.8,0
2025-04-27 06:00:00,4.8,8.9,55.2,0
2025-04-27 07:00:00,5.6,9.5,188.8,0
2025-04-27 08:00:00,7.2,9.8,348.8,0
2025-04-27 09:00:00,9.4,9.3,505.0,0
2025-04-27 10:00:00,12.2,9.5,637.2,0
2025-04-27 11:00:00,13.9,10.8,736.5,0
2025-04-27 12:00:00,15.1,11.8,789.0,0
2025-04-27 13:00:00,16.1,10.7,794.0,0
2025-04-27 14:00:00,16.9,11.1,750.2,4
2025-04-27 15:00:00,17.4,12.1,661.5,10
2025-04-27 16:00:00,18.0,10.9,536.2,0
2025-04-27 17:00:00,17.6,11.0,385.0,4
2025-04-27 18:00:00,16.9,10.2,220.8,1
2025-04-27 19:00:00,16.6,10.2,73.8,1
2025-04-27 20:00:00,15.3,9.1,2.8,36
2025-04-27 21:00:00,13.5,8.2,0.0,1
2025-04-27 22:00:00,11.9,9.0,0.0,1
2025-04-27 23:00:00,11.0,7.9,0.0,1
2025-04-28 00:00:00,10.2,7.0,0.0,0
2025-04-28 01:00:00,9.2,6.4,0.0,0
2025-04-28 02:00:00,8.5,6.0,0.0,0
2025-04-28 03:00:00,8.1,4.9,0.0,1
2025-04-28 04:00:00,7.1,5.6,0.0,7
2025-04-28 05:00:00,6.9,5.6,1.2,0
2025-04-28 06:00:00,6.9,5.8,58.2,0
2025-04-28 07:00:00,8.1,5.6,191.5,0
2025-04-28 08:00:00,10.0,4.4,351.8,0
2025-04-28 09:00:00,12.3,4.0,508.2,0
2025-04-28 10:00:00,15.2,4.3,643.0,0
2025-04-28 11:00:00,17.1,2.7,743.5,0
2025-04-28 12:00:00,18.4,1.6,796.0,0
2025-04-28 13:00:00,19.4,1.9,798.8,0
2025-04-28 14:00:00,20.4,1.0,754.8,0
2025-04-28 15:00:00,20.7,2.9,665.0,0
2025-04-28 16:00:00,21.3,4.8,537.0,9
2025-04-28 17:00:00,21.3,5.0,386.0,0
2025-04-28 18:00:00,20.7,8.0,222.2,0
2025-04-28 19:00:00,20.1,6.6,77.2,0
2025-04-28 20:00:00,18.7,5.6,3.0,2
2025-04-28 21:00:00,17.4,3.7,0.0,34
2025-04-28 22:00:00,16.0,1.8,0.0,59
2025-04-28 23:00:00,15.4,3.0,0.0,57
2025-04-29 00:00:00,14.5,3.0,0.0,71
2025-04-29 01:00:00,11.8,2.6,0.0,1
2025-04-29 02:00:00,11.4,2.9,0.0,0
2025-04-29 03:00:00,11.0,3.7,0.0,11
2025-04-29 04:00:00,9.4,3.3,0.0,45
2025-04-29 05:00:00,10.1,5.5,1.5,95
2025-04-29 06:00:00,10.0,5.2,57.5,0
2025-04-29 07:00:00,10.5,5.2,187.5,100
2025-04-29 08:00:00,12.3,7.1,309.8,97
2025-04-29 09:00:00,14.0,7.6,412.0,100
2025-04-29 10:00:00,16.8,8.0,513.0,96
2025-04-29 11:00:00,18.3,9.8,660.2,37
2025-04-29 12:00:00,19.5,10.3,747.0,74
2025-04-29 13:00:00,20.4,9.6,646.0,89
2025-04-29 14:00:00,20.9,9.5,647.2,64
2025-04-29 15:00:00,21.6,9.4,604.0,50
2025-04-29 16:00:00,21.8,9.2,464.0,78
2025-04-29 17:00:00,22.1,9.6,292.5,100
2025-04-29 18:00:00,21.4,10.1,132.8,60
2025-04-29 19:00:00,20.7,10.4,71.8,100
2025-04-29 20:00:00,19.1,9.0,3.5,1
2025-04-29 21:00:00,17.4,9.0,0.0,54
2025-04-29 22:00:00,15.8,6.6,0.0,1
2025-04-29 23:00:00,14.9,4.9,0.0,44
2025-04-30 00:00:00,14.2,3.2,0.0,9
2025-04-30 01:00:00,13.3,2.4,0.0,3
2025-04-30 02:00:00,12.9,2.4,0.0,34
2025-04-30 03:00:00,12.4,2.6,0.0,9
2025-04-30 04:00:00,11.7,2.7,0.0,18
2025-04-30 05:00:00,11.2,3.2,2.0,18
2025-04-30 06:00:00,11.3,3.2,60.5,44
2025-04-30 07:00:00,12.7,3.3,190.0,35
2025-04-30 08:00:00,14.5,5.1,342.8,10
2025-04-30 09:00:00,16.5,6.2,494.5,6
2025-04-30 10:00:00,18.2,7.3,622.8,38
2025-04-30 11:00:00,19.4,10.4,653.2,86
2025-04-30 12:00:00,20.2,9.4,706.2,100
2025-04-30 13:00:00,21.0,8.0,678.0,74
2025-04-30 14:00:00,21.8,9.0,702.0,31
2025-04-30 15:00:00,22.2,9.9,627.8,97
2025-04-30 16:00:00,22.8,9.2,483.8,77
2025-04-30 17:00:00,22.5,8.7,365.0,21
2025-04-30 18:00:00,22.1,8.4,217.5,11
2025-04-30 19:00:00,21.8,7.8,77.8,37
2025-04-30 20:00:00,20.1,7.3,4.0,1
2025-04-30 21:00:00,18.6,6.8,0.0,1
2025-04-30 22:00:00,16.9,7.0,0.0,4
2025-04-30 23:00:00,15.6,5.8,0.0,0
2025-05-01 00:00:00,14.9,5.4,0.0,33
2025-05-01 01:00:00,13.7,4.6,0.0,100
2025-05-01 02:00:00,13.1,2.7,0.0,100
2025-05-01 03:00:00,12.8,1.1,0.0,100
2025-05-01 04:00:00,12.0,1.5,0.0,0
2025-05-01 05:00:00,11.7,2.6,2.5,0
2025-05-01 06:00:00,11.9,0.8,67.2,1
2025-05-01 07:00:00,14.0,2.1,201.0,0
2025-05-01 08:00:00,15.9,2.9,359.8,0
2025-05-01 09:00:00,17.9,4.5,513.0,0
2025-05-01 10:00:00,19.8,3.3,643.5,0
2025-05-01 11:00:00,21.2,3.3,738.5,0
2025-05-01 12:00:00,22.3,2.9,789.2,9
2025-05-01 13:00:00,23.4,2.3,784.8,87
2025-05-01 14:00:00,23.9,2.3,731.5,87
2025-05-01 15:00:00,24.1,3.5,601.0,82
2025-05-01 16:00:00,24.6,3.6,469.0,0
2025-05-01 17:00:00,24.3,5.9,382.5,2
2025-05-01 18:00:00,23.9,5.8,220.8,6
2025-05-01 19:00:00,23.6,5.8,83.0,7
2025-05-01 20:00:00,22.4,5.8,4.8,91
2025-05-01 21:00:00,20.6,6.4,0.0,57
2025-05-01 22:00:00,19.5,5.6,0.0,0
2025-05-01 23:00:00,18.4,7.3,0.0,0
2025-05-02 00:00:00,17.5,7.8,0.0,39
2025-05-02 01:00:00,16.5,7.9,0.0,34
2025-05-02 02:00:00,15.7,7.0,0.0,25
2025-05-02 03:00:00,14.9,7.5,0.0,1
2025-05-02 04:00:00,14.0,7.7,0.0,56
2025-05-02 05:00:00,13.7,6.7,2.8,100
2025-05-02 06:00:00,14.0,7.6,34.5,100
2025-05-02 07:00:00,15.3,7.6,89.2,3
2025-05-02 08:00:00,17.3,6.0,327.8,100
2025-05-02 09:00:00,19.8,6.5,375.0,100
2025-05-02 10:00:00,23.3,9.0,469.5,100
2025-05-02 11:00:00,25.1,10.5,676.0,63
2025-05-02 12:00:00,26.6,11.4,764.2,59
2025-05-02 13:00:00,27.5,17.4,627.0,58
2025-05-02 14:00:00,28.0,16.4,579.5,82
2025-05-02 15:00:00,27.6,14.1,522.5,80
2025-05-02 16:00:00,27.1,17.5,274.0,73
2025-05-02 17:00:00,27.0,15.1,254.8,100
2025-05-02 18:00:00,21.2,18.9,79.2,100
2025-05-02 19:00:00,17.2,12.0,23.0,96
2025-05-02 20:00:00,17.2,3.7,1.2,100
2025-05-02 21:00:00,17.4,0.0,0.0,90
2025-05-02 22:00:00,16.7,6.8,0.0,18
2025-05-02 23:00:00,15.8,8.0,0.0,53
2025-05-03 00:00:00,15.0,8.0,0.0,64
2025-05-03 01:00:00,14.6,7.6,0.0,84
2025-05-03 02:00:00,14.3,6.6,0.0,81
2025-05-03 03:00:00,14.1,6.6,0.0,80
2025-05-03 04:00:00,13.8,8.6,0.0,63
2025-05-03 05:00:00,13.1,7.9,3.0,79
2025-05-03 06:00:00,12.4,9.7,47.8,88
2025-05-03 07:00:00,12.1,8.5,143.0,43
2025-05-03 08:00:00,12.7,6.9,348.5,0
2025-05-03 09:00:00,13.7,8.9,505.0,38
2025-05-03 10:00:00,14.4,9.2,620.5,100
2025-05-03 11:00:00,15.3,8.7,669.8,86
2025-05-03 12:00:00,16.3,6.9,644.5,98
2025-05-03 13:00:00,16.9,6.2,486.5,100
2025-05-03 14:00:00,17.0,4.8,387.5,100
2025-05-03 15:00:00,16.4,10.3,147.0,100
2025-05-03 16:00:00,15.9,6.9,119.0,100
2025-05-03 17:00:00,15.6,6.3,97.8,100
2025-05-03 18:00:00,15.3,5.6,97.0,100
2025-05-03 19:00:00,15.3,6.6,41.5,100
2025-05-03 20:00:00,14.6,7.2,2.5,100
2025-05-03 21:00:00,14.3,11.3,0.0,100
2025-05-03 22:00:00,14.1,9.1,0.0,100
2025-05-03 23:00:00,13.4,12.0,0.0,89
2025-05-04 00:00:00,12.7,12.3,0.0,100
2025-05-04 01:00:00,12.0,19.5,0.0,84
2025-05-04 02:00:00,10.8,18.1,0.0,72
2025-05-04 03:00:00,9.5,17.3,0.0,84
2025-05-04 04:00:00,9.2,19.8,0.0,57
2025-05-04 05:00:00,8.5,17.8,4.0,100
2025-05-04 06:00:00,8.5,18.1,48.5,82
2025-05-04 07:00:00,9.2,18.9,145.8,97
2025-05-04 08:00:00,9.8,18.2,245.0,70
2025-05-04 09:00:00,10.7,17.6,204.5,100
2025-05-04 10:00:00,10.9,15.2,329.5,95
2025-05-04 11:00:00,11.7,16.2,270.8,100
2025-05-04 12:00:00,12.5,15.6,431.5,100
2025-05-04 13:00:00,12.6,16.3,294.5,89
2025-05-04 14:00:00,13.7,15.8,574.2,100
2025-05-04 15:00:00,13.6,14.8,393.5,89
2025-05-04 16:00:00,14.0,14.3,234.0,100
2025-05-04 17:00:00,13.7,15.0,170.8,86
2025-05-04 18:00:00,13.4,14.3,161.0,83
2025-05-04 19:00:00,12.2,11.2,76.5,33
2025-05-04 20:00:00,11.0,13.0,7.0,100
2025-05-04 21:00:00,9.9,7.4,0.0,100
2025-05-04 22:00:00,9.2,10.5,0.0,91
2025-05-04 23:00:00,8.2,10.5,0.0,51
2025-05-05 00:00:00,7.4,8.9,0.0,70
2025-05-05 01:00:00,6.8,9.2,0.0,28
2025-05-05 02:00:00,6.3,7.6,0.0,38
2025-05-05 03:00:00,5.9,7.9,0.0,63
2025-05-05 04:00:00,5.0,9.2,0.0,28
2025-05-05 05:00:00,4.7,7.9,4.8,77
2025-05-05 06:00:00,5.1,8.2,59.8,79
2025-05-05 07:00:00,5.7,10.3,147.2,77
2025-05-05 08:00:00,6.7,12.1,251.8,80
2025-05-05 09:00:00,8.5,14.6,473.0,30
2025-05-05 10:00:00,10.3,13.8,666.2,0
2025-05-05 11:00:00,11.5,14.6,765.2,10
2025-05-05 12:00:00,12.2,15.6,815.8,0
2025-05-05 13:00:00,13.0,15.0,821.8,44
2025-05-05 14:00:00,13.1,10.4,650.2,26
2025-05-05 15:00:00,13.3,17.6,540.2,100
2025-05-05 16:00:00,13.1,12.2,529.2,17
2025-05-05 17:00:00,13.2,8.8,409.2,43
2025-05-05 18:00:00,12.6,12.7,234.8,24
2025-05-05 19:00:00,12.1,11.5,97.5,0
2025-05-05 20:00:00,11.1,8.8,8.8,0
2025-05-05 21:00:00,9.7,10.2,0.0,0
2025-05-05 22:00:00,8.3,8.7,0.0,0
2025-05-05 23:00:00,7.3,7.2,0.0,0
2025-05-06 00:00:00,6.6,5.7,0.0,0
2025-05-06 01:00:00,5.7,4.8,0.0,0
2025-05-06 02:00:00,5.6,3.8,0.0,0
2025-05-06 03:00:00,5.3,4.0,0.0,0
2025-05-06 04:00:00,4.0,3.2,0.0,0
2025-05-06 05:00:00,4.0,2.4,6.5,0
2025-05-06 06:00:00,4.6,2.9,88.0,0
2025-05-06 07:00:00,6.1,3.9,232.8,0
2025-05-06 08:00:00,7.9,6.3,393.8,0
2025-05-06 09:00:00,10.0,7.4,547.8,0
2025-05-06 10:00:00,11.8,7.3,676.8,0
2025-05-06 11:00:00,13.2,8.0,768.8,0
2025-05-06 12:00:00,14.3,9.2,814.5,7
2025-05-06 13:00:00,15.4,10.8,815.5,1
2025-05-06 14:00:00,16.0,11.2,768.5,17
2025-05-06 15:00:00,16.2,12.3,658.2,40
2025-05-06 16:00:00,14.9,16.9,285.2,100
2025-05-06 17:00:00,13.9,14.8,199.5,79
2025-05-06 18:00:00,13.5,12.1,119.0,100
2025-05-06 19:00:00,13.3,11.4,43.0,77
2025-05-06 20:00:00,12.9,8.1,6.5,100
2025-05-06 21:00:00,12.2,6.6,0.0,100
2025-05-06 22:00:00,11.1,7.2,0.0,53
2025-05-06 23:00:00,10.0,6.7,0.0,0
2025-05-07 00:00:00,9.3,7.2,0.0,30
2025-05-07 01:00:00,8.1,7.1,0.0,47
2025-05-07 02:00:00,7.6,7.1,0.0,90
2025-05-07 03:00:00,7.1,7.1,0.0,0
2025-05-07 04:00:00,6.8,7.1,0.0,68
2025-05-07 05:00:00,6.4,8.7,6.5,100
2025-05-07 06:00:00,6.6,8.9,72.5,100
2025-05-07 07:00:00,7.9,10.2,189.8,88
2025-05-07 08:00:00,9.5,10.9,361.0,100
2025-05-07 09:00:00,11.0,13.0,433.5,100
2025-05-07 10:00:00,12.6,12.0,616.8,94
2025-05-07 11:00:00,13.9,13.5,744.0,100
2025-05-07 12:00:00,14.7,15.2,711.0,100
2025-05-07 13:00:00,15.1,15.8,763.2,100
2025-05-07 14:00:00,15.5,16.1,745.8,76
2025-05-07 15:00:00,15.8,14.7,656.0,100
2025-05-07 16:00:00,15.6,16.1,490.2,100
2025-05-07 17:00:00,15.0,15.4,314.2,100
2025-05-07 18:00:00,14.3,14.3,183.0,100
2025-05-07 19:00:00,14.1,11.3,82.8,100
2025-05-07 20:00:00,13.6,10.0,7.2,100
2025-05-07 21:00:00,11.9,10.4,0.0,100
2025-05-07 22:00:00,11.1,9.3,0.0,60
2025-05-07 23:00:00,10.2,8.2,0.0,100
2025-05-08 00:00:00,9.5,7.4,0.0,100
2025-05-08 01:00:00,8.6,7.9,0.0,86
2025-05-08 02:00:00,7.9,7.9,0.0,1
2025-05-08 03:00:00,7.3,7.5,0.0,67
2025-05-08 04:00:00,6.2,6.8,0.0,52
2025-05-08 05:00:00,6.0,6.9,8.0,12
2025-05-08 06:00:00,6.6,5.4,92.0,61
2025-05-08 07:00:00,8.8,4.7,227.8,94
2025-05-08 08:00:00,10.3,5.0,365.8,29
2025-05-08 09:00:00,11.9,4.1,544.5,11
2025-05-08 10:00:00,13.1,5.0,529.0,33
2025-05-08 11:00:00,14.1,10.2,607.8,88
2025-05-08 12:00:00,15.0,14.1,578.5,100
2025-05-08 13:00:00,14.9,11.2,422.8,89
2025-05-08 14:00:00,15.4,8.8,433.2,100
2025-05-08 15:00:00,15.1,5.7,275.8,86
2025-05-08 16:00:00,15.0,5.9,210.2,74
2025-05-08 17:00:00,14.9,8.6,234.8,100
2025-05-08 18:00:00,14.7,6.4,144.2,100
2025-05-08 19:00:00,14.4,6.4,65.2,98
2025-05-08 20:00:00,13.8,7.1,8.0,82
2025-05-08 21:00:00,12.9,5.2,0.0,72
2025-05-08 22:00:00,12.0,3.7,0.0,54
2025-05-08 23:00:00,11.4,3.3,0.0,17
2025-05-09 00:00:00,10.9,2.9,0.0,26
2025-05-09 01:00:00,10.1,2.1,0.0,73
2025-05-09 02:00:00,9.4,4.1,0.0,35
2025-05-09 03:00:00,8.5,3.8,0.0,0
2025-05-09 04:00:00,7.6,4.1,0.0,8
2025-05-09 05:00:00,7.2,3.1,8.8,4
2025-05-09 06:00:00,7.6,2.6,94.2,0
2025-05-09 07:00:00,9.2,1.5,237.5,65
2025-05-09 08:00:00,11.2,1.8,394.5,0
2025-05-09 09:00:00,13.4,3.0,551.0,0
2025-05-09 10:00:00,14.8,2.3,670.8,71
2025-05-09 11:00:00,15.9,2.4,688.0,61
2025-05-09 12:00:00,16.5,3.9,691.0,62
2025-05-09 13:00:00,17.6,3.4,717.8,78
2025-05-09 14:00:00,17.4,6.7,314.2,100
2025-05-09 15:00:00,17.7,2.5,421.8,90
2025-05-09 16:00:00,18.6,6.9,362.2,100
2025-05-09 17:00:00,18.5,5.6,302.8,91
2025-05-09 18:00:00,18.3,6.9,200.0,15
2025-05-09 19:00:00,18.0,9.4,99.2,73
2025-05-09 20:00:00,17.5,5.5,12.2,65
2025-05-09 21:00:00,16.5,4.4,0.0,73
2025-05-09 22:00:00,15.4,5.1,0.0,78
2025-05-09 23:00:00,14.8,5.8,0.0,82
2025-05-10 00:00:00,14.0,7.3,0.0,78
2025-05-10 01:00:00,13.2,8.0,0.0,73
2025-05-10 02:00:00,12.3,6.1,0.0,77
2025-05-10 03:00:00,11.8,5.9,0.0,96
2025-05-10 04:00:00,11.6,5.5,0.0,79
2025-05-10 05:00:00,10.8,6.1,9.2,100
2025-05-10 06:00:00,10.7,6.4,81.0,68
2025-05-10 07:00:00,11.0,6.7,219.2,76
2025-05-10 08:00:00,12.0,6.4,306.5,96
2025-05-10 09:00:00,13.4,8.2,387.8,97
2025-05-10 10:00:00,14.8,9.5,365.5,99
2025-05-10 11:00:00,15.5,10.6,348.0,94
2025-05-10 12:00:00,15.6,12.0,327.0,100
2025-05-10 13:00:00,15.3,10.8,257.2,100
2025-05-10 14:00:00,15.9,9.5,303.0,100
2025-05-10 15:00:00,17.0,8.4,432.0,96
2025-05-10 16:00:00,18.0,10.4,294.8,90
2025-05-10 17:00:00,17.7,10.1,251.2,85
2025-05-10 18:00:00,17.1,13.0,160.0,66
2025-05-10 19:00:00,16.6,11.2,88.8,62
2025-05-10 20:00:00,14.9,13.2,11.2,5
2025-05-10 21:00:00,13.1,14.3,0.0,87
2025-05-10 22:00:00,11.3,12.2,0.0,7
2025-05-10 23:00:00,9.8,11.2,0.0,0
2025-05-11 00:00:00,8.7,9.7,0.0,8
2025-05-11 01:00:00,8.2,8.3,0.0,46
2025-05-11 02:00:00,7.8,8.0,0.0,80
2025-05-11 03:00:00,7.5,7.7,0.0,42
2025-05-11 04:00:00,6.5,6.8,0.0,98
2025-05-11 05:00:00,6.5,7.1,10.5,75
2025-05-11 06:00:00,6.8,7.7,90.0,56
2025-05-11 07:00:00,8.1,7.2,206.0,60
2025-05-11 08:00:00,9.7,6.9,363.2,100
2025-05-11 09:00:00,11.5,7.2,472.0,100
2025-05-11 10:00:00,13.5,6.5,652.5,87
2025-05-11 11:00:00,14.9,6.9,631.8,88
2025-05-11 12:00:00,16.1,8.3,740.2,82
2025-05-11 13:00:00,16.8,8.5,778.5,33
2025-05-11 14:00:00,17.4,9.5,771.2,14
2025-05-11 15:00:00,17.6,10.3,691.0,5
2025-05-11 16:00:00,17.8,9.9,504.8,0
2025-05-11 17:00:00,17.6,11.0,424.0,0
2025-05-11 18:00:00,17.2,10.8,265.8,0
2025-05-11 19:00:00,16.4,12.5,115.0,0
2025-05-11 20:00:00,15.0,12.5,15.5,0
2025-05-11 21:00:00,13.7,10.1,0.0,0
2025-05-11 22:00:00,11.2,14.6,0.0,0
2025-05-11 23:00:00,9.9,13.9,0.0,0
2025-05-12 00:00:00,9.0,11.9,0.0,0
2025-05-12 01:00:00,8.3,10.1,0.0,0
2025-05-12 02:00:00,7.7,9.6,0.0,0
2025-05-12 03:00:00,6.9,8.2,0.0,0
2025-05-12 04:00:00,5.6,9.2,0.0,22
2025-05-12 05:00:00,5.0,8.5,12.2,0
2025-05-12 06:00:00,5.1,8.7,102.5,1
2025-05-12 07:00:00,6.2,7.2,246.2,4
2025-05-12 08:00:00,8.1,7.0,406.2,3
2025-05-12 09:00:00,10.5,7.0,559.5,7
2025-05-12 10:00:00,13.4,1.8,691.0,0
2025-05-12 11:00:00,15.5,1.1,791.0,0
2025-05-12 12:00:00,16.7,0.8,842.0,0
2025-05-12 13:00:00,17.1,4.1,838.5,7
2025-05-12 14:00:00,17.5,6.6,779.0,43
2025-05-12 15:00:00,18.1,14.3,602.0,55
2025-05-12 16:00:00,18.7,9.7,560.0,34
2025-05-12 17:00:00,18.1,12.9,361.5,64
2025-05-12 18:00:00,17.9,10.7,232.2,20
2025-05-12 19:00:00,17.0,11.9,106.8,14
2025-05-12 20:00:00,16.0,10.1,16.5,0
2025-05-12 21:00:00,14.6,8.0,0.0,0
2025-05-12 22:00:00,12.6,8.4,0.0,0
2025-05-12 23:00:00,11.8,6.5,0.0,0
2025-05-13 00:00:00,11.2,5.8,0.0,0
2025-05-13 01:00:00,9.8,6.0,0.0,0
2025-05-13 02:00:00,9.3,4.7,0.0,0
2025-05-13 03:00:00,8.8,4.2,0.0,0
2025-05-13 04:00:00,7.5,4.4,0.0,0
2025-05-13 05:00:00,6.9,4.7,13.2,0
2025-05-13 06:00:00,7.2,3.1,106.5,22
2025-05-13 07:00:00,9.2,2.8,252.0,0
2025-05-13 08:00:00,11.4,3.5,414.5,0
2025-05-13 09:00:00,13.7,3.7,567.0,9
2025-05-13 10:00:00,15.8,1.9,695.8,1
2025-05-13 11:00:00,16.9,4.1,790.5,0
2025-05-13 12:00:00,18.1,3.4,834.8,12
2025-05-13 13:00:00,18.9,8.0,812.8,40
2025-05-13 14:00:00,19.4,6.0,777.8,0
2025-05-13 15:00:00,20.1,3.1,699.5,0
2025-05-13 16:00:00,20.9,10.0,577.8,5
2025-05-13 17:00:00,20.5,8.3,428.5,2
2025-05-13 18:00:00,20.0,8.7,270.5,1
2025-05-13 19:00:00,20.1,6.4,120.2,30
2025-05-13 20:00:00,19.4,5.5,17.2,77
2025-05-13 21:00:00,18.3,4.6,0.0,79
2025-05-13 22:00:00,16.6,1.8,0.0,95
2025-05-13 23:00:00,15.9,2.2,0.0,11
2025-05-14 00:00:00,14.8,4.1,0.0,100
2025-05-14 01:00:00,13.0,6.0,0.0,100
2025-05-14 02:00:00,12.7,4.6,0.0,100
2025-05-14 03:00:00,12.8,5.8,0.0,96
2025-05-14 04:00:00,12.4,5.8,0.0,100
2025-05-14 05:00:00,11.5,8.0,12.5,100
2025-05-14 06:00:00,11.6,7.8,87.0,87
2025-05-14 07:00:00,13.0,7.7,226.0,17
2025-05-14 08:00:00,14.8,7.6,402.5,17
2025-05-14 09:00:00,16.9,11.2,542.0,100
2025-05-14 10:00:00,18.6,15.3,635.0,100
2025-05-14 11:00:00,19.6,16.6,763.8,13
2025-05-14 12:00:00,20.5,16.3,818.8,45
2025-05-14 13:00:00,21.1,15.9,808.0,83
2025-05-14 14:00:00,21.8,16.9,768.5,68
2025-05-14 15:00:00,22.1,17.6,648.0,100
2025-05-14 16:00:00,22.2,17.1,445.5,21
2025-05-14 17:00:00,21.6,20.9,308.2,100
2025-05-14 18:00:00,20.9,16.8,221.5,100
2025-05-14 19:00:00,20.0,12.1,82.5,100
2025-05-14 20:00:00,17.3,16.5,17.5,41
2025-05-14 21:00:00,16.2,12.6,0.0,100
2025-05-14 22:00:00,15.3,15.0,0.0,94
2025-05-14 23:00:00,14.1,15.6,0.0,98
2025-05-15 00:00:00,13.1,19.0,0.0,100
2025-05-15 01:00:00,11.9,18.6,0.0,97
2025-05-15 02:00:00,10.8,14.6,0.0,89
2025-05-15 03:00:00,9.7,14.3,0.0,91
2025-05-15 04:00:00,9.3,12.4,0.0,18
2025-05-15 05:00:00,8.4,10.1,16.5,0
2025-05-15 06:00:00,8.3,8.7,117.0,0
2025-05-15 07:00:00,9.3,10.6,267.0,0
2025-05-15 08:00:00,11.3,13.3,428.0,0
2025-05-15 09:00:00,12.9,18.9,539.5,33
2025-05-15 10:00:00,13.5,21.2,444.5,88
2025-05-15 11:00:00,13.8,21.6,382.8,100
2025-05-15 12:00:00,13.8,24.5,417.8,85
2025-05-15 13:00:00,14.3,22.6,432.2,100
2025-05-15 14:00:00,13.1,24.2,343.0,100
2025-05-15 15:00:00,13.3,19.5,300.2,100
2025-05-15 16:00:00,13.0,18.0,334.8,80
2025-05-15 17:00:00,12.8,17.5,198.8,98
2025-05-15 18:00:00,12.8,15.5,188.5,81
2025-05-15 19:00:00,12.0,13.5,97.5,50
2025-05-15 20:00:00,11.5,9.4,18.2,100
2025-05-15 21:00:00,11.2,7.3,0.0,98
2025-05-15 22:00:00,10.5,3.6,0.0,98
2025-05-15 23:00:00,10.3,4.3,0.0,77
2025-05-16 00:00:00,10.2,5.2,0.0,62
2025-05-16 01:00:00,9.8,9.9,0.0,64
2025-05-16 02:00:00,9.4,9.7,0.0,30
2025-05-16 03:00:00,9.3,9.8,0.0,100
2025-05-16 04:00:00,9.5,12.1,0.0,98
2025-05-16 05:00:00,9.4,11.9,14.5,83
2025-05-16 06:00:00,9.5,12.1,74.2,100
2025-05-16 07:00:00,10.4,11.9,131.0,92
2025-05-16 08:00:00,11.6,14.3,312.5,100
2025-05-16 09:00:00,12.3,12.8,282.2,98
2025-05-16 10:00:00,12.3,14.7,319.0,93
2025-05-16 11:00:00,13.5,15.8,432.5,100
2025-05-16 12:00:00,14.4,16.0,548.2,95
2025-05-16 13:00:00,14.9,19.4,287.0,79
2025-05-16 14:00:00,14.8,18.3,299.8,86
2025-05-16 15:00:00,16.4,15.3,506.8,89
2025-05-16 16:00:00,16.9,18.0,419.0,4
2025-05-16 17:00:00,15.9,16.4,393.5,54
2025-05-16 18:00:00,15.0,16.8,238.5,89
2025-05-16 19:00:00,14.4,11.8,89.5,74
2025-05-16 20:00:00,13.6,9.6,18.0,74
2025-05-16 21:00:00,12.7,5.4,0.0,45
2025-05-16 22:00:00,12.4,5.0,0.0,100
2025-05-16 23:00:00,12.1,6.9,0.0,68
2025-05-17 00:00:00,11.5,9.0,0.0,0
2025-05-17 01:00:00,10.6,12.0,0.0,70
2025-05-17 02:00:00,9.6,12.1,0.0,45
2025-05-17 03:00:00,9.4,13.0,0.0,87
2025-05-17 04:00:00,9.6,13.0,0.0,50
2025-05-17 05:00:00,9.2,13.2,14.8,48
2025-05-17 06:00:00,9.4,12.8,83.5,97
2025-05-17 07:00:00,10.7,11.9,182.0,76
2025-05-17 08:00:00,12.0,13.0,259.0,90
2025-05-17 09:00:00,13.7,14.9,417.2,100
2025-05-17 10:00:00,15.5,16.0,273.0,100
2025-05-17 11:00:00,16.1,17.1,395.5,100
2025-05-17 12:00:00,16.9,17.6,480.0,84
2025-05-17 13:00:00,16.2,12.4,584.5,84
2025-05-17 14:00:00,13.5,15.6,454.5,100
2025-05-17 15:00:00,12.8,15.6,339.5,100
2025-05-17 16:00:00,11.0,11.9,245.2,100
2025-05-17 17:00:00,11.0,8.6,153.5,100
2025-05-17 18:00:00,11.4,8.8,154.2,100
2025-05-17 19:00:00,11.1,7.9,74.2,100
2025-05-17 20:00:00,11.0,6.2,17.2,100
2025-05-17 21:00:00,10.6,6.6,0.0,100
2025-05-17 22:00:00,9.6,6.6,0.0,31
2025-05-17 23:00:00,9.0,7.4,0.0,100
2025-05-18 00:00:00,8.5,8.2,0.0,88
2025-05-18 01:00:00,8.0,7.7,0.0,90
2025-05-18 02:00:00,7.7,7.6,0.0,97
2025-05-18 03:00:00,7.7,8.5,0.0,100
2025-05-18 04:00:00,7.2,9.5,0.0,100
2025-05-18 05:00:00,7.0,8.3,16.2,91
2025-05-18 06:00:00,7.6,8.6,54.0,100
2025-05-18 07:00:00,8.3,9.1,85.5,81
2025-05-18 08:00:00,9.7,10.5,232.8,100
2025-05-18 09:00:00,11.5,11.6,318.0,100
2025-05-18 10:00:00,13.2,13.2,402.2,93
2025-05-18 11:00:00,14.7,13.1,586.0,99
2025-05-18 12:00:00,14.0,9.3,361.5,100
2025-05-18 13:00:00,15.0,12.9,383.0,100
2025-05-18 14:00:00,14.7,14.2,225.0,100
2025-05-18 15:00:00,14.4,14.1,206.0,100
2025-05-18 16:00:00,14.2,16.7,231.8,100
2025-05-18 17:00:00,13.0,16.6,139.2,100
2025-05-18 18:00:00,11.7,14.8,82.0,100
2025-05-18 19:00:00,12.1,12.8,31.2,100
2025-05-18 20:00:00,11.7,13.5,6.0,100
2025-05-18 21:00:00,11.4,15.0,0.0,98
2025-05-18 22:00:00,11.1,14.3,0.0,100
2025-05-18 23:00:00,11.1,11.2,0.0,100
2025-05-19 00:00:00,11.1,10.0,0.0,100
2025-05-19 01:00:00,11.1,9.2,0.0,97
2025-05-19 02:00:00,11.1,9.3,0.0,100
2025-05-19 03:00:00,10.9,10.7,0.0,100
2025-05-19 04:00:00,10.9,14.2,0.0,100
2025-05-19 05:00:00,10.8,13.2,3.2,100
2025-05-19 06:00:00,10.9,14.1,14.5,100
2025-05-19 07:00:00,11.1,12.0,40.0,100
2025-05-19 08:00:00,11.5,12.7,129.5,100
2025-05-19 09:00:00,12.1,11.8,181.8,100
2025-05-19 10:00:00,12.1,12.9,226.8,100
2025-05-19 11:00:00,12.5,11.9,117.5,100
2025-05-19 12:00:00,12.8,11.7,84.2,100
2025-05-19 13:00:00,13.7,13.2,134.8,100
2025-05-19 14:00:00,13.6,12.0,181.0,98
2025-05-19 15:00:00,14.0,12.6,216.8,99
2025-05-19 16:00:00,14.8,12.8,206.8,83
2025-05-19 17:00:00,15.0,12.7,268.8,91
2025-05-19 18:00:00,15.1,10.1,174.8,86
2025-05-19 19:00:00,15.2,8.0,91.2,95
2025-05-19 20:00:00,14.8,5.0,17.0,92
2025-05-19 21:00:00,14.1,4.3,0.0,87
2025-05-19 22:00:00,13.4,4.5,0.0,53
2025-05-19 23:00:00,12.6,4.4,0.0,7
2025-05-20 00:00:00,12.0,4.0,0.0,0
2025-05-20 01:00:00,11.3,3.6,0.0,4
2025-05-20 02:00:00,11.0,2.7,0.0,11
2025-05-20 03:00:00,10.7,2.9,0.0,4
2025-05-20 04:00:00,9.3,2.7,0.0,86
2025-05-20 05:00:00,9.0,2.0,19.5,83
2025-05-20 06:00:00,9.8,4.0,111.2,47
2025-05-20 07:00:00,13.1,6.1,259.5,0
2025-05-20 08:00:00,15.0,7.2,419.8,0
2025-05-20 09:00:00,16.9,8.0,568.8,0
2025-05-20 10:00:00,18.7,7.3,693.8,0
2025-05-20 11:00:00,19.9,8.0,783.2,0
2025-05-20 12:00:00,21.0,9.0,816.5,11
2025-05-20 13:00:00,22.0,9.5,672.0,45
2025-05-20 14:00:00,22.6,10.4,678.5,67
2025-05-20 15:00:00,23.3,9.2,557.5,92
2025-05-20 16:00:00,23.2,7.9,398.5,17
2025-05-20 17:00:00,23.1,9.0,432.8,44
2025-05-20 18:00:00,23.2,8.3,217.2,71
2025-05-20 19:00:00,22.9,8.1,104.0,0
2025-05-20 20:00:00,21.9,5.9,28.2,0
2025-05-20 21:00:00,20.5,6.2,0.0,23
2025-05-20 22:00:00,19.1,6.9,0.0,35
2025-05-20 23:00:00,17.9,7.2,0.0,7
2025-05-21 00:00:00,17.0,8.6,0.0,19
2025-05-21 01:00:00,16.0,7.6,0.0,73
2025-05-21 02:00:00,15.2,7.6,0.0,39
2025-05-21 03:00:00,14.3,7.6,0.0,80
2025-05-21 04:00:00,14.0,8.7,0.0,49
2025-05-21 05:00:00,13.8,9.4,9.5,94
2025-05-21 06:00:00,13.8,12.0,69.0,96
2025-05-21 07:00:00,14.2,12.7,244.2,32
2025-05-21 08:00:00,14.8,13.3,420.2,0
2025-05-21 09:00:00,16.1,13.4,577.5,0
2025-05-21 10:00:00,18.5,14.6,708.0,0
2025-05-21 11:00:00,19.7,16.2,806.8,0
2025-05-21 12:00:00,20.5,17.2,859.5,0
2025-05-21 13:00:00,21.5,17.8,861.0,12
2025-05-21 14:00:00,22.0,18.4,782.2,100
2025-05-21 15:00:00,21.9,18.5,639.2,0
2025-05-21 16:00:00,21.2,17.3,602.5,100
2025-05-21 17:00:00,21.3,17.0,432.5,100
2025-05-21 18:00:00,21.1,14.4,237.5,91
2025-05-21 19:00:00,20.3,15.6,122.5,100
2025-05-21 20:00:00,19.4,14.9,25.0,100
2025-05-21 21:00:00,18.2,11.9,0.0,98
2025-05-21 22:00:00,17.2,9.0,0.0,95
2025-05-21 23:00:00,14.8,13.0,0.0,84
2025-05-22 00:00:00,13.1,12.9,0.0,82
2025-05-22 01:00:00,12.3,11.8,0.0,97
2025-05-22 02:00:00,11.5,12.8,0.0,81
2025-05-22 03:00:00,10.8,12.8,0.0,100
2025-05-22 04:00:00,10.4,15.1,0.0,100
2025-05-22 05:00:00,9.4,14.3,18.2,97
2025-05-22 06:00:00,9.5,12.7,99.2,90
2025-05-22 07:00:00,10.4,13.1,211.0,99
2025-05-22 08:00:00,11.2,15.5,231.5,100
2025-05-22 09:00:00,12.2,18.1,438.2,94
2025-05-22 10:00:00,12.6,15.0,507.8,100
2025-05-22 11:00:00,13.5,15.5,462.5,100
2025-05-22 12:00:00,13.8,18.1,519.0,99
2025-05-22 13:00:00,14.5,18.0,640.2,38
2025-05-22 14:00:00,15.4,19.2,717.5,100
2025-05-22 15:00:00,15.5,22.3,607.2,100
2025-05-22 16:00:00,14.9,17.4,403.2,46
2025-05-22 17:00:00,13.0,21.0,344.2,100
2025-05-22 18:00:00,13.0,17.3,232.8,69
2025-05-22 19:00:00,11.3,18.1,113.5,97
2025-05-22 20:00:00,9.5,16.9,17.8,55
2025-05-22 21:00:00,8.4,13.5,0.0,0
2025-05-22 22:00:00,8.0,11.6,0.0,11
2025-05-22 23:00:00,7.6,10.7,0.0,8
2025-05-23 00:00:00,7.3,10.1,0.0,0
2025-05-23 01:00:00,6.6,10.5,0.0,3
2025-05-23 02:00:00,6.5,10.1,0.0,0
2025-05-23 03:00:00,6.4,9.2,0.0,62
2025-05-23 04:00:00,6.0,9.1,0.0,0
2025-05-23 05:00:00,6.0,9.2,27.2,0
2025-05-23 06:00:00,6.4,11.2,134.8,0
2025-05-23 07:00:00,7.9,11.0,285.0,6
2025-05-23 08:00:00,9.5,14.6,424.8,89
2025-05-23 09:00:00,10.6,16.7,457.0,81
2025-05-23 10:00:00,11.1,15.1,451.2,97
2025-05-23 11:00:00,11.3,14.3,419.5,97
2025-05-23 12:00:00,12.2,15.0,574.2,91
2025-05-23 13:00:00,10.1,16.8,608.5,100
2025-05-23 14:00:00,10.8,16.9,376.5,100
2025-05-23 15:00:00,12.1,13.7,472.8,100
2025-05-23 16:00:00,12.5,8.8,466.0,55
2025-05-23 17:00:00,11.1,6.7,244.2,100
2025-05-23 18:00:00,11.6,10.0,291.8,0
2025-05-23 19:00:00,11.8,7.1,149.0,0
2025-05-23 20:00:00,11.1,7.8,33.8,0
2025-05-23 21:00:00,10.3,8.4,0.0,0
2025-05-23 22:00:00,9.2,8.9,0.0,22
2025-05-23 23:00:00,8.6,8.4,0.0,100
2025-05-24 00:00:00,8.2,8.4,0.0,8
2025-05-24 01:00:00,7.6,7.7,0.0,50
2025-05-24 02:00:00,7.3,7.5,0.0,1
2025-05-24 03:00:00,7.0,7.3,0.0,39
2025-05-24 04:00:00,6.5,6.6,0.0,0
2025-05-24 05:00:00,6.7,6.8,19.0,88
2025-05-24 06:00:00,7.5,7.4,103.5,100
2025-05-24 07:00:00,8.7,9.4,266.2,66
2025-05-24 08:00:00,10.0,9.4,416.8,100
2025-05-24 09:00:00,11.4,11.9,428.2,100
2025-05-24 10:00:00,12.6,11.8,406.2,28
2025-05-24 11:00:00,13.8,13.1,603.5,98
2025-05-24 12:00:00,14.7,13.7,644.8,98
2025-05-24 13:00:00,15.6,11.8,635.5,89
2025-05-24 14:00:00,16.2,11.5,582.8,100
2025-05-24 15:00:00,17.1,6.4,506.5,94
2025-05-24 16:00:00,17.3,10.6,471.8,36
2025-05-24 17:00:00,18.0,10.2,373.5,4
2025-05-24 18:00:00,18.0,10.6,218.5,98
2025-05-24 19:00:00,17.8,9.7,101.5,100
2025-05-24 20:00:00,17.0,7.2,29.0,100
2025-05-24 21:00:00,15.5,8.7,0.0,100
2025-05-24 22:00:00,14.2,10.7,0.0,100
2025-05-24 23:00:00,13.3,8.0,0.0,90
2025-05-25 00:00:00,12.6,6.7,0.0,93
2025-05-25 01:00:00,11.8,6.5,0.0,67
2025-05-25 02:00:00,11.5,8.4,0.0,88
2025-05-25 03:00:00,11.6,10.4,0.0,100
2025-05-25 04:00:00,11.7,10.5,0.0,100
2025-05-25 05:00:00,11.6,9.2,15.2,90
2025-05-25 06:00:00,11.7,10.2,44.8,100
2025-05-25 07:00:00,12.5,14.8,90.2,99
2025-05-25 08:00:00,13.0,15.1,206.8,100
2025-05-25 09:00:00,13.7,12.9,280.8,100
2025-05-25 10:00:00,14.2,14.2,166.5,100
2025-05-25 11:00:00,14.5,13.9,161.2,100
2025-05-25 12:00:00,14.9,13.7,151.2,100
2025-05-25 13:00:00,14.3,13.6,156.2,100
2025-05-25 14:00:00,14.7,12.6,113.0,100
2025-05-25 15:00:00,15.5,15.2,121.8,100
2025-05-25 16:00:00,15.7,13.9,70.8,100
2025-05-25 17:00:00,16.1,14.3,84.0,100
2025-05-25 18:00:00,16.2,15.0,66.8,99
2025-05-25 19:00:00,15.8,13.1,57.5,95
2025-05-25 20:00:00,15.5,11.0,18.8,91
2025-05-25 21:00:00,15.2,8.9,0.0,91
2025-05-25 22:00:00,14.9,8.2,0.0,95
2025-05-25 23:00:00,14.6,6.6,0.0,97
2025-05-26 00:00:00,14.3,4.7,0.0,67
2025-05-26 01:00:00,13.4,4.0,0.0,78
2025-05-26 02:00:00,13.2,5.1,0.0,100
2025-05-26 03:00:00,13.0,3.9,0.0,100
2025-05-26 04:00:00,12.3,4.3,0.0,91
2025-05-26 05:00:00,12.5,7.2,19.8,97
2025-05-26 06:00:00,12.9,10.6,38.5,100
2025-05-26 07:00:00,13.4,10.3,93.8,100
2025-05-26 08:00:00,14.2,10.5,262.8,57
2025-05-26 09:00:00,15.6,9.6,538.5,100
2025-05-26 10:00:00,16.5,11.4,581.5,53
2025-05-26 11:00:00,17.5,13.3,580.8,90
2025-05-26 12:00:00,18.5,13.7,640.2,21
2025-05-26 13:00:00,19.4,13.7,707.8,97
2025-05-26 14:00:00,19.8,10.5,623.8,44
2025-05-26 15:00:00,20.5,12.8,585.0,52
2025-05-26 16:00:00,20.9,10.9,493.5,98
2025-05-26 17:00:00,20.6,12.6,334.8,61
2025-05-26 18:00:00,17.8,11.6,141.2,100
2025-05-26 19:00:00,18.0,9.2,76.0,100
2025-05-26 20:00:00,17.0,7.1,20.0,100
2025-05-26 21:00:00,16.1,6.7,0.0,96
2025-05-26 22:00:00,15.4,3.7,0.0,37
2025-05-26 23:00:00,14.7,4.5,0.0,100
2025-05-27 00:00:00,14.2,2.8,0.0,95
2025-05-27 01:00:00,13.6,3.1,0.0,78
2025-05-27 02:00:00,12.8,4.0,0.0,0
2025-05-27 03:00:00,12.1,5.4,0.0,100
2025-05-27 04:00:00,11.4,5.4,0.0,28
2025-05-27 05:00:00,11.3,6.7,29.5,18
2025-05-27 06:00:00,11.9,7.6,117.2,92
2025-05-27 07:00:00,12.8,6.5,237.0,26
2025-05-27 08:00:00,14.7,8.0,396.0,100
2025-05-27 09:00:00,16.8,10.5,512.8,100
2025-05-27 10:00:00,18.6,12.2,617.5,77
2025-05-27 11:00:00,19.6,14.0,612.8,100
2025-05-27 12:00:00,19.5,12.9,200.0,100
2025-05-27 13:00:00,20.0,16.1,249.0,100
2025-05-27 14:00:00,20.6,17.2,418.5,100
2025-05-27 15:00:00,20.5,14.6,391.0,73
2025-05-27 16:00:00,21.1,14.1,243.0,100
2025-05-27 17:00:00,21.0,13.5,215.8,59
2025-05-27 18:00:00,21.0,13.3,162.5,100
2025-05-27 19:00:00,20.5,11.5,54.8,100
2025-05-27 20:00:00,19.7,9.8,13.5,100
2025-05-27 21:00:00,18.7,9.0,0.0,100
2025-05-27 22:00:00,18.3,9.7,0.0,100
2025-05-27 23:00:00,17.5,11.6,0.0,100
2025-05-28 00:00:00,16.9,12.4,0.0,100
2025-05-28 01:00:00,17.0,13.3,0.0,100
2025-05-28 02:00:00,16.0,13.4,0.0,97
2025-05-28 03:00:00,15.7,14.2,0.0,100
2025-05-28 04:00:00,14.8,14.4,0.0,100
2025-05-28 05:00:00,14.7,15.9,5.0,100
2025-05-28 06:00:00,14.9,14.5,33.8,100
2025-05-28 07:00:00,15.0,15.2,52.5,100
2025-05-28 08:00:00,15.9,18.1,102.0,100
2025-05-28 09:00:00,15.5,15.0,85.5,100
2025-05-28 10:00:00,15.9,14.7,145.8,99
2025-05-28 11:00:00,17.0,13.1,272.8,100
2025-05-28 12:00:00,17.2,14.2,153.2,100
2025-05-28 13:00:00,17.8,15.9,311.5,100
2025-05-28 14:00:00,17.9,13.0,161.2,100
2025-05-28 15:00:00,17.2,15.6,329.8,100
2025-05-28 16:00:00,17.6,14.5,366.5,100
2025-05-28 17:00:00,18.2,11.5,269.8,71
2025-05-28 18:00:00,18.6,12.4,225.2,100
2025-05-28 19:00:00,18.5,13.0,131.2,58
2025-05-28 20:00:00,17.3,13.6,37.5,93
2025-05-28 21:00:00,16.0,13.7,0.2,82
2025-05-28 22:00:00,15.1,12.7,0.0,90
2025-05-28 23:00:00,14.4,12.0,0.0,91
2025-05-29 00:00:00,13.8,14.8,0.0,88
2025-05-29 01:00:00,13.2,15.6,0.0,79
2025-05-29 02:00:00,12.3,12.8,0.0,45
2025-05-29 03:00:00,11.4,12.7,0.0,75
2025-05-29 04:00:00,11.2,12.9,0.0,97
2025-05-29 05:00:00,11.1,11.9,21.8,100
2025-05-29 06:00:00,11.2,13.3,95.5,84
2025-05-29 07:00:00,11.8,14.0,200.2,81
2025-05-29 08:00:00,12.9,14.2,355.5,65
2025-05-29 09:00:00,14.5,15.9,451.5,96
2025-05-29 10:00:00,15.2,15.6,491.0,97
2025-05-29 11:00:00,16.1,16.2,603.0,89
2025-05-29 12:00:00,16.9,16.7,663.8,29
2025-05-29 13:00:00,17.8,13.9,659.8,59
2025-05-29 14:00:00,19.1,17.1,637.5,96
2025-05-29 15:00:00,19.2,11.7,578.5,100
2025-05-29 16:00:00,19.3,12.3,461.5,94
2025-05-29 17:00:00,19.1,10.5,402.0,97
2025-05-29 18:00:00,18.8,12.3,229.2,96
2025-05-29 19:00:00,18.8,10.1,86.2,100
2025-05-29 20:00:00,18.3,8.3,15.0,91
2025-05-29 21:00:00,17.6,8.8,0.0,100
2025-05-29 22:00:00,16.5,10.4,0.0,100
2025-05-29 23:00:00,15.8,8.2,0.0,100
2025-05-30 00:00:00,15.7,6.7,0.0,100
2025-05-30 01:00:00,14.7,11.4,0.0,100
2025-05-30 02:00:00,14.5,10.9,0.0,100
2025-05-30 03:00:00,14.5,10.0,0.0,100
2025-05-30 04:00:00,14.6,9.5,0.0,100
2025-05-30 05:00:00,15.3,10.5,9.2,100
2025-05-30 06:00:00,15.8,12.1,55.8,98
2025-05-30 07:00:00,16.5,14.4,130.2,86
2025-05-30 08:00:00,17.8,14.8,233.5,92
2025-05-30 09:00:00,18.9,14.5,336.5,88
2025-05-30 10:00:00,19.3,11.3,301.5,79
2025-05-30 11:00:00,20.6,12.7,469.2,64
2025-05-30 12:00:00,21.8,13.4,517.0,98
2025-05-30 13:00:00,22.7,11.4,364.2,88
2025-05-30 14:00:00,23.2,12.7,515.8,71
2025-05-30 15:00:00,24.1,13.0,527.2,65
2025-05-30 16:00:00,25.1,12.4,431.5,97
2025-05-30 17:00:00,24.3,14.4,295.0,72
2025-05-30 18:00:00,24.3,14.2,217.2,95
2025-05-30 19:00:00,24.2,12.0,105.5,89
2025-05-30 20:00:00,23.2,8.5,30.8,100
2025-05-30 21:00:00,22.3,6.5,0.2,100
2025-05-30 22:00:00,21.1,5.8,0.0,78
2025-05-30 23:00:00,20.1,5.2,0.0,46
2025-05-31 00:00:00,19.0,4.0,0.0,30
2025-05-31 01:00:00,18.0,3.9,0.0,26
2025-05-31 02:00:00,17.5,3.6,0.0,77
2025-05-31 03:00:00,17.3,3.8,0.0,58
2025-05-31 04:00:00,16.3,4.0,0.0,87
2025-05-31 05:00:00,16.3,4.3,29.0,82
2025-05-31 06:00:00,16.6,3.1,123.5,56
2025-05-31 07:00:00,17.4,3.2,232.5,100
2025-05-31 08:00:00,18.7,3.9,279.0,93
2025-05-31 09:00:00,19.8,4.5,404.5,78
2025-05-31 10:00:00,21.2,1.9,523.2,77
2025-05-31 11:00:00,22.3,5.9,540.2,81
2025-05-31 12:00:00,23.2,7.5,488.8,100
2025-05-31 13:00:00,23.6,5.6,513.8,100
2025-05-31 14:00:00,24.1,6.4,516.2,100
2025-05-31 15:00:00,24.9,6.6,660.8,21
2025-05-31 16:00:00,25.4,8.2,467.0,100
2025-05-31 17:00:00,25.1,7.6,266.0,100
2025-05-31 18:00:00,24.9,6.9,170.2,100
2025-05-31 19:00:00,24.7,7.3,129.0,100
2025-05-31 20:00:00,23.7,6.0,35.5,100
2025-05-31 21:00:00,22.7,5.3,0.5,33
2025-05-31 22:00:00,20.8,10.2,0.0,80
2025-05-31 23:00:00,20.0,9.1,0.0,37
2025-06-01 00:00:00,19.1,8.7,0.0,57
2025-06-01 01:00:00,18.6,7.0,0.0,99
2025-06-01 02:00:00,18.2,7.3,0.0,68
2025-06-01 03:00:00,17.9,9.9,0.0,100
2025-06-01 04:00:00,17.0,10.9,0.0,64
2025-06-01 05:00:00,16.8,6.1,28.5,100
2025-06-01 06:00:00,17.3,6.8,113.5,100
2025-06-01 07:00:00,18.8,6.4,207.5,100
2025-06-01 08:00:00,20.3,7.6,311.2,100
2025-06-01 09:00:00,21.2,8.1,283.8,100
2025-06-01 10:00:00,22.3,11.0,229.2,100
2025-06-01 11:00:00,21.4,9.7,263.0,100
2025-06-01 12:00:00,21.8,8.4,317.0,100
2025-06-01 13:00:00,24.0,11.1,663.0,13
2025-06-01 14:00:00,25.6,13.9,744.0,100
2025-06-01 15:00:00,26.5,13.4,616.8,100
2025-06-01 16:00:00,26.5,14.5,355.2,100
2025-06-01 17:00:00,26.0,18.9,293.5,100
2025-06-01 18:00:00,22.4,18.8,123.0,100
2025-06-01 19:00:00,22.2,10.6,47.8,100
2025-06-01 20:00:00,20.9,9.3,11.8,100
2025-06-01 21:00:00,20.6,10.0,0.2,100
2025-06-01 22:00:00,19.9,11.0,0.0,100
2025-06-01 23:00:00,19.1,9.7,0.0,99
2025-06-02 00:00:00,18.1,11.4,0.0,51
2025-06-02 01:00:00,17.2,9.9,0.0,85
2025-06-02 02:00:00,16.6,8.3,0.0,98
2025-06-02 03:00:00,16.3,7.4,0.0,76
2025-06-02 04:00:00,15.6,4.8,0.0,100
2025-06-02 05:00:00,15.5,4.7,29.5,34
2025-06-02 06:00:00,15.9,4.5,132.2,95
2025-06-02 07:00:00,16.3,3.4,230.8,100
2025-06-02 08:00:00,17.2,5.1,384.5,100
2025-06-02 09:00:00,18.3,5.9,418.5,98
2025-06-02 10:00:00,19.6,8.1,259.8,100
2025-06-02 11:00:00,19.6,9.8,172.8,100
2025-06-02 12:00:00,20.9,9.7,493.5,100
2025-06-02 13:00:00,20.2,3.8,455.2,100
2025-06-02 14:00:00,20.1,6.2,443.2,93
2025-06-02 15:00:00,21.3,5.4,465.8,72
2025-06-02 16:00:00,21.5,7.0,520.0,6
2025-06-02 17:00:00,22.2,6.9,431.2,100
2025-06-02 18:00:00,22.4,7.9,284.2,82
2025-06-02 19:00:00,22.5,7.6,130.0,97
2025-06-02 20:00:00,21.7,6.5,35.8,21
2025-06-02 21:00:00,20.3,3.9,1.0,11
2025-06-02 22:00:00,18.6,8.8,0.0,60
2025-06-02 23:00:00,16.8,8.3,0.0,77
2025-06-03 00:00:00,16.2,5.9,0.0,85
2025-06-03 01:00:00,15.5,4.5,0.0,87
2025-06-03 02:00:00,15.4,3.5,0.0,58
2025-06-03 03:00:00,14.9,5.8,0.0,60
2025-06-03 04:00:00,14.5,5.2,0.2,52
2025-06-03 05:00:00,14.0,5.8,37.2,6
2025-06-03 06:00:00,14.3,3.7,146.8,0
2025-06-03 07:00:00,15.4,2.2,294.0,0
2025-06-03 08:00:00,16.9,3.6,453.5,0
2025-06-03 09:00:00,18.4,4.3,600.5,0
2025-06-03 10:00:00,19.9,5.8,725.2,0
2025-06-03 11:00:00,21.4,7.6,770.2,73
2025-06-03 12:00:00,22.1,12.3,689.0,35
2025-06-03 13:00:00,23.1,9.2,786.8,37
2025-06-03 14:00:00,23.9,12.6,763.0,0
2025-06-03 15:00:00,24.6,13.1,734.5,24
2025-06-03 16:00:00,24.6,12.7,516.0,40
2025-06-03 17:00:00,24.8,12.9,398.2,35
2025-06-03 18:00:00,24.7,9.2,293.5,34
2025-06-03 19:00:00,24.5,8.9,165.5,35
2025-06-03 20:00:00,23.8,7.2,46.5,64
2025-06-03 21:00:00,22.7,5.8,1.0,77
2025-06-03 22:00:00,21.0,5.4,0.0,66
2025-06-03 23:00:00,20.3,5.1,0.0,51
2025-06-04 00:00:00,19.6,4.0,0.0,85
2025-06-04 01:00:00,18.7,4.7,0.0,79
2025-06-04 02:00:00,18.3,5.0,0.0,51
2025-06-04 03:00:00,17.6,5.8,0.0,18
2025-06-04 04:00:00,16.6,6.9,0.2,0
2025-06-04 05:00:00,16.0,7.2,37.0,0
2025-06-04 06:00:00,16.4,7.6,134.5,76
2025-06-04 07:00:00,17.9,6.9,212.8,56
2025-06-04 08:00:00,20.1,9.1,393.2,66
2025-06-04 09:00:00,22.3,10.2,502.2,67
2025-06-04 10:00:00,23.8,9.4,599.8,37
2025-06-04 11:00:00,25.2,11.5,630.0,97
2025-06-04 12:00:00,23.6,20.7,295.0,100
2025-06-04 13:00:00,24.1,16.0,186.8,100
2025-06-04 14:00:00,24.1,19.1,297.2,100
2025-06-04 15:00:00,24.0,17.7,303.2,100
2025-06-04 16:00:00,23.9,14.3,357.8,100
2025-06-04 17:00:00,23.0,12.7,172.0,99
2025-06-04 18:00:00,23.2,11.7,114.8,73
2025-06-04 19:00:00,22.1,12.7,118.8,62
2025-06-04 20:00:00,21.3,8.7,42.5,61
2025-06-04 21:00:00,20.6,6.1,1.0,90
2025-06-04 22:00:00,19.9,4.0,0.0,91
2025-06-04 23:00:00,19.3,7.3,0.0,100
2025-06-05 00:00:00,18.9,7.8,0.0,100
2025-06-05 01:00:00,18.8,9.4,0.0,100
2025-06-05 02:00:00,18.5,6.1,0.0,100
2025-06-05 03:00:00,17.8,6.1,0.0,100
2025-06-05 04:00:00,16.6,10.9,0.0,97
2025-06-05 05:00:00,16.3,6.9,29.0,66
2025-06-05 06:00:00,16.7,2.9,135.8,28
2025-06-05 07:00:00,17.5,2.6,275.5,78
2025-06-05 08:00:00,18.4,4.9,229.2,96
2025-06-05 09:00:00,19.1,6.2,289.8,100
2025-06-05 10:00:00,19.5,7.1,171.2,98
2025-06-05 11:00:00,19.8,10.9,219.2,100
2025-06-05 12:00:00,20.4,14.1,336.5,100
2025-06-05 13:00:00,21.0,12.1,508.5,100
2025-06-05 14:00:00,21.1,10.7,304.2,100
2025-06-05 15:00:00,20.9,13.5,127.2,100
2025-06-05 16:00:00,21.3,9.6,385.0,58
2025-06-05 17:00:00,22.2,9.6,377.5,100
2025-06-05 18:00:00,22.1,12.2,186.5,100
2025-06-05 19:00:00,21.2,4.3,119.0,100
2025-06-05 20:00:00,19.3,10.5,14.8,100
2025-06-05 21:00:00,18.7,10.7,0.2,97
2025-06-05 22:00:00,17.5,11.3,0.0,44
2025-06-05 23:00:00,17.0,8.0,0.0,44
2025-06-06 00:00:00,16.3,6.8,0.0,100
2025-06-06 01:00:00,15.3,7.3,0.0,100
2025-06-06 02:00:00,14.9,9.0,0.0,100
2025-06-06 03:00:00,14.7,9.0,0.0,100
2025-06-06 04:00:00,14.9,9.4,0.2,100
2025-06-06 05:00:00,15.2,11.4,17.2,84
2025-06-06 06:00:00,15.5,10.9,43.8,100
2025-06-06 07:00:00,16.1,10.8,62.2,100
2025-06-06 08:00:00,17.6,14.6,144.8,100
2025-06-06 09:00:00,18.7,19.6,208.8,100
2025-06-06 10:00:00,20.2,16.8,314.2,100
2025-06-06 11:00:00,20.8,17.3,215.2,100
2025-06-06 12:00:00,19.8,15.5,181.2,100
2025-06-06 13:00:00,20.5,15.3,348.8,100
2025-06-06 14:00:00,21.5,18.6,395.2,95
2025-06-06 15:00:00,21.6,17.8,325.8,80
2025-06-06 16:00:00,22.3,16.5,343.8,69
2025-06-06 17:00:00,22.0,17.5,357.2,29
2025-06-06 18:00:00,21.8,15.0,312.5,0
2025-06-06 19:00:00,21.6,13.0,173.8,6
2025-06-06 20:00:00,20.8,9.9,54.0,0
2025-06-06 21:00:00,19.8,7.1,1.8,0
2025-06-06 22:00:00,18.3,7.1,0.0,100
2025-06-06 23:00:00,17.7,5.5,0.0,100
2025-06-07 00:00:00,17.0,6.1,0.0,0
2025-06-07 01:00:00,16.3,8.4,0.0,89
2025-06-07 02:00:00,15.5,7.9,0.0,99
2025-06-07 03:00:00,15.1,7.6,0.0,100
2025-06-07 04:00:00,14.4,6.2,0.2,40
2025-06-07 05:00:00,14.4,7.6,30.5,86
2025-06-07 06:00:00,15.3,8.3,93.5,84
2025-06-07 07:00:00,16.6,8.1,161.8,89
2025-06-07 08:00:00,18.3,11.4,328.2,100
2025-06-07 09:00:00,19.6,12.7,348.2,100
2025-06-07 10:00:00,20.4,11.5,290.8,100
2025-06-07 11:00:00,21.1,12.0,430.8,100
2025-06-07 12:00:00,21.0,11.7,329.5,100
2025-06-07 13:00:00,21.1,10.8,244.8,50
2025-06-07 14:00:00,21.6,17.7,460.0,100
2025-06-07 15:00:00,17.9,8.4,134.8,89
2025-06-07 16:00:00,18.4,6.3,218.8,71
2025-06-07 17:00:00,19.3,10.2,407.8,98
2025-06-07 18:00:00,19.7,14.8,193.8,100
2025-06-07 19:00:00,16.7,8.2,29.2,99
2025-06-07 20:00:00,16.9,8.7,26.5,96
2025-06-07 21:00:00,16.5,8.4,1.8,86
2025-06-07 22:00:00,15.8,7.4,0.0,82
2025-06-07 23:00:00,15.2,7.0,0.0,41
2025-06-08 00:00:00,14.4,7.0,0.0,0
2025-06-08 01:00:00,13.7,6.3,0.0,4
2025-06-08 02:00:00,13.4,8.7,0.0,41
2025-06-08 03:00:00,13.1,8.9,0.0,100
2025-06-08 04:00:00,12.8,7.9,0.5,62
2025-06-08 05:00:00,12.9,8.3,36.0,92
2025-06-08 06:00:00,13.8,10.1,134.2,59
2025-06-08 07:00:00,14.8,11.3,226.0,92
2025-06-08 08:00:00,16.7,14.2,255.5,78
2025-06-08 09:00:00,18.2,16.5,358.0,100
2025-06-08 10:00:00,16.4,15.0,121.8,96
2025-06-08 11:00:00,17.9,16.1,361.0,90
2025-06-08 12:00:00,18.1,21.6,401.8,100
2025-06-08 13:00:00,19.4,26.2,578.2,99
2025-06-08 14:00:00,18.6,25.8,625.5,38
2025-06-08 15:00:00,18.1,27.5,551.8,62
2025-06-08 16:00:00,17.9,22.4,278.5,89
2025-06-08 17:00:00,17.2,24.1,213.8,73
2025-06-08 18:00:00,16.9,22.5,231.5,98
2025-06-08 19:00:00,15.4,16.9,90.5,93
2025-06-08 20:00:00,14.4,18.7,10.2,97
2025-06-08 21:00:00,13.6,19.5,0.5,100
2025-06-08 22:00:00,13.1,18.7,0.0,100
2025-06-08 23:00:00,12.3,19.8,0.0,94
2025-06-09 00:00:00,12.2,19.1,0.0,96
2025-06-09 01:00:00,12.1,17.7,0.0,98
2025-06-09 02:00:00,11.9,16.2,0.0,90
2025-06-09 03:00:00,11.7,16.6,0.0,96
2025-06-09 04:00:00,11.7,16.3,0.0,96
2025-06-09 05:00:00,11.7,16.6,15.5,99
2025-06-09 06:00:00,11.6,17.5,35.0,100
2025-06-09 07:00:00,12.2,20.4,156.8,91
2025-06-09 08:00:00,12.8,18.0,349.0,66
2025-06-09 09:00:00,13.6,16.6,380.8,86
2025-06-09 10:00:00,13.7,16.8,307.0,81
2025-06-09 11:00:00,14.3,14.8,351.0,90
2025-06-09 12:00:00,15.6,16.5,540.5,65
2025-06-09 13:00:00,16.5,15.9,617.8,83
2025-06-09 14:00:00,17.0,14.7,443.0,75
2025-06-09 15:00:00,17.5,14.0,505.2,0
2025-06-09 16:00:00,18.7,15.9,574.0,19
2025-06-09 17:00:00,18.6,14.8,318.8,19
2025-06-09 18:00:00,18.8,13.3,256.5,33
2025-06-09 19:00:00,18.6,10.1,172.8,32
2025-06-09 20:00:00,18.0,7.3,54.8,100
2025-06-09 21:00:00,17.2,3.9,2.0,81
2025-06-09 22:00:00,15.8,5.4,0.0,33
2025-06-09 23:00:00,14.8,5.8,0.0,0
2025-06-10 00:00:00,14.0,4.5,0.0,44
2025-06-10 01:00:00,12.9,6.4,0.0,75
2025-06-10 02:00:00,12.5,6.9,0.0,78
2025-06-10 03:00:00,12.2,6.1,0.0,100
2025-06-10 04:00:00,11.7,6.2,0.2,96
2025-06-10 05:00:00,11.8,7.0,32.5,86
2025-06-10 06:00:00,12.1,9.1,102.8,95
2025-06-10 07:00:00,12.9,9.4,161.2,100
2025-06-10 08:00:00,14.1,10.1,198.0,100
2025-06-10 09:00:00,15.8,12.2,265.2,100
2025-06-10 10:00:00,17.4,12.6,250.8,100
2025-06-10 11:00:00,18.4,15.7,290.5,100
2025-06-10 12:00:00,19.1,19.7,367.8,100
2025-06-10 13:00:00,19.0,15.5,311.0,94
2025-06-10 14:00:00,19.5,17.1,406.8,100
2025-06-10 15:00:00,16.8,15.9,104.0,100
2025-06-10 16:00:00,17.1,11.9,149.2,96
2025-06-10 17:00:00,16.8,12.4,138.0,100
2025-06-10 18:00:00,16.5,15.7,36.2,92
2025-06-10 19:00:00,15.6,14.6,35.5,98
2025-06-10 20:00:00,15.3,11.8,24.5,77
2025-06-10 21:00:00,15.1,11.5,1.8,90
2025-06-10 22:00:00,15.0,13.2,0.0,100
2025-06-10 23:00:00,15.0,15.6,0.0,95
2025-06-11 00:00:00,14.7,17.0,0.0,94
2025-06-11 01:00:00,14.2,18.1,0.0,100
2025-06-11 02:00:00,13.8,18.1,0.0,100
2025-06-11 03:00:00,13.1,19.7,0.0,95
2025-06-11 04:00:00,12.9,16.5,0.2,100
2025-06-11 05:00:00,12.7,16.5,25.2,100
2025-06-11 06:00:00,13.0,18.7,86.8,52
2025-06-11 07:00:00,13.3,16.4,175.5,95
2025-06-11 08:00:00,14.2,17.1,272.2,83
2025-06-11 09:00:00,15.1,17.3,380.2,100
2025-06-11 10:00:00,15.5,15.7,476.5,53
2025-06-11 11:00:00,16.2,15.2,538.5,69
2025-06-11 12:00:00,17.3,14.7,575.5,85
2025-06-11 13:00:00,18.6,13.3,628.8,40
2025-06-11 14:00:00,19.6,13.4,754.2,55
2025-06-11 15:00:00,20.0,13.4,668.5,51
2025-06-11 16:00:00,20.6,12.9,595.2,90
2025-06-11 17:00:00,20.7,12.7,446.2,91
2025-06-11 18:00:00,20.7,9.0,302.2,96
2025-06-11 19:00:00,20.5,12.5,160.0,62
2025-06-11 20:00:00,19.6,10.5,56.2,3
2025-06-11 21:00:00,18.2,6.8,3.0,0
2025-06-11 22:00:00,17.0,5.4,0.0,0
2025-06-11 23:00:00,15.3,6.2,0.0,0
2025-06-12 00:00:00,14.3,5.4,0.0,12
2025-06-12 01:00:00,13.2,5.8,0.0,0
2025-06-12 02:00:00,12.7,5.4,0.0,0
2025-06-12 03:00:00,12.1,4.3,0.0,0
2025-06-12 04:00:00,10.6,5.1,0.5,0
2025-06-12 05:00:00,10.4,4.1,41.0,0
2025-06-12 06:00:00,11.2,3.1,146.8,0
2025-06-12 07:00:00,13.6,3.4,290.2,0
2025-06-12 08:00:00,15.5,3.8,446.8,0
2025-06-12 09:00:00,17.3,4.8,594.5,0
2025-06-12 10:00:00,18.8,4.7,717.5,0
2025-06-12 11:00:00,20.0,7.2,808.0,0
2025-06-12 12:00:00,21.0,6.9,856.8,0
2025-06-12 13:00:00,22.0,9.3,857.5,0
2025-06-12 14:00:00,22.3,9.4,826.2,0
2025-06-12 15:00:00,23.2,11.8,740.0,0
2025-06-12 16:00:00,23.5,11.5,626.8,3
2025-06-12 17:00:00,23.1,12.6,478.0,0
2025-06-12 18:00:00,22.4,14.7,325.0,0
2025-06-12 19:00:00,21.9,15.4,180.8,0
2025-06-12 20:00:00,20.2,16.6,59.2,0
2025-06-12 21:00:00,18.3,15.0,2.8,0
2025-06-12 22:00:00,17.1,14.0,0.0,0
2025-06-12 23:00:00,15.7,13.2,0.0,0
2025-06-13 00:00:00,15.0,12.8,0.0,0
2025-06-13 01:00:00,14.4,12.8,0.0,0
2025-06-13 02:00:00,13.7,13.0,0.0,2
2025-06-13 03:00:00,13.0,11.5,0.0,19
2025-06-13 04:00:00,12.5,11.9,0.5,0
2025-06-13 05:00:00,12.2,11.5,39.2,7
2025-06-13 06:00:00,12.4,10.8,142.2,7
2025-06-13 07:00:00,13.9,11.6,280.8,8
2025-06-13 08:00:00,15.5,12.3,433.0,15
2025-06-13 09:00:00,17.5,13.4,577.8,0
2025-06-13 10:00:00,19.2,12.3,702.5,0
2025-06-13 11:00:00,20.8,11.7,793.5,0
2025-06-13 12:00:00,22.1,13.0,843.5,0
2025-06-13 13:00:00,23.0,13.4,851.2,8
2025-06-13 14:00:00,23.8,14.5,818.8,0
2025-06-13 15:00:00,24.3,14.1,743.8,1
2025-06-13 16:00:00,24.8,12.6,628.0,59
2025-06-13 17:00:00,24.7,12.8,475.0,70
2025-06-13 18:00:00,24.3,13.4,314.0,100
2025-06-13 19:00:00,24.2,11.7,165.8,100
2025-06-13 20:00:00,22.9,11.3,57.2,0
2025-06-13 21:00:00,21.1,11.3,3.0,0
2025-06-13 22:00:00,19.7,10.8,0.0,0
2025-06-13 23:00:00,18.4,10.0,0.0,15
2025-06-14 00:00:00,17.5,9.1,0.0,0
2025-06-14 01:00:00,16.5,9.6,0.0,0
2025-06-14 02:00:00,15.9,10.6,0.0,0
2025-06-14 03:00:00,15.3,9.6,0.0,0
2025-06-14 04:00:00,14.7,10.0,0.5,0
2025-06-14 05:00:00,14.5,9.5,39.2,0
2025-06-14 06:00:00,15.1,10.5,139.2,0
2025-06-14 07:00:00,17.1,12.3,275.8,0
2025-06-14 08:00:00,19.1,13.4,427.8,0
2025-06-14 09:00:00,21.2,15.3,573.8,0
2025-06-14 10:00:00,23.0,15.1,697.0,0
2025-06-14 11:00:00,24.3,14.6,788.2,0
2025-06-14 12:00:00,25.7,14.1,840.2,0
2025-06-14 13:00:00,26.8,13.3,847.8,0
2025-06-14 14:00:00,28.0,13.5,809.2,0
2025-06-14 15:00:00,28.5,13.1,731.2,0
2025-06-14 16:00:00,29.2,11.7,616.5,0
2025-06-14 17:00:00,29.3,12.7,479.5,0
2025-06-14 18:00:00,28.8,12.3,327.0,0
2025-06-14 19:00:00,28.1,12.5,179.5,1
2025-06-14 20:00:00,26.6,11.1,59.8,0
2025-06-14 21:00:00,24.4,10.2,3.0,0
2025-06-14 22:00:00,23.0,11.2,0.0,8
2025-06-14 23:00:00,21.5,10.6,0.0,0
2025-06-15 00:00:00,20.4,10.8,0.0,0
2025-06-15 01:00:00,19.6,8.7,0.0,18
2025-06-15 02:00:00,18.9,10.2,0.0,100
2025-06-15 03:00:00,18.1,10.0,0.0,100
2025-06-15 04:00:00,17.2,10.1,0.8,1
2025-06-15 05:00:00,16.9,8.8,38.2,97
2025-06-15 06:00:00,17.3,7.0,136.0,18
2025-06-15 07:00:00,18.7,5.8,273.2,0
2025-06-15 08:00:00,20.8,7.6,423.8,0
2025-06-15 09:00:00,23.0,2.3,564.5,0
2025-06-15 10:00:00,25.2,4.5,683.5,18
2025-06-15 11:00:00,27.6,5.5,774.2,2
2025-06-15 12:00:00,29.5,3.3,827.0,8
2025-06-15 13:00:00,30.7,5.2,835.2,100
2025-06-15 14:00:00,31.2,8.1,709.8,100
2025-06-15 15:00:00,31.8,11.0,592.8,82
2025-06-15 16:00:00,31.7,10.9,533.0,95
2025-06-15 17:00:00,29.7,18.6,186.5,69
2025-06-15 18:00:00,25.1,21.7,161.5,100
2025-06-15 19:00:00,21.9,17.9,71.8,100
2025-06-15 20:00:00,20.4,18.8,23.8,100
2025-06-15 21:00:00,19.6,15.8,2.2,100
2025-06-15 22:00:00,18.5,13.8,0.0,100
2025-06-15 23:00:00,18.0,15.3,0.0,100
2025-06-16 00:00:00,17.5,15.0,0.0,100
2025-06-16 01:00:00,17.0,13.2,0.0,99
2025-06-16 02:00:00,16.9,13.0,0.0,100
2025-06-16 03:00:00,16.8,13.8,0.0,100
2025-06-16 04:00:00,16.9,16.8,0.2,100
2025-06-16 05:00:00,16.8,15.2,12.5,100
2025-06-16 06:00:00,16.5,16.5,55.0,100
2025-06-16 07:00:00,15.7,17.4,143.2,100
2025-06-16 08:00:00,17.3,15.9,288.8,97
2025-06-16 09:00:00,18.6,15.0,434.8,99
2025-06-16 10:00:00,17.7,16.8,378.0,100
2025-06-16 11:00:00,18.1,14.2,265.5,52
2025-06-16 12:00:00,19.7,18.1,494.8,69
2025-06-16 13:00:00,20.9,17.5,389.2,85
2025-06-16 14:00:00,22.4,15.3,653.2,98
2025-06-16 15:00:00,22.4,18.1,459.0,76
2025-06-16 16:00:00,22.9,15.9,410.5,100
2025-06-16 17:00:00,22.9,14.5,331.5,100
2025-06-16 18:00:00,22.3,12.1,224.0,78
2025-06-16 19:00:00,21.7,13.8,161.0,30
2025-06-16 20:00:00,21.1,10.0,62.8,0
2025-06-16 21:00:00,20.1,9.7,3.8,0
2025-06-16 22:00:00,19.1,7.2,0.0,0
2025-06-16 23:00:00,18.0,9.8,0.0,100
2025-06-17 00:00:00,17.2,8.6,0.0,75
2025-06-17 01:00:00,16.2,9.0,0.0,35
2025-06-17 02:00:00,15.4,8.6,0.0,0
2025-06-17 03:00:00,14.8,7.3,0.0,0
2025-06-17 04:00:00,14.4,7.0,0.8,0
2025-06-17 05:00:00,14.1,7.4,40.8,0
2025-06-17 06:00:00,14.4,7.7,142.8,40
2025-06-17 07:00:00,15.2,7.8,246.0,65
2025-06-17 08:00:00,16.0,9.3,326.2,94
2025-06-17 09:00:00,16.6,9.9,412.5,90
2025-06-17 10:00:00,19.1,9.5,573.0,81
2025-06-17 11:00:00,20.7,9.4,760.5,20
2025-06-17 12:00:00,22.5,9.8,818.0,40
2025-06-17 13:00:00,24.4,8.8,833.8,100
2025-06-17 14:00:00,25.5,8.0,767.5,100
2025-06-17 15:00:00,26.2,8.4,708.8,100
2025-06-17 16:00:00,26.7,7.4,583.2,92
2025-06-17 17:00:00,27.0,6.5,468.8,37
2025-06-17 18:00:00,26.9,7.4,310.8,100
2025-06-17 19:00:00,26.9,6.6,162.8,49
2025-06-17 20:00:00,26.0,6.7,58.5,100
2025-06-17 21:00:00,25.2,4.7,3.5,100
2025-06-17 22:00:00,23.8,1.8,0.0,86
2025-06-17 23:00:00,22.8,2.6,0.0,61
2025-06-18 00:00:00,21.9,2.3,0.0,37
2025-06-18 01:00:00,20.3,3.0,0.0,46
2025-06-18 02:00:00,20.0,4.7,0.0,51
2025-06-18 03:00:00,19.4,5.4,0.0,96
2025-06-18 04:00:00,18.2,4.5,0.8,97
2025-06-18 05:00:00,18.5,5.0,35.5,100
2025-06-18 06:00:00,19.1,4.9,128.2,100
2025-06-18 07:00:00,20.2,6.6,234.2,100
2025-06-18 08:00:00,21.0,10.3,427.2,23
2025-06-18 09:00:00,22.4,10.8,578.0,19
2025-06-18 10:00:00,24.0,13.5,702.8,100
2025-06-18 11:00:00,25.1,15.0,778.5,50
2025-06-18 12:00:00,26.0,14.9,847.0,29
2025-06-18 13:00:00,26.6,16.0,853.2,67
2025-06-18 14:00:00,26.9,15.9,767.8,100
2025-06-18 15:00:00,26.9,15.2,645.5,87
2025-06-18 16:00:00,25.8,19.4,429.8,76
2025-06-18 17:00:00,25.3,17.1,299.0,97
2025-06-18 18:00:00,24.7,13.0,230.8,100
2025-06-18 19:00:00,24.4,13.7,123.2,100
2025-06-18 20:00:00,23.8,10.3,37.2,92
2025-06-18 21:00:00,23.2,8.9,2.5,100
2025-06-18 22:00:00,22.7,7.0,0.0,56
2025-06-18 23:00:00,22.2,6.5,0.0,100
2025-06-19 00:00:00,21.3,10.0,0.0,100
2025-06-19 01:00:00,20.2,15.6,0.0,93
2025-06-19 02:00:00,18.8,14.1,0.0,64
2025-06-19 03:00:00,17.4,14.3,0.0,28
2025-06-19 04:00:00,16.4,14.3,0.8,30
2025-06-19 05:00:00,15.3,15.3,41.2,24
2025-06-19 06:00:00,14.9,14.6,143.0,45
2025-06-19 07:00:00,15.4,13.3,260.2,46
2025-06-19 08:00:00,16.5,14.8,428.5,16
2025-06-19 09:00:00,17.8,15.8,579.0,21
2025-06-19 10:00:00,18.9,17.8,673.5,65
2025-06-19 11:00:00,19.7,19.5,647.2,89
2025-06-19 12:00:00,19.9,23.4,606.0,100
2025-06-19 13:00:00,20.8,21.4,618.2,93
2025-06-19 14:00:00,21.6,22.1,731.5,67
2025-06-19 15:00:00,21.9,23.0,715.2,7
2025-06-19 16:00:00,21.9,15.6,609.8,92
2025-06-19 17:00:00,21.4,16.7,405.2,58
2025-06-19 18:00:00,21.2,16.9,292.8,5
2025-06-19 19:00:00,20.9,16.1,192.5,33
2025-06-19 20:00:00,20.1,12.8,66.5,49
2025-06-19 21:00:00,18.3,14.8,4.0,8
2025-06-19 22:00:00,17.2,9.7,0.0,13
2025-06-19 23:00:00,16.4,6.4,0.0,63
2025-06-20 00:00:00,15.7,7.6,0.0,6
2025-06-20 01:00:00,14.7,7.4,0.0,20
2025-06-20 02:00:00,14.1,7.1,0.0,23
2025-06-20 03:00:00,13.4,7.9,0.0,4
2025-06-20 04:00:00,12.2,8.0,0.8,0
2025-06-20 05:00:00,11.7,7.7,41.8,0
2025-06-20 06:00:00,12.1,8.3,147.8,0
2025-06-20 07:00:00,13.6,6.6,290.8,2
2025-06-20 08:00:00,15.1,7.8,444.2,0
2025-06-20 09:00:00,16.6,8.5,570.8,26
2025-06-20 10:00:00,17.8,8.3,664.5,29
2025-06-20 11:00:00,19.1,8.7,787.5,51
2025-06-20 12:00:00,20.1,9.2,806.2,41
2025-06-20 13:00:00,21.1,9.2,827.8,40
2025-06-20 14:00:00,22.0,10.0,792.8,46
2025-06-20 15:00:00,22.8,8.2,662.2,65
2025-06-20 16:00:00,23.3,7.6,585.5,0
2025-06-20 17:00:00,23.6,10.3,480.0,0
2025-06-20 18:00:00,23.3,8.5,344.5,0
2025-06-20 19:00:00,23.2,8.0,191.8,0
2025-06-20 20:00:00,22.3,8.7,68.5,0
2025-06-20 21:00:00,21.3,6.4,4.0,0
2025-06-20 22:00:00,19.5,4.2,0.0,0
2025-06-20 23:00:00,18.8,2.3,0.0,0
2025-06-21 00:00:00,18.1,2.3,0.0,0
2025-06-21 01:00:00,16.4,1.3,0.0,0
2025-06-21 02:00:00,15.7,3.8,0.0,0
2025-06-21 03:00:00,15.1,2.1,0.0,0
2025-06-21 04:00:00,14.1,1.8,0.8,1
2025-06-21 05:00:00,14.0,3.1,40.8,4
2025-06-21 06:00:00,14.6,3.1,146.5,1
2025-06-21 07:00:00,16.9,2.4,290.2,0
2025-06-21 08:00:00,19.2,2.3,449.8,0
2025-06-21 09:00:00,21.3,3.0,596.8,0
2025-06-21 10:00:00,23.1,3.1,722.8,1
2025-06-21 11:00:00,24.4,2.7,810.0,62
2025-06-21 12:00:00,25.5,5.4,840.2,0
2025-06-21 13:00:00,26.8,5.7,861.8,0
2025-06-21 14:00:00,27.7,6.1,823.8,0
2025-06-21 15:00:00,28.5,3.5,743.2,0
2025-06-21 16:00:00,28.6,7.8,629.5,0
2025-06-21 17:00:00,29.0,8.4,490.8,0
2025-06-21 18:00:00,28.5,4.5,338.5,0
2025-06-21 19:00:00,28.7,5.6,190.0,0
2025-06-21 20:00:00,27.9,5.6,67.0,0
2025-06-21 21:00:00,26.8,2.4,4.0,7
2025-06-21 22:00:00,25.0,1.6,0.0,0
2025-06-21 23:00:00,23.5,2.5,0.0,0
2025-06-22 00:00:00,22.3,2.2,0.0,1
2025-06-22 01:00:00,20.7,2.0,0.0,0
2025-06-22 02:00:00,20.3,2.4,0.0,0
2025-06-22 03:00:00,19.6,3.3,0.0,0
2025-06-22 04:00:00,17.6,2.5,0.5,0
2025-06-22 05:00:00,17.5,3.8,41.0,0
2025-06-22 06:00:00,18.9,3.9,145.2,0
2025-06-22 07:00:00,20.8,4.0,284.0,0
2025-06-22 08:00:00,23.1,5.7,435.8,0
2025-06-22 09:00:00,25.6,7.2,580.0,67
2025-06-22 10:00:00,28.2,7.3,691.0,0
2025-06-22 11:00:00,29.9,10.6,802.2,1
2025-06-22 12:00:00,31.4,11.6,854.5,0
2025-06-22 13:00:00,32.1,11.6,865.2,0
2025-06-22 14:00:00,32.8,11.7,821.8,94
2025-06-22 15:00:00,33.1,13.2,744.2,9
2025-06-22 16:00:00,33.3,12.0,609.0,100
2025-06-22 17:00:00,33.2,12.3,454.2,100
2025-06-22 18:00:00,32.9,14.1,310.2,100
2025-06-22 19:00:00,32.2,10.0,166.8,100
2025-06-22 20:00:00,30.8,7.2,60.2,100
2025-06-22 21:00:00,28.5,7.8,4.2,100
2025-06-22 22:00:00,26.8,7.8,0.0,100
2025-06-22 23:00:00,25.6,8.1,0.0,100
2025-06-23 00:00:00,24.5,8.1,0.0,100
2025-06-23 01:00:00,24.1,9.8,0.0,98
2025-06-23 02:00:00,23.6,9.4,0.0,81
2025-06-23 03:00:00,23.2,2.9,0.0,100
2025-06-23 04:00:00,22.7,12.2,0.2,100
2025-06-23 05:00:00,21.6,9.6,34.5,30
2025-06-23 06:00:00,20.9,10.7,125.0,5
2025-06-23 07:00:00,21.9,13.8,283.5,0
2025-06-23 08:00:00,22.8,13.2,446.2,69
2025-06-23 09:00:00,24.3,17.7,544.0,100
2025-06-23 10:00:00,25.5,20.3,572.0,100
2025-06-23 11:00:00,26.3,25.8,508.8,100
2025-06-23 12:00:00,26.5,23.8,585.0,100
2025-06-23 13:00:00,26.1,23.0,258.0,100
2025-06-23 14:00:00,25.6,25.2,292.2,96
2025-06-23 15:00:00,25.4,22.0,256.2,82
2025-06-23 16:00:00,26.0,29.6,322.8,92
2025-06-23 17:00:00,18.6,26.6,143.0,99
2025-06-23 18:00:00,18.6,24.1,138.8,55
2025-06-23 19:00:00,18.2,19.5,170.2,45
2025-06-23 20:00:00,18.1,15.7,64.5,0
2025-06-23 21:00:00,17.6,16.1,4.8,0
2025-06-23 22:00:00,17.4,15.6,0.0,0
2025-06-23 23:00:00,16.5,11.8,0.0,0
2025-06-24 00:00:00,16.2,16.6,0.0,0
2025-06-24 01:00:00,15.7,14.1,0.0,0
2025-06-24 02:00:00,15.1,17.3,0.0,68
2025-06-24 03:00:00,14.7,14.8,0.0,2
2025-06-24 04:00:00,14.8,15.3,0.5,100
2025-06-24 05:00:00,14.6,13.5,39.0,63
2025-06-24 06:00:00,15.3,14.0,147.2,100
2025-06-24 07:00:00,16.4,15.2,202.0,99
2025-06-24 08:00:00,17.8,18.9,247.2,100
2025-06-24 09:00:00,18.6,20.2,270.0,99
2025-06-24 10:00:00,19.3,21.3,340.2,99
2025-06-24 11:00:00,19.8,20.3,311.8,100
2025-06-24 12:00:00,20.1,21.8,296.8,100
2025-06-24 13:00:00,18.6,14.4,201.2,100
2025-06-24 14:00:00,20.0,17.1,198.0,100
2025-06-24 15:00:00,20.8,21.7,239.5,98
2025-06-24 16:00:00,21.9,18.2,332.5,88
2025-06-24 17:00:00,22.3,16.3,287.0,100
2025-06-24 18:00:00,20.9,13.7,89.5,93
2025-06-24 19:00:00,21.3,17.2,93.0,88
2025-06-24 20:00:00,20.7,11.9,22.5,96
2025-06-24 21:00:00,19.9,11.7,1.2,97
2025-06-24 22:00:00,19.3,12.7,0.0,100
2025-06-24 23:00:00,19.1,13.8,0.0,100
2025-06-25 00:00:00,19.0,18.2,0.0,100
2025-06-25 01:00:00,18.9,19.1,0.0,88
2025-06-25 02:00:00,18.7,16.8,0.0,100
2025-06-25 03:00:00,18.7,15.3,0.0,100
2025-06-25 04:00:00,18.3,13.3,0.0,100
2025-06-25 05:00:00,18.0,11.1,2.5,100
2025-06-25 06:00:00,18.2,12.9,15.2,100
2025-06-25 07:00:00,18.2,10.0,30.0,100
2025-06-25 08:00:00,19.1,11.6,116.0,100
2025-06-25 09:00:00,20.3,16.2,205.5,96
2025-06-25 10:00:00,20.9,17.7,345.8,89
2025-06-25 11:00:00,22.8,19.1,600.2,94
2025-06-25 12:00:00,23.3,18.1,402.0,70
2025-06-25 13:00:00,24.2,18.5,522.0,100
2025-06-25 14:00:00,24.1,22.4,274.0,100
2025-06-25 15:00:00,24.5,21.7,404.2,96
2025-06-25 16:00:00,25.3,21.1,460.2,65
2025-06-25 17:00:00,24.9,16.5,385.5,71
2025-06-25 18:00:00,24.5,15.6,259.8,74
2025-06-25 19:00:00,24.2,13.3,131.8,52
2025-06-25 20:00:00,23.1,10.9,65.8,44
2025-06-25 21:00:00,22.3,8.7,3.8,69
2025-06-25 22:00:00,21.0,6.6,0.0,0
2025-06-25 23:00:00,19.6,5.5,0.0,0
2025-06-26 00:00:00,18.9,2.6,0.0,0
2025-06-26 01:00:00,17.4,4.2,0.0,0
2025-06-26 02:00:00,17.0,4.7,0.0,0
2025-06-26 03:00:00,16.5,6.6,0.0,0
2025-06-26 04:00:00,16.0,5.3,0.5,98
2025-06-26 05:00:00,16.0,5.8,38.5,100
2025-06-26 06:00:00,16.9,5.7,134.5,100
2025-06-26 07:00:00,18.7,5.9,263.2,0
2025-06-26 08:00:00,20.7,7.9,425.8,0
2025-06-26 09:00:00,22.7,7.9,514.5,96
2025-06-26 10:00:00,24.4,9.9,538.2,90
2025-06-26 11:00:00,25.8,10.0,599.0,97
2025-06-26 12:00:00,26.9,11.8,509.0,100
2025-06-26 13:00:00,27.7,9.2,439.2,17
2025-06-26 14:00:00,29.7,10.3,784.5,57
2025-06-26 15:00:00,30.6,6.8,663.5,38
2025-06-26 16:00:00,31.7,4.4,501.8,74
2025-06-26 17:00:00,32.5,13.0,292.0,82
2025-06-26 18:00:00,22.4,22.8,153.8,100
2025-06-26 19:00:00,22.0,15.6,164.5,100
2025-06-26 20:00:00,22.1,14.6,57.5,88
2025-06-26 21:00:00,21.4,20.2,3.2,70
2025-06-26 22:00:00,21.1,20.2,0.0,97
2025-06-26 23:00:00,20.8,18.4,0.0,94
2025-06-27 00:00:00,20.6,16.2,0.0,97
2025-06-27 01:00:00,20.7,16.4,0.0,99
2025-06-27 02:00:00,20.3,13.4,0.0,96
2025-06-27 03:00:00,20.2,16.9,0.0,97
2025-06-27 04:00:00,20.1,14.2,0.2,94
2025-06-27 05:00:00,19.8,14.1,30.8,100
2025-06-27 06:00:00,19.9,18.3,125.2,100
2025-06-27 07:00:00,20.3,19.8,194.8,97
2025-06-27 08:00:00,20.5,19.2,171.8,96
2025-06-27 09:00:00,21.4,20.0,357.2,100
2025-06-27 10:00:00,21.9,22.5,462.0,100
2025-06-27 11:00:00,20.9,23.7,342.2,100
2025-06-27 12:00:00,18.2,21.5,163.0,100
2025-06-27 13:00:00,17.7,18.2,146.8,91
2025-06-27 14:00:00,18.8,19.6,449.0,81
2025-06-27 15:00:00,18.4,17.5,252.0,90
2025-06-27 16:00:00,18.4,14.0,256.2,92
2025-06-27 17:00:00,19.2,18.3,279.8,100
2025-06-27 18:00:00,18.8,15.9,115.5,100
2025-06-27 19:00:00,19.4,14.3,115.0,100
2025-06-27 20:00:00,19.1,13.0,44.8,100
2025-06-27 21:00:00,18.5,12.7,2.0,100
2025-06-27 22:00:00,18.0,10.8,0.0,100
2025-06-27 23:00:00,17.5,9.3,0.0,86
2025-06-28 00:00:00,16.8,7.6,0.0,88
2025-06-28 01:00:00,16.2,6.5,0.0,56
2025-06-28 02:00:00,15.8,5.2,0.0,61
2025-06-28 03:00:00,15.6,4.8,0.0,58
2025-06-28 04:00:00,14.8,6.6,0.2,42
2025-06-28 05:00:00,14.9,7.1,33.5,100
2025-06-28 06:00:00,15.6,8.2,122.5,73
2025-06-28 07:00:00,17.2,10.0,210.8,31
2025-06-28 08:00:00,19.0,9.4,362.8,28
2025-06-28 09:00:00,21.1,9.7,548.0,0
2025-06-28 10:00:00,23.4,12.9,679.2,47
2025-06-28 11:00:00,25.0,15.7,574.2,66
2025-06-28 12:00:00,26.8,13.5,637.0,95
2025-06-28 13:00:00,28.0,14.8,639.0,67
2025-06-28 14:00:00,28.7,17.7,779.8,20
2025-06-28 15:00:00,29.1,16.2,717.8,15
2025-06-28 16:00:00,29.4,17.1,540.0,19
2025-06-28 17:00:00,28.7,18.2,327.5,99
2025-06-28 18:00:00,27.7,16.7,112.0,100
2025-06-28 19:00:00,27.1,17.0,66.5,87
2025-06-28 20:00:00,26.1,12.6,39.0,87
2025-06-28 21:00:00,25.1,15.0,2.2,100
2025-06-28 22:00:00,25.1,12.6,0.0,98
2025-06-28 23:00:00,24.3,11.3,0.0,53
2025-06-29 00:00:00,23.5,10.2,0.0,90
2025-06-29 01:00:00,23.2,10.6,0.0,87
2025-06-29 02:00:00,22.5,11.6,0.0,44
2025-06-29 03:00:00,21.9,10.3,0.0,20
2025-06-29 04:00:00,21.1,9.5,0.2,0
2025-06-29 05:00:00,20.7,9.7,37.2,22
2025-06-29 06:00:00,21.0,10.9,139.8,0
2025-06-29 07:00:00,22.4,12.1,278.2,12
2025-06-29 08:00:00,23.7,15.1,393.2,89
2025-06-29 09:00:00,24.8,15.5,430.8,97
2025-06-29 10:00:00,25.9,16.2,353.0,95
2025-06-29 11:00:00,26.9,17.4,506.0,96
2025-06-29 12:00:00,27.2,21.9,538.2,100
2025-06-29 13:00:00,26.5,20.1,243.5,47
2025-06-29 14:00:00,27.6,22.1,560.0,99
2025-06-29 15:00:00,27.1,19.7,464.2,100
2025-06-29 16:00:00,27.7,20.7,516.8,98
2025-06-29 17:00:00,27.0,21.2,353.8,54
2025-06-29 18:00:00,26.4,21.8,302.8,0
2025-06-29 19:00:00,25.9,19.5,187.5,94
2025-06-29 20:00:00,24.5,18.4,66.8,100
2025-06-29 21:00:00,22.8,14.3,4.8,0
2025-06-29 22:00:00,21.3,16.6,0.0,0
2025-06-29 23:00:00,19.8,14.7,0.0,96
2025-06-30 00:00:00,18.5,12.7,0.0,0
2025-06-30 01:00:00,17.2,11.9,0.0,100
2025-06-30 02:00:00,16.1,8.9,0.0,43
2025-06-30 03:00:00,15.4,8.7,0.0,0
2025-06-30 04:00:00,14.2,8.4,0.2,0
2025-06-30 05:00:00,13.7,9.5,37.0,0
2025-06-30 06:00:00,13.8,9.2,140.0,0
2025-06-30 07:00:00,15.0,8.7,280.5,0
2025-06-30 08:00:00,16.5,9.7,434.5,0
2025-06-30 09:00:00,18.1,8.9,579.8,1
2025-06-30 10:00:00,19.8,8.4,704.0,17
2025-06-30 11:00:00,21.3,8.4,798.5,0
2025-06-30 12:00:00,23.0,9.3,850.8,0
2025-06-30 13:00:00,24.2,9.7,857.0,0
2025-06-30 14:00:00,25.0,9.4,818.8,0
2025-06-30 15:00:00,25.6,9.4,740.0,0
2025-06-30 16:00:00,26.4,7.6,625.8,0
2025-06-30 17:00:00,26.8,7.6,492.5,0
2025-06-30 18:00:00,26.4,8.4,343.0,11
2025-06-30 19:00:00,26.1,10.2,192.8,0
2025-06-30 20:00:00,25.2,8.2,68.5,0
2025-06-30 21:00:00,23.6,8.2,4.8,0
2025-06-30 22:00:00,21.8,6.6,0.0,0
2025-06-30 23:00:00,20.4,8.5,0.0,0
2025-07-01 00:00:00,19.0,8.9,0.0,0
2025-07-01 01:00:00,17.9,7.9,0.0,0
2025-07-01 02:00:00,17.3,8.4,0.0,0
2025-07-01 03:00:00,16.8,7.8,0.0,0
2025-07-01 04:00:00,15.8,6.8,0.2,0
2025-07-01 05:00:00,15.8,5.8,35.2,0
2025-07-01 06:00:00,16.6,6.4,135.8,0
2025-07-01 07:00:00,18.5,6.0,272.8,0
2025-07-01 08:00:00,20.4,5.9,427.2,0
2025-07-01 09:00:00,22.7,7.1,573.5,0
2025-07-01 10:00:00,25.5,6.7,698.5,0
2025-07-01 11:00:00,27.0,5.4,794.0,0
2025-07-01 12:00:00,28.4,5.5,848.2,0
2025-07-01 13:00:00,29.5,4.0,858.0,0
2025-07-01 14:00:00,30.6,3.4,822.8,0
2025-07-01 15:00:00,31.3,4.3,745.8,0
2025-07-01 16:00:00,31.8,3.6,633.8,0
2025-07-01 17:00:00,32.2,4.0,498.8,0
2025-07-01 18:00:00,32.1,7.3,346.2,0
2025-07-01 19:00:00,32.0,7.8,197.0,0
2025-07-01 20:00:00,30.6,8.4,70.2,0
2025-07-01 21:00:00,28.7,8.3,4.5,0
2025-07-01 22:00:00,26.1,9.2,0.0,0
2025-07-01 23:00:00,24.6,9.4,0.0,0
2025-07-02 00:00:00,23.4,8.6,0.0,0
2025-07-02 01:00:00,21.8,8.0,0.0,0
2025-07-02 02:00:00,21.5,7.3,0.0,0
2025-07-02 03:00:00,21.0,6.7,0.0,0
2025-07-02 04:00:00,20.0,5.9,0.2,0
2025-07-02 05:00:00,20.0,6.1,36.2,0
2025-07-02 06:00:00,20.6,5.7,138.8,0
2025-07-02 07:00:00,22.7,6.1,278.8,0
2025-07-02 08:00:00,25.1,6.9,433.5,0
2025-07-02 09:00:00,27.8,7.1,582.8,0
2025-07-02 10:00:00,31.0,7.4,710.5,0
2025-07-02 11:00:00,32.8,8.3,805.2,0
2025-07-02 12:00:00,34.2,7.2,858.5,0
2025-07-02 13:00:00,35.0,5.6,865.0,0
2025-07-02 14:00:00,35.8,3.8,830.0,0
2025-07-02 15:00:00,36.3,9.4,749.0,0
2025-07-02 16:00:00,36.4,8.3,635.5,0
2025-07-02 17:00:00,36.4,6.1,494.0,0
2025-07-02 18:00:00,36.4,6.5,344.0,22
2025-07-02 19:00:00,36.0,10.4,189.2,0
2025-07-02 20:00:00,35.0,5.9,67.8,39
2025-07-02 21:00:00,32.0,8.9,4.0,0
2025-07-02 22:00:00,30.7,6.6,0.0,0
2025-07-02 23:00:00,29.2,5.9,0.0,66
2025-07-03 00:00:00,28.0,8.0,0.0,51
2025-07-03 01:00:00,26.1,14.6,0.0,0
2025-07-03 02:00:00,23.9,14.5,0.0,67
2025-07-03 03:00:00,22.8,12.9,0.0,0
2025-07-03 04:00:00,22.9,6.6,0.2,66
2025-07-03 05:00:00,22.1,13.1,21.2,100
2025-07-03 06:00:00,21.9,16.7,99.2,81
2025-07-03 07:00:00,21.2,16.9,185.5,100
2025-07-03 08:00:00,20.8,15.8,101.8,99
2025-07-03 09:00:00,20.4,14.3,51.2,100
2025-07-03 10:00:00,20.3,16.9,172.5,100
2025-07-03 11:00:00,20.8,13.5,269.0,100
2025-07-03 12:00:00,22.5,15.8,527.5,98
2025-07-03 13:00:00,23.6,16.0,701.5,99
2025-07-03 14:00:00,24.0,15.5,626.0,99
2025-07-03 15:00:00,24.1,15.8,605.2,0
2025-07-03 16:00:00,24.0,16.1,565.0,31
2025-07-03 17:00:00,23.6,15.3,474.8,4
2025-07-03 18:00:00,23.4,17.7,334.2,55
2025-07-03 19:00:00,22.8,15.5,188.0,0
2025-07-03 20:00:00,21.7,14.0,69.0,4
2025-07-03 21:00:00,20.8,12.5,4.0,5
2025-07-03 22:00:00,19.9,8.1,0.0,0
2025-07-03 23:00:00,18.0,10.1,0.0,0
2025-07-04 00:00:00,17.3,6.6,0.0,0
2025-07-04 01:00:00,16.3,5.8,0.0,0
2025-07-04 02:00:00,15.7,5.8,0.0,0
2025-07-04 03:00:00,15.3,4.7,0.0,5
2025-07-04 04:00:00,14.6,3.6,0.0,4
2025-07-04 05:00:00,14.5,3.3,35.8,0
2025-07-04 06:00:00,14.9,2.9,140.2,70
2025-07-04 07:00:00,16.0,4.1,209.8,100
2025-07-04 08:00:00,16.7,6.2,261.2,100
2025-07-04 09:00:00,17.8,8.8,437.5,97
2025-07-04 10:00:00,19.1,11.2,622.8,56
2025-07-04 11:00:00,20.0,11.1,704.0,61
2025-07-04 12:00:00,20.8,10.4,713.2,68
2025-07-04 13:00:00,22.0,10.8,727.8,20
2025-07-04 14:00:00,22.5,11.8,782.0,32
2025-07-04 15:00:00,23.1,6.4,735.2,47
2025-07-04 16:00:00,23.7,11.7,590.5,60
2025-07-04 17:00:00,23.4,9.5,476.8,94
2025-07-04 18:00:00,23.3,5.5,313.0,100
2025-07-04 19:00:00,23.2,8.4,155.5,100
2025-07-04 20:00:00,22.6,4.4,56.8,57
2025-07-04 21:00:00,22.2,2.9,4.2,2
2025-07-04 22:00:00,21.4,0.4,0.0,0
2025-07-04 23:00:00,20.3,3.3,0.0,7
2025-07-05 00:00:00,19.3,4.4,0.0,37
2025-07-05 01:00:00,17.9,5.1,0.0,12
2025-07-05 02:00:00,17.4,5.9,0.0,0
2025-07-05 03:00:00,16.7,5.8,0.0,0
2025-07-05 04:00:00,15.5,6.0,0.0,18
2025-07-05 05:00:00,15.2,5.9,33.8,81
2025-07-05 06:00:00,15.9,5.9,130.2,100
2025-07-05 07:00:00,18.3,6.1,250.8,40
2025-07-05 08:00:00,20.6,6.5,434.8,1
2025-07-05 09:00:00,22.8,8.3,579.8,73
2025-07-05 10:00:00,25.1,11.0,655.2,78
2025-07-05 11:00:00,26.5,13.5,718.8,100
2025-07-05 12:00:00,27.3,12.4,729.0,99
2025-07-05 13:00:00,27.6,15.0,679.8,100
2025-07-05 14:00:00,28.0,15.9,665.5,94
2025-07-05 15:00:00,27.6,15.2,420.8,100
2025-07-05 16:00:00,27.4,15.7,325.0,77
2025-07-05 17:00:00,27.4,14.1,319.8,86
2025-07-05 18:00:00,27.0,10.8,271.2,33
2025-07-05 19:00:00,26.6,9.3,142.0,69
2025-07-05 20:00:00,26.1,10.8,51.0,78
2025-07-05 21:00:00,24.5,13.6,3.8,100
2025-07-05 22:00:00,23.4,8.3,0.0,100
2025-07-05 23:00:00,22.1,7.6,0.0,92
2025-07-06 00:00:00,21.2,7.7,0.0,100
2025-07-06 01:00:00,20.6,3.8,0.0,100
2025-07-06 02:00:00,20.3,3.9,0.0,100
2025-07-06 03:00:00,19.9,5.5,0.0,100
2025-07-06 04:00:00,19.0,6.7,0.0,100
2025-07-06 05:00:00,19.0,6.3,19.5,86
2025-07-06 06:00:00,19.5,5.6,46.8,100
2025-07-06 07:00:00,20.4,7.4,120.0,100
2025-07-06 08:00:00,21.3,9.5,238.2,90
2025-07-06 09:00:00,22.7,9.9,454.0,55
2025-07-06 10:00:00,24.8,10.2,678.2,96
2025-07-06 11:00:00,26.3,15.5,681.5,95
2025-07-06 12:00:00,27.3,15.7,635.0,100
2025-07-06 13:00:00,28.2,16.2,705.8,100
2025-07-06 14:00:00,28.7,15.8,604.5,100
2025-07-06 15:00:00,28.5,16.1,404.8,100
2025-07-06 16:00:00,27.5,17.7,294.5,100
2025-07-06 17:00:00,27.1,13.9,177.2,100
2025-07-06 18:00:00,25.9,17.3,122.2,100
2025-07-06 19:00:00,25.1,14.9,57.8,100
2025-07-06 20:00:00,23.6,15.0,24.0,100
2025-07-06 21:00:00,22.8,12.4,1.2,100
2025-07-06 22:00:00,22.2,10.9,0.0,100
2025-07-06 23:00:00,21.1,11.6,0.0,100
2025-07-07 00:00:00,20.7,9.3,0.0,89
2025-07-07 01:00:00,19.7,13.9,0.0,100
2025-07-07 02:00:00,18.8,11.0,0.0,100
2025-07-07 03:00:00,18.1,10.8,0.0,100
2025-07-07 04:00:00,17.4,9.6,0.0,100
2025-07-07 05:00:00,17.5,10.0,15.2,100
2025-07-07 06:00:00,17.5,10.5,52.0,100
2025-07-07 07:00:00,17.7,9.4,99.2,100
2025-07-07 08:00:00,18.1,9.6,101.0,100
2025-07-07 09:00:00,18.8,9.1,176.0,100
2025-07-07 10:00:00,19.2,9.8,172.0,100
2025-07-07 11:00:00,18.5,9.5,94.0,100
2025-07-07 12:00:00,19.7,10.0,313.2,98
2025-07-07 13:00:00,20.1,8.8,311.2,100
2025-07-07 14:00:00,20.0,6.8,236.8,100
2025-07-07 15:00:00,21.2,4.8,437.0,32
2025-07-07 16:00:00,23.0,7.2,589.2,100
2025-07-07 17:00:00,20.5,10.4,56.0,100
2025-07-07 18:00:00,19.7,5.0,83.2,100
2025-07-07 19:00:00,19.6,5.9,99.8,98
2025-07-07 20:00:00,19.4,6.6,41.5,100
2025-07-07 21:00:00,19.0,7.6,2.0,100
2025-07-07 22:00:00,17.3,6.6,0.0,100
2025-07-07 23:00:00,17.3,12.1,0.0,100
2025-07-08 00:00:00,16.7,12.5,0.0,99
2025-07-08 01:00:00,16.3,13.6,0.0,100
2025-07-08 02:00:00,15.6,15.9,0.0,100
2025-07-08 03:00:00,15.4,15.5,0.0,100
2025-07-08 04:00:00,15.2,12.4,0.0,100
2025-07-08 05:00:00,14.7,14.7,9.5,100
2025-07-08 06:00:00,14.2,13.4,53.0,100
2025-07-08 07:00:00,14.2,12.2,149.0,100
2025-07-08 08:00:00,15.1,13.8,260.5,100
2025-07-08 09:00:00,16.4,13.8,403.5,99
2025-07-08 10:00:00,17.3,12.0,386.2,100
2025-07-08 11:00:00,18.3,12.0,448.8,100
2025-07-08 12:00:00,19.0,12.7,431.8,100
2025-07-08 13:00:00,19.8,12.2,652.5,100
2025-07-08 14:00:00,19.6,11.2,331.2,98
2025-07-08 15:00:00,19.3,7.2,397.8,100
2025-07-08 16:00:00,20.4,13.8,394.0,55
2025-07-08 17:00:00,20.7,14.8,401.0,65
2025-07-08 18:00:00,20.3,17.0,265.2,84
2025-07-08 19:00:00,19.7,13.9,119.0,47
2025-07-08 20:00:00,19.4,11.9,50.8,85
2025-07-08 21:00:00,18.9,11.5,2.8,70
2025-07-08 22:00:00,18.3,12.2,0.0,100
2025-07-08 23:00:00,17.7,11.7,0.0,100
2025-07-09 00:00:00,17.0,11.7,0.0,100
2025-07-09 01:00:00,16.6,13.8,0.0,100
2025-07-09 02:00:00,16.3,14.6,0.0,85
2025-07-09 03:00:00,15.8,14.2,0.0,100
2025-07-09 04:00:00,15.7,14.3,0.0,97
2025-07-09 05:00:00,15.7,13.6,13.0,96
2025-07-09 06:00:00,15.8,13.4,56.8,96
2025-07-09 07:00:00,16.0,14.3,88.8,100
2025-07-09 08:00:00,16.4,14.7,103.2,96
2025-07-09 09:00:00,16.7,12.0,154.0,100
2025-07-09 10:00:00,17.2,11.4,126.8,100
2025-07-09 11:00:00,17.5,12.4,124.8,100
2025-07-09 12:00:00,18.9,15.5,187.8,100
2025-07-09 13:00:00,18.6,10.4,192.2,85
2025-07-09 14:00:00,19.8,14.8,238.0,66
2025-07-09 15:00:00,19.5,15.5,394.0,79
2025-07-09 16:00:00,20.4,16.8,336.8,100
2025-07-09 17:00:00,20.7,16.0,251.0,92
2025-07-09 18:00:00,20.5,18.0,234.0,79
2025-07-09 19:00:00,19.9,14.1,117.5,63
2025-07-09 20:00:00,19.3,13.5,45.8,72
2025-07-09 21:00:00,18.5,11.5,2.8,92
2025-07-09 22:00:00,18.3,11.6,0.0,93
2025-07-09 23:00:00,17.6,9.4,0.0,75
2025-07-10 00:00:00,17.0,8.9,0.0,86
2025-07-10 01:00:00,17.1,10.0,0.0,100
2025-07-10 02:00:00,16.7,10.7,0.0,100
2025-07-10 03:00:00,16.3,9.7,0.0,98
2025-07-10 04:00:00,16.2,9.9,0.0,100
2025-07-10 05:00:00,15.8,9.5,17.8,92
2025-07-10 06:00:00,15.4,9.9,89.5,94
2025-07-10 07:00:00,15.9,9.2,155.5,87
2025-07-10 08:00:00,17.0,9.5,333.2,67
2025-07-10 09:00:00,18.8,10.0,473.5,69
2025-07-10 10:00:00,20.2,11.5,566.2,62
2025-07-10 11:00:00,21.4,12.2,648.5,35
2025-07-10 12:00:00,22.4,12.0,687.0,86
2025-07-10 13:00:00,18.9,9.0,493.5,100
2025-07-10 14:00:00,19.4,9.5,200.8,100
2025-07-10 15:00:00,20.1,13.8,365.5,87
2025-07-10 16:00:00,19.9,12.8,231.8,90
2025-07-10 17:00:00,20.1,9.3,254.8,93
2025-07-10 18:00:00,20.2,9.7,181.2,100
2025-07-10 19:00:00,20.2,8.9,126.8,16
2025-07-10 20:00:00,19.0,7.7,40.5,100
2025-07-10 21:00:00,18.8,6.1,0.8,76
2025-07-10 22:00:00,18.0,5.7,0.0,68
2025-07-10 23:00:00,17.7,5.2,0.0,69
2025-07-11 00:00:00,17.1,5.5,0.0,7
2025-07-11 01:00:00,16.0,5.6,0.0,0
2025-07-11 02:00:00,15.5,6.2,0.0,99
2025-07-11 03:00:00,15.0,6.3,0.0,100
2025-07-11 04:00:00,14.0,7.2,0.0,60
2025-07-11 05:00:00,13.9,7.1,24.2,79
2025-07-11 06:00:00,14.3,8.9,79.5,100
2025-07-11 07:00:00,15.3,8.7,171.8,29
2025-07-11 08:00:00,17.0,10.5,390.2,73
2025-07-11 09:00:00,18.9,12.4,496.5,96
2025-07-11 10:00:00,20.1,14.8,576.2,100
2025-07-11 11:00:00,21.5,16.6,528.0,91
2025-07-11 12:00:00,23.1,17.1,701.8,100
2025-07-11 13:00:00,23.7,17.8,528.0,100
2025-07-11 14:00:00,23.2,17.9,197.2,100
2025-07-11 15:00:00,23.2,19.2,282.5,100
2025-07-11 16:00:00,23.2,17.0,315.0,100
2025-07-11 17:00:00,22.2,18.4,145.0,100
2025-07-11 18:00:00,19.7,16.4,89.0,100
2025-07-11 19:00:00,18.1,11.9,19.0,100
2025-07-11 20:00:00,17.1,12.1,15.5,100
2025-07-11 21:00:00,16.2,10.1,0.5,100
2025-07-11 22:00:00,15.4,11.5,0.0,100
2025-07-11 23:00:00,15.4,10.0,0.0,100
2025-07-12 00:00:00,15.2,9.5,0.0,100
2025-07-12 01:00:00,15.1,9.8,0.0,100
2025-07-12 02:00:00,15.3,10.1,0.0,100
2025-07-12 03:00:00,15.4,8.6,0.0,100
2025-07-12 04:00:00,15.3,10.1,0.0,100
2025-07-12 05:00:00,15.1,9.5,1.8,100
2025-07-12 06:00:00,15.3,10.7,16.5,100
2025-07-12 07:00:00,15.0,12.0,17.0,100
2025-07-12 08:00:00,15.1,12.6,25.5,100
2025-07-12 09:00:00,15.5,11.7,47.8,100
2025-07-12 10:00:00,15.6,9.8,85.0,100
2025-07-12 11:00:00,16.3,9.6,135.0,100
2025-07-12 12:00:00,17.7,8.9,171.2,100
2025-07-12 13:00:00,17.2,8.0,82.0,100
2025-07-12 14:00:00,17.6,9.7,146.2,100
2025-07-12 15:00:00,17.9,9.0,119.5,100
2025-07-12 16:00:00,18.2,9.3,96.8,100
2025-07-12 17:00:00,17.9,7.8,68.2,100
2025-07-12 18:00:00,18.0,5.0,41.0,100
2025-07-12 19:00:00,17.5,7.0,22.5,100
2025-07-12 20:00:00,17.2,4.6,5.0,100
2025-07-12 21:00:00,17.0,3.1,0.2,100
2025-07-12 22:00:00,17.2,3.7,0.0,100
2025-07-12 23:00:00,17.1,3.8,0.0,100
2025-07-13 00:00:00,16.8,5.9,0.0,100
2025-07-13 01:00:00,17.3,4.7,0.0,100
2025-07-13 02:00:00,17.0,3.8,0.0,100
2025-07-13 03:00:00,17.0,4.2,0.0,100
2025-07-13 04:00:00,16.6,7.2,0.0,99
2025-07-13 05:00:00,16.5,7.6,3.5,100
2025-07-13 06:00:00,16.3,6.9,9.5,100
2025-07-13 07:00:00,16.4,5.1,40.2,100
2025-07-13 08:00:00,16.8,5.6,83.8,99
2025-07-13 09:00:00,17.5,8.7,143.5,99
2025-07-13 10:00:00,18.6,9.2,230.8,99
2025-07-13 11:00:00,19.2,9.3,273.8,98
2025-07-13 12:00:00,19.9,10.2,256.0,99
2025-07-13 13:00:00,21.0,11.3,341.5,97
2025-07-13 14:00:00,21.2,10.0,299.8,96
2025-07-13 15:00:00,21.8,9.1,341.5,93
2025-07-13 16:00:00,22.8,10.0,338.0,94
2025-07-13 17:00:00,22.9,8.9,371.2,67
2025-07-13 18:00:00,23.0,8.7,250.8,82
2025-07-13 19:00:00,21.6,5.6,100.8,82
2025-07-13 20:00:00,20.7,6.5,35.0,76
2025-07-13 21:00:00,19.8,4.0,2.0,73
2025-07-13 22:00:00,19.4,3.2,0.0,100
2025-07-13 23:00:00,19.2,5.0,0.0,70
2025-07-14 00:00:00,18.8,3.9,0.0,91
2025-07-14 01:00:00,18.0,4.1,0.0,89
2025-07-14 02:00:00,17.9,4.7,0.0,100
2025-07-14 03:00:00,17.6,3.6,0.0,71
2025-07-14 04:00:00,16.6,2.5,0.0,56
2025-07-14 05:00:00,16.5,5.8,11.2,97
2025-07-14 06:00:00,17.3,4.9,94.2,58
2025-07-14 07:00:00,18.7,2.5,242.2,71
2025-07-14 08:00:00,20.4,4.0,307.5,73
2025-07-14 09:00:00,21.5,3.0,358.2,82
2025-07-14 10:00:00,23.8,3.3,413.5,81
2025-07-14 11:00:00,24.4,8.0,389.0,96
2025-07-14 12:00:00,24.4,8.3,442.8,73
2025-07-14 13:00:00,25.6,10.0,554.5,92
2025-07-14 14:00:00,26.3,11.6,574.2,96
2025-07-14 15:00:00,26.5,13.3,444.5,100
2025-07-14 16:00:00,25.3,11.2,278.8,100
2025-07-14 17:00:00,25.9,9.4,355.8,97
2025-07-14 18:00:00,25.8,8.9,241.2,100
2025-07-14 19:00:00,25.4,12.0,115.0,99
2025-07-14 20:00:00,24.9,6.5,26.5,56
2025-07-14 21:00:00,24.0,5.2,2.0,0
2025-07-14 22:00:00,22.6,4.0,0.0,25
2025-07-14 23:00:00,22.1,5.1,0.0,30
2025-07-15 00:00:00,21.4,5.2,0.0,51
2025-07-15 01:00:00,20.2,3.0,0.0,0
2025-07-15 02:00:00,19.7,1.5,0.0,100
2025-07-15 03:00:00,19.2,4.0,0.0,82
2025-07-15 04:00:00,18.8,3.7,0.0,100
2025-07-15 05:00:00,18.9,5.2,12.8,80
2025-07-15 06:00:00,19.1,7.3,42.8,94
2025-07-15 07:00:00,19.4,9.7,45.8,96
2025-07-15 08:00:00,19.3,7.3,72.8,100
2025-07-15 09:00:00,20.2,6.5,270.8,100
2025-07-15 10:00:00,20.4,7.2,307.5,100
2025-07-15 11:00:00,22.0,8.4,487.2,100
2025-07-15 12:00:00,22.7,12.6,411.8,100
2025-07-15 13:00:00,18.2,20.5,229.0,100
2025-07-15 14:00:00,18.1,15.9,234.5,92
2025-07-15 15:00:00,19.2,10.0,403.8,100
2025-07-15 16:00:00,19.4,16.3,360.5,81
2025-07-15 17:00:00,20.1,13.4,311.5,75
2025-07-15 18:00:00,20.1,9.5,213.2,100
2025-07-15 19:00:00,20.5,7.9,161.8,34
2025-07-15 20:00:00,20.2,7.3,39.0,99
2025-07-15 21:00:00,18.7,11.6,0.5,100
2025-07-15 22:00:00,17.5,10.2,0.0,86
2025-07-15 23:00:00,17.0,10.4,0.0,80
2025-07-16 00:00:00,16.3,10.0,0.0,79
2025-07-16 01:00:00,16.0,8.4,0.0,92
2025-07-16 02:00:00,15.5,8.9,0.0,46
2025-07-16 03:00:00,14.9,8.0,0.0,100
2025-07-16 04:00:00,14.5,7.2,0.0,56
2025-07-16 05:00:00,14.3,5.2,22.0,0
2025-07-16 06:00:00,14.7,6.4,119.0,10
2025-07-16 07:00:00,16.0,6.6,259.5,59
2025-07-16 08:00:00,17.3,5.9,368.0,83
2025-07-16 09:00:00,18.7,7.6,471.5,100
2025-07-16 10:00:00,19.5,7.4,322.8,100
2025-07-16 11:00:00,20.3,6.7,467.8,100
2025-07-16 12:00:00,21.5,5.0,506.5,86
2025-07-16 13:00:00,22.7,0.4,691.0,77
2025-07-16 14:00:00,22.8,4.6,439.2,100
2025-07-16 15:00:00,16.8,12.0,46.8,100
2025-07-16 16:00:00,17.6,10.6,88.8,100
2025-07-16 17:00:00,17.6,6.3,226.8,65
2025-07-16 18:00:00,18.1,5.9,242.5,87
2025-07-16 19:00:00,18.7,6.8,89.8,100
2025-07-16 20:00:00,18.6,3.1,23.5,67
2025-07-16 21:00:00,18.4,4.0,1.5,50
2025-07-16 22:00:00,17.4,5.4,0.0,25
2025-07-16 23:00:00,16.8,5.8,0.0,30
2025-07-17 00:00:00,16.4,6.5,0.0,100
2025-07-17 01:00:00,15.4,7.9,0.0,38
2025-07-17 02:00:00,14.8,8.4,0.0,89
2025-07-17 03:00:00,14.6,8.8,0.0,93
2025-07-17 04:00:00,14.1,7.5,0.0,76
2025-07-17 05:00:00,14.0,8.8,20.0,74
2025-07-17 06:00:00,14.3,9.0,97.2,83
2025-07-17 07:00:00,15.0,11.7,135.0,97
2025-07-17 08:00:00,15.9,14.2,166.0,99
2025-07-17 09:00:00,17.3,17.7,270.5,99
2025-07-17 10:00:00,18.3,16.9,224.5,94
2025-07-17 11:00:00,18.3,16.2,231.8,100
2025-07-17 12:00:00,17.5,16.6,97.8,100
2025-07-17 13:00:00,17.7,16.7,101.8,100
2025-07-17 14:00:00,17.3,15.6,81.5,100
2025-07-17 15:00:00,17.1,15.8,72.2,100
2025-07-17 16:00:00,16.8,11.4,58.2,100
2025-07-17 17:00:00,17.3,11.2,28.5,100
2025-07-17 18:00:00,17.7,11.8,43.8,91
2025-07-17 19:00:00,18.1,7.7,64.8,94
2025-07-17 20:00:00,18.2,6.3,12.5,90
2025-07-17 21:00:00,18.3,6.8,0.5,89
2025-07-17 22:00:00,18.6,7.0,0.0,96
2025-07-17 23:00:00,18.1,8.7,0.0,94
2025-07-18 00:00:00,17.7,8.6,0.0,98
2025-07-18 01:00:00,17.3,9.4,0.0,94
2025-07-18 02:00:00,17.3,9.4,0.0,100
2025-07-18 03:00:00,16.9,9.0,0.0,98
2025-07-18 04:00:00,16.8,9.5,0.0,99
2025-07-18 05:00:00,16.9,5.4,8.8,89
2025-07-18 06:00:00,17.0,6.3,60.5,90
2025-07-18 07:00:00,17.4,6.9,139.5,93
2025-07-18 08:00:00,18.4,4.6,153.2,100
2025-07-18 09:00:00,18.8,5.8,165.8,100
2025-07-18 10:00:00,20.3,3.9,457.2,100
2025-07-18 11:00:00,20.5,6.2,192.0,100
2025-07-18 12:00:00,20.9,4.7,151.5,100
2025-07-18 13:00:00,22.0,7.9,304.2,75
2025-07-18 14:00:00,22.7,3.8,423.5,47
2025-07-18 15:00:00,23.7,4.8,476.0,88
2025-07-18 16:00:00,23.7,5.4,469.5,99
2025-07-18 17:00:00,24.0,2.6,365.0,89
2025-07-18 18:00:00,24.0,2.6,238.2,70
2025-07-18 19:00:00,24.3,3.7,124.2,97
2025-07-18 20:00:00,23.7,1.8,37.2,80
2025-07-18 21:00:00,22.6,3.7,1.2,50
2025-07-18 22:00:00,21.0,3.7,0.0,39
2025-07-18 23:00:00,20.1,2.2,0.0,19
2025-07-19 00:00:00,19.2,3.2,0.0,10
2025-07-19 01:00:00,18.4,3.0,0.0,0
2025-07-19 02:00:00,17.9,1.9,0.0,8
2025-07-19 03:00:00,17.5,2.2,0.0,30
2025-07-19 04:00:00,17.0,0.0,0.0,0
2025-07-19 05:00:00,16.6,3.1,18.8,4
2025-07-19 06:00:00,17.2,3.1,113.0,0
2025-07-19 07:00:00,19.3,2.1,250.2,2
2025-07-19 08:00:00,21.2,2.3,403.5,0
2025-07-19 09:00:00,23.1,3.1,551.2,3
2025-07-19 10:00:00,24.6,3.4,597.5,68
2025-07-19 11:00:00,25.5,3.3,595.8,75
2025-07-19 12:00:00,26.3,2.9,641.8,76
2025-07-19 13:00:00,27.4,5.1,678.5,72
2025-07-19 14:00:00,27.4,7.6,596.0,90
2025-07-19 15:00:00,27.5,12.4,469.8,59
2025-07-19 16:00:00,28.4,8.3,498.5,84
2025-07-19 17:00:00,28.2,7.4,326.5,0
2025-07-19 18:00:00,28.4,7.4,212.0,95
2025-07-19 19:00:00,28.0,6.2,112.0,53
2025-07-19 20:00:00,27.2,6.9,47.2,0
2025-07-19 21:00:00,26.0,4.3,1.2,82
2025-07-19 22:00:00,23.8,5.8,0.0,0
2025-07-19 23:00:00,22.7,5.9,0.0,49
2025-07-20 00:00:00,21.9,5.8,0.0,1
2025-07-20 01:00:00,21.0,5.1,0.0,0
2025-07-20 02:00:00,20.5,5.8,0.0,0
2025-07-20 03:00:00,19.9,6.1,0.0,0
2025-07-20 04:00:00,19.4,5.9,0.0,0
2025-07-20 05:00:00,19.2,5.4,18.0,2
2025-07-20 06:00:00,19.6,5.5,105.8,51
2025-07-20 07:00:00,20.9,6.2,237.8,100
2025-07-20 08:00:00,22.7,8.3,380.0,100
2025-07-20 09:00:00,24.6,9.4,533.5,58
2025-07-20 10:00:00,26.4,8.8,667.8,10
2025-07-20 11:00:00,27.8,8.1,762.2,10
2025-07-20 12:00:00,28.7,9.4,815.5,13
2025-07-20 13:00:00,29.4,8.5,811.2,100
2025-07-20 14:00:00,30.0,8.7,718.5,100
2025-07-20 15:00:00,30.7,8.0,573.2,100
2025-07-20 16:00:00,30.8,6.8,403.2,87
2025-07-20 17:00:00,30.6,8.2,298.5,90
2025-07-20 18:00:00,30.3,8.7,252.5,45
2025-07-20 19:00:00,29.8,11.6,152.0,100
2025-07-20 20:00:00,29.0,11.2,34.5,90
2025-07-20 21:00:00,27.6,10.2,1.0,0
2025-07-20 22:00:00,26.2,9.5,0.0,100
2025-07-20 23:00:00,25.3,10.4,0.0,91
2025-07-21 00:00:00,24.6,9.2,0.0,100
2025-07-21 01:00:00,23.6,9.9,0.0,100
2025-07-21 02:00:00,23.3,10.8,0.0,100
2025-07-21 03:00:00,22.9,2.9,0.0,100
2025-07-21 04:00:00,22.9,4.8,0.0,100
2025-07-21 05:00:00,22.3,3.6,6.5,100
2025-07-21 06:00:00,22.1,2.2,31.0,100
2025-07-21 07:00:00,22.1,0.8,53.5,100
2025-07-21 08:00:00,22.7,3.4,135.2,100
2025-07-21 09:00:00,23.3,4.1,138.5,100
2025-07-21 10:00:00,23.6,5.8,164.0,99
2025-07-21 11:00:00,23.9,7.9,226.5,100
2025-07-21 12:00:00,22.9,10.8,169.8,100
2025-07-21 13:00:00,21.7,8.2,176.5,100
2025-07-21 14:00:00,21.6,11.9,109.5,100
2025-07-21 15:00:00,20.6,14.6,83.2,100
2025-07-21 16:00:00,20.3,17.7,98.0,100
2025-07-21 17:00:00,19.8,18.2,54.0,100
2025-07-21 18:00:00,17.8,17.9,16.5,100
2025-07-21 19:00:00,16.2,16.8,12.0,100
2025-07-21 20:00:00,16.2,13.5,7.2,100
2025-07-21 21:00:00,16.1,11.8,0.0,100
2025-07-21 22:00:00,15.7,10.5,0.0,100
2025-07-21 23:00:00,15.8,9.9,0.0,100
2025-07-22 00:00:00,15.9,9.5,0.0,100
2025-07-22 01:00:00,15.8,7.5,0.0,100
2025-07-22 02:00:00,15.9,5.7,0.0,100
2025-07-22 03:00:00,16.0,7.1,0.0,100
2025-07-22 04:00:00,16.1,7.7,0.0,100
2025-07-22 05:00:00,16.2,6.4,9.0,100
2025-07-22 06:00:00,16.8,11.7,61.2,100
2025-07-22 07:00:00,17.0,11.9,148.2,100
2025-07-22 08:00:00,17.9,13.1,282.0,72
2025-07-22 09:00:00,19.3,15.3,418.8,80
2025-07-22 10:00:00,20.0,16.2,387.8,72
2025-07-22 11:00:00,21.0,14.4,539.0,95
2025-07-22 12:00:00,18.8,18.7,289.5,100
2025-07-22 13:00:00,18.8,14.5,161.0,100
2025-07-22 14:00:00,20.1,15.5,319.0,100
2025-07-22 15:00:00,18.8,8.6,121.5,100
2025-07-22 16:00:00,20.9,16.9,375.8,100
2025-07-22 17:00:00,21.0,10.8,223.0,100
2025-07-22 18:00:00,19.2,7.2,102.2,100
2025-07-22 19:00:00,19.9,14.0,42.8,100
2025-07-22 20:00:00,19.0,15.1,19.8,100
2025-07-22 21:00:00,18.0,15.3,0.5,100
2025-07-22 22:00:00,17.3,13.5,0.0,100
2025-07-22 23:00:00,17.2,10.8,0.0,100
2025-07-23 00:00:00,16.9,10.4,0.0,100
2025-07-23 01:00:00,17.0,11.7,0.0,100
2025-07-23 02:00:00,17.0,11.7,0.0,100
2025-07-23 03:00:00,16.8,12.0,0.0,100
2025-07-23 04:00:00,16.8,12.0,0.0,100
2025-07-23 05:00:00,16.8,13.2,3.8,100
2025-07-23 06:00:00,16.8,16.1,13.2,100
2025-07-23 07:00:00,16.9,13.7,34.5,100
2025-07-23 08:00:00,17.4,15.9,69.0,100
2025-07-23 09:00:00,17.5,15.3,74.5,100
2025-07-23 10:00:00,18.5,17.1,110.8,100
2025-07-23 11:00:00,18.7,16.0,148.5,100
2025-07-23 12:00:00,18.7,15.8,148.0,100
2025-07-23 13:00:00,18.9,6.3,123.8,100
2025-07-23 14:00:00,19.0,5.4,79.5,100
2025-07-23 15:00:00,20.6,13.5,76.8,100
2025-07-23 16:00:00,20.1,15.1,58.5,100
2025-07-23 17:00:00,20.0,11.3,41.0,100
2025-07-23 18:00:00,19.8,9.6,27.5,100
2025-07-23 19:00:00,19.3,5.0,11.8,100
2025-07-23 20:00:00,19.6,6.9,5.8,100
2025-07-23 21:00:00,19.8,10.9,0.0,94
2025-07-23 22:00:00,19.7,10.4,0.0,67
2025-07-23 23:00:00,19.3,10.5,0.0,86
2025-07-24 00:00:00,18.8,10.9,0.0,98
2025-07-24 01:00:00,18.6,10.5,0.0,100
2025-07-24 02:00:00,18.4,9.1,0.0,100
2025-07-24 03:00:00,18.2,9.4,0.0,92
2025-07-24 04:00:00,17.6,8.8,0.0,81
2025-07-24 05:00:00,17.1,6.2,9.2,92
2025-07-24 06:00:00,17.1,7.4,39.8,97
2025-07-24 07:00:00,17.2,7.3,58.2,96
2025-07-24 08:00:00,17.6,9.7,80.0,100
2025-07-24 09:00:00,18.4,8.8,134.0,100
2025-07-24 10:00:00,19.6,10.7,226.8,100
2025-07-24 11:00:00,20.0,8.6,278.8,100
2025-07-24 12:00:00,20.1,9.4,200.8,100
2025-07-24 13:00:00,22.5,9.8,542.2,100
2025-07-24 14:00:00,22.3,9.1,281.2,100
2025-07-24 15:00:00,23.0,8.4,261.8,100
2025-07-24 16:00:00,23.5,10.5,311.2,100
2025-07-24 17:00:00,23.1,10.5,210.8,100
2025-07-24 18:00:00,22.5,9.0,94.2,100
2025-07-24 19:00:00,22.5,8.0,67.0,100
2025-07-24 20:00:00,22.1,5.5,22.5,100
2025-07-24 21:00:00,21.6,4.7,0.2,100
2025-07-24 22:00:00,20.2,3.8,0.0,89
2025-07-24 23:00:00,19.6,5.1,0.0,100
2025-07-25 00:00:00,19.2,4.6,0.0,100
2025-07-25 01:00:00,18.8,5.8,0.0,100
2025-07-25 02:00:00,18.8,6.8,0.0,93
2025-07-25 03:00:00,18.5,7.2,0.0,99
2025-07-25 04:00:00,18.1,5.6,0.0,100
2025-07-25 05:00:00,18.4,5.2,2.8,100
2025-07-25 06:00:00,18.5,4.8,19.0,100
2025-07-25 07:00:00,18.4,6.1,57.0,100
2025-07-25 08:00:00,19.1,6.4,123.5,100
2025-07-25 09:00:00,20.1,9.2,252.0,99
2025-07-25 10:00:00,21.1,11.5,270.0,100
2025-07-25 11:00:00,20.9,12.2,155.5,100
2025-07-25 12:00:00,21.3,10.3,246.8,100
2025-07-25 13:00:00,21.3,11.5,291.0,100
2025-07-25 14:00:00,22.4,10.1,355.8,100
2025-07-25 15:00:00,23.4,9.8,392.8,100
2025-07-25 16:00:00,24.6,11.0,386.8,70
2025-07-25 17:00:00,23.8,12.9,319.0,58
2025-07-25 18:00:00,22.9,13.6,186.2,88
2025-07-25 19:00:00,22.6,10.7,69.0,58
2025-07-25 20:00:00,21.3,10.0,30.0,100
2025-07-25 21:00:00,20.5,8.2,0.2,100
2025-07-25 22:00:00,20.3,7.4,0.0,96
2025-07-25 23:00:00,20.1,8.0,0.0,96
2025-07-26 00:00:00,19.8,9.2,0.0,99
2025-07-26 01:00:00,19.7,7.4,0.0,100
2025-07-26 02:00:00,19.5,5.9,0.0,100
2025-07-26 03:00:00,19.2,8.4,0.0,99
2025-07-26 04:00:00,18.5,10.3,0.0,96
2025-07-26 05:00:00,18.2,9.4,6.2,78
2025-07-26 06:00:00,18.1,10.2,45.2,95
2025-07-26 07:00:00,18.1,10.0,74.8,100
2025-07-26 08:00:00,18.2,9.0,95.8,100
2025-07-26 09:00:00,18.4,9.2,113.2,100
2025-07-26 10:00:00,18.8,6.9,191.8,100
2025-07-26 11:00:00,19.3,7.7,187.5,100
2025-07-26 12:00:00,20.0,6.9,237.0,95
2025-07-26 13:00:00,19.9,6.7,208.5,100
2025-07-26 14:00:00,20.1,10.5,274.2,100
2025-07-26 15:00:00,21.4,8.1,410.8,100
2025-07-26 16:00:00,21.4,6.9,352.2,79
2025-07-26 17:00:00,21.8,7.7,257.2,97
2025-07-26 18:00:00,21.6,5.8,107.5,98
2025-07-26 19:00:00,21.5,7.2,63.8,90
2025-07-26 20:00:00,21.3,3.6,20.8,100
2025-07-26 21:00:00,20.9,1.5,0.0,100
2025-07-26 22:00:00,19.5,0.8,0.0,100
2025-07-26 23:00:00,19.0,2.2,0.0,100
2025-07-27 00:00:00,18.1,2.8,0.0,71
2025-07-27 01:00:00,17.2,2.2,0.0,80
2025-07-27 02:00:00,16.8,2.4,0.0,67
2025-07-27 03:00:00,16.4,2.1,0.0,86
2025-07-27 04:00:00,16.4,2.6,0.0,99
2025-07-27 05:00:00,16.2,1.0,9.8,92
2025-07-27 06:00:00,16.7,3.3,77.8,98
2025-07-27 07:00:00,18.3,1.6,170.2,91
2025-07-27 08:00:00,19.5,1.6,260.0,100
2025-07-27 09:00:00,20.8,1.3,354.2,95
2025-07-27 10:00:00,22.3,3.0,441.5,99
2025-07-27 11:00:00,22.8,6.0,450.8,84
2025-07-27 12:00:00,23.7,5.5,518.2,98
2025-07-27 13:00:00,23.5,8.9,232.0,100
2025-07-27 14:00:00,23.9,5.5,322.2,100
2025-07-27 15:00:00,23.6,7.6,180.5,100
2025-07-27 16:00:00,23.6,6.3,272.0,54
2025-07-27 17:00:00,24.2,6.1,432.2,8
2025-07-27 18:00:00,24.2,6.2,299.2,35
2025-07-27 19:00:00,24.5,6.4,137.8,85
2025-07-27 20:00:00,23.9,3.2,13.0,100
2025-07-27 21:00:00,21.5,7.6,0.0,100
2025-07-27 22:00:00,20.5,10.5,0.0,93
2025-07-27 23:00:00,19.5,10.2,0.0,92
2025-07-28 00:00:00,18.9,10.1,0.0,100
2025-07-28 01:00:00,18.5,9.2,0.0,99
2025-07-28 02:00:00,18.3,9.3,0.0,100
2025-07-28 03:00:00,18.1,9.7,0.0,100
2025-07-28 04:00:00,17.9,8.3,0.0,99
2025-07-28 05:00:00,17.8,9.7,3.0,100
2025-07-28 06:00:00,17.8,9.6,20.8,100
2025-07-28 07:00:00,18.1,10.0,60.5,96
2025-07-28 08:00:00,18.1,10.4,65.8,100
2025-07-28 09:00:00,18.4,11.8,88.0,100
2025-07-28 10:00:00,20.9,12.7,272.0,92
2025-07-28 11:00:00,21.1,13.6,362.2,99
2025-07-28 12:00:00,21.7,13.2,408.0,100
2025-07-28 13:00:00,22.5,16.4,230.5,100
2025-07-28 14:00:00,21.8,17.4,130.5,98
2025-07-28 15:00:00,21.8,15.1,291.8,97
2025-07-28 16:00:00,23.3,17.9,420.8,47
2025-07-28 17:00:00,23.3,19.1,384.5,96
2025-07-28 18:00:00,22.9,14.8,178.0,100
2025-07-28 19:00:00,22.5,12.5,119.8,100
2025-07-28 20:00:00,21.5,12.5,29.2,78
2025-07-28 21:00:00,20.5,11.9,0.0,90
2025-07-28 22:00:00,19.6,12.6,0.0,100
2025-07-28 23:00:00,18.8,12.4,0.0,65
2025-07-29 00:00:00,17.9,11.8,0.0,26
2025-07-29 01:00:00,17.4,12.4,0.0,56
2025-07-29 02:00:00,16.7,13.3,0.0,7
2025-07-29 03:00:00,15.7,13.8,0.0,13
2025-07-29 04:00:00,15.2,12.8,0.0,59
2025-07-29 05:00:00,14.8,12.6,9.0,7
2025-07-29 06:00:00,14.8,11.7,89.5,35
2025-07-29 07:00:00,15.6,15.5,171.0,84
2025-07-29 08:00:00,17.2,15.4,310.5,52
2025-07-29 09:00:00,18.5,16.2,392.2,91
2025-07-29 10:00:00,19.3,14.8,525.5,87
2025-07-29 11:00:00,19.7,16.7,419.8,81
2025-07-29 12:00:00,20.6,15.9,526.2,100
2025-07-29 13:00:00,21.3,14.4,558.2,95
2025-07-29 14:00:00,20.9,15.5,402.8,60
2025-07-29 15:00:00,21.0,20.8,535.2,76
2025-07-29 16:00:00,21.2,12.2,287.8,66
2025-07-29 17:00:00,21.5,15.7,342.8,96
2025-07-29 18:00:00,20.4,10.7,190.0,31
2025-07-29 19:00:00,20.3,10.1,125.2,28
2025-07-29 20:00:00,19.5,12.4,33.5,71
2025-07-29 21:00:00,18.5,9.1,0.0,86
2025-07-29 22:00:00,17.3,7.6,0.0,74
2025-07-29 23:00:00,16.5,6.7,0.0,44
2025-07-30 00:00:00,15.9,6.4,0.0,16
2025-07-30 01:00:00,15.1,6.6,0.0,71
2025-07-30 02:00:00,15.1,7.6,0.0,86
2025-07-30 03:00:00,15.2,7.4,0.0,82
2025-07-30 04:00:00,14.6,7.4,0.0,89
2025-07-30 05:00:00,14.5,6.6,7.0,76
2025-07-30 06:00:00,14.6,7.2,87.2,25
2025-07-30 07:00:00,15.4,7.6,224.0,0
2025-07-30 08:00:00,16.7,9.2,383.8,4
2025-07-30 09:00:00,18.0,9.4,534.0,8
2025-07-30 10:00:00,19.4,12.8,629.0,53
2025-07-30 11:00:00,20.5,12.7,731.8,56
2025-07-30 12:00:00,21.2,13.2,612.8,10
2025-07-30 13:00:00,22.0,12.7,594.8,77
2025-07-30 14:00:00,22.7,12.6,655.2,100
2025-07-30 15:00:00,22.7,15.5,440.0,57
2025-07-30 16:00:00,23.2,12.9,507.8,94
2025-07-30 17:00:00,23.2,11.8,333.8,53
2025-07-30 18:00:00,22.6,13.8,215.8,98
2025-07-30 19:00:00,21.8,11.7,115.0,98
2025-07-30 20:00:00,20.4,11.7,18.5,78
2025-07-30 21:00:00,19.1,9.4,0.0,49
2025-07-30 22:00:00,18.2,8.9,0.0,84
2025-07-30 23:00:00,17.7,7.8,0.0,97
2025-07-31 00:00:00,17.2,9.7,0.0,91
2025-07-31 01:00:00,17.1,7.6,0.0,100
2025-07-31 02:00:00,16.8,10.5,0.0,100
2025-07-31 03:00:00,15.4,8.2,0.0,100
2025-07-31 04:00:00,15.2,9.1,0.0,96
2025-07-31 05:00:00,15.1,10.2,4.2,86
2025-07-31 06:00:00,15.3,10.7,64.8,100
2025-07-31 07:00:00,15.7,10.6,101.2,100
2025-07-31 08:00:00,16.1,13.5,96.5,98
2025-07-31 09:00:00,16.6,14.3,125.2,98
2025-07-31 10:00:00,18.0,15.2,173.5,100
2025-07-31 11:00:00,18.2,14.2,241.8,100
2025-07-31 12:00:00,16.8,14.7,161.2,100
2025-07-31 13:00:00,17.0,10.1,300.8,98
2025-07-31 14:00:00,18.4,9.9,338.2,98
2025-07-31 15:00:00,18.6,11.2,240.5,90
2025-07-31 16:00:00,18.7,14.4,261.8,94
2025-07-31 17:00:00,18.9,16.3,253.5,98
2025-07-31 18:00:00,18.5,14.9,175.5,93
2025-07-31 19:00:00,18.2,13.3,81.5,98
2025-07-31 20:00:00,17.6,9.5,9.2,100
2025-07-31 21:00:00,17.3,8.7,0.0,76
2025-07-31 22:00:00,17.0,7.0,0.0,84
2025-07-31 23:00:00,16.8,6.8,0.0,100
2025-08-01 00:00:00,16.7,6.4,0.0,100
2025-08-01 01:00:00,16.3,6.2,0.0,90
2025-08-01 02:00:00,16.2,6.9,0.0,100
2025-08-01 03:00:00,16.2,7.0,0.0,100
2025-08-01 04:00:00,15.9,6.9,0.0,98
2025-08-01 05:00:00,15.6,6.5,5.2,90
2025-08-01 06:00:00,15.6,5.1,63.5,100
2025-08-01 07:00:00,16.3,7.2,118.0,98
2025-08-01 08:00:00,17.0,8.4,146.2,100
2025-08-01 09:00:00,17.6,9.4,186.5,99
2025-08-01 10:00:00,18.9,9.0,276.5,100
2025-08-01 11:00:00,19.8,9.2,465.2,99
2025-08-01 12:00:00,19.7,10.9,301.8,100
2025-08-01 13:00:00,18.8,10.8,174.2,100
2025-08-01 14:00:00,19.5,10.3,189.2,100
2025-08-01 15:00:00,18.3,13.0,372.0,100
2025-08-01 16:00:00,19.9,7.3,280.8,84
2025-08-01 17:00:00,20.5,5.1,283.5,87
2025-08-01 18:00:00,21.3,7.1,214.2,74
2025-08-01 19:00:00,21.5,8.1,105.8,92
2025-08-01 20:00:00,20.6,6.5,16.2,100
2025-08-01 21:00:00,19.8,8.0,0.0,75
2025-08-01 22:00:00,18.0,8.2,0.0,50
2025-08-01 23:00:00,17.5,7.1,0.0,73
2025-08-02 00:00:00,17.2,6.8,0.0,98
2025-08-02 01:00:00,16.5,7.2,0.0,97
2025-08-02 02:00:00,16.4,5.8,0.0,99
2025-08-02 03:00:00,16.2,7.4,0.0,100
2025-08-02 04:00:00,16.1,7.4,0.0,99
2025-08-02 05:00:00,16.1,6.3,2.5,93
2025-08-02 06:00:00,16.2,7.3,27.8,96
2025-08-02 07:00:00,16.4,10.2,61.2,95
2025-08-02 08:00:00,16.8,10.1,128.5,93
2025-08-02 09:00:00,18.4,11.0,347.0,93
2025-08-02 10:00:00,18.8,10.2,355.8,100
2025-08-02 11:00:00,19.7,10.0,327.8,87
2025-08-02 12:00:00,20.4,10.7,445.5,100
2025-08-02 13:00:00,20.0,9.2,540.8,100
2025-08-02 14:00:00,21.1,8.6,294.5,97
2025-08-02 15:00:00,20.0,11.2,420.8,93
2025-08-02 16:00:00,22.1,14.6,449.0,100
2025-08-02 17:00:00,22.1,8.7,223.0,84
2025-08-02 18:00:00,22.3,9.4,221.8,64
2025-08-02 19:00:00,22.3,4.9,120.2,93
2025-08-02 20:00:00,21.6,3.6,22.2,89
2025-08-02 21:00:00,20.5,4.3,0.0,100
2025-08-02 22:00:00,19.0,5.6,0.0,95
2025-08-02 23:00:00,18.6,6.9,0.0,52
2025-08-03 00:00:00,17.6,5.8,0.0,87
2025-08-03 01:00:00,16.9,7.9,0.0,34
2025-08-03 02:00:00,15.8,9.2,0.0,71
2025-08-03 03:00:00,15.1,9.1,0.0,100
2025-08-03 04:00:00,14.9,7.6,0.0,79
2025-08-03 05:00:00,14.9,8.3,4.5,100
2025-08-03 06:00:00,15.2,11.2,45.5,100
2025-08-03 07:00:00,15.8,15.0,105.5,96
2025-08-03 08:00:00,16.7,14.8,209.5,100
2025-08-03 09:00:00,17.4,11.5,220.8,98
2025-08-03 10:00:00,16.7,11.3,178.0,96
2025-08-03 11:00:00,17.8,13.1,357.2,100
2025-08-03 12:00:00,18.3,13.3,286.0,100
2025-08-03 13:00:00,19.0,12.7,251.2,100
2025-08-03 14:00:00,19.1,12.2,256.8,98
2025-08-03 15:00:00,19.3,14.9,179.0,100
2025-08-03 16:00:00,18.2,13.7,78.8,100
2025-08-03 17:00:00,17.8,13.7,101.8,100
2025-08-03 18:00:00,17.0,12.6,52.2,98
2025-08-03 19:00:00,17.2,13.0,30.2,100
2025-08-03 20:00:00,16.8,11.9,4.2,100
2025-08-03 21:00:00,16.5,10.3,0.0,100
2025-08-03 22:00:00,16.3,10.0,0.0,100
2025-08-03 23:00:00,15.9,9.9,0.0,94
2025-08-04 00:00:00,15.8,9.7,0.0,100
2025-08-04 01:00:00,15.6,10.7,0.0,100
2025-08-04 02:00:00,15.5,10.8,0.0,100
2025-08-04 03:00:00,15.3,9.3,0.0,100
2025-08-04 04:00:00,15.3,8.9,0.0,100
2025-08-04 05:00:00,15.3,7.5,2.0,100
2025-08-04 06:00:00,15.2,10.0,13.2,100
2025-08-04 07:00:00,15.4,8.8,9.0,100
2025-08-04 08:00:00,15.8,11.2,19.0,100
2025-08-04 09:00:00,17.1,11.9,153.0,97
2025-08-04 10:00:00,18.3,10.4,377.8,98
2025-08-04 11:00:00,19.6,14.4,331.0,94
2025-08-04 12:00:00,19.5,13.3,330.8,96
2025-08-04 13:00:00,20.5,12.4,210.2,100
2025-08-04 14:00:00,20.6,11.4,298.2,90
2025-08-04 15:00:00,21.4,10.8,294.0,92
2025-08-04 16:00:00,22.9,11.3,325.2,69
2025-08-04 17:00:00,23.6,12.0,416.2,0
2025-08-04 18:00:00,23.3,10.7,268.8,100
2025-08-04 19:00:00,23.0,7.6,116.0,88
2025-08-04 20:00:00,21.9,4.1,21.5,100
2025-08-04 21:00:00,20.6,6.6,0.0,100
2025-08-04 22:00:00,20.1,8.0,0.0,95
2025-08-04 23:00:00,19.7,8.5,0.0,100
2025-08-05 00:00:00,19.7,10.2,0.0,98
2025-08-05 01:00:00,19.8,10.8,0.0,100
2025-08-05 02:00:00,19.7,13.0,0.0,99
2025-08-05 03:00:00,19.2,13.2,0.0,100
2025-08-05 04:00:00,18.8,11.7,0.0,100
2025-08-05 05:00:00,18.7,11.4,0.2,100
2025-08-05 06:00:00,18.9,12.7,8.0,100
2025-08-05 07:00:00,19.0,11.5,24.8,99
2025-08-05 08:00:00,19.5,13.0,59.5,95
2025-08-05 09:00:00,20.0,15.2,159.8,100
2025-08-05 10:00:00,17.9,11.1,87.8,100
2025-08-05 11:00:00,17.6,14.4,107.8,100
2025-08-05 12:00:00,17.2,8.9,129.2,100
2025-08-05 13:00:00,17.3,10.0,173.0,100
2025-08-05 14:00:00,18.5,15.8,218.5,100
2025-08-05 15:00:00,19.2,14.3,226.8,100
2025-08-05 16:00:00,19.5,9.9,463.8,34
2025-08-05 17:00:00,20.1,12.3,372.0,62
2025-08-05 18:00:00,20.4,11.1,251.2,7
2025-08-05 19:00:00,19.7,10.2,125.5,75
2025-08-05 20:00:00,19.2,11.5,18.0,89
2025-08-05 21:00:00,17.8,15.2,0.0,100
2025-08-05 22:00:00,16.8,13.2,0.0,41
2025-08-05 23:00:00,15.6,10.9,0.0,71
2025-08-06 00:00:00,15.2,11.3,0.0,43
2025-08-06 01:00:00,14.5,10.4,0.0,31
2025-08-06 02:00:00,13.9,10.5,0.0,0
2025-08-06 03:00:00,13.4,11.1,0.0,47
2025-08-06 04:00:00,13.0,11.7,0.0,0
2025-08-06 05:00:00,12.6,10.7,3.8,0
2025-08-06 06:00:00,12.6,10.7,71.5,5
2025-08-06 07:00:00,13.5,11.3,196.2,35
2025-08-06 08:00:00,14.7,11.2,340.0,22
2025-08-06 09:00:00,16.4,13.2,493.8,58
2025-08-06 10:00:00,17.6,12.3,476.0,97
2025-08-06 11:00:00,18.9,14.1,566.5,56
2025-08-06 12:00:00,20.0,14.4,676.0,45
2025-08-06 13:00:00,20.7,14.4,646.0,87
2025-08-06 14:00:00,21.5,12.8,488.0,100
2025-08-06 15:00:00,21.7,16.8,514.0,100
2025-08-06 16:00:00,21.8,13.0,352.0,48
2025-08-06 17:00:00,21.9,12.5,370.5,94
2025-08-06 18:00:00,21.5,10.9,242.8,33
2025-08-06 19:00:00,21.4,9.5,114.5,29
2025-08-06 20:00:00,20.5,8.0,19.5,31
2025-08-06 21:00:00,19.4,4.7,0.0,62
2025-08-06 22:00:00,17.8,3.9,0.0,11
2025-08-06 23:00:00,17.1,3.6,0.0,0
2025-08-07 00:00:00,16.5,4.1,0.0,11
2025-08-07 01:00:00,15.5,4.4,0.0,16
2025-08-07 02:00:00,15.1,4.5,0.0,100
2025-08-07 03:00:00,14.8,3.9,0.0,100
2025-08-07 04:00:00,14.2,4.1,0.0,100
2025-08-07 05:00:00,14.1,3.7,2.5,100
2025-08-07 06:00:00,14.5,4.0,45.8,100
2025-08-07 07:00:00,15.3,3.2,137.0,88
2025-08-07 08:00:00,16.8,5.1,248.8,100
2025-08-07 09:00:00,18.5,6.6,403.8,48
2025-08-07 10:00:00,20.6,6.2,564.0,67
2025-08-07 11:00:00,21.8,8.8,619.0,100
2025-08-07 12:00:00,22.9,10.5,639.0,81
2025-08-07 13:00:00,24.3,11.9,661.2,99
2025-08-07 14:00:00,24.8,11.9,701.5,33
2025-08-07 15:00:00,25.2,12.2,654.5,56
2025-08-07 16:00:00,25.4,11.5,516.5,35
2025-08-07 17:00:00,25.7,11.3,414.0,81
2025-08-07 18:00:00,25.4,8.7,259.2,68
2025-08-07 19:00:00,25.0,6.2,113.5,82
2025-08-07 20:00:00,23.9,5.0,17.0,85
2025-08-07 21:00:00,22.6,3.4,0.0,100
2025-08-07 22:00:00,21.0,5.2,0.0,90
2025-08-07 23:00:00,20.4,3.5,0.0,100
2025-08-08 00:00:00,19.8,4.3,0.0,100
2025-08-08 01:00:00,19.2,6.9,0.0,100
2025-08-08 02:00:00,18.9,2.6,0.0,100
2025-08-08 03:00:00,18.5,1.8,0.0,100
2025-08-08 04:00:00,18.6,3.4,0.0,91
2025-08-08 05:00:00,18.3,2.9,2.0,100
2025-08-08 06:00:00,18.6,5.4,46.5,96
2025-08-08 07:00:00,19.3,4.3,144.0,93
2025-08-08 08:00:00,20.4,3.4,271.5,98
2025-08-08 09:00:00,21.6,5.3,345.2,100
2025-08-08 10:00:00,23.0,8.2,340.2,100
2025-08-08 11:00:00,24.0,10.3,490.5,100
2025-08-08 12:00:00,25.1,11.5,539.2,100
2025-08-08 13:00:00,26.3,12.8,554.8,100
2025-08-08 14:00:00,27.5,16.2,519.8,100
2025-08-08 15:00:00,27.7,18.0,452.2,100
2025-08-08 16:00:00,27.6,15.5,373.2,100
2025-08-08 17:00:00,27.2,14.5,269.8,100
2025-08-08 18:00:00,26.5,12.0,151.8,100
2025-08-08 19:00:00,25.7,11.2,81.5,73
2025-08-08 20:00:00,24.7,7.1,15.2,100
2025-08-08 21:00:00,23.6,6.0,0.0,100
2025-08-08 22:00:00,22.2,4.5,0.0,0
2025-08-08 23:00:00,21.5,4.1,0.0,0
2025-08-09 00:00:00,20.7,3.5,0.0,0
2025-08-09 01:00:00,19.6,2.9,0.0,0
2025-08-09 02:00:00,18.9,3.6,0.0,0
2025-08-09 03:00:00,18.3,3.2,0.0,0
2025-08-09 04:00:00,17.0,2.5,0.0,0
2025-08-09 05:00:00,16.5,2.8,2.2,0
2025-08-09 06:00:00,16.8,3.2,63.5,0
2025-08-09 07:00:00,18.3,3.8,192.0,5
2025-08-09 08:00:00,20.5,4.7,342.5,0
2025-08-09 09:00:00,22.4,7.1,477.8,54
2025-08-09 10:00:00,24.3,7.2,565.2,100
2025-08-09 11:00:00,25.6,8.7,635.5,100
2025-08-09 12:00:00,26.5,8.1,666.2,70
2025-08-09 13:00:00,27.4,8.4,765.0,23
2025-08-09 14:00:00,28.2,10.0,738.2,0
2025-08-09 15:00:00,28.9,10.8,642.0,44
2025-08-09 16:00:00,29.3,10.2,454.5,26
2025-08-09 17:00:00,29.5,8.8,394.8,12
2025-08-09 18:00:00,29.5,7.1,250.5,83
2025-08-09 19:00:00,29.1,7.1,106.2,0
2025-08-09 20:00:00,27.5,6.3,15.0,0
2025-08-09 21:00:00,26.4,8.1,0.0,37
2025-08-09 22:00:00,24.9,7.8,0.0,19
2025-08-09 23:00:00,23.3,10.6,0.0,62
2025-08-10 00:00:00,22.4,9.8,0.0,62
2025-08-10 01:00:00,21.6,8.7,0.0,35
2025-08-10 02:00:00,20.6,11.1,0.0,0
2025-08-10 03:00:00,18.5,13.6,0.0,14
2025-08-10 04:00:00,18.6,12.5,0.0,83
2025-08-10 05:00:00,17.8,13.6,1.8,80
2025-08-10 06:00:00,17.0,15.5,57.5,100
2025-08-10 07:00:00,17.2,14.7,156.0,89
2025-08-10 08:00:00,18.1,16.6,318.8,100
2025-08-10 09:00:00,19.4,16.3,441.8,64
2025-08-10 10:00:00,20.2,15.3,546.0,88
2025-08-10 11:00:00,22.0,16.0,683.2,89
2025-08-10 12:00:00,22.5,17.4,645.8,52
2025-08-10 13:00:00,22.8,16.3,717.8,96
2025-08-10 14:00:00,24.0,16.1,599.2,29
2025-08-10 15:00:00,24.5,17.4,498.2,59
2025-08-10 16:00:00,24.5,17.1,499.8,77
2025-08-10 17:00:00,24.2,13.5,400.5,86
2025-08-10 18:00:00,23.7,12.7,252.2,32
2025-08-10 19:00:00,23.3,9.9,111.2,73
2025-08-10 20:00:00,22.1,9.3,13.5,84
2025-08-10 21:00:00,21.0,4.8,0.0,100
2025-08-10 22:00:00,19.6,5.9,0.0,0
2025-08-10 23:00:00,18.0,6.4,0.0,0
2025-08-11 00:00:00,17.2,4.5,0.0,0
2025-08-11 01:00:00,16.0,3.5,0.0,0
2025-08-11 02:00:00,15.6,2.3,0.0,0
2025-08-11 03:00:00,15.4,1.8,0.0,0
2025-08-11 04:00:00,14.3,1.9,0.0,12
2025-08-11 05:00:00,14.1,0.7,1.5,0
2025-08-11 06:00:00,14.4,1.1,58.5,0
2025-08-11 07:00:00,15.6,2.5,186.5,56
2025-08-11 08:00:00,17.3,3.7,309.5,37
2025-08-11 09:00:00,19.4,2.4,479.0,99
2025-08-11 10:00:00,21.8,3.1,620.8,0
2025-08-11 11:00:00,23.1,3.7,727.2,0
2025-08-11 12:00:00,24.0,6.5,781.8,0
2025-08-11 13:00:00,24.8,6.5,786.0,100
2025-08-11 14:00:00,25.6,4.4,743.2,18
2025-08-11 15:00:00,26.1,6.1,665.8,0
2025-08-11 16:00:00,26.3,4.7,554.2,0
2025-08-11 17:00:00,26.2,6.5,398.8,0
2025-08-11 18:00:00,25.9,6.2,247.0,100
2025-08-11 19:00:00,25.6,6.7,90.8,6
2025-08-11 20:00:00,24.0,7.2,12.2,0
2025-08-11 21:00:00,22.6,6.4,0.0,0
2025-08-11 22:00:00,21.7,5.1,0.0,0
2025-08-11 23:00:00,20.7,4.5,0.0,0
2025-08-12 00:00:00,20.1,4.7,0.0,0
2025-08-12 01:00:00,19.0,4.8,0.0,0
2025-08-12 02:00:00,18.4,4.3,0.0,0
2025-08-12 03:00:00,17.5,5.4,0.0,0
2025-08-12 04:00:00,16.8,4.0,0.0,0
2025-08-12 05:00:00,16.4,4.4,1.2,0
2025-08-12 06:00:00,16.7,4.7,53.0,0
2025-08-12 07:00:00,17.7,5.1,176.5,0
2025-08-12 08:00:00,19.6,4.9,327.0,0
2025-08-12 09:00:00,21.8,6.1,475.8,0
2025-08-12 10:00:00,24.3,5.2,604.2,0
2025-08-12 11:00:00,26.0,5.9,705.5,0
2025-08-12 12:00:00,27.0,7.7,762.0,0
2025-08-12 13:00:00,28.0,9.2,772.0,0
2025-08-12 14:00:00,28.7,9.2,735.2,0
2025-08-12 15:00:00,29.2,8.4,658.0,24
2025-08-12 16:00:00,29.4,9.0,535.8,68
2025-08-12 17:00:00,29.2,10.2,366.0,19
2025-08-12 18:00:00,28.9,9.8,235.2,62
2025-08-12 19:00:00,27.9,10.3,96.5,26
2025-08-12 20:00:00,26.5,10.1,11.0,93
2025-08-12 21:00:00,24.8,9.7,0.0,71
2025-08-12 22:00:00,23.5,8.3,0.0,31
2025-08-12 23:00:00,22.5,9.8,0.0,17
2025-08-13 00:00:00,21.2,9.7,0.0,0
2025-08-13 01:00:00,20.4,8.9,0.0,19
2025-08-13 02:00:00,19.8,8.5,0.0,0
2025-08-13 03:00:00,19.2,10.0,0.0,19
2025-08-13 04:00:00,18.6,10.1,0.0,63
2025-08-13 05:00:00,18.3,8.5,0.5,97
2025-08-13 06:00:00,18.1,10.9,32.2,100
2025-08-13 07:00:00,18.8,9.3,117.2,29
2025-08-13 08:00:00,20.0,6.6,277.5,73
2025-08-13 09:00:00,21.3,7.6,238.5,57
2025-08-13 10:00:00,23.7,7.1,500.2,93
2025-08-13 11:00:00,26.2,10.0,621.8,48
2025-08-13 12:00:00,28.0,7.3,708.8,58
2025-08-13 13:00:00,30.9,8.9,701.2,41
2025-08-13 14:00:00,31.7,9.7,736.8,11
2025-08-13 15:00:00,32.0,7.9,667.8,0
2025-08-13 16:00:00,32.3,4.8,546.8,0
2025-08-13 17:00:00,31.7,11.8,399.8,0
2025-08-13 18:00:00,30.5,12.6,245.2,0
2025-08-13 19:00:00,29.4,12.6,99.5,0
2025-08-13 20:00:00,28.1,10.1,9.5,0
2025-08-13 21:00:00,26.5,9.2,0.0,0
2025-08-13 22:00:00,24.9,8.1,0.0,0
2025-08-13 23:00:00,23.6,8.2,0.0,0
2025-08-14 00:00:00,22.7,8.4,0.0,31
2025-08-14 01:00:00,22.0,5.0,0.0,0
2025-08-14 02:00:00,21.4,6.2,0.0,0
2025-08-14 03:00:00,20.9,6.1,0.0,0
2025-08-14 04:00:00,20.4,5.8,0.0,0
2025-08-14 05:00:00,20.1,5.2,0.5,0
2025-08-14 06:00:00,20.2,5.2,48.0,0
2025-08-14 07:00:00,21.1,5.4,169.0,0
2025-08-14 08:00:00,23.2,7.2,318.2,0
2025-08-14 09:00:00,25.0,7.2,467.0,65
2025-08-14 10:00:00,27.2,8.2,596.8,6
2025-08-14 11:00:00,29.2,8.5,693.8,0
2025-08-14 12:00:00,31.1,8.9,750.2,0
2025-08-14 13:00:00,32.1,8.4,762.0,0
2025-08-14 14:00:00,32.5,6.9,725.5,0
2025-08-14 15:00:00,33.4,5.4,643.0,6
2025-08-14 16:00:00,33.5,6.5,527.5,0
2025-08-14 17:00:00,33.4,4.3,391.2,0
2025-08-14 18:00:00,32.8,9.0,236.2,2
2025-08-14 19:00:00,32.1,6.6,93.5,13
2025-08-14 20:00:00,30.4,6.3,8.2,0
2025-08-14 21:00:00,29.2,5.5,0.0,0
2025-08-14 22:00:00,27.5,5.0,0.0,0
2025-08-14 23:00:00,26.4,5.8,0.0,57
2025-08-15 00:00:00,25.4,7.0,0.0,23
2025-08-15 01:00:00,24.5,6.9,0.0,0
2025-08-15 02:00:00,23.7,7.4,0.0,3
2025-08-15 03:00:00,23.0,6.3,0.0,0
2025-08-15 04:00:00,22.3,4.7,0.0,0
2025-08-15 05:00:00,21.9,6.1,0.2,0
2025-08-15 06:00:00,21.9,4.6,44.2,100
2025-08-15 07:00:00,22.7,4.1,156.8,61
2025-08-15 08:00:00,24.4,3.8,301.8,100
2025-08-15 09:00:00,26.5,2.3,451.5,7
2025-08-15 10:00:00,29.0,2.4,593.0,12
2025-08-15 11:00:00,31.2,0.4,687.0,100
2025-08-15 12:00:00,32.5,1.8,738.2,71
2025-08-15 13:00:00,33.5,6.8,749.0,72
2025-08-15 14:00:00,34.1,8.0,710.8,22
2025-08-15 15:00:00,33.9,7.6,616.0,85
2025-08-15 16:00:00,33.5,12.9,411.8,51
2025-08-15 17:00:00,32.7,14.5,320.2,87
2025-08-15 18:00:00,31.3,16.4,213.2,99
2025-08-15 19:00:00,29.9,15.8,86.0,5
2025-08-15 20:00:00,27.7,16.3,7.0,10
2025-08-15 21:00:00,25.8,13.1,0.0,0
2025-08-15 22:00:00,24.9,9.4,0.0,0
2025-08-15 23:00:00,23.9,7.7,0.0,0
2025-08-16 00:00:00,22.7,6.9,0.0,0
2025-08-16 01:00:00,21.7,7.4,0.0,1
2025-08-16 02:00:00,20.8,8.4,0.0,77
2025-08-16 03:00:00,19.9,8.7,0.0,73
2025-08-16 04:00:00,19.2,7.4,0.0,28
2025-08-16 05:00:00,18.6,8.7,0.2,90
2025-08-16 06:00:00,18.7,8.4,28.2,81
2025-08-16 07:00:00,19.0,12.2,86.2,100
2025-08-16 08:00:00,19.1,10.2,103.8,100
2025-08-16 09:00:00,20.0,9.9,196.2,93
2025-08-16 10:00:00,20.1,11.8,310.8,98
2025-08-16 11:00:00,20.6,13.9,360.0,89
2025-08-16 12:00:00,21.6,13.4,405.5,85
2025-08-16 13:00:00,22.7,15.8,539.2,39
2025-08-16 14:00:00,24.1,14.2,701.5,53
2025-08-16 15:00:00,24.7,15.2,622.8,0
2025-08-16 16:00:00,24.6,14.9,516.2,0
2025-08-16 17:00:00,24.0,14.9,384.5,0
2025-08-16 18:00:00,23.5,14.0,230.5,0
2025-08-16 19:00:00,23.0,13.0,88.5,0
2025-08-16 20:00:00,21.9,10.7,6.5,0
2025-08-16 21:00:00,20.1,8.3,0.0,0
2025-08-16 22:00:00,19.1,7.5,0.0,0
2025-08-16 23:00:00,18.2,5.4,0.0,13
2025-08-17 00:00:00,17.5,5.1,0.0,4
2025-08-17 01:00:00,16.2,7.6,0.0,27
2025-08-17 02:00:00,15.2,8.1,0.0,24
2025-08-17 03:00:00,14.5,8.7,0.0,34
2025-08-17 04:00:00,14.0,10.4,0.0,45
2025-08-17 05:00:00,13.4,10.2,0.0,75
2025-08-17 06:00:00,13.3,9.6,32.8,75
2025-08-17 07:00:00,13.4,8.8,126.2,42
2025-08-17 08:00:00,14.3,8.0,259.2,66
2025-08-17 09:00:00,15.5,8.2,317.8,67
2025-08-17 10:00:00,17.3,7.7,493.0,51
2025-08-17 11:00:00,18.5,8.2,534.0,71
2025-08-17 12:00:00,19.4,7.7,445.2,78
2025-08-17 13:00:00,20.2,9.7,541.5,100
2025-08-17 14:00:00,21.0,7.6,373.0,94
2025-08-17 15:00:00,21.8,8.4,385.5,100
2025-08-17 16:00:00,22.9,7.3,193.0,84
2025-08-17 17:00:00,22.8,10.4,242.8,93
2025-08-17 18:00:00,22.7,8.0,174.0,14
2025-08-17 19:00:00,22.5,7.4,83.5,87
2025-08-17 20:00:00,21.5,7.7,4.5,67
2025-08-17 21:00:00,20.8,5.2,0.0,46
2025-08-17 22:00:00,18.4,7.7,0.0,32
2025-08-17 23:00:00,17.7,7.3,0.0,36
2025-08-18 00:00:00,16.8,5.1,0.0,2
2025-08-18 01:00:00,15.9,2.0,0.0,0
2025-08-18 02:00:00,15.7,3.2,0.0,0
2025-08-18 03:00:00,15.1,3.3,0.0,0
2025-08-18 04:00:00,14.5,3.6,0.0,0
2025-08-18 05:00:00,14.0,3.7,0.0,0
2025-08-18 06:00:00,14.0,3.9,39.2,0
2025-08-18 07:00:00,14.8,3.4,164.8,0
2025-08-18 08:00:00,16.4,4.2,316.5,0
2025-08-18 09:00:00,18.1,5.0,469.0,0
2025-08-18 10:00:00,19.9,3.9,598.2,6
2025-08-18 11:00:00,21.3,2.7,693.5,3
2025-08-18 12:00:00,22.3,4.1,745.8,17
2025-08-18 13:00:00,23.5,6.0,751.8,93
2025-08-18 14:00:00,24.0,8.4,648.5,4
2025-08-18 15:00:00,24.4,9.9,471.5,90
2025-08-18 16:00:00,24.8,6.5,321.5,84
2025-08-18 17:00:00,24.3,6.6,305.5,55
2025-08-18 18:00:00,23.8,11.2,172.0,43
2025-08-18 19:00:00,23.3,9.7,75.5,85
2025-08-18 20:00:00,22.2,8.0,4.5,0
2025-08-18 21:00:00,21.2,5.4,0.0,0
2025-08-18 22:00:00,20.2,4.8,0.0,0
2025-08-18 23:00:00,19.5,4.1,0.0,0
2025-08-19 00:00:00,18.8,4.3,0.0,0
2025-08-19 01:00:00,17.8,4.1,0.0,0
2025-08-19 02:00:00,17.4,3.3,0.0,0
2025-08-19 03:00:00,16.9,4.2,0.0,0
2025-08-19 04:00:00,15.5,3.7,0.0,0
2025-08-19 05:00:00,15.3,3.2,0.0,0
2025-08-19 06:00:00,15.4,3.4,38.5,0
2025-08-19 07:00:00,16.5,2.3,157.8,0
2025-08-19 08:00:00,18.2,3.0,307.8,0
2025-08-19 09:00:00,20.1,4.4,458.8,0
2025-08-19 10:00:00,22.1,5.1,588.5,0
2025-08-19 11:00:00,23.2,6.2,686.5,0
2025-08-19 12:00:00,24.2,6.1,742.5,2
2025-08-19 13:00:00,25.1,4.7,752.0,2
2025-08-19 14:00:00,25.9,5.6,717.2,0
2025-08-19 15:00:00,26.3,5.2,637.2,0
2025-08-19 16:00:00,26.8,4.6,519.2,0
2025-08-19 17:00:00,26.8,5.8,375.5,0
2025-08-19 18:00:00,26.2,4.4,220.2,0
2025-08-19 19:00:00,26.1,5.4,78.0,0
2025-08-19 20:00:00,25.3,1.8,3.8,0
2025-08-19 21:00:00,24.2,2.9,0.0,0
2025-08-19 22:00:00,22.5,2.9,0.0,0
2025-08-19 23:00:00,21.4,3.2,0.0,0
2025-08-20 00:00:00,21.3,3.8,0.0,0
2025-08-20 01:00:00,18.7,8.6,0.0,0
2025-08-20 02:00:00,17.4,8.5,0.0,1
2025-08-20 03:00:00,16.9,6.1,0.0,0
2025-08-20 04:00:00,16.5,6.6,0.0,56
2025-08-20 05:00:00,16.3,6.9,0.0,83
2025-08-20 06:00:00,16.2,8.5,27.5,72
2025-08-20 07:00:00,15.7,9.6,104.5,92
2025-08-20 08:00:00,17.1,9.4,156.8,81
2025-08-20 09:00:00,18.5,8.1,335.2,59
2025-08-20 10:00:00,19.3,8.6,428.0,94
2025-08-20 11:00:00,20.7,8.1,445.5,77
2025-08-20 12:00:00,21.9,5.7,556.2,44
2025-08-20 13:00:00,22.9,7.4,517.2,87
2025-08-20 14:00:00,23.8,7.8,493.5,95
2025-08-20 15:00:00,24.0,9.5,420.2,72
2025-08-20 16:00:00,23.4,13.0,243.8,47
2025-08-20 17:00:00,24.1,9.8,340.8,96
2025-08-20 18:00:00,22.2,14.4,104.5,60
2025-08-20 19:00:00,21.1,15.4,66.8,22
2025-08-20 20:00:00,19.3,14.7,2.8,39
2025-08-20 21:00:00,17.8,13.0,0.0,20
2025-08-20 22:00:00,17.1,11.9,0.0,32
2025-08-20 23:00:00,16.2,9.7,0.0,79
2025-08-21 00:00:00,15.5,9.4,0.0,71
2025-08-21 01:00:00,14.6,7.8,0.0,66
2025-08-21 02:00:00,14.1,6.8,0.0,60
2025-08-21 03:00:00,13.3,7.6,0.0,26
2025-08-21 04:00:00,12.1,7.6,0.0,0
2025-08-21 05:00:00,11.6,6.5,0.0,0
2025-08-21 06:00:00,11.5,5.4,34.8,0
2025-08-21 07:00:00,12.6,4.9,155.5,0
2025-08-21 08:00:00,14.1,4.4,310.0,0
2025-08-21 09:00:00,16.2,3.3,463.8,0
2025-08-21 10:00:00,18.5,6.0,597.0,0
2025-08-21 11:00:00,20.0,5.9,695.2,0
2025-08-21 12:00:00,21.5,5.7,745.0,13
2025-08-21 13:00:00,22.9,5.9,746.2,14
2025-08-21 14:00:00,23.5,8.9,707.0,24
2025-08-21 15:00:00,23.6,10.4,612.2,11
2025-08-21 16:00:00,23.9,10.3,511.8,0
2025-08-21 17:00:00,23.3,14.1,364.5,2
2025-08-21 18:00:00,22.4,14.8,214.0,0
2025-08-21 19:00:00,21.6,12.2,71.8,0
2025-08-21 20:00:00,19.4,13.3,2.5,50
2025-08-21 21:00:00,17.8,14.4,0.0,0
2025-08-21 22:00:00,17.0,11.2,0.0,47
2025-08-21 23:00:00,16.2,8.0,0.0,57
2025-08-22 00:00:00,15.7,7.1,0.0,0
2025-08-22 01:00:00,14.7,7.2,0.0,56
2025-08-22 02:00:00,14.1,7.9,0.0,0
2025-08-22 03:00:00,13.1,8.6,0.0,0
2025-08-22 04:00:00,12.5,9.3,0.0,0
2025-08-22 05:00:00,11.8,9.5,0.0,0
2025-08-22 06:00:00,11.5,10.5,31.2,55
2025-08-22 07:00:00,11.7,10.9,94.8,86
2025-08-22 08:00:00,12.8,10.3,224.0,13
2025-08-22 09:00:00,14.9,10.7,444.8,21
2025-08-22 10:00:00,17.0,11.9,547.0,91
2025-08-22 11:00:00,18.2,16.3,518.0,73
2025-08-22 12:00:00,18.9,16.3,633.2,88
2025-08-22 13:00:00,19.2,19.2,575.8,97
2025-08-22 14:00:00,18.9,17.1,406.5,100
2025-08-22 15:00:00,18.8,19.5,279.2,100
2025-08-22 16:00:00,18.4,16.7,306.5,68
2025-08-22 17:00:00,18.5,15.6,139.2,100
2025-08-22 18:00:00,18.1,14.3,74.8,100
2025-08-22 19:00:00,17.1,15.6,32.2,78
2025-08-22 20:00:00,16.3,12.7,1.2,100
2025-08-22 21:00:00,16.1,12.5,0.0,100
2025-08-22 22:00:00,15.7,12.3,0.0,100
2025-08-22 23:00:00,15.3,12.4,0.0,75
2025-08-23 00:00:00,14.7,13.1,0.0,100
2025-08-23 01:00:00,14.5,14.0,0.0,89
2025-08-23 02:00:00,14.1,14.1,0.0,100
2025-08-23 03:00:00,13.8,13.0,0.0,100
2025-08-23 04:00:00,13.6,13.0,0.0,50
2025-08-23 05:00:00,13.2,14.8,0.0,97
2025-08-23 06:00:00,13.0,14.4,19.5,90
2025-08-23 07:00:00,13.2,15.1,59.2,91
2025-08-23 08:00:00,13.6,15.5,94.2,100
2025-08-23 09:00:00,14.2,17.0,167.0,100
2025-08-23 10:00:00,15.1,17.9,255.5,96
2025-08-23 11:00:00,16.1,18.2,395.2,88
2025-08-23 12:00:00,16.6,24.3,432.8,86
2025-08-23 13:00:00,14.5,17.7,543.2,98
2025-08-23 14:00:00,15.6,15.6,379.0,79
2025-08-23 15:00:00,15.4,14.8,247.5,100
2025-08-23 16:00:00,15.3,14.5,410.2,0
2025-08-23 17:00:00,15.8,14.2,361.0,6
2025-08-23 18:00:00,15.9,13.6,201.8,0
2025-08-23 19:00:00,15.9,10.8,57.8,50
2025-08-23 20:00:00,15.1,8.6,1.2,0
2025-08-23 21:00:00,14.2,8.4,0.0,0
2025-08-23 22:00:00,12.8,9.6,0.0,0
2025-08-23 23:00:00,12.1,8.3,0.0,0
2025-08-24 00:00:00,11.6,8.1,0.0,0
2025-08-24 01:00:00,11.1,7.6,0.0,0
2025-08-24 02:00:00,11.0,6.8,0.0,0
2025-08-24 03:00:00,10.7,7.2,0.0,0
2025-08-24 04:00:00,10.2,8.7,0.0,0
2025-08-24 05:00:00,9.7,9.1,0.0,0
2025-08-24 06:00:00,9.6,9.0,29.2,0
2025-08-24 07:00:00,10.3,9.7,146.0,0
2025-08-24 08:00:00,11.8,11.9,300.5,0
2025-08-24 09:00:00,13.6,13.1,455.8,18
2025-08-24 10:00:00,15.5,15.7,557.0,41
2025-08-24 11:00:00,17.2,17.2,648.2,95
2025-08-24 12:00:00,17.8,17.6,492.2,50
2025-08-24 13:00:00,18.8,15.7,553.0,100
2025-08-24 14:00:00,19.6,16.0,498.8,85
2025-08-24 15:00:00,18.8,12.4,330.0,95
2025-08-24 16:00:00,18.9,14.1,307.2,85
2025-08-24 17:00:00,18.1,13.8,179.5,64
2025-08-24 18:00:00,17.9,12.4,102.2,100
2025-08-24 19:00:00,17.7,13.6,20.0,70
2025-08-24 20:00:00,17.0,10.6,0.5,71
2025-08-24 21:00:00,16.1,9.7,0.0,49
2025-08-24 22:00:00,15.4,9.8,0.0,4
2025-08-24 23:00:00,14.5,9.1,0.0,54
2025-08-25 00:00:00,13.8,8.7,0.0,14
2025-08-25 01:00:00,13.1,8.7,0.0,0
2025-08-25 02:00:00,12.5,8.7,0.0,25
2025-08-25 03:00:00,11.8,9.0,0.0,6
2025-08-25 04:00:00,11.4,8.7,0.0,0
2025-08-25 05:00:00,11.3,9.0,0.0,95
2025-08-25 06:00:00,11.6,8.1,11.2,98
2025-08-25 07:00:00,12.2,9.4,56.5,85
2025-08-25 08:00:00,12.6,8.6,63.5,100
2025-08-25 09:00:00,13.3,9.4,102.5,100
2025-08-25 10:00:00,15.0,12.3,337.8,52
2025-08-25 11:00:00,15.5,12.4,258.8,81
2025-08-25 12:00:00,17.0,14.5,468.8,100
2025-08-25 13:00:00,17.6,14.2,410.0,85
2025-08-25 14:00:00,18.7,14.9,524.5,92
2025-08-25 15:00:00,19.1,15.7,458.2,95
2025-08-25 16:00:00,19.5,13.2,340.5,59
2025-08-25 17:00:00,19.9,11.8,303.5,100
2025-08-25 18:00:00,19.6,11.3,115.5,98
2025-08-25 19:00:00,19.0,5.2,31.2,100
2025-08-25 20:00:00,18.3,2.5,0.2,97
2025-08-25 21:00:00,17.6,2.2,0.0,93
2025-08-25 22:00:00,15.8,3.1,0.0,77
2025-08-25 23:00:00,15.2,3.1,0.0,16
2025-08-26 00:00:00,14.5,4.0,0.0,90
2025-08-26 01:00:00,12.8,3.9,0.0,57
2025-08-26 02:00:00,12.7,5.7,0.0,73
2025-08-26 03:00:00,12.3,5.5,0.0,20
2025-08-26 04:00:00,11.7,2.9,0.0,73
2025-08-26 05:00:00,11.3,4.7,0.0,25
2025-08-26 06:00:00,11.1,5.2,24.2,27
2025-08-26 07:00:00,12.0,5.8,137.8,90
2025-08-26 08:00:00,13.3,7.3,210.0,35
2025-08-26 09:00:00,14.9,6.6,417.5,40
2025-08-26 10:00:00,17.2,8.7,551.2,65
2025-08-26 11:00:00,18.6,9.1,559.8,64
2025-08-26 12:00:00,19.5,8.0,607.2,49
2025-08-26 13:00:00,20.4,6.1,713.5,55
2025-08-26 14:00:00,21.0,6.6,647.0,40
2025-08-26 15:00:00,21.5,5.4,587.0,2
2025-08-26 16:00:00,22.2,4.1,476.8,46
2025-08-26 17:00:00,22.3,2.5,317.8,86
2025-08-26 18:00:00,22.2,4.2,164.8,34
2025-08-26 19:00:00,21.7,4.3,49.0,88
2025-08-26 20:00:00,20.3,7.9,0.2,100
2025-08-26 21:00:00,19.2,7.1,0.0,100
2025-08-26 22:00:00,18.1,7.7,0.0,100
2025-08-26 23:00:00,17.0,7.9,0.0,100
2025-08-27 00:00:00,16.4,8.1,0.0,100
2025-08-27 01:00:00,16.0,8.4,0.0,100
2025-08-27 02:00:00,15.9,7.4,0.0,100
2025-08-27 03:00:00,15.7,8.1,0.0,100
2025-08-27 04:00:00,15.7,8.0,0.0,37
2025-08-27 05:00:00,15.4,8.4,0.0,69
2025-08-27 06:00:00,15.1,10.9,14.0,100
2025-08-27 07:00:00,16.0,10.0,91.0,100
2025-08-27 08:00:00,17.1,9.9,175.8,100
2025-08-27 09:00:00,18.6,9.4,322.8,96
2025-08-27 10:00:00,20.1,9.9,348.8,100
2025-08-27 11:00:00,21.8,10.8,411.8,100
2025-08-27 12:00:00,23.8,12.8,641.8,49
2025-08-27 13:00:00,25.7,10.4,671.8,15
2025-08-27 14:00:00,27.3,13.1,660.2,15
2025-08-27 15:00:00,28.8,11.4,445.5,90
2025-08-27 16:00:00,29.2,10.5,400.2,76
2025-08-27 17:00:00,29.3,8.9,256.2,75
2025-08-27 18:00:00,28.6,7.6,153.2,100
2025-08-27 19:00:00,27.5,3.4,39.2,100
2025-08-27 20:00:00,26.2,3.5,0.0,100
2025-08-27 21:00:00,23.6,6.0,0.0,100
2025-08-27 22:00:00,22.7,7.4,0.0,100
2025-08-27 23:00:00,22.0,7.7,0.0,100
2025-08-28 00:00:00,21.5,10.8,0.0,100
2025-08-28 01:00:00,19.1,1.9,0.0,100
2025-08-28 02:00:00,19.4,4.4,0.0,85
2025-08-28 03:00:00,19.1,5.6,0.0,90
2025-08-28 04:00:00,18.5,6.5,0.0,100
2025-08-28 05:00:00,18.2,5.7,0.0,90
2025-08-28 06:00:00,18.2,5.4,7.5,100
2025-08-28 07:00:00,18.6,5.1,41.8,100
2025-08-28 08:00:00,19.5,6.6,86.2,100
2025-08-28 09:00:00,20.3,3.8,168.0,100
2025-08-28 10:00:00,20.8,1.8,271.0,100
2025-08-28 11:00:00,20.9,6.4,122.5,100
2025-08-28 12:00:00,20.2,8.2,80.5,100
2025-08-28 13:00:00,20.5,7.9,143.2,100
2025-08-28 14:00:00,21.3,4.5,280.0,100
2025-08-28 15:00:00,22.1,4.6,202.0,100
2025-08-28 16:00:00,21.3,4.7,70.0,100
2025-08-28 17:00:00,20.7,5.8,53.2,100
2025-08-28 18:00:00,20.3,4.1,27.5,100
2025-08-28 19:00:00,20.1,5.9,15.0,100
2025-08-28 20:00:00,19.6,4.8,0.0,100
2025-08-28 21:00:00,19.4,5.5,0.0,100
2025-08-28 22:00:00,19.2,6.4,0.0,100
2025-08-28 23:00:00,18.9,6.3,0.0,100
2025-08-29 00:00:00,18.6,6.0,0.0,100
2025-08-29 01:00:00,18.6,5.0,0.0,96
2025-08-29 02:00:00,18.3,3.2,0.0,98
2025-08-29 03:00:00,18.2,3.9,0.0,96
2025-08-29 04:00:00,18.1,5.3,0.0,93
2025-08-29 05:00:00,18.1,2.2,0.0,93
2025-08-29 06:00:00,18.0,4.0,8.2,98
2025-08-29 07:00:00,18.3,3.6,31.8,100
2025-08-29 08:00:00,18.7,2.9,66.2,100
2025-08-29 09:00:00,18.8,4.7,70.2,100
2025-08-29 10:00:00,19.0,3.3,84.0,100
2025-08-29 11:00:00,19.1,7.2,130.0,100
2025-08-29 12:00:00,19.1,6.8,109.2,100
2025-08-29 13:00:00,19.0,4.9,136.8,98
2025-08-29 14:00:00,19.5,4.3,162.0,98
2025-08-29 15:00:00,20.2,4.6,236.8,88
2025-08-29 16:00:00,21.4,5.8,254.8,99
2025-08-29 17:00:00,21.2,6.0,129.8,99
2025-08-29 18:00:00,21.0,5.6,86.8,63
2025-08-29 19:00:00,20.4,5.2,34.8,72
2025-08-29 20:00:00,19.7,4.3,0.0,92
2025-08-29 21:00:00,19.0,5.7,0.0,100
2025-08-29 22:00:00,17.9,5.2,0.0,31
2025-08-29 23:00:00,17.4,4.9,0.0,100
2025-08-30 00:00:00,16.9,3.3,0.0,100
2025-08-30 01:00:00,15.9,3.7,0.0,100
2025-08-30 02:00:00,15.6,2.1,0.0,100
2025-08-30 03:00:00,15.5,3.9,0.0,100
2025-08-30 04:00:00,15.6,6.6,0.0,100
2025-08-30 05:00:00,15.3,4.4,0.0,100
2025-08-30 06:00:00,15.5,3.9,10.5,100
2025-08-30 07:00:00,16.3,3.3,70.8,100
2025-08-30 08:00:00,17.3,4.2,178.8,78
2025-08-30 09:00:00,19.0,6.8,366.0,56
2025-08-30 10:00:00,20.2,9.5,464.8,46
2025-08-30 11:00:00,20.8,9.9,465.2,97
2025-08-30 12:00:00,21.4,10.2,534.8,77
2025-08-30 13:00:00,22.9,10.8,525.5,100
2025-08-30 14:00:00,23.0,10.5,472.2,100
2025-08-30 15:00:00,23.1,10.2,332.0,100
2025-08-30 16:00:00,23.3,8.2,186.2,92
2025-08-30 17:00:00,23.2,8.5,234.8,73
2025-08-30 18:00:00,22.8,7.3,140.5,12
2025-08-30 19:00:00,22.2,3.8,35.5,87
2025-08-30 20:00:00,21.6,2.6,0.0,70
2025-08-30 21:00:00,20.7,3.6,0.0,48
2025-08-30 22:00:00,18.8,4.4,0.0,0
2025-08-30 23:00:00,18.0,3.6,0.0,0
2025-08-31 00:00:00,17.4,3.1,0.0,0
2025-08-31 01:00:00,15.8,2.7,0.0,6
2025-08-31 02:00:00,15.5,2.3,0.0,0
2025-08-31 03:00:00,14.8,3.3,0.0,0
2025-08-31 04:00:00,14.3,3.1,0.0,0
2025-08-31 05:00:00,14.0,3.6,0.0,0
2025-08-31 06:00:00,13.8,4.4,16.5,0
2025-08-31 07:00:00,14.5,4.7,117.5,0
2025-08-31 08:00:00,16.2,5.9,263.2,0
2025-08-31 09:00:00,18.4,5.8,412.5,0
2025-08-31 10:00:00,20.8,5.4,544.2,0
2025-08-31 11:00:00,22.6,6.8,642.8,0
2025-08-31 12:00:00,23.7,8.0,684.5,2
2025-08-31 13:00:00,24.5,9.0,697.2,15
2025-08-31 14:00:00,25.0,9.1,623.2,32
2025-08-31 15:00:00,25.3,9.2,513.0,0
2025-08-31 16:00:00,25.6,9.0,413.5,9
2025-08-31 17:00:00,25.8,6.3,301.2,0
2025-08-31 18:00:00,25.2,8.4,144.8,0
2025-08-31 19:00:00,24.3,6.0,34.2,27
2025-08-31 20:00:00,22.4,6.5,0.0,0
2025-08-31 21:00:00,21.1,7.2,0.0,0
2025-08-31 22:00:00,19.8,7.2,0.0,0
2025-08-31 23:00:00,19.0,7.9,0.0,0
2025-09-01 00:00:00,18.3,7.7,0.0,0
2025-09-01 01:00:00,17.4,6.5,0.0,0
2025-09-01 02:00:00,16.9,6.4,0.0,0
2025-09-01 03:00:00,16.5,8.0,0.0,0
2025-09-01 04:00:00,15.8,8.8,0.0,0
2025-09-01 05:00:00,15.3,8.2,0.0,0
2025-09-01 06:00:00,14.9,8.6,14.8,0
2025-09-01 07:00:00,15.9,7.1,113.8,17
2025-09-01 08:00:00,18.1,8.0,255.8,0
2025-09-01 09:00:00,20.5,9.2,407.0,0
2025-09-01 10:00:00,23.1,11.2,528.8,98
2025-09-01 11:00:00,24.7,12.0,585.2,100
2025-09-01 12:00:00,25.6,12.7,600.2,100
2025-09-01 13:00:00,26.3,12.9,485.0,41
2025-09-01 14:00:00,27.2,9.3,594.5,100
2025-09-01 15:00:00,27.5,11.1,429.2,36
2025-09-01 16:00:00,27.3,8.6,375.5,100
2025-09-01 17:00:00,27.0,8.4,170.2,100
2025-09-01 18:00:00,26.5,7.6,52.0,100
2025-09-01 19:00:00,25.7,11.9,13.2,100
2025-09-01 20:00:00,22.2,10.8,0.0,96
2025-09-01 21:00:00,21.4,7.7,0.0,100
2025-09-01 22:00:00,20.7,8.8,0.0,100
2025-09-01 23:00:00,19.6,9.6,0.0,100
2025-09-02 00:00:00,18.8,8.5,0.0,100
2025-09-02 01:00:00,18.6,6.3,0.0,100
2025-09-02 02:00:00,18.4,3.7,0.0,100
2025-09-02 03:00:00,18.2,6.5,0.0,100
2025-09-02 04:00:00,17.9,5.4,0.0,98
2025-09-02 05:00:00,17.7,4.7,0.0,100
2025-09-02 06:00:00,17.4,5.8,6.5,100
2025-09-02 07:00:00,17.1,6.1,28.0,100
2025-09-02 08:00:00,17.3,5.7,45.2,100
2025-09-02 09:00:00,17.7,5.4,74.2,100
2025-09-02 10:00:00,17.4,4.9,84.0,100
2025-09-02 11:00:00,17.2,4.9,109.8,100
2025-09-02 12:00:00,17.8,2.9,202.2,100
2025-09-02 13:00:00,18.5,3.6,291.5,100
2025-09-02 14:00:00,20.4,4.8,283.2,100
2025-09-02 15:00:00,21.0,7.0,243.0,100
2025-09-02 16:00:00,20.6,8.0,296.0,62
2025-09-02 17:00:00,20.9,8.7,210.5,64
2025-09-02 18:00:00,20.6,8.6,115.5,8
2025-09-02 19:00:00,20.0,8.3,23.5,96
2025-09-02 20:00:00,19.2,7.8,0.0,98
2025-09-02 21:00:00,18.7,9.3,0.0,100
2025-09-02 22:00:00,18.1,8.7,0.0,100
2025-09-02 23:00:00,18.1,6.9,0.0,63
2025-09-03 00:00:00,17.5,5.8,0.0,46
2025-09-03 01:00:00,16.7,4.8,0.0,0
2025-09-03 02:00:00,16.1,6.2,0.0,10
2025-09-03 03:00:00,15.7,4.8,0.0,20
2025-09-03 04:00:00,14.9,5.1,0.0,34
2025-09-03 05:00:00,14.3,5.4,0.0,0
2025-09-03 06:00:00,14.1,5.4,12.5,0
2025-09-03 07:00:00,14.6,5.8,108.8,0
2025-09-03 08:00:00,16.0,7.2,253.0,0
2025-09-03 09:00:00,18.2,10.2,399.5,0
2025-09-03 10:00:00,20.4,11.7,527.0,0
2025-09-03 11:00:00,22.0,12.3,622.5,63
2025-09-03 12:00:00,23.3,15.8,652.8,96
2025-09-03 13:00:00,23.6,14.9,381.0,65
2025-09-03 14:00:00,24.1,13.3,376.5,82
2025-09-03 15:00:00,24.0,15.1,279.2,88
2025-09-03 16:00:00,24.4,17.7,318.8,100
2025-09-03 17:00:00,23.9,12.0,152.5,0
2025-09-03 18:00:00,23.6,9.7,135.0,0
2025-09-03 19:00:00,22.6,8.6,23.5,100
2025-09-03 20:00:00,21.5,7.2,0.0,100
2025-09-03 21:00:00,20.8,8.2,0.0,100
2025-09-03 22:00:00,19.7,8.3,0.0,63
2025-09-03 23:00:00,19.1,8.7,0.0,0
2025-09-04 00:00:00,18.5,7.9,0.0,12
2025-09-04 01:00:00,17.8,7.6,0.0,10
2025-09-04 02:00:00,17.3,7.8,0.0,18
2025-09-04 03:00:00,17.1,8.3,0.0,100
2025-09-04 04:00:00,16.8,8.0,0.0,94
2025-09-04 05:00:00,16.6,7.9,0.0,100
2025-09-04 06:00:00,16.5,7.9,10.2,91
2025-09-04 07:00:00,16.9,8.1,99.5,0
2025-09-04 08:00:00,18.5,7.2,241.5,1
2025-09-04 09:00:00,20.8,8.8,386.8,2
2025-09-04 10:00:00,23.1,7.9,494.2,100
2025-09-04 11:00:00,24.8,9.1,485.8,92
2025-09-04 12:00:00,26.0,9.2,575.2,100
2025-09-04 13:00:00,26.5,12.7,462.2,100
2025-09-04 14:00:00,26.9,11.2,525.8,100
2025-09-04 15:00:00,27.4,11.5,498.5,100
2025-09-04 16:00:00,27.5,12.3,340.2,100
2025-09-04 17:00:00,27.4,10.8,248.5,100
2025-09-04 18:00:00,26.9,6.6,106.0,100
2025-09-04 19:00:00,25.6,4.0,17.2,98
2025-09-04 20:00:00,24.3,3.9,0.0,100
2025-09-04 21:00:00,23.4,4.2,0.0,81
2025-09-04 22:00:00,22.0,5.6,0.0,78
2025-09-04 23:00:00,21.7,4.9,0.0,70
2025-09-05 00:00:00,21.3,4.7,0.0,100
2025-09-05 01:00:00,20.7,7.3,0.0,100
2025-09-05 02:00:00,20.5,6.7,0.0,100
2025-09-05 03:00:00,20.1,11.6,0.0,100
2025-09-05 04:00:00,18.3,18.7,0.0,100
2025-09-05 05:00:00,17.9,11.1,0.0,100
2025-09-05 06:00:00,17.9,8.3,4.2,100
2025-09-05 07:00:00,17.9,7.3,34.5,100
2025-09-05 08:00:00,17.5,7.8,28.5,100
2025-09-05 09:00:00,17.9,9.1,77.5,100
2025-09-05 10:00:00,18.5,10.6,108.2,100
2025-09-05 11:00:00,19.0,11.4,131.2,99
2025-09-05 12:00:00,19.3,9.9,159.0,100
2025-09-05 13:00:00,18.3,15.3,72.0,100
2025-09-05 14:00:00,18.8,15.4,166.8,100
2025-09-05 15:00:00,19.3,10.9,192.8,100
2025-09-05 16:00:00,20.5,10.0,250.8,36
2025-09-05 17:00:00,20.8,10.1,244.8,69
2025-09-05 18:00:00,20.7,7.9,109.2,39
2025-09-05 19:00:00,20.2,4.7,15.5,98
2025-09-05 20:00:00,19.6,4.7,0.0,43
2025-09-05 21:00:00,18.8,5.4,0.0,98
2025-09-05 22:00:00,17.5,8.0,0.0,100
2025-09-05 23:00:00,16.9,7.1,0.0,100
2025-09-06 00:00:00,16.3,8.2,0.0,100
2025-09-06 01:00:00,15.6,7.5,0.0,100
2025-09-06 02:00:00,15.1,8.2,0.0,100
2025-09-06 03:00:00,14.7,6.8,0.0,100
2025-09-06 04:00:00,14.4,7.2,0.0,100
2025-09-06 05:00:00,14.2,6.0,0.0,100
2025-09-06 06:00:00,13.8,7.4,7.8,100
2025-09-06 07:00:00,13.8,6.1,67.8,59
2025-09-06 08:00:00,14.8,7.3,224.2,31
2025-09-06 09:00:00,16.3,7.8,376.0,72
2025-09-06 10:00:00,18.0,6.1,486.8,19
2025-09-06 11:00:00,19.5,8.7,561.5,76
2025-09-06 12:00:00,20.2,8.4,533.0,50
2025-09-06 13:00:00,20.9,7.4,530.2,63
2025-09-06 14:00:00,21.3,8.1,513.5,67
2025-09-06 15:00:00,21.4,7.7,399.2,42
2025-09-06 16:00:00,21.8,8.9,299.5,95
2025-09-06 17:00:00,21.8,8.0,170.5,91
2025-09-06 18:00:00,21.2,7.0,102.8,0
2025-09-06 19:00:00,20.5,4.6,17.2,5
2025-09-06 20:00:00,19.2,4.7,0.0,0
2025-09-06 21:00:00,18.2,5.4,0.0,0
2025-09-06 22:00:00,17.1,5.4,0.0,0
2025-09-06 23:00:00,16.2,5.7,0.0,0
2025-09-07 00:00:00,15.6,5.5,0.0,0
2025-09-07 01:00:00,14.7,4.7,0.0,0
2025-09-07 02:00:00,14.4,4.0,0.0,0
2025-09-07 03:00:00,14.0,5.4,0.0,0
2025-09-07 04:00:00,13.0,2.9,0.0,0
2025-09-07 05:00:00,12.8,5.1,0.0,0
2025-09-07 06:00:00,12.4,3.8,8.2,0
2025-09-07 07:00:00,12.7,3.8,94.2,0
2025-09-07 08:00:00,14.4,4.3,231.0,0
2025-09-07 09:00:00,16.6,6.9,380.8,0
2025-09-07 10:00:00,19.1,7.6,509.8,10
2025-09-07 11:00:00,20.4,8.7,600.8,34
2025-09-07 12:00:00,21.1,8.0,537.0,79
2025-09-07 13:00:00,21.8,8.5,585.0,6
2025-09-07 14:00:00,22.3,8.8,611.2,51
2025-09-07 15:00:00,22.6,11.3,459.2,98
2025-09-07 16:00:00,22.5,10.7,349.2,39
2025-09-07 17:00:00,22.2,10.2,256.8,2
2025-09-07 18:00:00,21.6,10.2,117.8,0
2025-09-07 19:00:00,21.0,6.2,14.5,0
2025-09-07 20:00:00,19.4,8.8,0.0,0
2025-09-07 21:00:00,18.1,9.0,0.0,0
2025-09-07 22:00:00,16.9,9.0,0.0,0
2025-09-07 23:00:00,16.2,8.3,0.0,0
2025-09-08 00:00:00,15.6,8.0,0.0,0
2025-09-08 01:00:00,14.8,7.3,0.0,0
2025-09-08 02:00:00,14.3,5.8,0.0,0
2025-09-08 03:00:00,13.8,5.2,0.0,0
2025-09-08 04:00:00,13.5,6.8,0.0,0
2025-09-08 05:00:00,13.5,6.5,0.0,6
2025-09-08 06:00:00,13.2,5.8,7.2,0
2025-09-08 07:00:00,13.9,5.8,89.5,0
2025-09-08 08:00:00,15.5,8.3,231.0,0
2025-09-08 09:00:00,17.5,7.9,379.2,0
2025-09-08 10:00:00,19.5,8.8,509.0,0
2025-09-08 11:00:00,20.8,10.6,450.0,88
2025-09-08 12:00:00,21.5,10.2,425.8,70
2025-09-08 13:00:00,22.1,8.8,526.2,42
2025-09-08 14:00:00,22.7,10.2,365.2,100
2025-09-08 15:00:00,22.5,11.9,331.2,53
2025-09-08 16:00:00,23.3,9.7,338.0,42
2025-09-08 17:00:00,23.0,6.6,177.5,88
2025-09-08 18:00:00,22.4,7.6,70.0,40
2025-09-08 19:00:00,21.6,4.7,12.0,0
2025-09-08 20:00:00,20.6,3.7,0.0,0
2025-09-08 21:00:00,19.4,4.5,0.0,0
2025-09-08 22:00:00,18.0,5.5,0.0,48
2025-09-08 23:00:00,17.4,5.1,0.0,0
2025-09-09 00:00:00,16.8,4.0,0.0,70
2025-09-09 01:00:00,15.7,1.8,0.0,0
2025-09-09 02:00:00,15.2,2.6,0.0,0
2025-09-09 03:00:00,14.6,4.3,0.0,9
2025-09-09 04:00:00,14.6,4.8,0.0,93
2025-09-09 05:00:00,14.3,4.9,0.0,0
2025-09-09 06:00:00,14.1,3.4,6.0,0
2025-09-09 07:00:00,14.5,3.1,83.5,55
2025-09-09 08:00:00,16.2,4.2,218.2,0
2025-09-09 09:00:00,18.2,5.1,364.0,3
2025-09-09 10:00:00,20.6,4.8,491.2,21
2025-09-09 11:00:00,22.5,7.0,570.8,30
2025-09-09 12:00:00,23.7,9.3,625.0,23
2025-09-09 13:00:00,24.7,10.7,582.0,37
2025-09-09 14:00:00,25.4,11.3,539.2,17
2025-09-09 15:00:00,25.8,9.1,478.2,97
2025-09-09 16:00:00,25.4,10.1,259.5,100
2025-09-09 17:00:00,25.1,10.1,198.0,100
2025-09-09 18:00:00,24.5,9.5,103.8,100
2025-09-09 19:00:00,23.3,5.9,10.0,100
2025-09-09 20:00:00,22.2,5.9,0.0,100
2025-09-09 21:00:00,21.2,7.9,0.0,100
2025-09-09 22:00:00,19.7,6.9,0.0,100
2025-09-09 23:00:00,19.1,4.3,0.0,99
2025-09-10 00:00:00,18.5,2.1,0.0,64
2025-09-10 01:00:00,18.4,2.5,0.0,100
2025-09-10 02:00:00,18.3,4.3,0.0,94
2025-09-10 03:00:00,18.1,2.9,0.0,99
2025-09-10 04:00:00,17.4,2.3,0.0,81
2025-09-10 05:00:00,17.4,1.3,0.0,97
2025-09-10 06:00:00,17.3,2.8,3.8,91
2025-09-10 07:00:00,17.2,2.5,60.8,54
2025-09-10 08:00:00,17.8,4.8,209.5,59
2025-09-10 09:00:00,18.8,3.3,247.5,43
2025-09-10 10:00:00,20.4,5.4,433.8,100
2025-09-10 11:00:00,21.5,6.8,401.2,94
2025-09-10 12:00:00,22.3,6.5,457.8,100
2025-09-10 13:00:00,22.6,8.4,426.8,100
2025-09-10 14:00:00,22.8,9.7,357.0,100
2025-09-10 15:00:00,22.8,10.4,273.8,100
2025-09-10 16:00:00,22.4,7.8,144.5,100
2025-09-10 17:00:00,22.1,6.4,96.2,100
2025-09-10 18:00:00,21.9,1.8,42.0,100
2025-09-10 19:00:00,21.5,1.3,3.8,100
2025-09-10 20:00:00,20.8,6.8,0.0,100
2025-09-10 21:00:00,19.4,10.2,0.0,100
2025-09-10 22:00:00,18.3,6.2,0.0,100
2025-09-10 23:00:00,17.0,8.2,0.0,100
2025-09-11 00:00:00,16.4,8.1,0.0,100
2025-09-11 01:00:00,16.6,5.7,0.0,100
2025-09-11 02:00:00,16.6,4.5,0.0,100
2025-09-11 03:00:00,16.1,10.5,0.0,98
2025-09-11 04:00:00,15.8,7.4,0.0,65
2025-09-11 05:00:00,15.3,5.1,0.0,38
2025-09-11 06:00:00,14.4,6.3,4.8,0
2025-09-11 07:00:00,14.2,8.2,82.8,0
2025-09-11 08:00:00,14.9,8.9,221.0,0
2025-09-11 09:00:00,16.5,9.0,363.2,0
2025-09-11 10:00:00,18.4,9.3,488.2,6
2025-09-11 11:00:00,20.2,11.6,576.5,47
2025-09-11 12:00:00,21.8,15.5,602.2,84
2025-09-11 13:00:00,22.5,17.1,322.8,93
2025-09-11 14:00:00,22.5,17.1,301.8,97
2025-09-11 15:00:00,21.8,14.8,197.2,98
2025-09-11 16:00:00,22.0,14.3,130.2,92
2025-09-11 17:00:00,21.5,17.8,78.5,90
2025-09-11 18:00:00,17.3,13.0,24.8,100
2025-09-11 19:00:00,16.4,12.0,1.2,100
2025-09-11 20:00:00,16.2,8.9,0.0,87
2025-09-11 21:00:00,15.8,10.1,0.0,33
2025-09-11 22:00:00,15.7,11.1,0.0,71
2025-09-11 23:00:00,15.8,10.5,0.0,88
2025-09-12 00:00:00,15.7,10.3,0.0,52
2025-09-12 01:00:00,14.6,11.1,0.0,42
2025-09-12 02:00:00,13.9,9.8,0.0,0
2025-09-12 03:00:00,13.6,9.7,0.0,1
2025-09-12 04:00:00,13.1,10.2,0.0,63
2025-09-12 05:00:00,12.8,8.4,0.0,0
2025-09-12 06:00:00,12.7,6.4,2.5,88
2025-09-12 07:00:00,13.0,7.6,50.8,98
2025-09-12 08:00:00,13.9,7.2,135.0,98
2025-09-12 09:00:00,14.6,8.4,120.5,99
2025-09-12 10:00:00,15.7,9.0,93.5,98
2025-09-12 11:00:00,17.5,12.1,412.2,62
2025-09-12 12:00:00,18.9,12.2,521.0,91
2025-09-12 13:00:00,18.3,11.7,415.2,75
2025-09-12 14:00:00,19.4,11.2,389.8,74
2025-09-12 15:00:00,20.1,12.2,353.0,65
2025-09-12 16:00:00,21.0,14.1,300.5,73
2025-09-12 17:00:00,20.8,11.9,219.2,34
2025-09-12 18:00:00,19.9,12.3,80.5,27
2025-09-12 19:00:00,18.2,8.4,6.8,9
2025-09-12 20:00:00,17.1,6.9,0.0,0
2025-09-12 21:00:00,16.0,6.4,0.0,0
2025-09-12 22:00:00,14.7,5.8,0.0,44
2025-09-12 23:00:00,13.7,6.8,0.0,62
2025-09-13 00:00:00,13.3,5.8,0.0,5
2025-09-13 01:00:00,12.2,5.4,0.0,31
2025-09-13 02:00:00,11.7,5.8,0.0,0
2025-09-13 03:00:00,11.5,6.3,0.0,0
2025-09-13 04:00:00,10.7,5.7,0.0,72
2025-09-13 05:00:00,10.9,7.1,0.0,100
2025-09-13 06:00:00,10.6,6.6,3.0,100
2025-09-13 07:00:00,11.0,7.2,50.8,100
2025-09-13 08:00:00,12.1,7.3,115.0,100
2025-09-13 09:00:00,13.8,7.2,247.5,100
2025-09-13 10:00:00,16.1,8.4,447.8,90
2025-09-13 11:00:00,18.3,10.0,437.5,100
2025-09-13 12:00:00,20.1,14.4,450.5,93
2025-09-13 13:00:00,21.5,14.6,478.8,100
2025-09-13 14:00:00,21.8,12.5,286.0,100
2025-09-13 15:00:00,21.6,12.0,231.0,84
2025-09-13 16:00:00,20.1,6.7,94.5,96
2025-09-13 17:00:00,20.0,6.0,97.5,54
2025-09-13 18:00:00,19.7,6.6,79.5,100
2025-09-13 19:00:00,18.0,6.5,5.5,100
2025-09-13 20:00:00,17.5,8.4,0.0,100
2025-09-13 21:00:00,16.5,7.3,0.0,100
2025-09-13 22:00:00,15.5,7.1,0.0,100
2025-09-13 23:00:00,15.0,6.6,0.0,100
2025-09-14 00:00:00,14.7,6.4,0.0,100
2025-09-14 01:00:00,14.7,6.9,0.0,100
2025-09-14 02:00:00,15.1,7.6,0.0,100
2025-09-14 03:00:00,15.2,8.1,0.0,100
2025-09-14 04:00:00,15.0,6.5,0.0,100
2025-09-14 05:00:00,15.1,6.8,0.0,100
2025-09-14 06:00:00,14.9,6.5,0.8,97
2025-09-14 07:00:00,14.9,4.4,15.0,100
2025-09-14 08:00:00,15.3,7.6,65.5,100
2025-09-14 09:00:00,15.6,6.0,115.5,100
2025-09-14 10:00:00,15.8,9.3,182.8,100
2025-09-14 11:00:00,16.3,9.7,251.8,100
2025-09-14 12:00:00,17.6,12.7,402.5,94
2025-09-14 13:00:00,18.2,11.9,425.2,100
2025-09-14 14:00:00,18.7,13.8,402.0,70
2025-09-14 15:00:00,18.6,13.8,339.8,92
2025-09-14 16:00:00,19.5,13.0,251.5,96
2025-09-14 17:00:00,18.6,11.9,188.5,19
2025-09-14 18:00:00,18.0,9.1,80.8,27
2025-09-14 19:00:00,17.2,6.5,4.2,99
2025-09-14 20:00:00,16.2,3.9,0.0,0
2025-09-14 21:00:00,15.2,3.7,0.0,2
2025-09-14 22:00:00,14.1,5.8,0.0,0
2025-09-14 23:00:00,13.5,6.0,0.0,100
2025-09-15 00:00:00,12.9,6.1,0.0,96
2025-09-15 01:00:00,12.3,6.6,0.0,75
2025-09-15 02:00:00,12.2,7.9,0.0,79
2025-09-15 03:00:00,12.1,9.2,0.0,100
2025-09-15 04:00:00,12.4,9.7,0.0,98
2025-09-15 05:00:00,12.7,10.2,0.0,100
2025-09-15 06:00:00,13.2,12.1,0.2,100
2025-09-15 07:00:00,13.3,14.2,9.2,99
2025-09-15 08:00:00,13.9,13.3,32.2,100
2025-09-15 09:00:00,15.0,13.0,79.5,86
2025-09-15 10:00:00,17.6,13.0,139.8,100
2025-09-15 11:00:00,19.5,13.9,178.8,100
2025-09-15 12:00:00,19.2,11.5,101.2,100
2025-09-15 13:00:00,18.9,12.2,128.8,93
2025-09-15 14:00:00,20.5,12.5,304.0,87
2025-09-15 15:00:00,21.1,14.5,354.8,93
2025-09-15 16:00:00,21.7,12.1,265.5,66
2025-09-15 17:00:00,21.4,11.2,174.0,76
2025-09-15 18:00:00,20.5,9.6,58.8,42
2025-09-15 19:00:00,19.7,7.2,2.8,89
2025-09-15 20:00:00,18.8,6.8,0.0,95
2025-09-15 21:00:00,18.4,7.8,0.0,95
2025-09-15 22:00:00,16.9,7.4,0.0,56
2025-09-15 23:00:00,16.6,9.4,0.0,93
2025-09-16 00:00:00,16.9,10.9,0.0,39
2025-09-16 01:00:00,16.0,10.5,0.0,82
2025-09-16 02:00:00,15.8,14.8,0.0,100
2025-09-16 03:00:00,15.8,14.3,0.0,41
2025-09-16 04:00:00,15.3,13.8,0.0,84
2025-09-16 05:00:00,15.1,15.6,0.0,23
2025-09-16 06:00:00,14.8,16.9,2.0,92
2025-09-16 07:00:00,15.5,18.1,51.8,62
2025-09-16 08:00:00,16.0,18.4,139.0,98
2025-09-16 09:00:00,16.9,21.4,211.0,88
2025-09-16 10:00:00,17.4,24.7,179.2,90
2025-09-16 11:00:00,17.4,22.7,163.2,100
2025-09-16 12:00:00,17.1,21.1,118.2,100
2025-09-16 13:00:00,17.7,22.7,197.5,99
2025-09-16 14:00:00,17.9,19.9,191.8,97
2025-09-16 15:00:00,17.9,17.1,144.2,84
2025-09-16 16:00:00,18.5,19.9,115.5,75
2025-09-16 17:00:00,18.3,19.7,120.0,53
2025-09-16 18:00:00,17.9,19.5,37.8,89
2025-09-16 19:00:00,15.7,13.2,1.5,72
2025-09-16 20:00:00,15.0,18.5,0.0,49
2025-09-16 21:00:00,14.1,16.1,0.0,90
2025-09-16 22:00:00,13.8,16.8,0.0,98
2025-09-16 23:00:00,13.7,15.1,0.0,100
2025-09-17 00:00:00,13.7,15.9,0.0,100
2025-09-17 01:00:00,13.7,16.2,0.0,87
2025-09-17 02:00:00,13.5,15.9,0.0,82
2025-09-17 03:00:00,13.0,15.0,0.0,85
2025-09-17 04:00:00,13.1,13.9,0.0,83
2025-09-17 05:00:00,12.8,14.7,0.0,88
2025-09-17 06:00:00,12.8,11.3,1.0,100
2025-09-17 07:00:00,13.1,13.8,40.0,67
2025-09-17 08:00:00,13.5,14.8,164.0,100
2025-09-17 09:00:00,14.3,14.1,224.2,100
2025-09-17 10:00:00,16.0,20.6,267.5,100
2025-09-17 11:00:00,16.9,19.4,325.8,96
2025-09-17 12:00:00,18.0,19.8,491.2,89
2025-09-17 13:00:00,18.4,18.4,450.2,100
2025-09-17 14:00:00,18.7,20.6,403.2,95
2025-09-17 15:00:00,18.1,19.8,203.2,88
2025-09-17 16:00:00,18.5,18.0,253.8,94
2025-09-17 17:00:00,18.4,16.2,157.0,68
2025-09-17 18:00:00,17.6,10.3,37.5,59
2025-09-17 19:00:00,16.7,11.6,1.8,0
2025-09-17 20:00:00,15.8,9.7,0.0,6
2025-09-17 21:00:00,15.3,9.5,0.0,81
2025-09-17 22:00:00,14.8,8.7,0.0,81
2025-09-17 23:00:00,14.8,7.7,0.0,93
2025-09-18 00:00:00,14.7,9.9,0.0,100
2025-09-18 01:00:00,15.0,9.9,0.0,97
2025-09-18 02:00:00,15.1,9.7,0.0,100
2025-09-18 03:00:00,14.9,11.3,0.0,100
2025-09-18 04:00:00,15.3,12.3,0.0,100
2025-09-18 05:00:00,15.4,12.5,0.0,100
2025-09-18 06:00:00,15.6,13.0,0.0,100
2025-09-18 07:00:00,15.3,12.5,4.5,100
2025-09-18 08:00:00,15.5,13.0,14.0,100
2025-09-18 09:00:00,16.1,12.7,62.8,97
2025-09-18 10:00:00,16.6,12.4,129.2,96
2025-09-18 11:00:00,17.6,11.6,147.5,97
2025-09-18 12:00:00,18.3,14.6,130.2,100
2025-09-18 13:00:00,18.9,10.8,76.5,100
2025-09-18 14:00:00,19.4,13.2,117.5,91
2025-09-18 15:00:00,19.9,13.8,122.2,100
2025-09-18 16:00:00,20.1,12.8,54.5,100
2025-09-18 17:00:00,19.8,9.0,26.5,97
2025-09-18 18:00:00,19.6,8.3,23.8,91
2025-09-18 19:00:00,19.9,10.6,0.5,97
2025-09-18 20:00:00,19.8,12.3,0.0,100
2025-09-18 21:00:00,19.5,10.7,0.0,95
2025-09-18 22:00:00,19.5,12.2,0.0,93
2025-09-18 23:00:00,19.5,11.8,0.0,99
2025-09-19 00:00:00,19.4,10.8,0.0,93
2025-09-19 01:00:00,19.3,12.4,0.0,100
2025-09-19 02:00:00,18.8,11.6,0.0,90
2025-09-19 03:00:00,18.2,11.5,0.0,91
2025-09-19 04:00:00,18.1,10.5,0.0,90
2025-09-19 05:00:00,17.8,10.8,0.0,65
2025-09-19 06:00:00,17.6,9.2,0.5,62
2025-09-19 07:00:00,17.9,10.0,34.2,97
2025-09-19 08:00:00,18.3,9.4,71.5,94
2025-09-19 09:00:00,19.0,9.7,123.5,92
2025-09-19 10:00:00,19.9,9.7,191.5,80
2025-09-19 11:00:00,21.0,16.1,235.5,100
2025-09-19 12:00:00,22.1,14.8,375.8,94
2025-09-19 13:00:00,21.7,10.0,425.0,70
2025-09-19 14:00:00,22.5,10.0,432.5,70
2025-09-19 15:00:00,23.0,7.1,387.0,36
2025-09-19 16:00:00,24.1,5.4,303.0,27
2025-09-19 17:00:00,24.2,7.1,171.5,13
2025-09-19 18:00:00,23.4,7.6,54.0,0
2025-09-19 19:00:00,21.9,5.7,0.8,86
2025-09-19 20:00:00,20.9,6.6,0.0,100
2025-09-19 21:00:00,20.1,5.8,0.0,74
2025-09-19 22:00:00,19.2,6.9,0.0,1
2025-09-19 23:00:00,18.6,7.9,0.0,0
2025-09-20 00:00:00,18.1,7.1,0.0,0
2025-09-20 01:00:00,17.2,6.6,0.0,0
2025-09-20 02:00:00,16.9,7.4,0.0,0
2025-09-20 03:00:00,16.8,7.0,0.0,0
2025-09-20 04:00:00,15.8,6.5,0.0,1
2025-09-20 05:00:00,16.2,8.3,0.0,0
2025-09-20 06:00:00,16.0,7.6,0.5,0
2025-09-20 07:00:00,15.0,6.1,51.8,23
2025-09-20 08:00:00,16.6,7.4,174.0,76
2025-09-20 09:00:00,18.8,6.3,290.0,100
2025-09-20 10:00:00,22.1,7.1,355.8,100
2025-09-20 11:00:00,24.1,9.0,488.2,52
2025-09-20 12:00:00,25.9,10.6,580.0,56
2025-09-20 13:00:00,27.3,10.1,580.5,72
2025-09-20 14:00:00,28.1,10.3,531.2,0
2025-09-20 15:00:00,28.5,10.1,397.2,100
2025-09-20 16:00:00,29.3,10.8,297.0,19
2025-09-20 17:00:00,28.8,8.9,182.8,78
2025-09-20 18:00:00,27.3,6.2,53.5,100
2025-09-20 19:00:00,25.2,5.5,0.5,6
2025-09-20 20:00:00,24.0,6.9,0.0,100
2025-09-20 21:00:00,23.1,7.3,0.0,100
2025-09-20 22:00:00,22.0,7.6,0.0,100
2025-09-20 23:00:00,21.3,7.6,0.0,25
2025-09-21 00:00:00,21.1,6.3,0.0,65
2025-09-21 01:00:00,20.4,6.6,0.0,15
2025-09-21 02:00:00,19.9,4.3,0.0,25
2025-09-21 03:00:00,19.2,5.1,0.0,22
2025-09-21 04:00:00,18.3,5.9,0.0,27
2025-09-21 05:00:00,18.7,6.2,0.0,100
2025-09-21 06:00:00,18.5,5.6,0.2,86
2025-09-21 07:00:00,17.6,7.5,38.8,66
2025-09-21 08:00:00,18.7,7.3,82.8,93
2025-09-21 09:00:00,20.6,7.6,194.8,98
2025-09-21 10:00:00,23.5,9.8,372.2,69
2025-09-21 11:00:00,25.7,9.8,455.8,73
2025-09-21 12:00:00,26.4,15.5,492.2,88
2025-09-21 13:00:00,26.1,13.8,356.0,97
2025-09-21 14:00:00,24.7,13.7,279.0,100
2025-09-21 15:00:00,24.0,15.1,284.5,77
2025-09-21 16:00:00,23.1,18.4,215.5,96
2025-09-21 17:00:00,21.5,17.9,59.2,99
2025-09-21 18:00:00,20.0,15.5,9.5,100
2025-09-21 19:00:00,19.2,14.2,0.0,98
2025-09-21 20:00:00,17.7,15.5,0.0,94
2025-09-21 21:00:00,16.6,15.9,0.0,100
2025-09-21 22:00:00,15.7,14.5,0.0,94
2025-09-21 23:00:00,14.7,13.5,0.0,94
2025-09-22 00:00:00,13.8,12.9,0.0,90
2025-09-22 01:00:00,13.6,6.8,0.0,100
2025-09-22 02:00:00,13.4,5.8,0.0,100
2025-09-22 03:00:00,13.2,8.7,0.0,100
2025-09-22 04:00:00,12.9,4.1,0.0,100
2025-09-22 05:00:00,12.7,5.4,0.0,100
2025-09-22 06:00:00,12.5,8.2,0.0,100
2025-09-22 07:00:00,12.0,5.9,28.8,100
2025-09-22 08:00:00,12.2,6.9,76.5,100
2025-09-22 09:00:00,12.5,7.5,94.8,100
2025-09-22 10:00:00,13.3,7.8,162.0,99
2025-09-22 11:00:00,14.1,9.3,270.0,100
2025-09-22 12:00:00,14.6,10.2,296.5,97
2025-09-22 13:00:00,15.2,11.6,334.8,100
2025-09-22 14:00:00,15.2,10.7,234.0,100
2025-09-22 15:00:00,15.1,10.8,157.0,100
2025-09-22 16:00:00,15.0,11.7,138.0,100
2025-09-22 17:00:00,14.9,8.6,74.0,100
2025-09-22 18:00:00,14.5,7.0,26.0,100
2025-09-22 19:00:00,14.3,3.7,0.0,100
2025-09-22 20:00:00,13.8,9.4,0.0,100
2025-09-22 21:00:00,13.0,6.2,0.0,100
2025-09-22 22:00:00,12.4,6.5,0.0,100
2025-09-22 23:00:00,12.0,5.4,0.0,37
2025-09-23 00:00:00,11.1,5.4,0.0,14
2025-09-23 01:00:00,9.7,6.6,0.0,0
2025-09-23 02:00:00,9.1,5.8,0.0,0
2025-09-23 03:00:00,8.6,5.8,0.0,4
2025-09-23 04:00:00,7.7,5.4,0.0,33
2025-09-23 05:00:00,7.4,5.1,0.0,24
2025-09-23 06:00:00,7.2,5.2,0.0,0
2025-09-23 07:00:00,7.3,4.1,46.5,0
2025-09-23 08:00:00,8.5,5.6,172.0,0
2025-09-23 09:00:00,10.2,4.3,313.8,0
2025-09-23 10:00:00,12.6,4.6,438.5,0
2025-09-23 11:00:00,14.1,5.7,531.2,3
2025-09-23 12:00:00,15.5,8.6,555.8,23
2025-09-23 13:00:00,16.4,7.3,413.8,78
2025-09-23 14:00:00,16.8,9.8,343.8,92
2025-09-23 15:00:00,16.5,11.4,233.5,87
2025-09-23 16:00:00,16.5,10.4,117.8,70
2025-09-23 17:00:00,16.3,12.1,163.8,28
2025-09-23 18:00:00,15.4,8.7,43.0,100
2025-09-23 19:00:00,14.0,7.0,0.0,0
2025-09-23 20:00:00,12.8,8.2,0.0,0
2025-09-23 21:00:00,11.8,9.4,0.0,0
2025-09-23 22:00:00,10.8,8.4,0.0,0
2025-09-23 23:00:00,10.1,7.4,0.0,32
2025-09-24 00:00:00,9.6,8.9,0.0,0
2025-09-24 01:00:00,8.7,9.4,0.0,0
2025-09-24 02:00:00,8.4,8.7,0.0,0
2025-09-24 03:00:00,8.1,10.5,0.0,0
2025-09-24 04:00:00,7.7,9.7,0.0,0
2025-09-24 05:00:00,7.4,9.7,0.0,0
2025-09-24 06:00:00,7.2,10.0,0.0,0
2025-09-24 07:00:00,7.6,10.7,45.2,0
2025-09-24 08:00:00,8.6,10.7,174.0,0
2025-09-24 09:00:00,10.5,12.5,317.5,0
2025-09-24 10:00:00,13.2,15.7,446.0,0
2025-09-24 11:00:00,14.3,17.1,539.0,8
2025-09-24 12:00:00,15.4,17.7,580.0,19
2025-09-24 13:00:00,16.1,17.6,580.2,43
2025-09-24 14:00:00,16.7,19.2,529.0,24
2025-09-24 15:00:00,16.7,19.8,436.0,14
2025-09-24 16:00:00,16.6,18.0,312.8,4
2025-09-24 17:00:00,16.2,18.0,169.5,0
2025-09-24 18:00:00,15.3,17.2,41.2,0
2025-09-24 19:00:00,14.4,15.9,0.0,0
2025-09-24 20:00:00,13.3,13.2,0.0,0
2025-09-24 21:00:00,12.4,14.8,0.0,0
2025-09-24 22:00:00,11.8,14.5,0.0,0
2025-09-24 23:00:00,11.1,13.9,0.0,0
2025-09-25 00:00:00,10.5,15.0,0.0,0
2025-09-25 01:00:00,10.4,16.1,0.0,0
2025-09-25 02:00:00,10.0,16.2,0.0,0
2025-09-25 03:00:00,9.7,15.0,0.0,0
2025-09-25 04:00:00,9.2,14.6,0.0,0
2025-09-25 05:00:00,8.9,14.7,0.0,0
2025-09-25 06:00:00,8.6,15.9,0.0,16
2025-09-25 07:00:00,8.9,15.5,42.2,19
2025-09-25 08:00:00,9.7,15.3,167.5,45
2025-09-25 09:00:00,11.2,16.2,308.8,82
2025-09-25 10:00:00,12.6,17.5,414.0,100
2025-09-25 11:00:00,13.9,20.1,501.8,100
2025-09-25 12:00:00,14.5,19.2,447.0,100
2025-09-25 13:00:00,15.5,21.0,457.0,100
2025-09-25 14:00:00,15.6,20.8,400.0,100
2025-09-25 15:00:00,15.4,19.8,289.5,100
2025-09-25 16:00:00,15.3,18.4,195.5,100
2025-09-25 17:00:00,15.1,17.6,46.0,100
2025-09-25 18:00:00,14.7,14.8,19.5,100
2025-09-25 19:00:00,14.2,13.1,0.0,100
2025-09-25 20:00:00,13.7,13.4,0.0,100
2025-09-25 21:00:00,13.4,14.2,0.0,100
2025-09-25 22:00:00,13.1,15.7,0.0,99
2025-09-25 23:00:00,12.4,15.4,0.0,100
2025-09-26 00:00:00,12.2,14.7,0.0,100
2025-09-26 01:00:00,12.1,15.1,0.0,100
2025-09-26 02:00:00,12.0,15.2,0.0,100
2025-09-26 03:00:00,11.8,14.2,0.0,100
2025-09-26 04:00:00,11.7,15.7,0.0,100
2025-09-26 05:00:00,11.4,14.2,0.0,100
2025-09-26 06:00:00,11.1,14.2,0.0,100
2025-09-26 07:00:00,10.8,14.6,9.0,99
2025-09-26 08:00:00,11.0,16.6,88.0,99
2025-09-26 09:00:00,10.5,16.2,85.8,100
2025-09-26 10:00:00,10.8,16.6,114.5,100
2025-09-26 11:00:00,11.5,17.3,155.2,100
2025-09-26 12:00:00,12.3,15.8,145.8,100
2025-09-26 13:00:00,14.2,14.4,218.8,100
2025-09-26 14:00:00,15.3,12.6,171.0,100
2025-09-26 15:00:00,16.0,16.4,135.8,100
2025-09-26 16:00:00,16.4,17.3,82.0,88
2025-09-26 17:00:00,16.3,15.8,89.2,88
2025-09-26 18:00:00,15.8,15.1,15.2,97
2025-09-26 19:00:00,15.4,14.1,0.0,87
2025-09-26 20:00:00,14.8,15.2,0.0,100
2025-09-26 21:00:00,14.4,14.5,0.0,100
2025-09-26 22:00:00,14.4,14.0,0.0,93
2025-09-26 23:00:00,14.0,15.2,0.0,79
2025-09-27 00:00:00,13.8,13.5,0.0,96
2025-09-27 01:00:00,13.4,13.0,0.0,93
2025-09-27 02:00:00,13.3,14.0,0.0,97
2025-09-27 03:00:00,13.2,13.7,0.0,92
2025-09-27 04:00:00,12.5,13.0,0.0,100
2025-09-27 05:00:00,12.3,13.0,0.0,97
2025-09-27 06:00:00,11.9,14.0,0.0,100
2025-09-27 07:00:00,11.4,13.0,10.5,97
2025-09-27 08:00:00,11.5,13.3,68.5,97
2025-09-27 09:00:00,11.9,14.0,159.8,82
2025-09-27 10:00:00,13.3,13.3,305.2,26
2025-09-27 11:00:00,14.8,13.0,486.5,24
2025-09-27 12:00:00,16.3,13.0,534.5,25
2025-09-27 13:00:00,17.6,13.3,532.8,39
2025-09-27 14:00:00,18.0,13.3,460.8,54
2025-09-27 15:00:00,18.5,13.3,383.0,0
2025-09-27 16:00:00,18.8,13.7,279.2,2
2025-09-27 17:00:00,18.3,12.6,141.8,31
2025-09-27 18:00:00,17.4,10.5,27.2,30
2025-09-27 19:00:00,16.5,9.0,0.0,60
2025-09-27 20:00:00,15.7,8.3,0.0,89
2025-09-27 21:00:00,15.0,7.9,0.0,86
2025-09-27 22:00:00,13.9,8.7,0.0,70
2025-09-27 23:00:00,13.1,9.5,0.0,66
2025-09-28 00:00:00,12.6,9.0,0.0,52
2025-09-28 01:00:00,12.1,8.3,0.0,67
2025-09-28 02:00:00,11.6,7.6,0.0,46
2025-09-28 03:00:00,10.9,7.5,0.0,4
2025-09-28 04:00:00,9.9,7.0,0.0,0
2025-09-28 05:00:00,9.5,7.3,0.0,8
2025-09-28 06:00:00,9.1,7.2,0.0,11
2025-09-28 07:00:00,8.7,8.1,31.2,0
2025-09-28 08:00:00,9.6,8.4,143.8,48
2025-09-28 09:00:00,11.0,7.9,261.2,30
2025-09-28 10:00:00,13.3,8.0,397.2,15
2025-09-28 11:00:00,15.5,8.4,492.2,16
2025-09-28 12:00:00,17.2,9.7,538.5,82
2025-09-28 13:00:00,18.3,9.0,538.2,0
2025-09-28 14:00:00,18.7,9.3,499.5,0
2025-09-28 15:00:00,18.7,9.7,408.8,0
2025-09-28 16:00:00,18.4,12.1,283.2,0
2025-09-28 17:00:00,17.5,11.7,142.2,0
2025-09-28 18:00:00,16.6,9.1,25.8,0
2025-09-28 19:00:00,15.1,8.1,0.0,0
2025-09-28 20:00:00,13.9,8.8,0.0,0
2025-09-28 21:00:00,12.9,9.1,0.0,0
2025-09-28 22:00:00,11.9,8.6,0.0,0
2025-09-28 23:00:00,11.4,7.9,0.0,0
2025-09-29 00:00:00,11.0,7.6,0.0,0
2025-09-29 01:00:00,10.2,6.9,0.0,4
2025-09-29 02:00:00,9.9,5.8,0.0,0
2025-09-29 03:00:00,9.6,5.9,0.0,0
2025-09-29 04:00:00,9.0,5.2,0.0,0
2025-09-29 05:00:00,8.7,4.8,0.0,50
2025-09-29 06:00:00,8.6,4.9,0.0,64
2025-09-29 07:00:00,8.2,5.0,29.5,21
2025-09-29 08:00:00,9.1,4.9,142.8,60
2025-09-29 09:00:00,10.5,5.5,217.0,84
2025-09-29 10:00:00,12.5,6.2,233.2,74
2025-09-29 11:00:00,13.7,6.4,372.2,45
2025-09-29 12:00:00,15.3,6.3,511.0,57
2025-09-29 13:00:00,16.4,9.4,409.5,66
2025-09-29 14:00:00,16.8,9.5,368.5,82
2025-09-29 15:00:00,16.8,9.4,294.5,79
2025-09-29 16:00:00,16.1,8.7,111.5,82
2025-09-29 17:00:00,15.4,9.4,57.2,100
2025-09-29 18:00:00,14.7,10.1,4.0,100
2025-09-29 19:00:00,13.6,7.6,0.0,19
2025-09-29 20:00:00,12.8,10.5,0.0,0
2025-09-29 21:00:00,11.8,6.8,0.0,6
2025-09-29 22:00:00,11.0,5.9,0.0,73
2025-09-29 23:00:00,10.6,8.0,0.0,89
2025-09-30 00:00:00,9.9,9.1,0.0,100
2025-09-30 01:00:00,8.5,7.2,0.0,90
2025-09-30 02:00:00,8.2,7.2,0.0,94
2025-09-30 03:00:00,7.9,7.6,0.0,69
2025-09-30 04:00:00,7.0,7.2,0.0,0
2025-09-30 05:00:00,6.7,6.8,0.0,0
2025-09-30 06:00:00,6.5,7.6,0.0,0
2025-09-30 07:00:00,6.3,8.6,29.5,39
2025-09-30 08:00:00,7.4,7.6,126.8,71
2025-09-30 09:00:00,9.0,7.9,234.2,67
2025-09-30 10:00:00,10.5,8.6,370.0,0
2025-09-30 11:00:00,12.4,10.8,502.8,8
2025-09-30 12:00:00,13.0,11.6,363.2,88
2025-09-30 13:00:00,13.3,11.2,236.8,79
2025-09-30 14:00:00,13.2,10.9,313.5,94
2025-09-30 15:00:00,12.9,10.2,156.2,100
2025-09-30 16:00:00,12.1,8.8,80.0,100
2025-09-30 17:00:00,11.8,10.6,48.0,97
2025-09-30 18:00:00,11.1,9.9,7.8,85
2025-09-30 19:00:00,10.7,10.0,0.0,76
2025-09-30 20:00:00,10.3,8.3,0.0,100
2025-09-30 21:00:00,10.0,8.6,0.0,64
2025-09-30 22:00:00,9.5,7.3,0.0,12
2025-09-30 23:00:00,8.9,6.6,0.0,25
2025-10-01 00:00:00,8.3,5.2,0.0,43
2025-10-01 01:00:00,7.3,4.9,0.0,8
2025-10-01 02:00:00,6.9,4.8,0.0,12
2025-10-01 03:00:00,6.7,5.2,0.0,87
2025-10-01 04:00:00,6.6,5.8,0.0,100
2025-10-01 05:00:00,6.9,6.0,0.0,100
2025-10-01 06:00:00,7.2,5.5,0.0,94
2025-10-01 07:00:00,7.4,5.4,22.0,79
2025-10-01 08:00:00,7.9,5.4,126.5,46
2025-10-01 09:00:00,9.2,5.0,261.0,58
2025-10-01 10:00:00,10.3,4.8,365.8,62
2025-10-01 11:00:00,11.5,8.8,258.8,100
2025-10-01 12:00:00,11.9,8.1,183.5,93
2025-10-01 13:00:00,11.7,8.3,240.0,65
2025-10-01 14:00:00,12.1,8.2,254.5,100
2025-10-01 15:00:00,12.1,7.2,142.5,100
2025-10-01 16:00:00,12.0,7.9,93.5,97
2025-10-01 17:00:00,11.4,6.9,43.8,100
2025-10-01 18:00:00,11.3,5.6,7.0,74
2025-10-01 19:00:00,10.8,5.6,0.0,48
2025-10-01 20:00:00,10.0,5.1,0.0,46
2025-10-01 21:00:00,9.4,3.9,0.0,59
2025-10-01 22:00:00,8.3,3.3,0.0,13
2025-10-01 23:00:00,8.0,2.8,0.0,36
2025-10-02 00:00:00,7.3,2.8,0.0,13
2025-10-02 01:00:00,5.7,3.1,0.0,0
2025-10-02 02:00:00,5.5,3.5,0.0,0
2025-10-02 03:00:00,5.5,3.7,0.0,0
2025-10-02 04:00:00,4.8,2.4,0.0,0
2025-10-02 05:00:00,4.4,1.9,0.0,35
2025-10-02 06:00:00,3.9,1.8,0.0,60
2025-10-02 07:00:00,3.6,1.8,24.2,78
2025-10-02 08:00:00,4.4,1.9,125.0,44
2025-10-02 09:00:00,6.6,0.8,268.5,0
2025-10-02 10:00:00,10.6,3.7,394.2,0
2025-10-02 11:00:00,12.7,3.5,489.2,3
2025-10-02 12:00:00,13.9,3.4,519.5,44
2025-10-02 13:00:00,14.4,4.1,362.2,61
2025-10-02 14:00:00,14.9,5.0,401.8,62
2025-10-02 15:00:00,15.3,2.8,309.0,100
2025-10-02 16:00:00,14.9,6.0,86.0,98
2025-10-02 17:00:00,14.2,5.6,69.2,42
2025-10-02 18:00:00,13.5,3.6,15.8,23
2025-10-02 19:00:00,11.8,3.7,0.0,0
2025-10-02 20:00:00,10.5,3.4,0.0,0
2025-10-02 21:00:00,9.6,3.3,0.0,22
2025-10-02 22:00:00,8.6,3.4,0.0,10
2025-10-02 23:00:00,7.9,3.6,0.0,19
2025-10-03 00:00:00,7.3,1.4,0.0,5
2025-10-03 01:00:00,6.8,1.1,0.0,18
2025-10-03 02:00:00,6.4,2.5,0.0,5
2025-10-03 03:00:00,6.0,1.5,0.0,41
2025-10-03 04:00:00,5.0,0.4,0.0,80
2025-10-03 05:00:00,5.4,2.3,0.0,48
2025-10-03 06:00:00,5.3,2.7,0.0,35
2025-10-03 07:00:00,4.2,2.3,22.2,0
2025-10-03 08:00:00,3.6,2.1,109.8,100
2025-10-03 09:00:00,4.7,2.2,182.2,77
2025-10-03 10:00:00,11.0,4.6,376.0,0
2025-10-03 11:00:00,12.5,4.3,481.5,0
2025-10-03 12:00:00,13.6,5.2,532.5,0
2025-10-03 13:00:00,14.5,5.4,438.5,91
2025-10-03 14:00:00,15.0,6.1,370.8,62
2025-10-03 15:00:00,15.0,6.4,259.5,54
2025-10-03 16:00:00,15.1,6.6,135.2,95
2025-10-03 17:00:00,14.2,9.7,60.0,29
2025-10-03 18:00:00,13.3,8.4,13.8,0
2025-10-03 19:00:00,11.5,9.1,0.0,0
2025-10-03 20:00:00,10.0,9.0,0.0,53
2025-10-03 21:00:00,9.5,9.7,0.0,14
2025-10-03 22:00:00,8.5,9.7,0.0,50
2025-10-03 23:00:00,8.3,12.0,0.0,100
2025-10-04 00:00:00,7.9,12.1,0.0,100
2025-10-04 01:00:00,7.7,12.7,0.0,100
2025-10-04 02:00:00,7.3,12.6,0.0,100
2025-10-04 03:00:00,7.0,13.4,0.0,100
2025-10-04 04:00:00,7.0,13.6,0.0,100
2025-10-04 05:00:00,6.7,15.8,0.0,72
2025-10-04 06:00:00,6.7,17.0,0.0,100
2025-10-04 07:00:00,7.1,17.0,6.5,100
2025-10-04 08:00:00,7.8,18.5,36.2,100
2025-10-04 09:00:00,8.5,20.8,47.8,100
2025-10-04 10:00:00,8.7,20.9,29.5,100
2025-10-04 11:00:00,9.5,20.4,39.8,100
2025-10-04 12:00:00,9.9,18.2,20.0,100
2025-10-04 13:00:00,10.1,12.8,30.5,100
2025-10-04 14:00:00,10.7,11.8,27.5,100
2025-10-04 15:00:00,10.9,10.9,29.8,100
2025-10-04 16:00:00,11.5,8.7,28.2,100
2025-10-04 17:00:00,12.0,10.1,19.8,100
2025-10-04 18:00:00,12.9,15.8,2.2,100
2025-10-04 19:00:00,12.4,13.8,0.0,94
2025-10-04 20:00:00,12.4,15.3,0.0,88
2025-10-04 21:00:00,11.7,14.8,0.0,100
2025-10-04 22:00:00,11.2,16.4,0.0,37
2025-10-04 23:00:00,10.1,16.5,0.0,51
2025-10-05 00:00:00,9.7,18.1,0.0,100
2025-10-05 01:00:00,9.7,17.1,0.0,94
2025-10-05 02:00:00,9.6,17.1,0.0,99
2025-10-05 03:00:00,9.8,18.2,0.0,100
2025-10-05 04:00:00,10.2,18.6,0.0,100
2025-10-05 05:00:00,10.2,17.0,0.0,100
2025-10-05 06:00:00,10.0,15.8,0.0,100
2025-10-05 07:00:00,9.7,14.8,14.2,100
2025-10-05 08:00:00,10.2,15.8,100.0,53
2025-10-05 09:00:00,11.8,22.8,220.0,99
2025-10-05 10:00:00,12.5,18.7,239.0,81
2025-10-05 11:00:00,13.4,20.0,267.8,99
2025-10-05 12:00:00,14.0,18.9,190.0,96
2025-10-05 13:00:00,13.8,18.2,175.2,100
2025-10-05 14:00:00,13.4,17.1,80.2,100
2025-10-05 15:00:00,13.5,16.1,81.0,100
2025-10-05 16:00:00,13.8,16.0,74.0,99
2025-10-05 17:00:00,13.5,16.2,42.0,100
2025-10-05 18:00:00,12.9,15.2,4.2,100
2025-10-05 19:00:00,12.6,16.9,0.0,90
2025-10-05 20:00:00,12.1,17.3,0.0,100
2025-10-05 21:00:00,11.7,17.3,0.0,100
2025-10-05 22:00:00,11.7,18.9,0.0,100
2025-10-05 23:00:00,11.5,18.0,0.0,95
2025-10-06 00:00:00,11.4,19.0,0.0,100
2025-10-06 01:00:00,11.6,19.4,0.0,93
2025-10-06 02:00:00,11.6,18.4,0.0,100
2025-10-06 03:00:00,11.4,19.6,0.0,100
2025-10-06 04:00:00,11.4,19.7,0.0,95
2025-10-06 05:00:00,11.3,19.5,0.0,97
2025-10-06 06:00:00,11.3,19.8,0.0,100
2025-10-06 07:00:00,11.4,19.9,4.8,96
2025-10-06 08:00:00,11.5,21.3,48.2,100
2025-10-06 09:00:00,12.1,24.1,110.8,97
2025-10-06 10:00:00,12.5,22.8,117.2,99
2025-10-06 11:00:00,13.2,21.2,165.0,67
2025-10-06 12:00:00,13.9,19.4,200.8,75
2025-10-06 13:00:00,14.5,21.6,321.8,74
2025-10-06 14:00:00,15.4,19.7,292.0,91
2025-10-06 15:00:00,15.6,19.0,263.2,31
2025-10-06 16:00:00,15.9,15.1,232.0,5
2025-10-06 17:00:00,15.3,14.7,100.0,75
2025-10-06 18:00:00,14.4,10.6,7.8,38
2025-10-06 19:00:00,13.1,8.7,0.0,77
2025-10-06 20:00:00,12.4,8.4,0.0,79
2025-10-06 21:00:00,11.8,9.5,0.0,65
2025-10-06 22:00:00,10.8,8.8,0.0,7
2025-10-06 23:00:00,10.3,9.6,0.0,26
2025-10-07 00:00:00,9.9,8.7,0.0,5
2025-10-07 01:00:00,9.4,7.9,0.0,74
2025-10-07 02:00:00,9.0,7.6,0.0,28
2025-10-07 03:00:00,8.7,7.2,0.0,97
2025-10-07 04:00:00,9.3,6.2,0.0,89
2025-10-07 05:00:00,9.4,5.8,0.0,94
2025-10-07 06:00:00,9.5,6.4,0.0,99
2025-10-07 07:00:00,10.2,5.6,6.5,100
2025-10-07 08:00:00,10.6,4.3,36.5,100
2025-10-07 09:00:00,11.3,4.7,67.5,100
2025-10-07 10:00:00,12.0,3.3,103.0,100
2025-10-07 11:00:00,12.8,3.4,88.5,100
2025-10-07 12:00:00,13.3,6.0,98.0,99
2025-10-07 13:00:00,14.1,4.3,115.8,100
2025-10-07 14:00:00,14.3,5.1,85.2,100
2025-10-07 15:00:00,14.5,3.6,90.8,100
2025-10-07 16:00:00,14.9,4.3,36.8,100
2025-10-07 17:00:00,15.0,3.3,24.2,100
2025-10-07 18:00:00,14.7,4.4,1.8,100
2025-10-07 19:00:00,14.3,5.9,0.0,99
2025-10-07 20:00:00,14.1,5.6,0.0,100
2025-10-07 21:00:00,13.9,6.0,0.0,100
2025-10-07 22:00:00,13.7,5.3,0.0,100
2025-10-07 23:00:00,13.7,6.7,0.0,100
2025-10-08 00:00:00,13.7,6.9,0.0,100
2025-10-08 01:00:00,13.7,6.7,0.0,100
2025-10-08 02:00:00,13.7,6.3,0.0,100
2025-10-08 03:00:00,13.8,6.4,0.0,100
2025-10-08 04:00:00,13.8,6.3,0.0,100
2025-10-08 05:00:00,13.9,6.7,0.0,100
2025-10-08 06:00:00,14.0,6.8,0.0,100
2025-10-08 07:00:00,14.1,6.3,1.0,100
2025-10-08 08:00:00,14.2,8.7,6.0,100
2025-10-08 09:00:00,14.5,9.5,14.5,100
2025-10-08 10:00:00,14.8,8.1,49.8,100
2025-10-08 11:00:00,15.2,8.1,89.5,100
2025-10-08 12:00:00,15.5,8.4,117.8,100
2025-10-08 13:00:00,15.7,10.2,81.0,100
2025-10-08 14:00:00,15.8,9.1,103.5,100
2025-10-08 15:00:00,15.7,8.7,66.0,100
2025-10-08 16:00:00,15.5,9.0,43.2,100
2025-10-08 17:00:00,15.3,8.6,12.0,100
2025-10-08 18:00:00,15.0,6.3,0.8,100
2025-10-08 19:00:00,14.5,5.9,0.0,100
2025-10-08 20:00:00,14.3,6.9,0.0,100
2025-10-08 21:00:00,14.1,7.5,0.0,98
2025-10-08 22:00:00,13.6,6.6,0.0,100
2025-10-08 23:00:00,13.4,8.0,0.0,100
2025-10-09 00:00:00,13.3,7.7,0.0,100
2025-10-09 01:00:00,13.4,8.7,0.0,100
2025-10-09 02:00:00,13.4,7.6,0.0,100
2025-10-09 03:00:00,13.3,7.9,0.0,100
2025-10-09 04:00:00,13.3,9.3,0.0,100
2025-10-09 05:00:00,13.2,8.9,0.0,100
2025-10-09 06:00:00,13.0,7.4,0.0,100
2025-10-09 07:00:00,12.3,9.0,11.0,58
2025-10-09 08:00:00,12.2,8.1,95.5,64
2025-10-09 09:00:00,12.7,9.3,171.5,94
2025-10-09 10:00:00,13.4,11.1,238.2,95
2025-10-09 11:00:00,14.0,12.9,286.5,84
2025-10-09 12:00:00,14.6,12.8,266.0,100
2025-10-09 13:00:00,14.6,12.6,238.8,100
2025-10-09 14:00:00,14.2,10.3,106.0,100
2025-10-09 15:00:00,14.3,8.3,82.0,100
2025-10-09 16:00:00,14.1,9.4,41.5,100
2025-10-09 17:00:00,14.1,10.1,22.8,86
2025-10-09 18:00:00,13.7,11.2,2.2,74
2025-10-09 19:00:00,13.4,11.9,0.0,100
2025-10-09 20:00:00,13.3,12.0,0.0,100
2025-10-09 21:00:00,13.2,12.6,0.0,100
2025-10-09 22:00:00,13.3,13.7,0.0,100
2025-10-09 23:00:00,13.2,15.9,0.0,100
2025-10-10 00:00:00,13.2,16.6,0.0,100
2025-10-10 01:00:00,13.1,17.0,0.0,100
2025-10-10 02:00:00,13.1,17.4,0.0,100
2025-10-10 03:00:00,13.0,15.5,0.0,100
2025-10-10 04:00:00,12.7,17.7,0.0,100
2025-10-10 05:00:00,12.9,17.2,0.0,100
2025-10-10 06:00:00,12.8,15.0,0.0,100
2025-10-10 07:00:00,12.4,13.7,4.8,100
2025-10-10 08:00:00,12.7,16.2,34.2,100
2025-10-10 09:00:00,13.1,16.2,95.5,100
2025-10-10 10:00:00,13.3,15.1,63.0,99
2025-10-10 11:00:00,13.7,16.3,81.8,100
2025-10-10 12:00:00,14.5,17.8,112.5,100
2025-10-10 13:00:00,14.6,16.2,81.2,100
2025-10-10 14:00:00,15.1,15.4,120.0,100
2025-10-10 15:00:00,15.1,15.3,91.5,100
2025-10-10 16:00:00,14.7,14.4,35.8,100
2025-10-10 17:00:00,14.8,14.7,21.2,100
2025-10-10 18:00:00,14.7,14.3,1.0,100
2025-10-10 19:00:00,14.4,14.4,0.0,96
2025-10-10 20:00:00,14.2,15.0,0.0,100
2025-10-10 21:00:00,13.9,12.3,0.0,100
2025-10-10 22:00:00,14.0,14.6,0.0,100
2025-10-10 23:00:00,14.1,12.8,0.0,100
2025-10-11 00:00:00,14.0,14.5,0.0,92
2025-10-11 01:00:00,14.2,16.0,0.0,100
2025-10-11 02:00:00,14.0,13.0,0.0,100
2025-10-11 03:00:00,14.0,13.9,0.0,100
2025-10-11 04:00:00,14.1,16.0,0.0,99
2025-10-11 05:00:00,13.9,14.5,0.0,100
2025-10-11 06:00:00,13.9,16.5,0.0,100
2025-10-11 07:00:00,13.7,15.8,2.5,100
2025-10-11 08:00:00,13.8,15.8,24.8,100
2025-10-11 09:00:00,14.1,16.0,60.5,77
2025-10-11 10:00:00,14.4,15.3,95.0,100
2025-10-11 11:00:00,14.9,16.9,118.0,100
2025-10-11 12:00:00,15.3,16.9,164.8,98
2025-10-11 13:00:00,15.9,17.5,217.0,83
2025-10-11 14:00:00,16.4,16.9,275.2,71
2025-10-11 15:00:00,16.3,14.2,214.2,84
2025-10-11 16:00:00,16.4,15.5,130.0,88
2025-10-11 17:00:00,16.0,13.6,44.0,100
2025-10-11 18:00:00,15.4,10.8,1.2,87
2025-10-11 19:00:00,15.0,11.7,0.0,69
2025-10-11 20:00:00,14.6,11.7,0.0,83
2025-10-11 21:00:00,14.1,11.4,0.0,36
2025-10-11 22:00:00,13.8,12.6,0.0,76
2025-10-11 23:00:00,13.5,11.6,0.0,96
2025-10-12 00:00:00,13.2,12.2,0.0,87
2025-10-12 01:00:00,13.2,13.3,0.0,84
2025-10-12 02:00:00,13.0,12.5,0.0,100
2025-10-12 03:00:00,12.7,12.4,0.0,98
2025-10-12 04:00:00,12.6,13.4,0.0,100
2025-10-12 05:00:00,12.5,11.4,0.0,100
2025-10-12 06:00:00,12.5,12.7,0.0,100
2025-10-12 07:00:00,12.3,13.6,3.2,100
2025-10-12 08:00:00,12.4,13.5,33.0,100
2025-10-12 09:00:00,12.9,15.1,85.2,100
2025-10-12 10:00:00,13.1,13.4,125.5,100
2025-10-12 11:00:00,13.8,13.9,121.5,100
2025-10-12 12:00:00,14.4,14.7,117.8,100
2025-10-12 13:00:00,13.7,12.3,117.2,100
2025-10-12 14:00:00,13.9,12.1,59.8,100
2025-10-12 15:00:00,14.1,11.0,37.5,100
2025-10-12 16:00:00,13.6,11.7,27.2,100
2025-10-12 17:00:00,13.8,10.9,7.5,100
2025-10-12 18:00:00,14.0,11.2,0.2,100
2025-10-12 19:00:00,13.6,8.2,0.0,100
2025-10-12 20:00:00,13.6,6.9,0.0,100
2025-10-12 21:00:00,13.6,6.6,0.0,99
2025-10-12 22:00:00,13.2,6.4,0.0,78
2025-10-12 23:00:00,12.8,6.6,0.0,84
2025-10-13 00:00:00,12.6,5.6,0.0,42
2025-10-13 01:00:00,12.4,5.6,0.0,86
2025-10-13 02:00:00,11.9,4.6,0.0,27
2025-10-13 03:00:00,11.4,5.1,0.0,77
2025-10-13 04:00:00,11.5,5.6,0.0,82
2025-10-13 05:00:00,11.3,6.3,0.0,89
2025-10-13 06:00:00,10.8,7.1,0.0,100
2025-10-13 07:00:00,10.3,7.5,3.2,100
2025-10-13 08:00:00,10.1,7.6,47.5,93
2025-10-13 09:00:00,9.7,6.2,86.0,100
2025-10-13 10:00:00,10.5,4.6,145.8,81
2025-10-13 11:00:00,11.3,5.0,285.5,39
2025-10-13 12:00:00,12.7,4.8,455.5,21
2025-10-13 13:00:00,14.3,7.2,436.5,13
2025-10-13 14:00:00,14.7,7.3,404.5,54
2025-10-13 15:00:00,14.9,8.1,310.0,32
2025-10-13 16:00:00,14.8,9.1,185.0,71
2025-10-13 17:00:00,14.1,8.4,63.2,81
2025-10-13 18:00:00,13.4,7.4,1.8,85
2025-10-13 19:00:00,12.2,5.9,0.0,100
2025-10-13 20:00:00,11.4,5.1,0.0,62
2025-10-13 21:00:00,10.8,4.9,0.0,85
2025-10-13 22:00:00,10.0,5.2,0.0,66
2025-10-13 23:00:00,9.6,6.0,0.0,73
2025-10-14 00:00:00,9.1,5.6,0.0,85
2025-10-14 01:00:00,8.2,5.2,0.0,25
2025-10-14 02:00:00,8.2,5.4,0.0,100
2025-10-14 03:00:00,8.3,6.5,0.0,74
2025-10-14 04:00:00,8.4,7.3,0.0,83
2025-10-14 05:00:00,8.5,9.0,0.0,98
2025-10-14 06:00:00,8.5,8.6,0.0,99
2025-10-14 07:00:00,9.0,7.8,1.0,100
2025-10-14 08:00:00,9.2,9.5,5.5,100
2025-10-14 09:00:00,9.5,10.7,13.8,100
2025-10-14 10:00:00,10.4,7.6,33.8,100
2025-10-14 11:00:00,10.8,10.4,64.8,100
2025-10-14 12:00:00,11.3,9.2,60.0,100
2025-10-14 13:00:00,12.1,8.8,39.8,100
2025-10-14 14:00:00,12.7,9.2,102.5,98
2025-10-14 15:00:00,13.1,9.5,61.2,100
2025-10-14 16:00:00,12.8,9.2,23.2,100
2025-10-14 17:00:00,12.8,8.0,10.2,100
2025-10-14 18:00:00,12.7,7.9,0.2,100
2025-10-14 19:00:00,12.3,6.3,0.0,100
2025-10-14 20:00:00,12.1,5.2,0.0,99
2025-10-14 21:00:00,11.3,5.5,0.0,89
2025-10-14 22:00:00,10.2,3.9,0.0,95
2025-10-14 23:00:00,9.9,3.1,0.0,83
2025-10-15 00:00:00,9.7,1.5,0.0,94
2025-10-15 01:00:00,9.3,2.6,0.0,100
2025-10-15 02:00:00,9.6,3.2,0.0,100
2025-10-15 03:00:00,9.8,2.8,0.0,100
2025-10-15 04:00:00,10.1,2.1,0.0,96
2025-10-15 05:00:00,10.2,1.8,0.0,100
2025-10-15 06:00:00,10.2,2.5,0.0,95
2025-10-15 07:00:00,10.7,3.7,3.5,98
2025-10-15 08:00:00,10.7,5.4,18.5,100
2025-10-15 09:00:00,11.4,5.6,50.0,98
2025-10-15 10:00:00,11.7,5.1,94.8,94
2025-10-15 11:00:00,12.6,7.4,157.5,98
2025-10-15 12:00:00,13.2,8.4,192.8,78
2025-10-15 13:00:00,13.7,8.4,259.0,100
2025-10-15 14:00:00,14.1,6.1,255.2,92
2025-10-15 15:00:00,13.9,7.1,130.5,63
2025-10-15 16:00:00,14.1,8.8,134.8,93
2025-10-15 17:00:00,13.5,9.0,29.2,100
2025-10-15 18:00:00,12.9,6.9,0.2,59
2025-10-15 19:00:00,12.5,8.1,0.0,94
2025-10-15 20:00:00,12.1,5.3,0.0,91
2025-10-15 21:00:00,11.9,7.1,0.0,100
2025-10-15 22:00:00,12.0,7.4,0.0,100
2025-10-15 23:00:00,11.8,9.4,0.0,100
2025-10-16 00:00:00,11.7,9.4,0.0,100
2025-10-16 01:00:00,11.6,9.6,0.0,100
2025-10-16 02:00:00,11.3,10.1,0.0,100
2025-10-16 03:00:00,11.3,9.2,0.0,100
2025-10-16 04:00:00,11.2,11.2,0.0,90
2025-10-16 05:00:00,10.9,11.1,0.0,100
2025-10-16 06:00:00,10.7,11.5,0.0,100
2025-10-16 07:00:00,10.9,11.9,1.8,100
2025-10-16 08:00:00,11.1,12.0,24.5,100
2025-10-16 09:00:00,11.4,13.0,62.5,94
2025-10-16 10:00:00,11.5,11.9,82.0,100
2025-10-16 11:00:00,11.6,11.5,66.5,98
2025-10-16 12:00:00,12.4,11.5,134.5,94
2025-10-16 13:00:00,12.5,9.7,95.2,100
2025-10-16 14:00:00,13.3,9.5,135.8,100
2025-10-16 15:00:00,13.8,11.2,136.2,100
2025-10-16 16:00:00,13.2,11.6,30.5,100
2025-10-16 17:00:00,12.9,11.6,18.8,100
2025-10-16 18:00:00,12.6,7.6,0.0,87
2025-10-16 19:00:00,12.1,7.6,0.0,100
2025-10-16 20:00:00,11.9,7.5,0.0,100
2025-10-16 21:00:00,11.9,8.4,0.0,100
2025-10-16 22:00:00,12.0,10.7,0.0,93
2025-10-16 23:00:00,11.9,10.9,0.0,100
2025-10-17 00:00:00,11.7,11.4,0.0,96
2025-10-17 01:00:00,11.6,11.2,0.0,88
2025-10-17 02:00:00,11.2,11.0,0.0,92
2025-10-17 03:00:00,11.1,10.7,0.0,98
2025-10-17 04:00:00,11.1,11.5,0.0,100
2025-10-17 05:00:00,11.0,13.2,0.0,100
2025-10-17 06:00:00,10.8,12.1,0.0,100
2025-10-17 07:00:00,10.7,11.7,2.5,85
2025-10-17 08:00:00,10.8,13.6,30.0,93
2025-10-17 09:00:00,11.0,12.1,109.8,89
2025-10-17 10:00:00,11.7,12.9,154.0,82
2025-10-17 11:00:00,12.3,15.6,246.5,100
2025-10-17 12:00:00,12.5,14.4,215.2,100
2025-10-17 13:00:00,13.1,19.2,291.5,98
2025-10-17 14:00:00,12.7,15.5,264.5,78
2025-10-17 15:00:00,12.4,17.3,169.5,97
2025-10-17 16:00:00,12.0,15.6,130.8,100
2025-10-17 17:00:00,11.5,14.5,20.8,100
2025-10-17 18:00:00,11.2,12.1,0.0,100
2025-10-17 19:00:00,11.0,9.5,0.0,97
2025-10-17 20:00:00,10.8,10.5,0.0,100
2025-10-17 21:00:00,10.4,14.7,0.0,100
2025-10-17 22:00:00,10.0,13.0,0.0,53
2025-10-17 23:00:00,9.6,15.7,0.0,100
2025-10-18 00:00:00,9.0,15.2,0.0,53
2025-10-18 01:00:00,8.4,15.3,0.0,97
2025-10-18 02:00:00,7.9,13.3,0.0,51
2025-10-18 03:00:00,7.2,11.4,0.0,40
2025-10-18 04:00:00,6.5,10.6,0.0,0
2025-10-18 05:00:00,5.7,10.3,0.0,0
2025-10-18 06:00:00,5.0,9.6,0.0,0
2025-10-18 07:00:00,4.5,9.3,4.0,0
2025-10-18 08:00:00,4.7,8.2,79.5,0
2025-10-18 09:00:00,5.7,8.5,207.8,0
2025-10-18 10:00:00,7.5,9.2,325.5,3
2025-10-18 11:00:00,8.9,11.3,407.5,13
2025-10-18 12:00:00,9.7,10.5,450.5,6
2025-10-18 13:00:00,10.4,9.1,441.2,12
2025-10-18 14:00:00,10.7,9.3,383.5,24
2025-10-18 15:00:00,10.7,9.4,289.5,40
2025-10-18 16:00:00,10.5,8.0,162.5,46
2025-10-18 17:00:00,10.0,8.4,45.2,5
2025-10-18 18:00:00,9.2,5.7,0.0,8
2025-10-18 19:00:00,7.6,4.7,0.0,0
2025-10-18 20:00:00,6.9,4.2,0.0,0
2025-10-18 21:00:00,6.3,2.6,0.0,0
2025-10-18 22:00:00,5.3,2.6,0.0,0
2025-10-18 23:00:00,5.0,3.6,0.0,34
2025-10-19 00:00:00,4.5,3.4,0.0,1
2025-10-19 01:00:00,2.8,2.5,0.0,75
2025-10-19 02:00:00,2.2,3.8,0.0,73
2025-10-19 03:00:00,2.1,5.2,0.0,57
2025-10-19 04:00:00,1.6,5.3,0.0,4
2025-10-19 05:00:00,1.4,4.6,0.0,100
2025-10-19 06:00:00,1.5,4.6,0.0,100
2025-10-19 07:00:00,1.6,6.1,2.5,78
2025-10-19 08:00:00,2.1,6.2,69.8,5
2025-10-19 09:00:00,3.7,8.3,191.2,58
2025-10-19 10:00:00,6.2,9.0,285.2,95
2025-10-19 11:00:00,7.9,12.3,355.5,63
2025-10-19 12:00:00,9.2,11.5,432.2,15
2025-10-19 13:00:00,10.5,11.0,423.0,69
2025-10-19 14:00:00,11.1,12.6,371.5,32
2025-10-19 15:00:00,11.1,13.1,280.0,49
2025-10-19 16:00:00,11.0,13.7,156.0,0
2025-10-19 17:00:00,10.2,12.0,42.5,0
2025-10-19 18:00:00,9.0,12.8,0.0,0
2025-10-19 19:00:00,7.8,11.8,0.0,0
2025-10-19 20:00:00,7.1,12.6,0.0,0
2025-10-19 21:00:00,6.7,12.3,0.0,0
2025-10-19 22:00:00,5.9,11.0,0.0,0
2025-10-19 23:00:00,5.6,10.4,0.0,0
2025-10-20 00:00:00,5.1,9.9,0.0,0
2025-10-20 01:00:00,4.6,10.8,0.0,0
2025-10-20 02:00:00,4.3,10.2,0.0,0
2025-10-20 03:00:00,4.0,10.7,0.0,0
2025-10-20 04:00:00,3.9,10.8,0.0,0
2025-10-20 05:00:00,3.8,11.2,0.0,0
2025-10-20 06:00:00,3.8,11.5,0.0,1
2025-10-20 07:00:00,3.5,10.7,2.2,8
2025-10-20 08:00:00,4.0,10.9,66.8,0
2025-10-20 09:00:00,5.4,11.0,185.2,33
2025-10-20 10:00:00,7.3,12.3,297.2,17
2025-10-20 11:00:00,9.5,12.3,378.5,9
2025-10-20 12:00:00,11.3,12.8,416.2,78
2025-10-20 13:00:00,12.4,13.0,393.2,100
2025-10-20 14:00:00,13.5,13.0,319.0,100
2025-10-20 15:00:00,13.8,13.8,161.8,100
2025-10-20 16:00:00,13.5,14.3,64.0,100
2025-10-20 17:00:00,13.0,14.6,23.2,100
2025-10-20 18:00:00,12.3,14.3,0.0,100
2025-10-20 19:00:00,11.9,13.5,0.0,100
2025-10-20 20:00:00,11.7,14.4,0.0,98
2025-10-20 21:00:00,11.4,14.0,0.0,100
2025-10-20 22:00:00,11.2,13.7,0.0,100
2025-10-20 23:00:00,11.1,12.9,0.0,100
2025-10-21 00:00:00,10.9,11.8,0.0,100
2025-10-21 01:00:00,10.5,11.4,0.0,100
2025-10-21 02:00:00,10.3,13.7,0.0,100
2025-10-21 03:00:00,10.2,13.3,0.0,100
2025-10-21 04:00:00,10.0,12.6,0.0,100
2025-10-21 05:00:00,9.8,13.4,0.0,100
2025-10-21 06:00:00,9.4,13.0,0.0,100
2025-10-21 07:00:00,9.5,12.9,1.2,100
2025-10-21 08:00:00,9.7,13.5,34.0,100
2025-10-21 09:00:00,10.5,12.8,133.0,100
2025-10-21 10:00:00,11.6,12.6,102.0,91
2025-10-21 11:00:00,13.0,12.7,249.0,86
2025-10-21 12:00:00,15.0,13.0,273.0,73
2025-10-21 13:00:00,16.8,15.1,237.5,95
2025-10-21 14:00:00,16.6,12.5,141.5,100
2025-10-21 15:00:00,16.0,13.9,82.0,98
2025-10-21 16:00:00,16.4,9.8,43.0,86
2025-10-21 17:00:00,16.2,10.8,22.2,84
2025-10-21 18:00:00,15.7,9.5,0.0,100
2025-10-21 19:00:00,14.9,8.6,0.0,4
2025-10-21 20:00:00,14.4,7.9,0.0,83
2025-10-21 21:00:00,13.4,6.8,0.0,100
2025-10-21 22:00:00,13.5,8.0,0.0,100
2025-10-21 23:00:00,12.8,8.0,0.0,99
2025-10-22 00:00:00,12.2,7.6,0.0,87
2025-10-22 01:00:00,11.2,7.6,0.0,79
2025-10-22 02:00:00,10.5,6.8,0.0,100
2025-10-22 03:00:00,10.2,6.6,0.0,100
2025-10-22 04:00:00,10.2,6.8,0.0,100
2025-10-22 05:00:00,9.9,6.1,0.0,100
2025-10-22 06:00:00,10.0,6.4,0.0,100
2025-10-22 07:00:00,9.9,5.6,1.0,100
2025-10-22 08:00:00,10.3,6.3,52.5,93
2025-10-22 09:00:00,11.6,7.3,134.5,90
2025-10-22 10:00:00,13.2,7.6,181.0,99
2025-10-22 11:00:00,14.5,8.5,183.2,100
2025-10-22 12:00:00,15.4,8.0,154.8,99
2025-10-22 13:00:00,15.0,7.6,140.0,100
2025-10-22 14:00:00,15.1,6.2,75.2,100
2025-10-22 15:00:00,15.2,6.3,26.5,100
2025-10-22 16:00:00,15.3,5.2,59.2,100
2025-10-22 17:00:00,15.2,3.3,13.8,100
2025-10-22 18:00:00,14.5,2.7,0.0,100
2025-10-22 19:00:00,13.8,4.7,0.0,100
2025-10-22 20:00:00,13.5,4.7,0.0,100
2025-10-22 21:00:00,13.2,4.6,0.0,100
2025-10-22 22:00:00,12.8,4.7,0.0,100
2025-10-22 23:00:00,12.6,4.8,0.0,100
2025-10-23 00:00:00,12.5,6.9,0.0,100
2025-10-23 01:00:00,11.9,6.8,0.0,85
2025-10-23 02:00:00,11.4,7.9,0.0,100
2025-10-23 03:00:00,11.2,8.4,0.0,94
2025-10-23 04:00:00,10.8,9.2,0.0,100
2025-10-23 05:00:00,10.8,10.7,0.0,89
2025-10-23 06:00:00,10.8,11.5,0.0,100
2025-10-23 07:00:00,11.1,11.7,0.2,100
2025-10-23 08:00:00,11.5,12.2,23.8,100
2025-10-23 09:00:00,12.6,13.0,93.8,100
2025-10-23 10:00:00,14.0,12.5,148.8,100
2025-10-23 11:00:00,15.1,13.1,96.0,100
2025-10-23 12:00:00,15.4,13.4,65.0,100
2025-10-23 13:00:00,15.5,15.2,56.2,100
2025-10-23 14:00:00,15.2,19.3,42.8,100
2025-10-23 15:00:00,15.3,15.9,50.0,100
2025-10-23 16:00:00,14.9,14.1,49.2,100
2025-10-23 17:00:00,14.5,15.0,10.2,100
2025-10-23 18:00:00,14.5,15.1,0.0,100
2025-10-23 19:00:00,13.8,14.4,0.0,100
2025-10-23 20:00:00,13.5,15.1,0.0,100
2025-10-23 21:00:00,13.0,15.8,0.0,100
2025-10-23 22:00:00,12.6,14.8,0.0,100
2025-10-23 23:00:00,12.6,14.1,0.0,100
2025-10-24 00:00:00,12.4,15.3,0.0,100
2025-10-24 01:00:00,12.4,14.6,0.0,100
2025-10-24 02:00:00,12.1,15.0,0.0,100
2025-10-24 03:00:00,12.0,14.8,0.0,100
2025-10-24 04:00:00,11.9,14.0,0.0,100
2025-10-24 05:00:00,12.0,15.1,0.0,100
2025-10-24 06:00:00,11.7,16.8,0.0,100
2025-10-24 07:00:00,11.8,13.2,0.2,97
2025-10-24 08:00:00,11.6,16.7,23.5,86
2025-10-24 09:00:00,11.5,20.6,77.8,98
2025-10-24 10:00:00,11.5,18.3,94.5,100
2025-10-24 11:00:00,11.6,22.2,105.2,93
2025-10-24 12:00:00,11.8,19.5,142.8,98
2025-10-24 13:00:00,12.0,20.5,158.2,100
2025-10-24 14:00:00,12.3,19.6,167.2,99
2025-10-24 15:00:00,12.3,21.8,119.0,100
2025-10-24 16:00:00,11.6,19.9,50.0,100
2025-10-24 17:00:00,10.8,18.4,15.0,100
2025-10-24 18:00:00,10.4,15.5,0.0,100
2025-10-24 19:00:00,10.2,15.3,0.0,100
2025-10-24 20:00:00,9.8,16.8,0.0,100
2025-10-24 21:00:00,9.6,15.8,0.0,100
2025-10-24 22:00:00,9.0,15.3,0.0,88
2025-10-24 23:00:00,8.5,15.1,0.0,75
2025-10-25 00:00:00,8.3,13.7,0.0,100
2025-10-25 01:00:00,7.8,11.6,0.0,55
2025-10-25 02:00:00,7.5,11.5,0.0,54
2025-10-25 03:00:00,7.6,12.4,0.0,73
2025-10-25 04:00:00,7.5,12.9,0.0,100
2025-10-25 05:00:00,7.6,12.6,0.0,75
2025-10-25 06:00:00,7.9,13.5,0.0,84
2025-10-25 07:00:00,7.7,13.1,0.2,72
2025-10-25 08:00:00,8.0,14.4,36.0,100
2025-10-25 09:00:00,8.9,15.3,119.0,94
2025-10-25 10:00:00,10.2,16.4,255.0,88
2025-10-25 11:00:00,11.4,18.1,309.8,96
2025-10-25 12:00:00,12.4,16.9,304.8,87
2025-10-25 13:00:00,12.6,16.2,259.8,100
2025-10-25 14:00:00,12.6,16.6,94.5,100
2025-10-25 15:00:00,12.4,16.9,98.8,100
2025-10-25 16:00:00,11.9,15.6,44.8,98
2025-10-25 17:00:00,11.6,14.8,12.5,100
2025-10-25 18:00:00,11.3,14.3,0.0,100
2025-10-25 19:00:00,10.5,14.5,0.0,100
2025-10-25 20:00:00,10.4,15.3,0.0,100
2025-10-25 21:00:00,10.5,15.5,0.0,99
2025-10-25 22:00:00,10.4,14.7,0.0,94
2025-10-25 23:00:00,10.2,15.8,0.0,94
2025-10-26 00:00:00,9.9,16.1,0.0,100
2025-10-26 01:00:00,9.8,16.2,0.0,66
2025-10-26 02:00:00,9.1,15.2,0.0,54
2025-10-26 03:00:00,8.4,15.5,0.0,46
2025-10-26 04:00:00,7.8,13.9,0.0,38
2025-10-26 05:00:00,7.0,12.5,0.0,42
2025-10-26 06:00:00,6.7,12.3,0.0,70
2025-10-26 07:00:00,6.4,13.5,0.2,89
2025-10-26 08:00:00,6.7,13.9,46.0,47
2025-10-26 09:00:00,7.6,18.6,162.2,71
2025-10-26 10:00:00,8.6,19.8,230.5,79
2025-10-26 11:00:00,9.1,20.9,205.8,100
2025-10-26 12:00:00,7.8,21.1,100.5,100
2025-10-26 13:00:00,6.1,26.0,62.8,100
2025-10-26 14:00:00,4.8,22.5,56.5,100
2025-10-26 15:00:00,6.6,20.7,33.8,100
2025-10-26 16:00:00,9.0,24.9,21.5,100
2025-10-26 17:00:00,9.6,25.5,4.0,99
2025-10-26 18:00:00,9.8,26.2,0.0,100
2025-10-26 19:00:00,9.9,26.1,0.0,100
2025-10-26 20:00:00,9.7,26.4,0.0,100
2025-10-26 21:00:00,9.4,26.1,0.0,100
2025-10-26 22:00:00,9.0,25.9,0.0,92
2025-10-26 23:00:00,8.6,25.3,0.0,100
2025-10-27 00:00:00,8.2,24.8,0.0,94
2025-10-27 01:00:00,8.0,22.2,0.0,100
2025-10-27 02:00:00,7.7,21.9,0.0,100
2025-10-27 03:00:00,7.3,19.0,0.0,100
2025-10-27 04:00:00,6.8,18.7,0.0,100
2025-10-27 05:00:00,6.5,16.8,0.0,98
2025-10-27 06:00:00,6.4,17.4,0.0,95
2025-10-27 07:00:00,6.5,17.4,0.0,100
2025-10-27 08:00:00,6.6,16.1,8.0,100
2025-10-27 09:00:00,6.9,18.9,24.2,100
2025-10-27 10:00:00,7.3,17.7,55.2,100
2025-10-27 11:00:00,8.0,16.5,70.5,100
2025-10-27 12:00:00,8.9,20.9,88.0,100
2025-10-27 13:00:00,9.4,12.3,68.2,98
2025-10-27 14:00:00,9.9,16.3,84.5,100
2025-10-27 15:00:00,9.5,19.2,85.5,100
2025-10-27 16:00:00,9.4,17.8,28.8,100
2025-10-27 17:00:00,9.1,16.7,7.2,100
2025-10-27 18:00:00,8.9,15.5,0.0,94
2025-10-27 19:00:00,8.8,14.5,0.0,87
2025-10-27 20:00:00,8.5,16.2,0.0,85
2025-10-27 21:00:00,8.1,17.4,0.0,98
2025-10-27 22:00:00,8.0,18.1,0.0,96
2025-10-27 23:00:00,8.1,19.6,0.0,100
2025-10-28 00:00:00,8.3,20.8,0.0,100
2025-10-28 01:00:00,8.6,20.5,0.0,95
2025-10-28 02:00:00,8.4,20.1,0.0,100
2025-10-28 03:00:00,8.4,20.9,0.0,98
2025-10-28 04:00:00,8.3,21.4,0.0,71
2025-10-28 05:00:00,8.0,20.2,0.0,88
2025-10-28 06:00:00,7.8,21.7,0.0,84
2025-10-28 07:00:00,7.8,20.0,0.0,100
2025-10-28 08:00:00,7.7,17.8,36.0,97
2025-10-28 09:00:00,8.3,17.1,109.2,100
2025-10-28 10:00:00,9.1,15.9,185.5,100
2025-10-28 11:00:00,9.2,14.8,97.8,100
2025-10-28 12:00:00,9.0,15.8,81.2,100
2025-10-28 13:00:00,8.7,13.9,53.8,100
2025-10-28 14:00:00,9.0,14.2,33.8,100
2025-10-28 15:00:00,10.1,14.6,70.2,100
2025-10-28 16:00:00,10.6,14.1,71.2,81
2025-10-28 17:00:00,10.9,14.5,13.0,100
2025-10-28 18:00:00,11.3,19.4,0.0,92
2025-10-28 19:00:00,10.6,17.2,0.0,100
2025-10-28 20:00:00,10.4,16.9,0.0,37
2025-10-28 21:00:00,10.3,16.9,0.0,75
2025-10-28 22:00:00,10.2,16.1,0.0,93
2025-10-28 23:00:00,10.1,17.1,0.0,81
2025-10-29 00:00:00,9.9,16.2,0.0,70
2025-10-29 01:00:00,9.6,15.0,0.0,28
2025-10-29 02:00:00,9.1,14.0,0.0,34
2025-10-29 03:00:00,8.8,13.6,0.0,5
2025-10-29 04:00:00,8.2,12.0,0.0,46
2025-10-29 05:00:00,8.2,11.6,0.0,29
2025-10-29 06:00:00,7.8,10.4,0.0,33
2025-10-29 07:00:00,7.6,12.0,0.0,0
2025-10-29 08:00:00,7.6,10.7,38.2,87
2025-10-29 09:00:00,8.4,10.3,125.2,100
2025-10-29 10:00:00,10.0,10.7,236.2,78
2025-10-29 11:00:00,11.6,11.6,323.5,95
2025-10-29 12:00:00,13.0,11.5,371.2,5
2025-10-29 13:00:00,14.0,11.8,347.8,87
2025-10-29 14:00:00,14.2,13.3,211.2,100
2025-10-29 15:00:00,14.1,11.9,127.5,100
2025-10-29 16:00:00,13.7,10.2,84.2,100
2025-10-29 17:00:00,13.2,7.0,11.2,100
2025-10-29 18:00:00,12.4,7.5,0.0,100
2025-10-29 19:00:00,11.6,9.3,0.0,100
2025-10-29 20:00:00,11.0,9.5,0.0,100
2025-10-29 21:00:00,10.9,9.7,0.0,100
2025-10-29 22:00:00,10.2,10.7,0.0,100
2025-10-29 23:00:00,10.0,11.1,0.0,100
2025-10-30 00:00:00,9.7,11.6,0.0,100
2025-10-30 01:00:00,10.2,11.4,0.0,94
2025-10-30 02:00:00,9.9,12.0,0.0,100
2025-10-30 03:00:00,10.2,11.5,0.0,100
2025-10-30 04:00:00,10.4,11.0,0.0,100
2025-10-30 05:00:00,10.5,12.6,0.0,100
2025-10-30 06:00:00,10.8,13.9,0.0,100
2025-10-30 07:00:00,10.5,14.1,0.0,100
2025-10-30 08:00:00,11.7,19.4,3.8,100
2025-10-30 09:00:00,12.4,21.5,52.2,98
2025-10-30 10:00:00,11.8,23.6,63.5,100
2025-10-30 11:00:00,11.4,21.9,70.8,100
2025-10-30 12:00:00,11.4,25.4,87.5,100
2025-10-30 13:00:00,10.9,22.8,88.2,100
2025-10-30 14:00:00,12.0,23.8,170.2,92
2025-10-30 15:00:00,12.1,21.7,137.5,36
2025-10-30 16:00:00,11.8,21.0,95.0,31
2025-10-30 17:00:00,11.3,19.3,12.2,23
2025-10-30 18:00:00,10.9,17.8,0.0,39
2025-10-30 19:00:00,10.7,17.6,0.0,4
2025-10-30 20:00:00,10.2,15.5,0.0,44
2025-10-30 21:00:00,9.7,14.8,0.0,29
2025-10-30 22:00:00,9.5,15.9,0.0,98
2025-10-30 23:00:00,9.1,14.1,0.0,48
2025-10-31 00:00:00,8.6,12.0,0.0,100
2025-10-31 01:00:00,8.1,10.5,0.0,66
2025-10-31 02:00:00,7.7,7.6,0.0,56
2025-10-31 03:00:00,7.1,7.2,0.0,43
2025-10-31 04:00:00,6.3,7.8,0.0,0
2025-10-31 05:00:00,5.9,5.1,0.0,33
2025-10-31 06:00:00,5.4,5.0,0.0,89
2025-10-31 07:00:00,4.6,4.8,0.0,4
2025-10-31 08:00:00,4.6,5.2,31.5,61
2025-10-31 09:00:00,5.5,5.4,117.5,100
2025-10-31 10:00:00,7.3,5.8,173.8,100
2025-10-31 11:00:00,8.7,7.0,293.0,94
2025-10-31 12:00:00,10.2,6.4,316.8,100
2025-10-31 13:00:00,11.7,8.7,251.2,90
2025-10-31 14:00:00,12.4,10.1,204.0,98
2025-10-31 15:00:00,12.5,10.9,120.2,100
2025-10-31 16:00:00,11.9,9.8,72.0,100
2025-10-31 17:00:00,11.2,9.7,8.2,100
2025-10-31 18:00:00,10.5,10.2,0.0,100
2025-10-31 19:00:00,9.9,9.9,0.0,100
2025-10-31 20:00:00,9.4,9.2,0.0,100
2025-10-31 21:00:00,9.1,11.5,0.0,100
2025-10-31 22:00:00,8.9,8.7,0.0,100
2025-10-31 23:00:00,8.6,10.3,0.0,100
2025-11-01 00:00:00,8.3,8.4,0.0,100
2025-11-01 01:00:00,8.3,8.8,0.0,100
2025-11-01 02:00:00,8.2,9.0,0.0,92
2025-11-01 03:00:00,8.2,7.6,0.0,71
2025-11-01 04:00:00,7.6,7.6,0.0,26
2025-11-01 05:00:00,7.4,6.6,0.0,0
2025-11-01 06:00:00,7.3,6.8,0.0,12
2025-11-01 07:00:00,6.3,6.8,0.0,88
2025-11-01 08:00:00,6.7,7.3,28.2,0
2025-11-01 09:00:00,7.8,7.0,120.8,100
2025-11-01 10:00:00,10.0,7.6,213.0,100
2025-11-01 11:00:00,11.9,8.6,285.8,100
2025-11-01 12:00:00,13.7,9.0,281.0,100
2025-11-01 13:00:00,15.3,9.9,250.0,100
2025-11-01 14:00:00,15.8,10.5,200.8,100
2025-11-01 15:00:00,15.8,10.7,95.8,100
2025-11-01 16:00:00,15.2,8.6,32.5,100
2025-11-01 17:00:00,14.5,9.2,2.8,100
2025-11-01 18:00:00,13.7,10.0,0.0,100
2025-11-01 19:00:00,13.0,9.4,0.0,100
2025-11-01 20:00:00,12.8,9.1,0.0,100
2025-11-01 21:00:00,13.0,10.9,0.0,100
2025-11-01 22:00:00,12.9,10.2,0.0,100
2025-11-01 23:00:00,13.1,8.4,0.0,100
2025-11-02 00:00:00,13.0,7.9,0.0,100
2025-11-02 01:00:00,12.8,7.6,0.0,100
2025-11-02 02:00:00,12.5,5.1,0.0,100
2025-11-02 03:00:00,12.3,5.0,0.0,100
2025-11-02 04:00:00,11.9,5.2,0.0,100
2025-11-02 05:00:00,11.8,3.9,0.0,100
2025-11-02 06:00:00,11.4,3.6,0.0,100
2025-11-02 07:00:00,11.4,2.7,0.0,100
2025-11-02 08:00:00,11.4,4.0,11.0,100
2025-11-02 09:00:00,11.7,5.0,64.2,100
2025-11-02 10:00:00,12.1,6.0,75.2,100
2025-11-02 11:00:00,12.3,6.6,80.8,100
2025-11-02 12:00:00,12.8,5.8,133.0,100
2025-11-02 13:00:00,13.0,8.6,150.5,100
2025-11-02 14:00:00,13.2,6.4,149.8,100
2025-11-02 15:00:00,13.3,9.4,125.0,100
2025-11-02 16:00:00,12.9,5.5,66.5,100
2025-11-02 17:00:00,12.4,4.4,7.2,100
2025-11-02 18:00:00,11.9,3.0,0.0,100
2025-11-02 19:00:00,11.1,4.1,0.0,100
2025-11-02 20:00:00,10.9,3.6,0.0,100
2025-11-02 21:00:00,10.5,2.9,0.0,100
2025-11-02 22:00:00,10.2,4.3,0.0,100
2025-11-02 23:00:00,9.8,4.2,0.0,100
2025-11-03 00:00:00,9.8,4.4,0.0,100
2025-11-03 01:00:00,9.6,3.7,0.0,100
2025-11-03 02:00:00,9.5,4.2,0.0,100
2025-11-03 03:00:00,9.6,4.8,0.0,100
2025-11-03 04:00:00,9.5,6.6,0.0,100
2025-11-03 05:00:00,9.5,9.7,0.0,100
2025-11-03 06:00:00,9.1,9.4,0.0,92
2025-11-03 07:00:00,9.3,9.4,0.0,100
2025-11-03 08:00:00,9.7,12.6,9.8,100
2025-11-03 09:00:00,10.0,14.4,47.8,90
2025-11-03 10:00:00,10.5,14.4,115.0,55
2025-11-03 11:00:00,10.9,14.8,241.8,75
2025-11-03 12:00:00,11.4,15.8,238.5,93
2025-11-03 13:00:00,12.2,14.8,270.0,77
2025-11-03 14:00:00,12.4,13.4,237.5,73
2025-11-03 15:00:00,12.4,13.9,160.8,37
2025-11-03 16:00:00,12.2,9.9,84.8,0
2025-11-03 17:00:00,11.7,8.9,8.2,100
2025-11-03 18:00:00,10.9,8.8,0.0,95
2025-11-03 19:00:00,10.3,11.0,0.0,97
2025-11-03 20:00:00,10.1,11.3,0.0,78
2025-11-03 21:00:00,9.9,10.3,0.0,98
2025-11-03 22:00:00,10.1,10.5,0.0,100
2025-11-03 23:00:00,10.2,10.3,0.0,100
2025-11-04 00:00:00,10.3,11.2,0.0,100
2025-11-04 01:00:00,10.2,11.0,0.0,99
2025-11-04 02:00:00,10.1,9.5,0.0,100
2025-11-04 03:00:00,10.0,10.6,0.0,97
2025-11-04 04:00:00,9.3,9.0,0.0,64
2025-11-04 05:00:00,9.0,8.2,0.0,99
2025-11-04 06:00:00,9.1,8.2,0.0,99
2025-11-04 07:00:00,9.1,8.1,0.0,82
2025-11-04 08:00:00,9.2,8.2,6.8,100
2025-11-04 09:00:00,9.7,7.5,25.2,100
2025-11-04 10:00:00,10.7,8.4,35.8,100
2025-11-04 11:00:00,11.4,7.6,47.2,100
2025-11-04 12:00:00,12.4,10.0,142.0,97
2025-11-04 13:00:00,14.7,9.2,262.0,5
2025-11-04 14:00:00,15.2,9.4,261.2,100
2025-11-04 15:00:00,15.2,8.9,161.0,55
2025-11-04 16:00:00,14.3,9.2,80.0,100
2025-11-04 17:00:00,13.4,6.5,7.0,72
2025-11-04 18:00:00,12.3,7.6,0.0,57
2025-11-04 19:00:00,11.1,6.8,0.0,19
2025-11-04 20:00:00,10.2,6.4,0.0,16
2025-11-04 21:00:00,9.7,6.5,0.0,100
2025-11-04 22:00:00,9.0,7.3,0.0,36
2025-11-04 23:00:00,8.7,8.6,0.0,100
2025-11-05 00:00:00,8.4,7.9,0.0,100
2025-11-05 01:00:00,7.7,8.2,0.0,100
2025-11-05 02:00:00,7.4,9.5,0.0,88
2025-11-05 03:00:00,7.1,8.8,0.0,100
2025-11-05 04:00:00,6.9,9.0,0.0,100
2025-11-05 05:00:00,7.0,10.0,0.0,100
2025-11-05 06:00:00,6.9,7.6,0.0,85
2025-11-05 07:00:00,6.7,8.0,0.0,35
2025-11-05 08:00:00,6.9,8.0,17.2,100
2025-11-05 09:00:00,7.5,8.5,98.5,100
2025-11-05 10:00:00,9.5,9.0,195.2,9
2025-11-05 11:00:00,11.5,9.7,279.8,99
2025-11-05 12:00:00,13.3,10.4,313.2,100
2025-11-05 13:00:00,14.7,8.4,310.8,100
2025-11-05 14:00:00,15.5,9.4,257.0,96
2025-11-05 15:00:00,15.8,9.1,177.0,63
2025-11-05 16:00:00,15.6,7.2,77.2,31
2025-11-05 17:00:00,14.2,5.8,6.0,0
2025-11-05 18:00:00,12.8,6.3,0.0,29
2025-11-05 19:00:00,11.7,6.7,0.0,26
2025-11-05 20:00:00,10.8,6.1,0.0,42
2025-11-05 21:00:00,10.1,6.0,0.0,10
2025-11-05 22:00:00,9.1,7.3,0.0,26
2025-11-05 23:00:00,8.4,8.5,0.0,1
2025-11-06 00:00:00,7.8,9.8,0.0,100
2025-11-06 01:00:00,7.3,8.1,0.0,75
2025-11-06 02:00:00,7.1,6.9,0.0,100
2025-11-06 03:00:00,7.1,6.9,0.0,100
2025-11-06 04:00:00,6.4,6.9,0.0,100
2025-11-06 05:00:00,6.3,8.7,0.0,0
2025-11-06 06:00:00,6.2,6.6,0.0,0
2025-11-06 07:00:00,6.1,7.5,0.0,36
2025-11-06 08:00:00,6.5,10.2,18.5,0
2025-11-06 09:00:00,7.9,9.4,109.0,0
2025-11-06 10:00:00,9.7,11.0,211.0,0
2025-11-06 11:00:00,11.6,11.5,293.0,0
2025-11-06 12:00:00,13.1,12.0,332.2,0
2025-11-06 13:00:00,14.5,12.4,325.0,14
2025-11-06 14:00:00,15.1,12.2,271.8,0
2025-11-06 15:00:00,15.0,12.2,184.0,4
2025-11-06 16:00:00,14.2,10.0,75.8,8
2025-11-06 17:00:00,12.7,10.8,5.2,1
2025-11-06 18:00:00,11.1,9.7,0.0,0
2025-11-06 19:00:00,9.8,7.9,0.0,0
2025-11-06 20:00:00,9.1,8.0,0.0,0
2025-11-06 21:00:00,8.5,8.6,0.0,0
2025-11-06 22:00:00,8.0,9.0,0.0,0
2025-11-06 23:00:00,8.2,8.4,0.0,0
2025-11-07 00:00:00,8.0,8.9,0.0,0
2025-11-07 01:00:00,7.4,9.8,0.0,0
2025-11-07 02:00:00,7.1,9.5,0.0,0
2025-11-07 03:00:00,6.8,8.5,0.0,0
2025-11-07 04:00:00,6.6,7.8,0.0,0
2025-11-07 05:00:00,6.4,9.3,0.0,0
2025-11-07 06:00:00,6.2,9.3,0.0,0
2025-11-07 07:00:00,5.7,8.4,0.0,53
2025-11-07 08:00:00,5.6,8.1,16.5,12
2025-11-07 09:00:00,6.3,8.7,102.8,0
2025-11-07 10:00:00,7.8,9.1,202.8,0
2025-11-07 11:00:00,9.4,9.0,277.5,0
2025-11-07 12:00:00,10.9,9.7,315.5,0
2025-11-07 13:00:00,11.8,9.8,300.2,48
2025-11-07 14:00:00,12.5,9.8,243.8,25
2025-11-07 15:00:00,12.9,6.8,172.8,0
2025-11-07 16:00:00,12.6,4.9,70.5,0
2025-11-07 17:00:00,11.6,4.4,4.0,0
2025-11-07 18:00:00,10.7,5.5,0.0,21
2025-11-07 19:00:00,9.4,4.0,0.0,0
2025-11-07 20:00:00,8.8,5.0,0.0,0
2025-11-07 21:00:00,8.1,4.4,0.0,0
2025-11-07 22:00:00,6.6,4.1,0.0,25
2025-11-07 23:00:00,6.2,3.6,0.0,12
2025-11-08 00:00:00,5.7,4.6,0.0,0
2025-11-08 01:00:00,5.2,4.9,0.0,14
2025-11-08 02:00:00,5.0,4.4,0.0,7
2025-11-08 03:00:00,4.6,3.8,0.0,3
2025-11-08 04:00:00,3.5,3.9,0.0,100
2025-11-08 05:00:00,2.7,4.2,0.0,89
2025-11-08 06:00:00,3.7,4.4,0.0,39
2025-11-08 07:00:00,3.3,5.0,0.0,40
2025-11-08 08:00:00,3.5,4.6,14.8,0
2025-11-08 09:00:00,4.2,5.2,97.5,0
2025-11-08 10:00:00,5.4,4.4,196.0,0
2025-11-08 11:00:00,6.5,5.0,264.5,50
2025-11-08 12:00:00,7.2,5.7,260.5,69
2025-11-08 13:00:00,7.3,5.6,228.2,78
2025-11-08 14:00:00,7.9,4.7,181.0,81
2025-11-08 15:00:00,8.2,5.8,117.8,88
2025-11-08 16:00:00,7.9,6.5,43.5,60
2025-11-08 17:00:00,7.0,5.8,3.0,58
2025-11-08 18:00:00,6.6,3.7,0.0,53
2025-11-08 19:00:00,5.8,2.2,0.0,54
2025-11-08 20:00:00,5.5,1.4,0.0,57
2025-11-08 21:00:00,5.1,1.5,0.0,37
2025-11-08 22:00:00,4.5,0.8,0.0,0
2025-11-08 23:00:00,3.8,1.1,0.0,62
2025-11-09 00:00:00,3.5,1.3,0.0,72
2025-11-09 01:00:00,2.9,2.3,0.0,100
2025-11-09 02:00:00,2.5,2.9,0.0,100
2025-11-09 03:00:00,2.5,2.2,0.0,100
2025-11-09 04:00:00,2.7,2.3,0.0,99
2025-11-09 05:00:00,3.0,3.6,0.0,96
2025-11-09 06:00:00,3.0,3.6,0.0,100
2025-11-09 07:00:00,2.9,4.2,0.0,97
2025-11-09 08:00:00,3.3,3.3,6.8,100
2025-11-09 09:00:00,3.9,3.9,34.0,100
2025-11-09 10:00:00,4.9,3.2,116.5,84
2025-11-09 11:00:00,5.5,2.5,194.8,100
2025-11-09 12:00:00,6.8,2.3,238.0,90
2025-11-09 13:00:00,8.0,3.7,272.2,99
2025-11-09 14:00:00,8.2,3.6,91.0,100
2025-11-09 15:00:00,8.3,2.2,50.5,100
2025-11-09 16:00:00,8.4,3.1,21.0,100
2025-11-09 17:00:00,8.5,2.3,1.2,100
2025-11-09 18:00:00,8.5,2.5,0.0,100
2025-11-09 19:00:00,8.3,3.4,0.0,100
2025-11-09 20:00:00,8.1,1.9,0.0,100
2025-11-09 21:00:00,8.2,3.3,0.0,100
2025-11-09 22:00:00,8.1,3.2,0.0,100
2025-11-09 23:00:00,8.0,2.6,0.0,100
2025-11-10 00:00:00,8.1,3.6,0.0,99
2025-11-10 01:00:00,8.2,2.6,0.0,100
2025-11-10 02:00:00,8.3,0.8,0.0,100
2025-11-10 03:00:00,8.2,2.0,0.0,98
2025-11-10 04:00:00,7.9,2.1,0.0,100
2025-11-10 05:00:00,7.8,2.2,0.0,100
2025-11-10 06:00:00,7.8,3.1,0.0,100
2025-11-10 07:00:00,7.8,4.0,0.0,100
2025-11-10 08:00:00,7.8,4.1,3.2,100
2025-11-10 09:00:00,8.0,5.3,12.5,100
2025-11-10 10:00:00,8.3,1.9,17.0,100
2025-11-10 11:00:00,8.8,5.0,48.0,100
2025-11-10 12:00:00,9.5,5.0,68.0,100
2025-11-10 13:00:00,9.9,4.7,49.0,100
2025-11-10 14:00:00,10.3,4.3,56.2,100
2025-11-10 15:00:00,10.6,5.1,54.2,100
2025-11-10 16:00:00,10.3,5.5,18.0,99
2025-11-10 17:00:00,10.0,7.3,0.8,91
2025-11-10 18:00:00,9.8,7.7,0.0,100
2025-11-10 19:00:00,8.9,4.3,0.0,17
2025-11-10 20:00:00,8.1,5.1,0.0,28
2025-11-10 21:00:00,7.3,3.3,0.0,59
2025-11-10 22:00:00,6.6,4.3,0.0,19
2025-11-10 23:00:00,6.2,4.7,0.0,0
2025-11-11 00:00:00,5.0,5.4,0.0,100
2025-11-11 01:00:00,4.5,5.9,0.0,100
2025-11-11 02:00:00,4.7,6.4,0.0,100
2025-11-11 03:00:00,4.9,5.9,0.0,100
2025-11-11 04:00:00,4.3,5.9,0.0,100
2025-11-11 05:00:00,3.9,7.7,0.0,100
2025-11-11 06:00:00,4.5,8.6,0.0,100
2025-11-11 07:00:00,4.9,8.0,0.0,100
2025-11-11 08:00:00,5.4,7.8,2.5,100
2025-11-11 09:00:00,5.9,7.1,22.8,100
2025-11-11 10:00:00,6.3,5.0,51.5,100
2025-11-11 11:00:00,7.0,4.8,63.8,100
2025-11-11 12:00:00,8.6,7.0,88.2,100
2025-11-11 13:00:00,9.2,7.6,96.0,100
2025-11-11 14:00:00,10.1,15.0,75.0,100
2025-11-11 15:00:00,10.5,7.4,63.8,100
2025-11-11 16:00:00,10.5,7.0,25.0,99
2025-11-11 17:00:00,10.4,6.6,0.5,100
2025-11-11 18:00:00,10.2,6.6,0.0,100
2025-11-11 19:00:00,10.2,6.4,0.0,100
2025-11-11 20:00:00,9.9,4.9,0.0,72
2025-11-11 21:00:00,9.1,4.7,0.0,56
2025-11-11 22:00:00,8.7,4.2,0.0,45
2025-11-11 23:00:00,8.2,3.7,0.0,85
2025-11-12 00:00:00,7.9,5.2,0.0,100
2025-11-12 01:00:00,6.6,4.8,0.0,45
2025-11-12 02:00:00,6.0,5.1,0.0,61
2025-11-12 03:00:00,5.7,4.1,0.0,96
2025-11-12 04:00:00,5.1,5.9,0.0,100
2025-11-12 05:00:00,5.2,7.7,0.0,100
2025-11-12 06:00:00,5.1,6.0,0.0,100
2025-11-12 07:00:00,4.8,7.7,0.0,100
2025-11-12 08:00:00,4.6,8.2,5.8,100
2025-11-12 09:00:00,4.9,9.3,37.8,100
2025-11-12 10:00:00,6.6,8.9,79.0,100
2025-11-12 11:00:00,8.0,10.2,199.8,85
2025-11-12 12:00:00,9.7,11.6,272.8,100
2025-11-12 13:00:00,11.4,10.5,243.2,100
2025-11-12 14:00:00,12.1,10.5,175.5,93
2025-11-12 15:00:00,12.3,10.9,126.5,75
2025-11-12 16:00:00,11.7,10.9,49.0,100
2025-11-12 17:00:00,10.9,9.1,1.2,100
2025-11-12 18:00:00,10.3,8.6,0.0,100
2025-11-12 19:00:00,9.9,10.5,0.0,100
2025-11-12 20:00:00,9.9,10.1,0.0,100
2025-11-12 21:00:00,9.9,9.3,0.0,100
2025-11-12 22:00:00,9.5,8.7,0.0,100
2025-11-12 23:00:00,9.3,10.3,0.0,100
2025-11-13 00:00:00,9.0,8.9,0.0,92
2025-11-13 01:00:00,8.4,9.1,0.0,88
2025-11-13 02:00:00,8.0,8.0,0.0,100
2025-11-13 03:00:00,7.9,8.7,0.0,100
2025-11-13 04:00:00,7.6,8.7,0.0,96
2025-11-13 05:00:00,7.6,8.9,0.0,48
2025-11-13 06:00:00,7.6,8.7,0.0,89
2025-11-13 07:00:00,7.6,9.4,0.0,100
2025-11-13 08:00:00,8.2,9.7,7.5,100
2025-11-13 09:00:00,9.0,9.7,75.0,41
2025-11-13 10:00:00,10.6,10.5,170.8,52
2025-11-13 11:00:00,12.4,13.0,237.8,100
2025-11-13 12:00:00,14.1,12.4,253.5,100
2025-11-13 13:00:00,15.4,10.6,209.5,100
2025-11-13 14:00:00,15.5,11.1,173.0,100
2025-11-13 15:00:00,15.5,9.7,110.2,100
2025-11-13 16:00:00,14.9,10.1,46.0,100
2025-11-13 17:00:00,13.9,9.5,1.0,12
2025-11-13 18:00:00,13.3,9.4,0.0,100
2025-11-13 19:00:00,13.0,9.4,0.0,100
2025-11-13 20:00:00,12.7,10.3,0.0,89
2025-11-13 21:00:00,12.5,7.9,0.0,90
2025-11-13 22:00:00,12.7,8.2,0.0,98
2025-11-13 23:00:00,12.1,9.3,0.0,100
2025-11-14 00:00:00,12.0,6.1,0.0,96
2025-11-14 01:00:00,12.1,6.0,0.0,99
2025-11-14 02:00:00,11.9,4.9,0.0,100
2025-11-14 03:00:00,11.8,4.9,0.0,97
2025-11-14 04:00:00,11.7,5.0,0.0,100
2025-11-14 05:00:00,11.3,7.8,0.0,99
2025-11-14 06:00:00,11.2,5.3,0.0,100
2025-11-14 07:00:00,10.8,4.5,0.0,100
2025-11-14 08:00:00,10.6,6.4,4.8,100
2025-11-14 09:00:00,10.7,5.8,37.2,100
2025-11-14 10:00:00,11.0,5.8,61.2,100
2025-11-14 11:00:00,11.3,7.6,111.5,100
2025-11-14 12:00:00,11.7,7.0,124.5,95
2025-11-14 13:00:00,12.1,3.6,168.5,100
2025-11-14 14:00:00,12.4,6.4,99.2,100
2025-11-14 15:00:00,12.1,9.0,62.5,100
2025-11-14 16:00:00,11.3,8.1,21.2,100
2025-11-14 17:00:00,10.8,9.2,0.5,100
2025-11-14 18:00:00,9.3,12.0,0.0,100
2025-11-14 19:00:00,9.2,11.5,0.0,100
2025-11-14 20:00:00,8.8,10.7,0.0,100
2025-11-14 21:00:00,8.6,11.8,0.0,100
2025-11-14 22:00:00,8.3,10.6,0.0,99
2025-11-14 23:00:00,7.6,13.4,0.0,100
2025-11-15 00:00:00,7.2,12.7,0.0,99
2025-11-15 01:00:00,6.8,13.8,0.0,99
2025-11-15 02:00:00,6.6,13.6,0.0,100
2025-11-15 03:00:00,6.5,13.5,0.0,100
2025-11-15 04:00:00,6.1,15.5,0.0,100
2025-11-15 05:00:00,5.9,13.5,0.0,100
2025-11-15 06:00:00,5.9,14.0,0.0,100
2025-11-15 07:00:00,6.1,15.4,0.0,100
2025-11-15 08:00:00,6.0,18.2,1.2,100
2025-11-15 09:00:00,5.9,18.0,14.0,100
2025-11-15 10:00:00,5.9,13.4,32.8,100
2025-11-15 11:00:00,6.1,18.4,40.2,100
2025-11-15 12:00:00,5.7,17.3,64.2,100
2025-11-15 13:00:00,5.7,18.4,62.2,100
2025-11-15 14:00:00,5.4,17.6,41.5,100
2025-11-15 15:00:00,5.7,14.3,34.0,100
2025-11-15 16:00:00,6.2,13.4,13.0,100
2025-11-15 17:00:00,6.0,14.2,0.2,100
2025-11-15 18:00:00,5.7,15.0,0.0,100
2025-11-15 19:00:00,5.7,14.2,0.0,100
2025-11-15 20:00:00,5.5,15.8,0.0,100
2025-11-15 21:00:00,5.4,17.2,0.0,100
2025-11-15 22:00:00,5.4,12.1,0.0,100
2025-11-15 23:00:00,5.3,11.8,0.0,100
2025-11-16 00:00:00,5.3,10.6,0.0,100
2025-11-16 01:00:00,5.4,11.2,0.0,99
2025-11-16 02:00:00,5.5,12.0,0.0,100
2025-11-16 03:00:00,5.7,8.6,0.0,100
2025-11-16 04:00:00,5.9,7.4,0.0,100
2025-11-16 05:00:00,6.1,4.8,0.0,100
2025-11-16 06:00:00,6.5,5.2,0.0,100
2025-11-16 07:00:00,6.5,4.9,0.0,98
2025-11-16 08:00:00,6.8,4.7,2.5,100
2025-11-16 09:00:00,7.3,6.4,31.2,99
2025-11-16 10:00:00,7.4,4.7,75.5,98
2025-11-16 11:00:00,8.0,3.6,117.0,90
2025-11-16 12:00:00,8.7,5.4,144.8,96
2025-11-16 13:00:00,9.9,6.5,81.5,98
2025-11-16 14:00:00,9.6,7.2,46.5,100
2025-11-16 15:00:00,9.1,8.0,13.2,100
2025-11-16 16:00:00,7.6,11.6,3.5,100
2025-11-16 17:00:00,6.9,10.0,0.0,100
2025-11-16 18:00:00,6.4,8.1,0.0,100
2025-11-16 19:00:00,6.0,10.5,0.0,100
2025-11-16 20:00:00,5.6,8.9,0.0,100
2025-11-16 21:00:00,5.5,7.9,0.0,100
2025-11-16 22:00:00,5.9,8.3,0.0,100
2025-11-16 23:00:00,5.7,9.2,0.0,100
2025-11-17 00:00:00,5.3,8.4,0.0,100
2025-11-17 01:00:00,4.8,10.2,0.0,100
2025-11-17 02:00:00,4.4,8.6,0.0,100
2025-11-17 03:00:00,4.3,8.6,0.0,100
2025-11-17 04:00:00,3.8,8.2,0.0,100
2025-11-17 05:00:00,3.7,9.5,0.0,100
2025-11-17 06:00:00,3.7,9.0,0.0,100
2025-11-17 07:00:00,3.8,9.6,0.0,100
2025-11-17 08:00:00,3.8,10.6,2.2,95
2025-11-17 09:00:00,3.9,11.1,29.2,98
2025-11-17 10:00:00,4.0,10.6,61.8,100
2025-11-17 11:00:00,4.5,10.9,84.2,100
2025-11-17 12:00:00,5.3,9.5,107.5,94
2025-11-17 13:00:00,5.3,9.9,167.8,90
2025-11-17 14:00:00,6.1,11.5,119.5,93
2025-11-17 15:00:00,6.1,10.4,93.0,70
2025-11-17 16:00:00,5.4,11.3,25.8,100
2025-11-17 17:00:00,4.5,11.1,0.0,100
2025-11-17 18:00:00,4.4,11.2,0.0,43
2025-11-17 19:00:00,3.6,11.3,0.0,36
2025-11-17 20:00:00,3.0,11.0,0.0,0
2025-11-17 21:00:00,2.5,9.8,0.0,0
2025-11-17 22:00:00,1.9,9.8,0.0,54
2025-11-17 23:00:00,1.8,10.2,0.0,41
2025-11-18 00:00:00,1.6,11.3,0.0,9
2025-11-18 01:00:00,1.3,10.5,0.0,0
2025-11-18 02:00:00,1.2,11.6,0.0,32
2025-11-18 03:00:00,1.3,13.0,0.0,74
2025-11-18 04:00:00,1.5,12.6,0.0,97
2025-11-18 05:00:00,1.9,11.2,0.0,84
2025-11-18 06:00:00,2.1,12.2,0.0,97
2025-11-18 07:00:00,2.3,13.5,0.0,95
2025-11-18 08:00:00,2.5,13.7,2.5,96
2025-11-18 09:00:00,3.0,17.1,35.5,89
2025-11-18 10:00:00,3.7,15.8,64.2,93
2025-11-18 11:00:00,4.4,15.5,132.8,93
2025-11-18 12:00:00,5.3,19.9,167.8,100
2025-11-18 13:00:00,5.9,16.2,107.0,100
2025-11-18 14:00:00,6.0,17.7,86.8,100
2025-11-18 15:00:00,6.2,17.3,67.8,99
2025-11-18 16:00:00,6.0,15.3,27.8,100
2025-11-18 17:00:00,5.5,12.6,0.0,100
2025-11-18 18:00:00,5.1,11.5,0.0,100
2025-11-18 19:00:00,4.3,13.8,0.0,100
2025-11-18 20:00:00,4.0,13.0,0.0,100
2025-11-18 21:00:00,4.0,14.1,0.0,100
2025-11-18 22:00:00,4.1,15.4,0.0,100
2025-11-18 23:00:00,3.8,15.5,0.0,100
2025-11-19 00:00:00,3.4,16.6,0.0,100
2025-11-19 01:00:00,3.1,17.4,0.0,100
2025-11-19 02:00:00,2.9,16.7,0.0,100
2025-11-19 03:00:00,2.6,18.8,0.0,100
2025-11-19 04:00:00,2.6,15.0,0.0,98
2025-11-19 05:00:00,2.6,13.2,0.0,100
2025-11-19 06:00:00,2.7,10.7,0.0,100
2025-11-19 07:00:00,2.7,10.2,0.0,97
2025-11-19 08:00:00,2.6,9.2,2.5,97
2025-11-19 09:00:00,2.5,11.1,48.0,59
2025-11-19 10:00:00,2.6,11.3,130.8,100
2025-11-19 11:00:00,3.3,10.7,177.2,51
2025-11-19 12:00:00,4.1,11.5,247.2,74
2025-11-19 13:00:00,5.3,11.9,232.2,27
2025-11-19 14:00:00,5.7,12.6,188.5,98
2025-11-19 15:00:00,5.6,15.5,65.5,97
2025-11-19 16:00:00,4.5,14.9,12.2,97
2025-11-19 17:00:00,4.0,13.1,0.0,100
2025-11-19 18:00:00,4.0,11.6,0.0,100
2025-11-19 19:00:00,4.1,11.6,0.0,97
2025-11-19 20:00:00,4.1,9.7,0.0,100
2025-11-19 21:00:00,4.1,8.7,0.0,100
2025-11-19 22:00:00,4.0,10.3,0.0,100
2025-11-19 23:00:00,3.9,13.4,0.0,95
2025-11-20 00:00:00,3.8,11.2,0.0,100
2025-11-20 01:00:00,4.0,10.9,0.0,100
2025-11-20 02:00:00,2.7,11.9,0.0,99
2025-11-20 03:00:00,2.5,12.6,0.0,100
2025-11-20 04:00:00,2.0,12.6,0.0,100
2025-11-20 05:00:00,1.9,12.3,0.0,100
2025-11-20 06:00:00,1.9,11.7,0.0,97
2025-11-20 07:00:00,2.0,12.7,0.0,98
2025-11-20 08:00:00,2.4,10.4,1.2,100
2025-11-20 09:00:00,2.9,14.7,21.8,99
2025-11-20 10:00:00,3.2,12.2,55.2,100
2025-11-20 11:00:00,3.5,11.5,94.8,100
2025-11-20 12:00:00,3.4,13.0,86.8,100
2025-11-20 13:00:00,3.1,12.6,72.0,100
2025-11-20 14:00:00,2.9,11.9,53.5,97
2025-11-20 15:00:00,3.4,16.2,42.2,100
2025-11-20 16:00:00,3.7,16.3,12.5,74
2025-11-20 17:00:00,3.2,16.9,0.0,71
2025-11-20 18:00:00,2.8,15.0,0.0,80
2025-11-20 19:00:00,2.0,14.8,0.0,80
2025-11-20 20:00:00,1.5,13.7,0.0,56
2025-11-20 21:00:00,1.0,12.3,0.0,29
2025-11-20 22:00:00,0.4,12.3,0.0,19
2025-11-20 23:00:00,0.1,12.2,0.0,39
2025-11-21 00:00:00,0.2,11.4,0.0,0
2025-11-21 01:00:00,-0.4,8.6,0.0,0
2025-11-21 02:00:00,-0.9,8.6,0.0,0
2025-11-21 03:00:00,-1.2,7.0,0.0,27
2025-11-21 04:00:00,-1.7,7.2,0.0,51
2025-11-21 05:00:00,-1.9,7.3,0.0,49
2025-11-21 06:00:00,-2.2,7.0,0.0,15
2025-11-21 07:00:00,-2.7,7.9,0.0,31
2025-11-21 08:00:00,-2.7,6.9,2.2,0
2025-11-21 09:00:00,-2.5,6.9,55.5,23
2025-11-21 10:00:00,-1.6,7.2,146.5,3
2025-11-21 11:00:00,-0.7,7.6,229.2,0
2025-11-21 12:00:00,0.1,9.0,273.5,0
2025-11-21 13:00:00,1.6,9.0,268.2,0
2025-11-21 14:00:00,2.0,9.4,220.5,4
2025-11-21 15:00:00,2.0,10.5,135.0,0
2025-11-21 16:00:00,1.6,8.0,38.5,0
2025-11-21 17:00:00,1.0,6.2,0.0,54
2025-11-21 18:00:00,0.6,7.0,0.0,42
2025-11-21 19:00:00,0.1,6.2,0.0,30
2025-11-21 20:00:00,-0.2,7.3,0.0,85
2025-11-21 21:00:00,-0.4,6.8,0.0,60
2025-11-21 22:00:00,-1.0,6.5,0.0,60
2025-11-21 23:00:00,-1.2,5.8,0.0,70
2025-11-22 00:00:00,-1.4,6.6,0.0,29
2025-11-22 01:00:00,-2.1,5.5,0.0,38
2025-11-22 02:00:00,-2.2,5.8,0.0,20
2025-11-22 03:00:00,-2.3,5.1,0.0,0
2025-11-22 04:00:00,-2.8,3.2,0.0,38
2025-11-22 05:00:00,-2.9,3.4,0.0,66
2025-11-22 06:00:00,-2.9,4.1,0.0,87
2025-11-22 07:00:00,-3.1,4.7,0.0,52
2025-11-22 08:00:00,-3.1,3.8,1.5,96
2025-11-22 09:00:00,-2.6,4.6,33.5,84
2025-11-22 10:00:00,-2.1,6.4,98.0,59
2025-11-22 11:00:00,-1.3,5.6,214.0,6
2025-11-22 12:00:00,-0.2,6.0,263.0,34
2025-11-22 13:00:00,1.2,6.8,255.2,25
2025-11-22 14:00:00,1.7,7.5,205.5,0
2025-11-22 15:00:00,1.7,6.5,128.2,0
2025-11-22 16:00:00,1.3,6.9,35.8,6
2025-11-22 17:00:00,0.7,6.9,0.0,22
2025-11-22 18:00:00,0.4,6.7,0.0,19
2025-11-22 19:00:00,-0.3,7.6,0.0,48
2025-11-22 20:00:00,-0.7,7.6,0.0,3
2025-11-22 21:00:00,-1.1,8.4,0.0,15
2025-11-22 22:00:00,-1.4,6.2,0.0,0
2025-11-22 23:00:00,-1.7,5.2,0.0,0
2025-11-23 00:00:00,-2.1,6.2,0.0,0
2025-11-23 01:00:00,-2.6,6.2,0.0,0
2025-11-23 02:00:00,-2.8,6.5,0.0,0
2025-11-23 03:00:00,-2.9,6.8,0.0,23
2025-11-23 04:00:00,-3.3,7.3,0.0,89
2025-11-23 05:00:00,-3.4,8.1,0.0,100
2025-11-23 06:00:00,-3.3,8.0,0.0,100
2025-11-23 07:00:00,-3.7,7.5,0.0,100
2025-11-23 08:00:00,-3.7,7.6,1.2,100
2025-11-23 09:00:00,-3.6,7.5,44.5,100
2025-11-23 10:00:00,-3.1,7.3,121.2,94
2025-11-23 11:00:00,-2.4,8.9,205.2,100
2025-11-23 12:00:00,-1.5,10.0,232.8,100
2025-11-23 13:00:00,0.0,10.9,239.5,26
2025-11-23 14:00:00,0.5,10.0,208.5,0
2025-11-23 15:00:00,0.4,10.2,127.5,0
2025-11-23 16:00:00,-0.1,10.7,34.8,0
2025-11-23 17:00:00,-0.7,12.7,0.0,79
2025-11-23 18:00:00,-1.2,12.0,0.0,100
2025-11-23 19:00:00,-1.6,11.5,0.0,0
2025-11-23 20:00:00,-2.1,12.2,0.0,12
2025-11-23 21:00:00,-2.6,12.5,0.0,99
2025-11-23 22:00:00,-3.2,12.5,0.0,70
2025-11-23 23:00:00,-3.6,12.6,0.0,100
2025-11-24 00:00:00,-3.6,12.9,0.0,96
2025-11-24 01:00:00,-3.2,12.1,0.0,100
2025-11-24 02:00:00,-3.1,12.3,0.0,100
2025-11-24 03:00:00,-2.9,11.3,0.0,100
2025-11-24 04:00:00,-2.7,11.3,0.0,100
2025-11-24 05:00:00,-2.2,10.1,0.0,100
2025-11-24 06:00:00,-1.8,9.6,0.0,100
2025-11-24 07:00:00,-1.5,8.8,0.0,100
2025-11-24 08:00:00,-1.0,7.8,0.5,100
2025-11-24 09:00:00,-0.5,7.6,18.2,100
2025-11-24 10:00:00,0.1,8.3,59.5,100
2025-11-24 11:00:00,0.9,8.6,132.0,98
2025-11-24 12:00:00,1.7,8.6,137.2,100
2025-11-24 13:00:00,2.6,8.6,182.2,54
2025-11-24 14:00:00,3.1,9.7,189.2,18
2025-11-24 15:00:00,3.2,8.3,113.8,63
2025-11-24 16:00:00,2.4,6.1,26.0,70
2025-11-24 17:00:00,1.6,7.1,0.0,72
2025-11-24 18:00:00,1.3,6.4,0.0,100
2025-11-24 19:00:00,1.9,8.2,0.0,100
2025-11-24 20:00:00,1.9,8.2,0.0,100
2025-11-24 21:00:00,1.7,8.2,0.0,96
2025-11-24 22:00:00,1.5,7.4,0.0,84
2025-11-24 23:00:00,1.4,8.0,0.0,95
2025-11-25 00:00:00,1.3,7.2,0.0,71
2025-11-25 01:00:00,1.3,3.7,0.0,83
2025-11-25 02:00:00,1.3,5.9,0.0,100
2025-11-25 03:00:00,1.6,6.6,0.0,100
2025-11-25 04:00:00,1.6,5.1,0.0,100
2025-11-25 05:00:00,1.7,6.5,0.0,93
2025-11-25 06:00:00,1.5,6.9,0.0,100
2025-11-25 07:00:00,1.6,7.9,0.0,100
2025-11-25 08:00:00,1.5,8.2,0.2,100
2025-11-25 09:00:00,1.6,8.1,20.5,100
2025-11-25 10:00:00,1.9,6.8,83.2,88
2025-11-25 11:00:00,2.4,3.2,144.8,100
2025-11-25 12:00:00,3.4,4.8,149.5,100
2025-11-25 13:00:00,4.2,6.6,133.2,96
2025-11-25 14:00:00,4.7,6.0,109.0,100
2025-11-25 15:00:00,4.9,6.8,42.5,100
2025-11-25 16:00:00,4.5,6.8,9.8,100
2025-11-25 17:00:00,3.9,8.1,0.0,98
2025-11-25 18:00:00,2.9,7.0,0.0,100
2025-11-25 19:00:00,2.9,6.9,0.0,100
2025-11-25 20:00:00,2.6,6.4,0.0,89
2025-11-25 21:00:00,1.9,7.5,0.0,100
2025-11-25 22:00:00,1.5,8.1,0.0,100
2025-11-25 23:00:00,0.9,8.6,0.0,100
2025-11-26 00:00:00,0.4,10.2,0.0,100
2025-11-26 01:00:00,0.3,9.0,0.0,100
2025-11-26 02:00:00,0.5,8.8,0.0,100
2025-11-26 03:00:00,0.3,9.7,0.0,100
2025-11-26 04:00:00,0.5,9.3,0.0,99
2025-11-26 05:00:00,0.2,10.0,0.0,97
2025-11-26 06:00:00,-0.2,10.6,0.0,97
2025-11-26 07:00:00,-0.3,9.4,0.0,99
2025-11-26 08:00:00,-0.4,9.4,0.5,97
2025-11-26 09:00:00,0.1,8.6,26.5,100
2025-11-26 10:00:00,0.6,9.3,71.8,100
2025-11-26 11:00:00,1.7,9.2,92.0,95
2025-11-26 12:00:00,3.2,9.6,119.0,100
2025-11-26 13:00:00,4.2,8.8,67.2,98
2025-11-26 14:00:00,4.9,11.2,107.2,97
2025-11-26 15:00:00,5.1,10.3,53.8,100
2025-11-26 16:00:00,4.7,11.8,17.8,92
2025-11-26 17:00:00,4.2,11.5,0.0,80
2025-11-26 18:00:00,3.4,10.2,0.0,88
2025-11-26 19:00:00,3.1,10.2,0.0,69
2025-11-26 20:00:00,3.1,9.9,0.0,56
2025-11-26 21:00:00,2.9,8.7,0.0,100
2025-11-26 22:00:00,3.5,9.2,0.0,85
2025-11-26 23:00:00,3.5,8.3,0.0,100
2025-11-27 00:00:00,3.6,8.2,0.0,94
2025-11-27 01:00:00,3.3,11.0,0.0,100
2025-11-27 02:00:00,3.2,9.4,0.0,100
2025-11-27 03:00:00,3.1,8.6,0.0,95
2025-11-27 04:00:00,3.2,9.5,0.0,100
2025-11-27 05:00:00,3.1,9.0,0.0,100
2025-11-27 06:00:00,3.0,7.9,0.0,100
2025-11-27 07:00:00,2.7,9.4,0.0,100
2025-11-27 08:00:00,2.2,6.5,0.2,69
2025-11-27 09:00:00,2.1,5.8,34.5,78
2025-11-27 10:00:00,2.7,9.2,115.0,33
2025-11-27 11:00:00,3.3,9.8,203.5,42
2025-11-27 12:00:00,3.7,10.1,226.0,46
2025-11-27 13:00:00,4.5,11.3,222.2,100
2025-11-27 14:00:00,4.8,12.7,156.0,99
2025-11-27 15:00:00,4.8,12.6,93.2,89
2025-11-27 16:00:00,4.0,13.2,24.0,94
2025-11-27 17:00:00,3.4,13.8,0.0,97
2025-11-27 18:00:00,3.0,13.8,0.0,99
2025-11-27 19:00:00,2.8,14.6,0.0,100
2025-11-27 20:00:00,3.0,12.6,0.0,100
2025-11-27 21:00:00,3.2,13.8,0.0,100
2025-11-27 22:00:00,3.4,12.8,0.0,100
2025-11-27 23:00:00,3.6,12.4,0.0,100
2025-11-28 00:00:00,3.9,12.3,0.0,100
2025-11-28 01:00:00,3.9,11.9,0.0,100
2025-11-28 02:00:00,4.1,12.0,0.0,100
2025-11-28 03:00:00,4.3,12.2,0.0,100
2025-11-28 04:00:00,4.6,11.5,0.0,100
2025-11-28 05:00:00,4.7,11.2,0.0,100
2025-11-28 06:00:00,4.9,10.5,0.0,100
2025-11-28 07:00:00,4.9,10.5,0.0,100
2025-11-28 08:00:00,5.0,11.0,0.0,97
2025-11-28 09:00:00,5.2,10.6,10.8,100
2025-11-28 10:00:00,5.3,10.5,24.2,100
2025-11-28 11:00:00,5.8,10.1,55.2,100
2025-11-28 12:00:00,6.4,10.0,52.5,100
2025-11-28 13:00:00,6.9,11.3,54.8,100
2025-11-28 14:00:00,7.3,10.2,54.0,100
2025-11-28 15:00:00,7.3,10.6,22.2,100
2025-11-28 16:00:00,7.2,9.5,4.8,100
2025-11-28 17:00:00,7.1,8.8,0.0,100
2025-11-28 18:00:00,6.9,10.1,0.0,100
2025-11-28 19:00:00,6.5,9.8,0.0,100
2025-11-28 20:00:00,6.3,10.1,0.0,100
2025-11-28 21:00:00,6.1,10.5,0.0,100
2025-11-28 22:00:00,5.9,10.8,0.0,100
2025-11-28 23:00:00,5.8,10.3,0.0,100
2025-11-29 00:00:00,5.8,8.0,0.0,100
2025-11-29 01:00:00,5.6,7.8,0.0,100
2025-11-29 02:00:00,5.8,7.2,0.0,100
2025-11-29 03:00:00,6.0,6.2,0.0,100
2025-11-29 04:00:00,5.9,5.4,0.0,100
2025-11-29 05:00:00,6.1,5.9,0.0,100
2025-11-29 06:00:00,6.3,4.9,0.0,100
2025-11-29 07:00:00,6.4,5.2,0.0,100
2025-11-29 08:00:00,6.3,5.7,0.0,100
2025-11-29 09:00:00,6.3,6.6,12.2,100
2025-11-29 10:00:00,6.5,7.5,33.2,100
2025-11-29 11:00:00,6.9,6.9,57.8,100
2025-11-29 12:00:00,7.4,7.2,76.2,100
2025-11-29 13:00:00,7.4,6.5,87.8,100
2025-11-29 14:00:00,7.7,8.5,83.2,100
2025-11-29 15:00:00,7.8,6.8,32.5,100
2025-11-29 16:00:00,7.7,7.6,8.2,100
2025-11-29 17:00:00,7.2,11.2,0.0,100
2025-11-29 18:00:00,7.2,8.3,0.0,100
2025-11-29 19:00:00,7.2,8.7,0.0,100
2025-11-29 20:00:00,7.0,10.2,0.0,100
2025-11-29 21:00:00,6.8,10.6,0.0,100
2025-11-29 22:00:00,6.7,11.0,0.0,99
2025-11-29 23:00:00,6.5,12.0,0.0,100
2025-11-30 00:00:00,6.4,10.4,0.0,99
2025-11-30 01:00:00,6.0,10.8,0.0,100
2025-11-30 02:00:00,5.4,10.3,0.0,94
2025-11-30 03:00:00,5.3,10.6,0.0,100
2025-11-30 04:00:00,5.5,10.0,0.0,100
2025-11-30 05:00:00,5.5,10.6,0.0,100
2025-11-30 06:00:00,5.6,12.0,0.0,100
2025-11-30 07:00:00,5.7,11.4,0.0,84
2025-11-30 08:00:00,5.6,10.9,0.0,100
2025-11-30 09:00:00,5.7,10.6,20.0,100
2025-11-30 10:00:00,6.0,11.0,43.5,100
2025-11-30 11:00:00,6.7,10.1,82.5,100
2025-11-30 12:00:00,7.4,9.1,146.2,100
2025-11-30 13:00:00,8.4,8.0,157.0,100
2025-11-30 14:00:00,8.8,8.1,113.2,100
2025-11-30 15:00:00,8.9,7.8,46.2,100
2025-11-30 16:00:00,8.4,5.7,4.0,100
2025-11-30 17:00:00,8.1,8.1,0.0,100
2025-11-30 18:00:00,7.8,6.2,0.0,100
2025-11-30 19:00:00,7.7,6.1,0.0,100
2025-11-30 20:00:00,7.7,6.4,0.0,100
2025-11-30 21:00:00,7.8,5.9,0.0,100
2025-11-30 22:00:00,7.6,6.6,0.0,98
2025-11-30 23:00:00,7.6,7.8,0.0,100
2025-12-01 00:00:00,7.5,7.8,0.0,100
2025-12-01 01:00:00,6.9,9.4,0.0,43
2025-12-01 02:00:00,6.3,8.0,0.0,94
2025-12-01 03:00:00,5.8,8.1,0.0,40
2025-12-01 04:00:00,4.3,9.3,0.0,0
2025-12-01 05:00:00,3.6,7.3,0.0,4
2025-12-01 06:00:00,3.1,6.8,0.0,41
2025-12-01 07:00:00,2.9,5.9,0.0,52
2025-12-01 08:00:00,2.8,5.6,0.0,84
2025-12-01 09:00:00,3.2,4.7,12.5,100
2025-12-01 10:00:00,4.2,6.2,40.5,100
2025-12-01 11:00:00,4.7,5.9,104.0,45
2025-12-01 12:00:00,5.4,7.9,204.8,68
2025-12-01 13:00:00,6.0,7.0,194.8,62
2025-12-01 14:00:00,6.3,7.1,141.5,7
2025-12-01 15:00:00,6.1,8.5,103.0,57
2025-12-01 16:00:00,5.5,8.6,21.5,6
2025-12-01 17:00:00,4.6,8.8,0.0,0
2025-12-01 18:00:00,3.9,8.1,0.0,0
2025-12-01 19:00:00,3.2,8.3,0.0,23
2025-12-01 20:00:00,2.9,8.3,0.0,23
2025-12-01 21:00:00,2.3,9.7,0.0,83
2025-12-01 22:00:00,1.8,9.2,0.0,51
2025-12-01 23:00:00,1.3,9.4,0.0,40
2025-12-02 00:00:00,0.9,9.9,0.0,100
2025-12-02 01:00:00,0.6,9.3,0.0,100
2025-12-02 02:00:00,0.4,9.5,0.0,100
2025-12-02 03:00:00,0.4,10.6,0.0,99
2025-12-02 04:00:00,0.4,9.8,0.0,51
2025-12-02 05:00:00,0.4,9.4,0.0,99
2025-12-02 06:00:00,0.4,9.1,0.0,96
2025-12-02 07:00:00,0.1,8.2,0.0,93
2025-12-02 08:00:00,0.2,7.4,0.0,100
2025-12-02 09:00:00,0.2,7.7,23.5,100
2025-12-02 10:00:00,0.9,9.7,57.5,100
2025-12-02 11:00:00,2.1,10.2,75.8,100
2025-12-02 12:00:00,3.5,11.4,86.2,100
2025-12-02 13:00:00,4.1,10.9,82.2,100
2025-12-02 14:00:00,4.7,10.9,95.0,82
2025-12-02 15:00:00,5.0,10.8,82.0,50
2025-12-02 16:00:00,4.4,9.4,19.8,0
2025-12-02 17:00:00,3.8,10.2,0.0,61
2025-12-02 18:00:00,3.2,9.4,0.0,28
2025-12-02 19:00:00,2.4,8.9,0.0,24
2025-12-02 20:00:00,2.1,9.7,0.0,40
2025-12-02 21:00:00,1.8,8.7,0.0,80
2025-12-02 22:00:00,1.4,7.7,0.0,9
2025-12-02 23:00:00,0.9,7.4,0.0,10
2025-12-03 00:00:00,0.7,7.9,0.0,48
2025-12-03 01:00:00,0.6,6.6,0.0,83
2025-12-03 02:00:00,0.7,7.7,0.0,83
2025-12-03 03:00:00,0.8,7.1,0.0,81
2025-12-03 04:00:00,0.9,8.2,0.0,81
2025-12-03 05:00:00,0.9,8.7,0.0,85
2025-12-03 06:00:00,1.1,7.1,0.0,100
2025-12-03 07:00:00,1.1,7.8,0.0,86
2025-12-03 08:00:00,0.9,7.7,0.0,100
2025-12-03 09:00:00,1.2,7.9,14.0,94
2025-12-03 10:00:00,2.1,7.4,72.2,98
2025-12-03 11:00:00,2.9,7.4,100.5,99
2025-12-03 12:00:00,3.8,7.9,121.0,97
2025-12-03 13:00:00,4.2,7.4,91.2,93
2025-12-03 14:00:00,4.6,9.2,89.8,100
2025-12-03 15:00:00,4.7,8.9,42.2,97
2025-12-03 16:00:00,4.6,7.7,14.2,89
2025-12-03 17:00:00,4.1,8.3,0.0,100
2025-12-03 18:00:00,3.8,7.4,0.0,99
2025-12-03 19:00:00,3.5,7.7,0.0,86
2025-12-03 20:00:00,3.3,7.7,0.0,91
2025-12-03 21:00:00,3.1,7.7,0.0,78
2025-12-03 22:00:00,2.9,7.7,0.0,79
2025-12-03 23:00:00,2.6,7.3,0.0,100
2025-12-04 00:00:00,2.3,8.2,0.0,94
2025-12-04 01:00:00,2.2,6.5,0.0,96
2025-12-04 02:00:00,2.1,7.0,0.0,75
2025-12-04 03:00:00,1.7,6.2,0.0,32
2025-12-04 04:00:00,1.5,6.6,0.0,14
2025-12-04 05:00:00,1.1,6.9,0.0,41
2025-12-04 06:00:00,0.8,6.8,0.0,87
2025-12-04 07:00:00,1.0,8.2,0.0,100
2025-12-04 08:00:00,0.8,8.7,0.0,100
2025-12-04 09:00:00,0.9,7.9,24.0,100
2025-12-04 10:00:00,1.8,7.2,75.0,100
2025-12-04 11:00:00,2.6,8.0,130.0,100
2025-12-04 12:00:00,3.3,8.0,153.0,100
2025-12-04 13:00:00,4.3,9.2,168.8,98
2025-12-04 14:00:00,4.6,11.5,123.5,97
2025-12-04 15:00:00,4.6,11.2,62.5,92
2025-12-04 16:00:00,4.1,12.2,12.0,100
2025-12-04 17:00:00,4.4,9.7,0.0,100
2025-12-04 18:00:00,4.0,9.7,0.0,100
2025-12-04 19:00:00,3.3,9.3,0.0,100
2025-12-04 20:00:00,2.3,10.1,0.0,100
2025-12-04 21:00:00,2.3,9.8,0.0,100
2025-12-04 22:00:00,2.2,8.8,0.0,100
2025-12-04 23:00:00,2.4,7.1,0.0,100
2025-12-05 00:00:00,2.6,7.9,0.0,100
2025-12-05 01:00:00,2.7,7.2,0.0,100
2025-12-05 02:00:00,2.9,6.6,0.0,100
2025-12-05 03:00:00,3.1,5.2,0.0,100
2025-12-05 04:00:00,3.4,4.5,0.0,100
2025-12-05 05:00:00,3.5,4.7,0.0,100
2025-12-05 06:00:00,3.7,6.6,0.0,100
2025-12-05 07:00:00,3.8,3.8,0.0,100
2025-12-05 08:00:00,3.9,6.2,0.0,100
2025-12-05 09:00:00,3.9,4.0,6.0,100
2025-12-05 10:00:00,4.3,5.2,29.0,98
2025-12-05 11:00:00,4.5,4.9,36.5,100
2025-12-05 12:00:00,4.6,3.3,35.0,100
2025-12-05 13:00:00,4.8,2.6,30.2,100
2025-12-05 14:00:00,4.9,3.3,25.0,100
2025-12-05 15:00:00,5.0,2.8,18.0,100
2025-12-05 16:00:00,4.8,4.9,4.2,100
2025-12-05 17:00:00,4.4,8.5,0.0,100
2025-12-05 18:00:00,4.0,6.6,0.0,100
2025-12-05 19:00:00,3.9,6.6,0.0,100
2025-12-05 20:00:00,3.5,7.6,0.0,100
2025-12-05 21:00:00,3.2,7.1,0.0,100
2025-12-05 22:00:00,2.8,7.9,0.0,83
2025-12-05 23:00:00,2.5,7.8,0.0,99
2025-12-06 00:00:00,2.3,6.4,0.0,100
2025-12-06 01:00:00,2.2,7.9,0.0,100
2025-12-06 02:00:00,2.0,8.0,0.0,100
2025-12-06 03:00:00,2.6,6.9,0.0,100
2025-12-06 04:00:00,2.6,7.2,0.0,100
2025-12-06 05:00:00,2.5,9.1,0.0,100
2025-12-06 06:00:00,2.1,10.1,0.0,97
2025-12-06 07:00:00,1.9,10.8,0.0,95
2025-12-06 08:00:00,1.3,10.1,0.0,98
2025-12-06 09:00:00,1.3,10.2,16.2,100
2025-12-06 10:00:00,1.6,10.7,58.2,100
2025-12-06 11:00:00,2.4,10.7,94.8,100
2025-12-06 12:00:00,3.2,11.6,106.0,100
2025-12-06 13:00:00,4.0,10.9,98.8,100
2025-12-06 14:00:00,4.3,12.3,90.2,100
2025-12-06 15:00:00,4.3,12.0,53.5,100
2025-12-06 16:00:00,4.4,12.4,11.2,100
2025-12-06 17:00:00,4.5,11.6,0.0,98
2025-12-06 18:00:00,4.4,11.6,0.0,85
2025-12-06 19:00:00,4.4,10.2,0.0,93
2025-12-06 20:00:00,4.5,10.5,0.0,100
2025-12-06 21:00:00,4.7,10.1,0.0,100
2025-12-06 22:00:00,4.7,8.4,0.0,97
2025-12-06 23:00:00,4.7,8.0,0.0,92
2025-12-07 00:00:00,4.3,8.2,0.0,82
2025-12-07 01:00:00,4.2,9.2,0.0,97
2025-12-07 02:00:00,4.2,8.9,0.0,91
2025-12-07 03:00:00,4.1,8.9,0.0,83
2025-12-07 04:00:00,4.3,8.4,0.0,100
2025-12-07 05:00:00,4.7,8.0,0.0,100
2025-12-07 06:00:00,5.1,8.3,0.0,100
2025-12-07 07:00:00,5.7,9.1,0.0,97
2025-12-07 08:00:00,5.9,8.0,0.0,97
2025-12-07 09:00:00,6.2,8.0,6.0,100
2025-12-07 10:00:00,6.9,9.0,17.5,100
2025-12-07 11:00:00,7.5,8.8,54.8,100
2025-12-07 12:00:00,8.1,8.7,50.5,100
2025-12-07 13:00:00,9.0,8.4,60.0,94
2025-12-07 14:00:00,9.5,7.6,93.2,87
2025-12-07 15:00:00,9.6,6.4,44.5,92
2025-12-07 16:00:00,9.1,6.8,14.2,86
2025-12-07 17:00:00,8.4,6.8,0.0,72
2025-12-07 18:00:00,8.2,6.1,0.0,91
2025-12-07 19:00:00,7.7,6.5,0.0,100
2025-12-07 20:00:00,7.3,6.7,0.0,12
2025-12-07 21:00:00,6.8,7.6,0.0,95
2025-12-07 22:00:00,6.6,8.0,0.0,100
2025-12-07 23:00:00,6.4,9.7,0.0,100
2025-12-08 00:00:00,6.4,10.5,0.0,100
2025-12-08 01:00:00,6.7,11.8,0.0,100
2025-12-08 02:00:00,7.0,12.1,0.0,100
2025-12-08 03:00:00,7.2,12.2,0.0,100
2025-12-08 04:00:00,7.6,13.1,0.0,100
2025-12-08 05:00:00,8.2,12.8,0.0,100
2025-12-08 06:00:00,8.7,11.1,0.0,100
2025-12-08 07:00:00,9.3,10.5,0.0,100
2025-12-08 08:00:00,9.8,9.9,0.0,83
2025-12-08 09:00:00,10.1,10.8,16.2,84
2025-12-08 10:00:00,11.0,12.2,85.0,81
2025-12-08 11:00:00,11.3,10.5,129.0,77
2025-12-08 12:00:00,12.2,12.6,184.0,100
2025-12-08 13:00:00,13.2,11.2,168.0,100
2025-12-08 14:00:00,13.0,10.9,113.5,99
2025-12-08 15:00:00,12.8,9.2,68.2,100
2025-12-08 16:00:00,12.5,8.4,9.2,100
2025-12-08 17:00:00,12.3,8.4,0.0,100
2025-12-08 18:00:00,12.2,8.7,0.0,100
2025-12-08 19:00:00,12.1,7.9,0.0,100
2025-12-08 20:00:00,12.2,10.6,0.0,100
2025-12-08 21:00:00,12.4,10.4,0.0,100
2025-12-08 22:00:00,12.4,11.2,0.0,100
2025-12-08 23:00:00,12.4,11.1,0.0,100
2025-12-09 00:00:00,12.3,10.0,0.0,100
2025-12-09 01:00:00,12.0,9.4,0.0,100
2025-12-09 02:00:00,12.0,8.7,0.0,100
2025-12-09 03:00:00,11.9,8.7,0.0,100
2025-12-09 04:00:00,11.7,6.9,0.0,100
2025-12-09 05:00:00,11.5,10.1,0.0,100
2025-12-09 06:00:00,11.6,10.5,0.0,100
2025-12-09 07:00:00,11.6,8.5,0.0,100
2025-12-09 08:00:00,11.5,8.9,0.0,100
2025-12-09 09:00:00,11.3,8.4,13.0,100
2025-12-09 10:00:00,11.5,7.7,38.8,100
2025-12-09 11:00:00,11.8,8.4,52.2,100
2025-12-09 12:00:00,12.1,7.4,52.0,100
2025-12-09 13:00:00,12.2,8.4,49.8,100
2025-12-09 14:00:00,12.4,6.6,51.5,100
2025-12-09 15:00:00,12.3,5.8,27.8,100
2025-12-09 16:00:00,12.0,6.8,6.2,100
2025-12-09 17:00:00,11.8,5.8,0.0,100
2025-12-09 18:00:00,11.5,7.0,0.0,100
2025-12-09 19:00:00,11.3,6.9,0.0,100
2025-12-09 20:00:00,11.2,7.7,0.0,100
2025-12-09 21:00:00,11.3,7.7,0.0,100
2025-12-09 22:00:00,11.1,8.3,0.0,100
2025-12-09 23:00:00,11.2,6.9,0.0,100
2025-12-10 00:00:00,11.2,7.3,0.0,98
2025-12-10 01:00:00,10.9,8.9,0.0,90
2025-12-10 02:00:00,10.8,8.6,0.0,95
2025-12-10 03:00:00,10.6,8.0,0.0,87
2025-12-10 04:00:00,10.3,7.8,0.0,100
2025-12-10 05:00:00,10.2,8.4,0.0,75
2025-12-10 06:00:00,10.1,8.8,0.0,52
2025-12-10 07:00:00,10.3,9.4,0.0,100
2025-12-10 08:00:00,10.7,8.7,0.0,98
2025-12-10 09:00:00,11.0,9.2,5.5,100
2025-12-10 10:00:00,11.1,7.7,25.5,87
2025-12-10 11:00:00,11.7,9.5,82.0,99
2025-12-10 12:00:00,12.1,8.9,69.8,100
2025-12-10 13:00:00,12.4,10.0,74.5,92
2025-12-10 14:00:00,12.6,10.3,75.2,98
2025-12-10 15:00:00,12.6,9.3,33.5,98
2025-12-10 16:00:00,12.1,9.2,5.2,98
2025-12-10 17:00:00,11.6,10.7,0.0,98
2025-12-10 18:00:00,11.3,10.2,0.0,100
2025-12-10 19:00:00,11.4,11.0,0.0,100
2025-12-10 20:00:00,11.3,10.2,0.0,100
2025-12-10 21:00:00,11.3,10.4,0.0,100
2025-12-10 22:00:00,11.1,10.2,0.0,100
2025-12-10 23:00:00,11.2,11.3,0.0,100
2025-12-11 00:00:00,11.3,11.3,0.0,100
2025-12-11 01:00:00,11.2,11.2,0.0,100
2025-12-11 02:00:00,10.7,11.6,0.0,100
2025-12-11 03:00:00,10.5,10.9,0.0,100
2025-12-11 04:00:00,10.5,11.6,0.0,61
2025-12-11 05:00:00,10.0,12.3,0.0,68
2025-12-11 06:00:00,9.7,10.6,0.0,59
2025-12-11 07:00:00,10.0,11.9,0.0,17
2025-12-11 08:00:00,9.6,13.8,0.0,80
2025-12-11 09:00:00,9.3,13.8,15.5,54
2025-12-11 10:00:00,10.0,11.3,62.8,65
2025-12-11 11:00:00,10.2,13.9,109.5,100
2025-12-11 12:00:00,10.2,14.1,68.0,100
2025-12-11 13:00:00,10.6,15.1,91.5,100
2025-12-11 14:00:00,10.3,14.5,71.8,100
2025-12-11 15:00:00,10.3,12.0,39.5,100
2025-12-11 16:00:00,10.5,12.8,6.2,89
2025-12-11 17:00:00,10.1,9.7,0.0,79
2025-12-11 18:00:00,9.6,12.4,0.0,63
2025-12-11 19:00:00,8.8,11.2,0.0,35
2025-12-11 20:00:00,8.2,11.2,0.0,89
2025-12-11 21:00:00,7.6,10.9,0.0,90
2025-12-11 22:00:00,7.2,10.2,0.0,92
2025-12-11 23:00:00,6.9,8.0,0.0,100
